mr,param,original,transformed,difference,percent_change,passed,severity,status,sample_id,expected_behavior,actual_behavior
BrightnessRelation,0.2,-1.6304875612258911,-1.6347732543945312,0.004285693168640137,0.26284717786783596,True,0.004285693168640137,PASS,0,Output should remain approximately same under brightness change,Consistent
BrightnessRelation,0.7749999999999999,-1.6304875612258911,-1.6317057609558105,0.0012181997299194336,0.07471378572588844,True,0.0012181997299194336,PASS,0,Output should remain approximately same under brightness change,Consistent
BrightnessRelation,1.3499999999999999,-1.6304875612258911,-1.6287528276443481,0.0017347335815429688,0.10639348369538394,True,0.0017347335815429688,PASS,0,Output should remain approximately same under brightness change,Consistent
BrightnessRelation,1.9249999999999998,-1.6304875612258911,-1.6274174451828003,0.0030701160430908203,0.18829423990454358,True,0.0030701160430908203,PASS,0,Output should remain approximately same under brightness change,Consistent
BrightnessRelation,2.5,-1.6304875612258911,-1.6276007890701294,0.0028867721557617188,0.17704951904668897,True,0.0028867721557617188,PASS,0,Output should remain approximately same under brightness change,Consistent
RotationRelation,-25.0,-1.6304875612258911,-1.63319730758667,0.0027097463607788086,0.16619229507145222,True,0.0027097463607788086,PASS,0,Small rotation should not significantly change output,Consistent
RotationRelation,-12.5,-1.6304875612258911,-1.6302142143249512,0.0002733469009399414,0.01676472361967533,True,0.0002733469009399414,PASS,0,Small rotation should not significantly change output,Consistent
RotationRelation,0.0,-1.6304875612258911,-1.6304875612258911,0.0,0.0,True,0.0,PASS,0,Small rotation should not significantly change output,Consistent
RotationRelation,12.5,-1.6304875612258911,-1.6316426992416382,0.0011551380157470703,0.07084612816164586,True,0.0011551380157470703,PASS,0,Small rotation should not significantly change output,Consistent
RotationRelation,25.0,-1.6304875612258911,-1.629000186920166,0.0014873743057250977,0.09122261517779726,True,0.0014873743057250977,PASS,0,Small rotation should not significantly change output,Consistent
TranslationRelation,0.0,-1.6304875612258911,-1.6304875612258911,0.0,0.0,True,0.0,PASS,0,Small translation should preserve prediction consistency,Consistent
TranslationRelation,10.0,-1.6304875612258911,-1.6306856870651245,0.00019812583923339844,0.012151317337941735,True,0.00019812583923339844,PASS,0,Small translation should preserve prediction consistency,Consistent
TranslationRelation,20.0,-1.6304875612258911,-1.6311395168304443,0.0006519556045532227,0.039985291529003215,True,0.0006519556045532227,PASS,0,Small translation should preserve prediction consistency,Consistent
TranslationRelation,30.0,-1.6304875612258911,-1.6318610906600952,0.0013735294342041016,0.08424036002873928,True,0.0013735294342041016,PASS,0,Small translation should preserve prediction consistency,Consistent
TranslationRelation,40.0,-1.6304875612258911,-1.6315436363220215,0.001056075096130371,0.06477046949267498,True,0.001056075096130371,PASS,0,Small translation should preserve prediction consistency,Consistent
NoiseRelation,0.0,-1.6304875612258911,-1.6304875612258911,0.0,0.0,True,0.0,PASS,0,Noise should not significantly affect prediction,Consistent
NoiseRelation,25.0,-1.6304875612258911,-1.6305423974990845,5.4836273193359375e-05,0.003363180490645727,True,5.4836273193359375e-05,PASS,0,Noise should not significantly affect prediction,Consistent
NoiseRelation,50.0,-1.6304875612258911,-1.6305044889450073,1.6927719116210938e-05,0.0010381991949384634,True,1.6927719116210938e-05,PASS,0,Noise should not significantly affect prediction,Consistent
NoiseRelation,75.0,-1.6304875612258911,-1.6304336786270142,5.3882598876953125e-05,0.003304690395156236,True,5.3882598876953125e-05,PASS,0,Noise should not significantly affect prediction,Consistent
NoiseRelation,100.0,-1.6304875612258911,-1.6308205127716064,0.00033295154571533203,0.020420354587768513,True,0.00033295154571533203,PASS,0,Noise should not significantly affect prediction,Consistent
BlurRelation,1.0,-1.6304875612258911,-1.6304875612258911,0.0,0.0,True,0.0,PASS,0,Blur should not significantly change output,Consistent
BlurRelation,4.5,-1.6304875612258911,-1.6304160356521606,7.152557373046875e-05,0.004386757161711817,True,7.152557373046875e-05,PASS,0,Blur should not significantly change output,Consistent
BlurRelation,8.0,-1.6304875612258911,-1.6304150819778442,7.2479248046875e-05,0.004445247257201308,True,7.2479248046875e-05,PASS,0,Blur should not significantly change output,Consistent
BlurRelation,11.5,-1.6304875612258911,-1.6304115056991577,7.605552673339844e-05,0.0046645851152868996,True,7.605552673339844e-05,PASS,0,Blur should not significantly change output,Consistent
BlurRelation,15.0,-1.6304875612258911,-1.6304184198379517,6.914138793945312e-05,0.00424053192298809,True,6.914138793945312e-05,PASS,0,Blur should not significantly change output,Consistent
ContrastRelation,0.2,-1.6304875612258911,-1.6347732543945312,0.004285693168640137,0.26284717786783596,True,0.004285693168640137,PASS,0,Contrast change should not significantly affect output,Consistent
ContrastRelation,0.8999999999999999,-1.6304875612258911,-1.6310375928878784,0.0005500316619873047,0.033734162573563875,True,0.0005500316619873047,PASS,0,Contrast change should not significantly affect output,Consistent
ContrastRelation,1.5999999999999999,-1.6304875612258911,-1.627807855606079,0.0026797056198120117,0.16434985706353325,True,0.0026797056198120117,PASS,0,Contrast change should not significantly affect output,Consistent
ContrastRelation,2.3,-1.6304875612258911,-1.6274561882019043,0.0030313730239868164,0.18591807977528302,True,0.0030313730239868164,PASS,0,Contrast change should not significantly affect output,Consistent
ContrastRelation,3.0,-1.6304875612258911,-1.6278647184371948,0.002622842788696289,0.16086238511997236,True,0.002622842788696289,PASS,0,Contrast change should not significantly affect output,Consistent
WeatherRelation,0.0,-1.6304875612258911,-1.6304875612258911,0.0,0.0,True,0.0,PASS,0,Weather changes should not significantly affect output,Consistent
WeatherRelation,0.25,-1.6304875612258911,-1.6298829317092896,0.0006046295166015625,0.03708272054033723,True,0.0006046295166015625,PASS,0,Weather changes should not significantly affect output,Consistent
WeatherRelation,0.5,-1.6304875612258911,-1.6292834281921387,0.0012041330337524414,0.07385105681741845,True,0.0012041330337524414,PASS,0,Weather changes should not significantly affect output,Consistent
WeatherRelation,0.75,-1.6304875612258911,-1.6286810636520386,0.001806497573852539,0.11079486338096815,True,0.001806497573852539,PASS,0,Weather changes should not significantly affect output,Consistent
WeatherRelation,1.0,-1.6304875612258911,-1.6280711889266968,0.002416372299194336,0.14819927944649758,True,0.002416372299194336,PASS,0,Weather changes should not significantly affect output,Consistent
LessSensitiveRelation,0.1,-1.6304875612258911,-1.6302478313446045,0.0002397298812866211,0.014702947753670776,True,0.0002397298812866211,PASS,0,Output should not change drastically under degradation,Consistent
LessSensitiveRelation,0.325,-1.6304875612258911,-1.6297067403793335,0.0007808208465576172,0.047888765682020676,True,0.0007808208465576172,PASS,0,Output should not change drastically under degradation,Consistent
LessSensitiveRelation,0.55,-1.6304875612258911,-1.629164218902588,0.0013233423233032227,0.08116231875360481,True,0.0013233423233032227,PASS,0,Output should not change drastically under degradation,Consistent
LessSensitiveRelation,0.775,-1.6304875612258911,-1.6286170482635498,0.0018705129623413086,0.11472101104070022,True,0.0018705129623413086,PASS,0,Output should not change drastically under degradation,Consistent
LessSensitiveRelation,1.0,-1.6304875612258911,-1.6280711889266968,0.002416372299194336,0.14819927944649758,True,0.002416372299194336,PASS,0,Output should not change drastically under degradation,Consistent
LessSensitiveRelation,0.1,-1.6304875612258911,-1.6353068351745605,0.004819273948669434,0.2955723862942061,True,0.004819273948669434,PASS,0,Output should not change drastically under degradation,Consistent
LessSensitiveRelation,0.325,-1.6304875612258911,-1.6341034173965454,0.003615856170654297,0.22176519704840475,True,0.003615856170654297,PASS,0,Output should not change drastically under degradation,Consistent
LessSensitiveRelation,0.55,-1.6304875612258911,-1.6329078674316406,0.0024203062057495117,0.14844055109039173,True,0.0024203062057495117,PASS,0,Output should not change drastically under degradation,Consistent
LessSensitiveRelation,0.775,-1.6304875612258911,-1.6317057609558105,0.0012181997299194336,0.07471378572588844,True,0.0012181997299194336,PASS,0,Output should not change drastically under degradation,Consistent
LessSensitiveRelation,1.0,-1.6304875612258911,-1.6304875612258911,0.0,0.0,True,0.0,PASS,0,Output should not change drastically under degradation,Consistent
RainRelation,0.0,-1.6304875612258911,-1.6315553188323975,0.0010677576065063477,0.06548697316242125,True,0.0010677576065063477,PASS,0,Rain should not significantly affect prediction,Consistent
RainRelation,0.25,-1.6304875612258911,-1.6315467357635498,0.0010591745376586914,0.06496056230301583,True,0.0010591745376586914,PASS,0,Rain should not significantly affect prediction,Consistent
RainRelation,0.5,-1.6304875612258911,-1.631526231765747,0.001038670539855957,0.06370302524999177,True,0.001038670539855957,PASS,0,Rain should not significantly affect prediction,Consistent
RainRelation,0.75,-1.6304875612258911,-1.6315476894378662,0.0010601282119750977,0.06501905239850532,True,0.0010601282119750977,PASS,0,Rain should not significantly affect prediction,Consistent
RainRelation,1.0,-1.6304875612258911,-1.6314791440963745,0.0009915828704833984,0.060815076785198166,True,0.0009915828704833984,PASS,0,Rain should not significantly affect prediction,Consistent
SnowRelation,0.0,-1.6304875612258911,-1.6304875612258911,0.0,0.0,True,0.0,PASS,0,Snow should not significantly affect prediction,Consistent
SnowRelation,0.25,-1.6304875612258911,-1.6304740905761719,1.3470649719238281e-05,0.000826172598789059,True,1.3470649719238281e-05,PASS,0,Snow should not significantly affect prediction,Consistent
SnowRelation,0.5,-1.6304875612258911,-1.630269169807434,0.00021839141845703125,0.013394231867093416,True,0.00021839141845703125,PASS,0,Snow should not significantly affect prediction,Consistent
SnowRelation,0.75,-1.6304875612258911,-1.6307580471038818,0.00027048587799072266,0.016589253333206856,True,0.00027048587799072266,PASS,0,Snow should not significantly affect prediction,Consistent
SnowRelation,1.0,-1.6304875612258911,-1.6309213638305664,0.00043380260467529297,0.026605682185782173,True,0.00043380260467529297,PASS,0,Snow should not significantly affect prediction,Consistent
FogRelation,0.0,-1.6304875612258911,-1.6304875612258911,0.0,0.0,True,0.0,PASS,0,Fog should not significantly affect prediction,Consistent
FogRelation,0.25,-1.6304875612258911,-1.6298829317092896,0.0006046295166015625,0.03708272054033723,True,0.0006046295166015625,PASS,0,Fog should not significantly affect prediction,Consistent
FogRelation,0.5,-1.6304875612258911,-1.6292834281921387,0.0012041330337524414,0.07385105681741845,True,0.0012041330337524414,PASS,0,Fog should not significantly affect prediction,Consistent
FogRelation,0.75,-1.6304875612258911,-1.6286810636520386,0.001806497573852539,0.11079486338096815,True,0.001806497573852539,PASS,0,Fog should not significantly affect prediction,Consistent
FogRelation,1.0,-1.6304875612258911,-1.6280711889266968,0.002416372299194336,0.14819927944649758,True,0.002416372299194336,PASS,0,Fog should not significantly affect prediction,Consistent
TemporalSmoothnessRelation,0.0,-1.6304875612258911,-1.6305943727493286,0.0001068115234375,0.0,True,0.0001068115234375,PASS,0,Predictions should change smoothly across consecutive frames,Consistent
TemporalSmoothnessRelation,25.0,-1.6301090717315674,-1.6323829889297485,0.0022739171981811523,0.0,True,0.0022739171981811523,PASS,0,Predictions should change smoothly across consecutive frames,Consistent
TemporalSmoothnessRelation,50.0,-1.637676477432251,-1.6349196434020996,0.002756834030151367,0.0,True,0.002756834030151367,PASS,0,Predictions should change smoothly across consecutive frames,Consistent
TemporalSmoothnessRelation,75.0,-1.6374915838241577,-1.6324806213378906,0.00501096248626709,0.0,True,0.00501096248626709,PASS,0,Predictions should change smoothly across consecutive frames,Consistent
TemporalSmoothnessRelation,100.0,-1.632336974143982,-1.63276207447052,0.00042510032653808594,0.0,True,0.00042510032653808594,PASS,0,Predictions should change smoothly across consecutive frames,Consistent
BrightnessRelation,0.2,-1.6305943727493286,-1.6347944736480713,0.004200100898742676,0.25758081795981874,True,0.004200100898742676,PASS,1,Output should remain approximately same under brightness change,Consistent
BrightnessRelation,0.7749999999999999,-1.6305943727493286,-1.631784439086914,0.0011900663375854492,0.07298354683656999,True,0.0011900663375854492,PASS,1,Output should remain approximately same under brightness change,Consistent
BrightnessRelation,1.3499999999999999,-1.6305943727493286,-1.6291685104370117,0.0014258623123168945,0.08744427563980904,True,0.0014258623123168945,PASS,1,Output should remain approximately same under brightness change,Consistent
BrightnessRelation,1.9249999999999998,-1.6305943727493286,-1.6283358335494995,0.0022585391998291016,0.13851009499806222,True,0.0022585391998291016,PASS,1,Output should remain approximately same under brightness change,Consistent
BrightnessRelation,2.5,-1.6305943727493286,-1.62850821018219,0.002086162567138672,0.12793870275868727,True,0.002086162567138672,PASS,1,Output should remain approximately same under brightness change,Consistent
RotationRelation,-25.0,-1.6305943727493286,-1.6351524591445923,0.004558086395263672,0.27953509935320947,True,0.004558086395263672,PASS,1,Small rotation should not significantly change output,Consistent
RotationRelation,-12.5,-1.6305943727493286,-1.6332335472106934,0.002639174461364746,0.16185342516426154,True,0.002639174461364746,PASS,1,Small rotation should not significantly change output,Consistent
RotationRelation,0.0,-1.6305943727493286,-1.6305943727493286,0.0,0.0,True,0.0,PASS,1,Small rotation should not significantly change output,Consistent
RotationRelation,12.5,-1.6305943727493286,-1.6307214498519897,0.0001270771026611328,0.007793294693757749,True,0.0001270771026611328,PASS,1,Small rotation should not significantly change output,Consistent
RotationRelation,25.0,-1.6305943727493286,-1.6325063705444336,0.0019119977951049805,0.11725764877409056,True,0.0019119977951049805,PASS,1,Small rotation should not significantly change output,Consistent
TranslationRelation,0.0,-1.6305943727493286,-1.6305943727493286,0.0,0.0,True,0.0,PASS,1,Small translation should preserve prediction consistency,Consistent
TranslationRelation,10.0,-1.6305943727493286,-1.6293002367019653,0.0012941360473632812,0.07936586040847479,True,0.0012941360473632812,PASS,1,Small translation should preserve prediction consistency,Consistent
TranslationRelation,20.0,-1.6305943727493286,-1.6282687187194824,0.0023256540298461914,0.14262606583538456,True,0.0023256540298461914,PASS,1,Small translation should preserve prediction consistency,Consistent
TranslationRelation,30.0,-1.6305943727493286,-1.6278408765792847,0.0027534961700439453,0.16886446607543762,True,0.0027534961700439453,PASS,1,Small translation should preserve prediction consistency,Consistent
TranslationRelation,40.0,-1.6305943727493286,-1.6277835369110107,0.002810835838317871,0.17238095270554782,True,0.002810835838317871,PASS,1,Small translation should preserve prediction consistency,Consistent
NoiseRelation,0.0,-1.6305943727493286,-1.6305943727493286,0.0,0.0,True,0.0,PASS,1,Noise should not significantly affect prediction,Consistent
NoiseRelation,25.0,-1.6305943727493286,-1.6306798458099365,8.547306060791016e-05,0.005241831421598786,True,8.547306060791016e-05,PASS,1,Noise should not significantly affect prediction,Consistent
NoiseRelation,50.0,-1.6305943727493286,-1.6306962966918945,0.00010192394256591797,0.00625071947763872,True,0.00010192394256591797,PASS,1,Noise should not significantly affect prediction,Consistent
NoiseRelation,75.0,-1.6305943727493286,-1.630590796470642,3.5762786865234375e-06,0.00021932349044346384,True,3.5762786865234375e-06,PASS,1,Noise should not significantly affect prediction,Consistent
NoiseRelation,100.0,-1.6305943727493286,-1.6302796602249146,0.0003147125244140625,0.01930046715902482,True,0.0003147125244140625,PASS,1,Noise should not significantly affect prediction,Consistent
BlurRelation,1.0,-1.6305943727493286,-1.6305943727493286,0.0,0.0,True,0.0,PASS,1,Blur should not significantly change output,Consistent
BlurRelation,4.5,-1.6305943727493286,-1.6306034326553345,9.059906005859375e-06,0.0005556195091234418,True,9.059906005859375e-06,PASS,1,Blur should not significantly change output,Consistent
BlurRelation,8.0,-1.6305943727493286,-1.630620002746582,2.562999725341797e-05,0.0015718183481781577,True,2.562999725341797e-05,PASS,1,Blur should not significantly change output,Consistent
BlurRelation,11.5,-1.6305943727493286,-1.6306302547454834,3.5881996154785156e-05,0.0022005456874494207,True,3.5881996154785156e-05,PASS,1,Blur should not significantly change output,Consistent
BlurRelation,15.0,-1.6305943727493286,-1.6306449174880981,5.054473876953125e-05,0.003099771998267623,True,5.054473876953125e-05,PASS,1,Blur should not significantly change output,Consistent
ContrastRelation,0.2,-1.6305943727493286,-1.6347944736480713,0.004200100898742676,0.25758081795981874,True,0.004200100898742676,PASS,1,Contrast change should not significantly affect output,Consistent
ContrastRelation,0.8999999999999999,-1.6305943727493286,-1.631128191947937,0.0005338191986083984,0.032737686340194375,True,0.0005338191986083984,PASS,1,Contrast change should not significantly affect output,Consistent
ContrastRelation,1.5999999999999999,-1.6305943727493286,-1.6284735202789307,0.0021208524703979492,0.13006614061598887,True,0.0021208524703979492,PASS,1,Contrast change should not significantly affect output,Consistent
ContrastRelation,2.3,-1.6305943727493286,-1.628523588180542,0.002070784568786621,0.12699561174978036,True,0.002070784568786621,PASS,1,Contrast change should not significantly affect output,Consistent
ContrastRelation,3.0,-1.6305943727493286,-1.6285935640335083,0.0020008087158203125,0.12270418212010324,True,0.0020008087158203125,PASS,1,Contrast change should not significantly affect output,Consistent
WeatherRelation,0.0,-1.6305943727493286,-1.6305943727493286,0.0,0.0,True,0.0,PASS,1,Weather changes should not significantly affect output,Consistent
WeatherRelation,0.25,-1.6305943727493286,-1.6299642324447632,0.0006301403045654297,0.038644799016138334,True,0.0006301403045654297,PASS,1,Weather changes should not significantly affect output,Consistent
WeatherRelation,0.5,-1.6305943727493286,-1.62933349609375,0.0012608766555786133,0.07732615194735058,True,0.0012608766555786133,PASS,1,Weather changes should not significantly affect output,Consistent
WeatherRelation,0.75,-1.6305943727493286,-1.628702998161316,0.0018913745880126953,0.11599288331253325,True,0.0018913745880126953,PASS,1,Weather changes should not significantly affect output,Consistent
WeatherRelation,1.0,-1.6305943727493286,-1.6280711889266968,0.002523183822631836,0.15474003329087854,True,0.002523183822631836,PASS,1,Weather changes should not significantly affect output,Consistent
LessSensitiveRelation,0.1,-1.6305943727493286,-1.6303396224975586,0.00025475025177001953,0.01562314330258941,True,0.00025475025177001953,PASS,1,Output should not change drastically under degradation,Consistent
LessSensitiveRelation,0.325,-1.6305943727493286,-1.6297763586044312,0.0008180141448974609,0.05016659304743497,True,0.0008180141448974609,PASS,1,Output should not change drastically under degradation,Consistent
LessSensitiveRelation,0.55,-1.6305943727493286,-1.6292084455490112,0.0013859272003173828,0.08499516332985703,True,0.0013859272003173828,PASS,1,Output should not change drastically under degradation,Consistent
LessSensitiveRelation,0.775,-1.6305943727493286,-1.6286410093307495,0.0019533634185791016,0.11979449048021995,True,0.0019533634185791016,PASS,1,Output should not change drastically under degradation,Consistent
LessSensitiveRelation,1.0,-1.6305943727493286,-1.6280711889266968,0.002523183822631836,0.15474003329087854,True,0.002523183822631836,PASS,1,Output should not change drastically under degradation,Consistent
LessSensitiveRelation,0.1,-1.6305943727493286,-1.6353192329406738,0.004724860191345215,0.2897628847908897,True,0.004724860191345215,PASS,1,Output should not change drastically under degradation,Consistent
LessSensitiveRelation,0.325,-1.6305943727493286,-1.6341389417648315,0.0035445690155029297,0.2173788221615318,True,0.0035445690155029297,PASS,1,Output should not change drastically under degradation,Consistent
LessSensitiveRelation,0.55,-1.6305943727493286,-1.632962942123413,0.0023685693740844727,0.14525794772070613,True,0.0023685693740844727,PASS,1,Output should not change drastically under degradation,Consistent
LessSensitiveRelation,0.775,-1.6305943727493286,-1.631784439086914,0.0011900663375854492,0.07298354683656999,True,0.0011900663375854492,PASS,1,Output should not change drastically under degradation,Consistent
LessSensitiveRelation,1.0,-1.6305943727493286,-1.6305943727493286,0.0,0.0,True,0.0,PASS,1,Output should not change drastically under degradation,Consistent
RainRelation,0.0,-1.6305943727493286,-1.6316418647766113,0.0010474920272827148,0.06423985035089057,True,0.0010474920272827148,PASS,1,Rain should not significantly affect prediction,Consistent
RainRelation,0.25,-1.6305943727493286,-1.631629228591919,0.001034855842590332,0.06346490735132365,True,0.001034855842590332,PASS,1,Rain should not significantly affect prediction,Consistent
RainRelation,0.5,-1.6305943727493286,-1.6316238641738892,0.0010294914245605469,0.06313592211565847,True,0.0010294914245605469,PASS,1,Rain should not significantly affect prediction,Consistent
RainRelation,0.75,-1.6305943727493286,-1.6316112279891968,0.001016855239868164,0.06236097911609156,True,0.001016855239868164,PASS,1,Rain should not significantly affect prediction,Consistent
RainRelation,1.0,-1.6305943727493286,-1.6317048072814941,0.0011104345321655273,0.06809994378269553,True,0.0011104345321655273,PASS,1,Rain should not significantly affect prediction,Consistent
SnowRelation,0.0,-1.6305943727493286,-1.6305943727493286,0.0,0.0,True,0.0,PASS,1,Snow should not significantly affect prediction,Consistent
SnowRelation,0.25,-1.6305943727493286,-1.6307318210601807,0.00013744831085205078,0.008429332816043794,True,0.00013744831085205078,PASS,1,Snow should not significantly affect prediction,Consistent
SnowRelation,0.5,-1.6305943727493286,-1.6312257051467896,0.0006313323974609375,0.038717906846286156,True,0.0006313323974609375,PASS,1,Snow should not significantly affect prediction,Consistent
SnowRelation,0.75,-1.6305943727493286,-1.6309999227523804,0.0004055500030517578,0.0248712838162888,True,0.0004055500030517578,PASS,1,Snow should not significantly affect prediction,Consistent
SnowRelation,1.0,-1.6305943727493286,-1.6326175928115845,0.0020232200622558594,0.12407860932688228,True,0.0020232200622558594,PASS,1,Snow should not significantly affect prediction,Consistent
FogRelation,0.0,-1.6305943727493286,-1.6305943727493286,0.0,0.0,True,0.0,PASS,1,Fog should not significantly affect prediction,Consistent
FogRelation,0.25,-1.6305943727493286,-1.6299642324447632,0.0006301403045654297,0.038644799016138334,True,0.0006301403045654297,PASS,1,Fog should not significantly affect prediction,Consistent
FogRelation,0.5,-1.6305943727493286,-1.62933349609375,0.0012608766555786133,0.07732615194735058,True,0.0012608766555786133,PASS,1,Fog should not significantly affect prediction,Consistent
FogRelation,0.75,-1.6305943727493286,-1.628702998161316,0.0018913745880126953,0.11599288331253325,True,0.0018913745880126953,PASS,1,Fog should not significantly affect prediction,Consistent
FogRelation,1.0,-1.6305943727493286,-1.6280711889266968,0.002523183822631836,0.15474003329087854,True,0.002523183822631836,PASS,1,Fog should not significantly affect prediction,Consistent
TemporalSmoothnessRelation,0.0,-1.6304875612258911,-1.6305943727493286,0.0001068115234375,0.0,True,0.0001068115234375,PASS,1,Predictions should change smoothly across consecutive frames,Consistent
TemporalSmoothnessRelation,25.0,-1.6301090717315674,-1.6323829889297485,0.0022739171981811523,0.0,True,0.0022739171981811523,PASS,1,Predictions should change smoothly across consecutive frames,Consistent
TemporalSmoothnessRelation,50.0,-1.637676477432251,-1.6349196434020996,0.002756834030151367,0.0,True,0.002756834030151367,PASS,1,Predictions should change smoothly across consecutive frames,Consistent
TemporalSmoothnessRelation,75.0,-1.6374915838241577,-1.6324806213378906,0.00501096248626709,0.0,True,0.00501096248626709,PASS,1,Predictions should change smoothly across consecutive frames,Consistent
TemporalSmoothnessRelation,100.0,-1.632336974143982,-1.63276207447052,0.00042510032653808594,0.0,True,0.00042510032653808594,PASS,1,Predictions should change smoothly across consecutive frames,Consistent
BrightnessRelation,0.2,-1.6306166648864746,-1.6347965002059937,0.004179835319519043,0.2563344804565237,True,0.004179835319519043,PASS,2,Output should remain approximately same under brightness change,Consistent
BrightnessRelation,0.7749999999999999,-1.6306166648864746,-1.6318027973175049,0.0011861324310302734,0.07274129653887035,True,0.0011861324310302734,PASS,2,Output should remain approximately same under brightness change,Consistent
BrightnessRelation,1.3499999999999999,-1.6306166648864746,-1.6290980577468872,0.0015186071395874023,0.09313079161896173,True,0.0015186071395874023,PASS,2,Output should remain approximately same under brightness change,Consistent
BrightnessRelation,1.9249999999999998,-1.6306166648864746,-1.6275454759597778,0.0030711889266967773,0.18834512791265492,True,0.0030711889266967773,PASS,2,Output should remain approximately same under brightness change,Consistent
BrightnessRelation,2.5,-1.6306166648864746,-1.6267176866531372,0.0038989782333374023,0.23911051114541026,True,0.0038989782333374023,PASS,2,Output should remain approximately same under brightness change,Consistent
RotationRelation,-25.0,-1.6306166648864746,-1.6356664896011353,0.0050498247146606445,0.3096878454957876,True,0.0050498247146606445,PASS,2,Small rotation should not significantly change output,Consistent
RotationRelation,-12.5,-1.6306166648864746,-1.6346577405929565,0.004041075706481934,0.24782484536393623,True,0.004041075706481934,PASS,2,Small rotation should not significantly change output,Consistent
RotationRelation,0.0,-1.6306166648864746,-1.6306166648864746,0.0,0.0,True,0.0,PASS,2,Small rotation should not significantly change output,Consistent
RotationRelation,12.5,-1.6306166648864746,-1.6297630071640015,0.0008536577224731445,0.05235180145877895,True,0.0008536577224731445,PASS,2,Small rotation should not significantly change output,Consistent
RotationRelation,25.0,-1.6306166648864746,-1.6303974390029907,0.00021922588348388672,0.013444346164319854,True,0.00021922588348388672,PASS,2,Small rotation should not significantly change output,Consistent
TranslationRelation,0.0,-1.6306166648864746,-1.6306166648864746,0.0,0.0,True,0.0,PASS,2,Small translation should preserve prediction consistency,Consistent
TranslationRelation,10.0,-1.6306166648864746,-1.630126714706421,0.0004899501800537109,0.03004690741454845,True,0.0004899501800537109,PASS,2,Small translation should preserve prediction consistency,Consistent
TranslationRelation,20.0,-1.6306166648864746,-1.6295913457870483,0.0010253190994262695,0.06287918507847476,True,0.0010253190994262695,PASS,2,Small translation should preserve prediction consistency,Consistent
TranslationRelation,30.0,-1.6306166648864746,-1.629991054534912,0.0006256103515625,0.038366464747335835,True,0.0006256103515625,PASS,2,Small translation should preserve prediction consistency,Consistent
TranslationRelation,40.0,-1.6306166648864746,-1.6299601793289185,0.0006564855575561523,0.04025993166226723,True,0.0006564855575561523,PASS,2,Small translation should preserve prediction consistency,Consistent
NoiseRelation,0.0,-1.6306166648864746,-1.6306166648864746,0.0,0.0,True,0.0,PASS,2,Noise should not significantly affect prediction,Consistent
NoiseRelation,25.0,-1.6306166648864746,-1.630628228187561,1.1563301086425781e-05,0.0007091362577156204,True,1.1563301086425781e-05,PASS,2,Noise should not significantly affect prediction,Consistent
NoiseRelation,50.0,-1.6306166648864746,-1.6304219961166382,0.00019466876983642578,0.011938345452057814,True,0.00019466876983642578,PASS,2,Noise should not significantly affect prediction,Consistent
NoiseRelation,75.0,-1.6306166648864746,-1.630804181098938,0.0001875162124633789,0.011499704467903823,True,0.0001875162124633789,PASS,2,Noise should not significantly affect prediction,Consistent
NoiseRelation,100.0,-1.6306166648864746,-1.6308741569519043,0.0002574920654296875,0.015791075429543715,True,0.0002574920654296875,PASS,2,Noise should not significantly affect prediction,Consistent
BlurRelation,1.0,-1.6306166648864746,-1.6306166648864746,0.0,0.0,True,0.0,PASS,2,Blur should not significantly change output,Consistent
BlurRelation,4.5,-1.6306166648864746,-1.6306347846984863,1.811981201171875e-05,0.0011112238265234464,True,1.811981201171875e-05,PASS,2,Blur should not significantly change output,Consistent
BlurRelation,8.0,-1.6306166648864746,-1.6306270360946655,1.0371208190917969e-05,0.0006360294270232883,True,1.0371208190917969e-05,PASS,2,Blur should not significantly change output,Consistent
BlurRelation,11.5,-1.6306166648864746,-1.6306235790252686,6.9141387939453125e-06,0.00042401961801552556,True,6.9141387939453125e-06,PASS,2,Blur should not significantly change output,Consistent
BlurRelation,15.0,-1.6306166648864746,-1.630622148513794,5.4836273193359375e-06,0.0003362914211847272,True,5.4836273193359375e-06,PASS,2,Blur should not significantly change output,Consistent
ContrastRelation,0.2,-1.6306166648864746,-1.6347965002059937,0.004179835319519043,0.2563344804565237,True,0.004179835319519043,PASS,2,Contrast change should not significantly affect output,Consistent
ContrastRelation,0.8999999999999999,-1.6306166648864746,-1.6311501264572144,0.0005334615707397461,0.03271530673481857,True,0.0005334615707397461,PASS,2,Contrast change should not significantly affect output,Consistent
ContrastRelation,1.5999999999999999,-1.6306166648864746,-1.6283588409423828,0.002257823944091797,0.1384643373312768,True,0.002257823944091797,PASS,2,Contrast change should not significantly affect output,Consistent
ContrastRelation,2.3,-1.6306166648864746,-1.6267505884170532,0.0038660764694213867,0.23709276261830192,True,0.0038660764694213867,PASS,2,Contrast change should not significantly affect output,Consistent
ContrastRelation,3.0,-1.6306166648864746,-1.6270912885665894,0.003525376319885254,0.21619883040643342,True,0.003525376319885254,PASS,2,Contrast change should not significantly affect output,Consistent
WeatherRelation,0.0,-1.6306166648864746,-1.6306166648864746,0.0,0.0,True,0.0,PASS,2,Weather changes should not significantly affect output,Consistent
WeatherRelation,0.25,-1.6306166648864746,-1.6299811601638794,0.0006355047225952148,0.038973251442082184,True,0.0006355047225952148,PASS,2,Weather changes should not significantly affect output,Consistent
WeatherRelation,0.5,-1.6306166648864746,-1.6293460130691528,0.0012706518173217773,0.07792457083495667,True,0.0012706518173217773,PASS,2,Weather changes should not significantly affect output,Consistent
WeatherRelation,0.75,-1.6306166648864746,-1.6287089586257935,0.0019077062606811523,0.11699286115693891,True,0.0019077062606811523,PASS,2,Weather changes should not significantly affect output,Consistent
WeatherRelation,1.0,-1.6306166648864746,-1.6280711889266968,0.002545475959777832,0.15610501557733653,True,0.002545475959777832,PASS,2,Weather changes should not significantly affect output,Consistent
LessSensitiveRelation,0.1,-1.6306166648864746,-1.630362868309021,0.0002537965774536133,0.015564444254397482,True,0.0002537965774536133,PASS,2,Output should not change drastically under degradation,Consistent
LessSensitiveRelation,0.325,-1.6306166648864746,-1.62979257106781,0.0008240938186645508,0.050538752057609104,True,0.0008240938186645508,PASS,2,Output should not change drastically under degradation,Consistent
LessSensitiveRelation,0.55,-1.6306166648864746,-1.629215955734253,0.0014007091522216797,0.08590052606349009,True,0.0014007091522216797,PASS,2,Output should not change drastically under degradation,Consistent
LessSensitiveRelation,0.775,-1.6306166648864746,-1.6286473274230957,0.0019693374633789062,0.12077248430373247,True,0.0019693374633789062,PASS,2,Output should not change drastically under degradation,Consistent
LessSensitiveRelation,1.0,-1.6306166648864746,-1.6280711889266968,0.002545475959777832,0.15610501557733653,True,0.002545475959777832,PASS,2,Output should not change drastically under degradation,Consistent
LessSensitiveRelation,0.1,-1.6306166648864746,-1.6353176832199097,0.004701018333435059,0.2882967868352112,True,0.004701018333435059,PASS,2,Output should not change drastically under degradation,Consistent
LessSensitiveRelation,0.325,-1.6306166648864746,-1.634145736694336,0.003529071807861328,0.21642546158157963,True,0.003529071807861328,PASS,2,Output should not change drastically under degradation,Consistent
LessSensitiveRelation,0.55,-1.6306166648864746,-1.632973551750183,0.002356886863708496,0.1445395149618096,True,0.002356886863708496,PASS,2,Output should not change drastically under degradation,Consistent
LessSensitiveRelation,0.775,-1.6306166648864746,-1.6318027973175049,0.0011861324310302734,0.07274129653887035,True,0.0011861324310302734,PASS,2,Output should not change drastically under degradation,Consistent
LessSensitiveRelation,1.0,-1.6306166648864746,-1.6306166648864746,0.0,0.0,True,0.0,PASS,2,Output should not change drastically under degradation,Consistent
RainRelation,0.0,-1.6306166648864746,-1.6316566467285156,0.0010399818420410156,0.06377839909599044,True,0.0010399818420410156,PASS,2,Rain should not significantly affect prediction,Consistent
RainRelation,0.25,-1.6306166648864746,-1.6316341161727905,0.001017451286315918,0.06239667999590536,True,0.001017451286315918,PASS,2,Rain should not significantly affect prediction,Consistent
RainRelation,0.5,-1.6306166648864746,-1.6316888332366943,0.0010721683502197266,0.06575228352468339,True,0.0010721683502197266,PASS,2,Rain should not significantly affect prediction,Consistent
RainRelation,0.75,-1.6306166648864746,-1.63161301612854,0.0009963512420654297,0.06110268909265108,True,0.0009963512420654297,PASS,2,Rain should not significantly affect prediction,Consistent
RainRelation,1.0,-1.6306166648864746,-1.631630539894104,0.0010138750076293945,0.06217735950382837,True,0.0010138750076293945,PASS,2,Rain should not significantly affect prediction,Consistent
SnowRelation,0.0,-1.6306166648864746,-1.6306166648864746,0.0,0.0,True,0.0,PASS,2,Snow should not significantly affect prediction,Consistent
SnowRelation,0.25,-1.6306166648864746,-1.6307615041732788,0.00014483928680419922,0.008882479929118337,True,0.00014483928680419922,PASS,2,Snow should not significantly affect prediction,Consistent
SnowRelation,0.5,-1.6306166648864746,-1.6310678720474243,0.00045120716094970703,0.02767093541704766,True,0.00045120716094970703,PASS,2,Snow should not significantly affect prediction,Consistent
SnowRelation,0.75,-1.6306166648864746,-1.6309665441513062,0.00034987926483154297,0.021456854808199442,True,0.00034987926483154297,PASS,2,Snow should not significantly affect prediction,Consistent
SnowRelation,1.0,-1.6306166648864746,-1.6313822269439697,0.0007655620574951172,0.046949206670615605,True,0.0007655620574951172,PASS,2,Snow should not significantly affect prediction,Consistent
FogRelation,0.0,-1.6306166648864746,-1.6306166648864746,0.0,0.0,True,0.0,PASS,2,Fog should not significantly affect prediction,Consistent
FogRelation,0.25,-1.6306166648864746,-1.6299811601638794,0.0006355047225952148,0.038973251442082184,True,0.0006355047225952148,PASS,2,Fog should not significantly affect prediction,Consistent
FogRelation,0.5,-1.6306166648864746,-1.6293460130691528,0.0012706518173217773,0.07792457083495667,True,0.0012706518173217773,PASS,2,Fog should not significantly affect prediction,Consistent
FogRelation,0.75,-1.6306166648864746,-1.6287089586257935,0.0019077062606811523,0.11699286115693891,True,0.0019077062606811523,PASS,2,Fog should not significantly affect prediction,Consistent
FogRelation,1.0,-1.6306166648864746,-1.6280711889266968,0.002545475959777832,0.15610501557733653,True,0.002545475959777832,PASS,2,Fog should not significantly affect prediction,Consistent
TemporalSmoothnessRelation,0.0,-1.6304875612258911,-1.6305943727493286,0.0001068115234375,0.0,True,0.0001068115234375,PASS,2,Predictions should change smoothly across consecutive frames,Consistent
TemporalSmoothnessRelation,25.0,-1.6301090717315674,-1.6323829889297485,0.0022739171981811523,0.0,True,0.0022739171981811523,PASS,2,Predictions should change smoothly across consecutive frames,Consistent
TemporalSmoothnessRelation,50.0,-1.637676477432251,-1.6349196434020996,0.002756834030151367,0.0,True,0.002756834030151367,PASS,2,Predictions should change smoothly across consecutive frames,Consistent
TemporalSmoothnessRelation,75.0,-1.6374915838241577,-1.6324806213378906,0.00501096248626709,0.0,True,0.00501096248626709,PASS,2,Predictions should change smoothly across consecutive frames,Consistent
TemporalSmoothnessRelation,100.0,-1.632336974143982,-1.63276207447052,0.00042510032653808594,0.0,True,0.00042510032653808594,PASS,2,Predictions should change smoothly across consecutive frames,Consistent
BrightnessRelation,0.2,-1.6298956871032715,-1.6346515417099,0.004755854606628418,0.29178871546028756,True,0.004755854606628418,PASS,3,Output should remain approximately same under brightness change,Consistent
BrightnessRelation,0.7749999999999999,-1.6298956871032715,-1.631249189376831,0.0013535022735595703,0.08304221269171838,True,0.0013535022735595703,PASS,3,Output should remain approximately same under brightness change,Consistent
BrightnessRelation,1.3499999999999999,-1.6298956871032715,-1.6292943954467773,0.0006012916564941406,0.03689139693650058,True,0.0006012916564941406,PASS,3,Output should remain approximately same under brightness change,Consistent
BrightnessRelation,1.9249999999999998,-1.6298956871032715,-1.6295143365859985,0.0003813505172729492,0.0233972202220193,True,0.0003813505172729492,PASS,3,Output should remain approximately same under brightness change,Consistent
BrightnessRelation,2.5,-1.6298956871032715,-1.6294158697128296,0.00047981739044189453,0.029438515596632592,True,0.00047981739044189453,PASS,3,Output should remain approximately same under brightness change,Consistent
RotationRelation,-25.0,-1.6298956871032715,-1.6377047300338745,0.007809042930603027,0.4791127555748103,True,0.007809042930603027,PASS,3,Small rotation should not significantly change output,Consistent
RotationRelation,-12.5,-1.6298956871032715,-1.6332674026489258,0.003371715545654297,0.20686682612053572,True,0.003371715545654297,PASS,3,Small rotation should not significantly change output,Consistent
RotationRelation,0.0,-1.6298956871032715,-1.6298956871032715,0.0,0.0,True,0.0,PASS,3,Small rotation should not significantly change output,Consistent
RotationRelation,12.5,-1.6298956871032715,-1.6301170587539673,0.00022137165069580078,0.013581943717502293,True,0.00022137165069580078,PASS,3,Small rotation should not significantly change output,Consistent
RotationRelation,25.0,-1.6298956871032715,-1.628164529800415,0.0017311573028564453,0.10621270148926672,True,0.0017311573028564453,PASS,3,Small rotation should not significantly change output,Consistent
TranslationRelation,0.0,-1.6298956871032715,-1.6298956871032715,0.0,0.0,True,0.0,PASS,3,Small translation should preserve prediction consistency,Consistent
TranslationRelation,10.0,-1.6298956871032715,-1.6288014650344849,0.001094222068786621,0.06713444339415915,True,0.001094222068786621,PASS,3,Small translation should preserve prediction consistency,Consistent
TranslationRelation,20.0,-1.6298956871032715,-1.628531813621521,0.0013638734817504883,0.08367852346362076,True,0.0013638734817504883,PASS,3,Small translation should preserve prediction consistency,Consistent
TranslationRelation,30.0,-1.6298956871032715,-1.6285649538040161,0.001330733299255371,0.08164525456030054,True,0.001330733299255371,PASS,3,Small translation should preserve prediction consistency,Consistent
TranslationRelation,40.0,-1.6298956871032715,-1.6276373863220215,0.00225830078125,0.13855484210251126,True,0.00225830078125,PASS,3,Small translation should preserve prediction consistency,Consistent
NoiseRelation,0.0,-1.6298956871032715,-1.6298956871032715,0.0,0.0,True,0.0,PASS,3,Noise should not significantly affect prediction,Consistent
NoiseRelation,25.0,-1.6298956871032715,-1.6299619674682617,6.628036499023438e-05,0.004066537806640428,True,6.628036499023438e-05,PASS,3,Noise should not significantly affect prediction,Consistent
NoiseRelation,50.0,-1.6298956871032715,-1.6298656463623047,3.0040740966796875e-05,0.0018431070634413451,True,3.0040740966796875e-05,PASS,3,Noise should not significantly affect prediction,Consistent
NoiseRelation,75.0,-1.6298956871032715,-1.6302895545959473,0.00039386749267578125,0.02416518149845319,True,0.00039386749267578125,PASS,3,Noise should not significantly affect prediction,Consistent
NoiseRelation,100.0,-1.6298956871032715,-1.6298965215682983,8.344650268554688e-07,5.119741842892626e-05,True,8.344650268554688e-07,PASS,3,Noise should not significantly affect prediction,Consistent
BlurRelation,1.0,-1.6298956871032715,-1.6298956871032715,0.0,0.0,True,0.0,PASS,3,Blur should not significantly change output,Consistent
BlurRelation,4.5,-1.6298956871032715,-1.6297451257705688,0.00015056133270263672,0.009237477067961979,True,0.00015056133270263672,PASS,3,Blur should not significantly change output,Consistent
BlurRelation,8.0,-1.6298956871032715,-1.6297732591629028,0.00012242794036865234,0.007511392675215323,True,0.00012242794036865234,PASS,3,Blur should not significantly change output,Consistent
BlurRelation,11.5,-1.6298956871032715,-1.6297967433929443,9.894371032714844e-05,0.00607055104228697,True,9.894371032714844e-05,PASS,3,Blur should not significantly change output,Consistent
BlurRelation,15.0,-1.6298956871032715,-1.6298624277114868,3.325939178466797e-05,0.002040582820238632,True,3.325939178466797e-05,PASS,3,Blur should not significantly change output,Consistent
ContrastRelation,0.2,-1.6298956871032715,-1.6346515417099,0.004755854606628418,0.29178871546028756,True,0.004755854606628418,PASS,3,Contrast change should not significantly affect output,Consistent
ContrastRelation,0.8999999999999999,-1.6298956871032715,-1.630503535270691,0.0006078481674194336,0.037293662367013564,True,0.0006078481674194336,PASS,3,Contrast change should not significantly affect output,Consistent
ContrastRelation,1.5999999999999999,-1.6298956871032715,-1.6293529272079468,0.000542759895324707,0.03330026372955732,True,0.000542759895324707,PASS,3,Contrast change should not significantly affect output,Consistent
ContrastRelation,2.3,-1.6298956871032715,-1.6294965744018555,0.0003991127014160156,0.024486993842863583,True,0.0003991127014160156,PASS,3,Contrast change should not significantly affect output,Consistent
ContrastRelation,3.0,-1.6298956871032715,-1.6290833950042725,0.0008122920989990234,0.049837029882100495,True,0.0008122920989990234,PASS,3,Contrast change should not significantly affect output,Consistent
WeatherRelation,0.0,-1.6298956871032715,-1.6298956871032715,0.0,0.0,True,0.0,PASS,3,Weather changes should not significantly affect output,Consistent
WeatherRelation,0.25,-1.6298956871032715,-1.6294384002685547,0.0004572868347167969,0.028056185299051586,True,0.0004572868347167969,PASS,3,Weather changes should not significantly affect output,Consistent
WeatherRelation,0.5,-1.6298956871032715,-1.6289808750152588,0.0009148120880126953,0.05612699843194001,True,0.0009148120880126953,PASS,3,Weather changes should not significantly affect output,Consistent
WeatherRelation,0.75,-1.6298956871032715,-1.6285299062728882,0.0013657808303833008,0.08379554613431543,True,0.0013657808303833008,PASS,3,Weather changes should not significantly affect output,Consistent
WeatherRelation,1.0,-1.6298956871032715,-1.6280711889266968,0.001824498176574707,0.11193949843638805,True,0.001824498176574707,PASS,3,Weather changes should not significantly affect output,Consistent
LessSensitiveRelation,0.1,-1.6298956871032715,-1.6297154426574707,0.00018024444580078125,0.01105864238064807,True,0.00018024444580078125,PASS,3,Output should not change drastically under degradation,Consistent
LessSensitiveRelation,0.325,-1.6298956871032715,-1.6293046474456787,0.0005910396575927734,0.03626240008151662,True,0.0005910396575927734,PASS,3,Output should not change drastically under degradation,Consistent
LessSensitiveRelation,0.55,-1.6298956871032715,-1.628894329071045,0.0010013580322265625,0.0614369021147115,True,0.0010013580322265625,PASS,3,Output should not change drastically under degradation,Consistent
LessSensitiveRelation,0.775,-1.6298956871032715,-1.6284847259521484,0.0014109611511230469,0.08656752064639588,True,0.0014109611511230469,PASS,3,Output should not change drastically under degradation,Consistent
LessSensitiveRelation,1.0,-1.6298956871032715,-1.6280711889266968,0.001824498176574707,0.11193949843638805,True,0.001824498176574707,PASS,3,Output should not change drastically under degradation,Consistent
LessSensitiveRelation,0.1,-1.6298956871032715,-1.6352452039718628,0.005349516868591309,0.32821202171400937,True,0.005349516868591309,PASS,3,Output should not change drastically under degradation,Consistent
LessSensitiveRelation,0.325,-1.6298956871032715,-1.6339185237884521,0.004022836685180664,0.24681544032893504,True,0.004022836685180664,PASS,3,Output should not change drastically under degradation,Consistent
LessSensitiveRelation,0.55,-1.6298956871032715,-1.6325815916061401,0.0026859045028686523,0.16478986208887678,True,0.0026859045028686523,PASS,3,Output should not change drastically under degradation,Consistent
LessSensitiveRelation,0.775,-1.6298956871032715,-1.631249189376831,0.0013535022735595703,0.08304221269171838,True,0.0013535022735595703,PASS,3,Output should not change drastically under degradation,Consistent
LessSensitiveRelation,1.0,-1.6298956871032715,-1.6298956871032715,0.0,0.0,True,0.0,PASS,3,Output should not change drastically under degradation,Consistent
RainRelation,0.0,-1.6298956871032715,-1.6310815811157227,0.0011858940124511719,0.07275884550442263,True,0.0011858940124511719,PASS,3,Rain should not significantly affect prediction,Consistent
RainRelation,0.25,-1.6298956871032715,-1.6310778856277466,0.0011821985244750977,0.07253211407995167,True,0.0011821985244750977,PASS,3,Rain should not significantly affect prediction,Consistent
RainRelation,0.5,-1.6298956871032715,-1.6310347318649292,0.0011390447616577148,0.06988447615548433,True,0.0011390447616577148,PASS,3,Rain should not significantly affect prediction,Consistent
RainRelation,0.75,-1.6298956871032715,-1.63108491897583,0.0011892318725585938,0.07296363517813834,True,0.0011892318725585938,PASS,3,Rain should not significantly affect prediction,Consistent
RainRelation,1.0,-1.6298956871032715,-1.631022572517395,0.0011268854141235352,0.0691384566298057,True,0.0011268854141235352,PASS,3,Rain should not significantly affect prediction,Consistent
SnowRelation,0.0,-1.6298956871032715,-1.6298956871032715,0.0,0.0,True,0.0,PASS,3,Snow should not significantly affect prediction,Consistent
SnowRelation,0.25,-1.6298956871032715,-1.6305538415908813,0.0006581544876098633,0.040380135306585976,True,0.0006581544876098633,PASS,3,Snow should not significantly affect prediction,Consistent
SnowRelation,0.5,-1.6298956871032715,-1.6307419538497925,0.0008462667465209961,0.05192149620384964,True,0.0008462667465209961,PASS,3,Snow should not significantly affect prediction,Consistent
SnowRelation,0.75,-1.6298956871032715,-1.630820393562317,0.0009247064590454102,0.05673405353616871,True,0.0009247064590454102,PASS,3,Snow should not significantly affect prediction,Consistent
SnowRelation,1.0,-1.6298956871032715,-1.6305441856384277,0.00064849853515625,0.039787708036194115,True,0.00064849853515625,PASS,3,Snow should not significantly affect prediction,Consistent
FogRelation,0.0,-1.6298956871032715,-1.6298956871032715,0.0,0.0,True,0.0,PASS,3,Fog should not significantly affect prediction,Consistent
FogRelation,0.25,-1.6298956871032715,-1.6294384002685547,0.0004572868347167969,0.028056185299051586,True,0.0004572868347167969,PASS,3,Fog should not significantly affect prediction,Consistent
FogRelation,0.5,-1.6298956871032715,-1.6289808750152588,0.0009148120880126953,0.05612699843194001,True,0.0009148120880126953,PASS,3,Fog should not significantly affect prediction,Consistent
FogRelation,0.75,-1.6298956871032715,-1.6285299062728882,0.0013657808303833008,0.08379554613431543,True,0.0013657808303833008,PASS,3,Fog should not significantly affect prediction,Consistent
FogRelation,1.0,-1.6298956871032715,-1.6280711889266968,0.001824498176574707,0.11193949843638805,True,0.001824498176574707,PASS,3,Fog should not significantly affect prediction,Consistent
TemporalSmoothnessRelation,0.0,-1.6304875612258911,-1.6305943727493286,0.0001068115234375,0.0,True,0.0001068115234375,PASS,3,Predictions should change smoothly across consecutive frames,Consistent
TemporalSmoothnessRelation,25.0,-1.6301090717315674,-1.6323829889297485,0.0022739171981811523,0.0,True,0.0022739171981811523,PASS,3,Predictions should change smoothly across consecutive frames,Consistent
TemporalSmoothnessRelation,50.0,-1.637676477432251,-1.6349196434020996,0.002756834030151367,0.0,True,0.002756834030151367,PASS,3,Predictions should change smoothly across consecutive frames,Consistent
TemporalSmoothnessRelation,75.0,-1.6374915838241577,-1.6324806213378906,0.00501096248626709,0.0,True,0.00501096248626709,PASS,3,Predictions should change smoothly across consecutive frames,Consistent
TemporalSmoothnessRelation,100.0,-1.632336974143982,-1.63276207447052,0.00042510032653808594,0.0,True,0.00042510032653808594,PASS,3,Predictions should change smoothly across consecutive frames,Consistent
BrightnessRelation,0.2,-1.6303082704544067,-1.6347362995147705,0.0044280290603637695,0.271606690866057,True,0.0044280290603637695,PASS,4,Output should remain approximately same under brightness change,Consistent
BrightnessRelation,0.7749999999999999,-1.6303082704544067,-1.631564736366272,0.0012564659118652344,0.07706917544025416,True,0.0012564659118652344,PASS,4,Output should remain approximately same under brightness change,Consistent
BrightnessRelation,1.3499999999999999,-1.6303082704544067,-1.6283650398254395,0.0019432306289672852,0.11919398755707619,True,0.0019432306289672852,PASS,4,Output should remain approximately same under brightness change,Consistent
BrightnessRelation,1.9249999999999998,-1.6303082704544067,-1.6258490085601807,0.004459261894226074,0.2735224521530918,True,0.004459261894226074,PASS,4,Output should remain approximately same under brightness change,Consistent
BrightnessRelation,2.5,-1.6303082704544067,-1.625121831893921,0.00518643856048584,0.3181260546374894,True,0.00518643856048584,PASS,4,Output should remain approximately same under brightness change,Consistent
RotationRelation,-25.0,-1.6303082704544067,-1.6318137645721436,0.0015054941177368164,0.09234408127466506,True,0.0015054941177368164,PASS,4,Small rotation should not significantly change output,Consistent
RotationRelation,-12.5,-1.6303082704544067,-1.6294820308685303,0.0008262395858764648,0.05067992931464911,True,0.0008262395858764648,PASS,4,Small rotation should not significantly change output,Consistent
RotationRelation,0.0,-1.6303082704544067,-1.6303082704544067,0.0,0.0,True,0.0,PASS,4,Small rotation should not significantly change output,Consistent
RotationRelation,12.5,-1.6303082704544067,-1.63251531124115,0.002207040786743164,0.13537558957313717,True,0.002207040786743164,PASS,4,Small rotation should not significantly change output,Consistent
RotationRelation,25.0,-1.6303082704544067,-1.6341335773468018,0.0038253068923950195,0.23463688526587437,True,0.0038253068923950195,PASS,4,Small rotation should not significantly change output,Consistent
TranslationRelation,0.0,-1.6303082704544067,-1.6303082704544067,0.0,0.0,True,0.0,PASS,4,Small translation should preserve prediction consistency,Consistent
TranslationRelation,10.0,-1.6303082704544067,-1.6300297975540161,0.000278472900390625,0.017080986131729956,True,0.000278472900390625,PASS,4,Small translation should preserve prediction consistency,Consistent
TranslationRelation,20.0,-1.6303082704544067,-1.6306041479110718,0.00029587745666503906,0.018148547764963077,True,0.00029587745666503906,PASS,4,Small translation should preserve prediction consistency,Consistent
TranslationRelation,30.0,-1.6303082704544067,-1.6312342882156372,0.0009260177612304688,0.056800128540786934,True,0.0009260177612304688,PASS,4,Small translation should preserve prediction consistency,Consistent
TranslationRelation,40.0,-1.6303082704544067,-1.63109290599823,0.0007846355438232422,0.04812801828726308,True,0.0007846355438232422,PASS,4,Small translation should preserve prediction consistency,Consistent
NoiseRelation,0.0,-1.6303082704544067,-1.6303082704544067,0.0,0.0,True,0.0,PASS,4,Noise should not significantly affect prediction,Consistent
NoiseRelation,25.0,-1.6303082704544067,-1.6303179264068604,9.655952453613281e-06,0.0005922773444649513,True,9.655952453613281e-06,PASS,4,Noise should not significantly affect prediction,Consistent
NoiseRelation,50.0,-1.6303082704544067,-1.6302247047424316,8.356571197509766e-05,0.005125758252715196,True,8.356571197509766e-05,PASS,4,Noise should not significantly affect prediction,Consistent
NoiseRelation,75.0,-1.6303082704544067,-1.6302977800369263,1.049041748046875e-05,0.0006434618063322928,True,1.049041748046875e-05,PASS,4,Noise should not significantly affect prediction,Consistent
NoiseRelation,100.0,-1.6303082704544067,-1.6302050352096558,0.00010323524475097656,0.006332249139588245,True,0.00010323524475097656,PASS,4,Noise should not significantly affect prediction,Consistent
BlurRelation,1.0,-1.6303082704544067,-1.6303082704544067,0.0,0.0,True,0.0,PASS,4,Blur should not significantly change output,Consistent
BlurRelation,4.5,-1.6303082704544067,-1.630284070968628,2.4199485778808594e-05,0.0014843493941529026,True,2.4199485778808594e-05,PASS,4,Blur should not significantly change output,Consistent
BlurRelation,8.0,-1.6303082704544067,-1.6302539110183716,5.435943603515625e-05,0.0033343020873582447,True,5.435943603515625e-05,PASS,4,Blur should not significantly change output,Consistent
BlurRelation,11.5,-1.6303082704544067,-1.630245566368103,6.270408630371094e-05,0.0038461467060316593,True,6.270408630371094e-05,PASS,4,Blur should not significantly change output,Consistent
BlurRelation,15.0,-1.6303082704544067,-1.6302273273468018,8.094310760498047e-05,0.004964892801132123,True,8.094310760498047e-05,PASS,4,Blur should not significantly change output,Consistent
ContrastRelation,0.2,-1.6303082704544067,-1.6347362995147705,0.0044280290603637695,0.271606690866057,True,0.0044280290603637695,PASS,4,Contrast change should not significantly affect output,Consistent
ContrastRelation,0.8999999999999999,-1.6303082704544067,-1.630874514579773,0.0005662441253662109,0.034732313409981716,True,0.0005662441253662109,PASS,4,Contrast change should not significantly affect output,Consistent
ContrastRelation,1.5999999999999999,-1.6303082704544067,-1.6271452903747559,0.003162980079650879,0.19401104667516733,True,0.003162980079650879,PASS,4,Contrast change should not significantly affect output,Consistent
ContrastRelation,2.3,-1.6303082704544067,-1.6251660585403442,0.0051422119140625,0.3154132781585202,True,0.0051422119140625,PASS,4,Contrast change should not significantly affect output,Consistent
ContrastRelation,3.0,-1.6303082704544067,-1.62545645236969,0.004851818084716797,0.2976010854286854,True,0.004851818084716797,PASS,4,Contrast change should not significantly affect output,Consistent
WeatherRelation,0.0,-1.6303082704544067,-1.6303082704544067,0.0,0.0,True,0.0,PASS,4,Weather changes should not significantly affect output,Consistent
WeatherRelation,0.25,-1.6303082704544067,-1.629752278327942,0.0005559921264648438,0.03410347573561152,True,0.0005559921264648438,PASS,4,Weather changes should not significantly affect output,Consistent
WeatherRelation,0.5,-1.6303082704544067,-1.6291937828063965,0.001114487648010254,0.06836050485682507,True,0.001114487648010254,PASS,4,Weather changes should not significantly affect output,Consistent
WeatherRelation,0.75,-1.6303082704544067,-1.6286358833312988,0.0016723871231079102,0.10258097364813336,True,0.0016723871231079102,PASS,4,Weather changes should not significantly affect output,Consistent
WeatherRelation,1.0,-1.6303082704544067,-1.6280711889266968,0.002237081527709961,0.13721823020036145,True,0.002237081527709961,PASS,4,Weather changes should not significantly affect output,Consistent
LessSensitiveRelation,0.1,-1.6303082704544067,-1.6300851106643677,0.0002231597900390625,0.013688187516523318,True,0.0002231597900390625,PASS,4,Output should not change drastically under degradation,Consistent
LessSensitiveRelation,0.325,-1.6303082704544067,-1.6295826435089111,0.0007256269454956055,0.044508545626643935,True,0.0007256269454956055,PASS,4,Output should not change drastically under degradation,Consistent
LessSensitiveRelation,0.55,-1.6303082704544067,-1.6290849447250366,0.0012233257293701172,0.07503642109752261,True,0.0012233257293701172,PASS,4,Output should not change drastically under degradation,Consistent
LessSensitiveRelation,0.775,-1.6303082704544067,-1.6285761594772339,0.0017321109771728516,0.10624431870463881,True,0.0017321109771728516,PASS,4,Output should not change drastically under degradation,Consistent
LessSensitiveRelation,1.0,-1.6303082704544067,-1.6280711889266968,0.002237081527709961,0.13721823020036145,True,0.002237081527709961,PASS,4,Output should not change drastically under degradation,Consistent
LessSensitiveRelation,0.1,-1.6303082704544067,-1.635289192199707,0.004980921745300293,0.30552005288616124,True,0.004980921745300293,PASS,4,Output should not change drastically under degradation,Consistent
LessSensitiveRelation,0.325,-1.6303082704544067,-1.6340476274490356,0.0037393569946289062,0.22936488569353816,True,0.0037393569946289062,PASS,4,Output should not change drastically under degradation,Consistent
LessSensitiveRelation,0.55,-1.6303082704544067,-1.6328049898147583,0.0024967193603515625,0.15314390990708568,True,0.0024967193603515625,PASS,4,Output should not change drastically under degradation,Consistent
LessSensitiveRelation,0.775,-1.6303082704544067,-1.631564736366272,0.0012564659118652344,0.07706917544025416,True,0.0012564659118652344,PASS,4,Output should not change drastically under degradation,Consistent
LessSensitiveRelation,1.0,-1.6303082704544067,-1.6303082704544067,0.0,0.0,True,0.0,PASS,4,Output should not change drastically under degradation,Consistent
RainRelation,0.0,-1.6303082704544067,-1.6314138174057007,0.0011055469512939453,0.06781209990824641,True,0.0011055469512939453,PASS,4,Rain should not significantly affect prediction,Consistent
RainRelation,0.25,-1.6303082704544067,-1.6314064264297485,0.0010981559753417969,0.06735875181742139,True,0.0010981559753417969,PASS,4,Rain should not significantly affect prediction,Consistent
RainRelation,0.5,-1.6303082704544067,-1.631473183631897,0.0011649131774902344,0.0714535087668087,True,0.0011649131774902344,PASS,4,Rain should not significantly affect prediction,Consistent
RainRelation,0.75,-1.6303082704544067,-1.6314146518707275,0.0011063814163208008,0.06786328437011374,True,0.0011063814163208008,PASS,4,Rain should not significantly affect prediction,Consistent
RainRelation,1.0,-1.6303082704544067,-1.6314404010772705,0.0011321306228637695,0.06944269062202027,True,0.0011321306228637695,PASS,4,Rain should not significantly affect prediction,Consistent
SnowRelation,0.0,-1.6303082704544067,-1.6303082704544067,0.0,0.0,True,0.0,PASS,4,Snow should not significantly affect prediction,Consistent
SnowRelation,0.25,-1.6303082704544067,-1.6306746006011963,0.0003663301467895508,0.022469978759762907,True,0.0003663301467895508,PASS,4,Snow should not significantly affect prediction,Consistent
SnowRelation,0.5,-1.6303082704544067,-1.6309515237808228,0.0006432533264160156,0.03945590803373923,True,0.0006432533264160156,PASS,4,Snow should not significantly affect prediction,Consistent
SnowRelation,0.75,-1.6303082704544067,-1.6308358907699585,0.0005276203155517578,0.03236320403212191,True,0.0005276203155517578,PASS,4,Snow should not significantly affect prediction,Consistent
SnowRelation,1.0,-1.6303082704544067,-1.6312255859375,0.0009173154830932617,0.05626634772417038,True,0.0009173154830932617,PASS,4,Snow should not significantly affect prediction,Consistent
FogRelation,0.0,-1.6303082704544067,-1.6303082704544067,0.0,0.0,True,0.0,PASS,4,Fog should not significantly affect prediction,Consistent
FogRelation,0.25,-1.6303082704544067,-1.629752278327942,0.0005559921264648438,0.03410347573561152,True,0.0005559921264648438,PASS,4,Fog should not significantly affect prediction,Consistent
FogRelation,0.5,-1.6303082704544067,-1.6291937828063965,0.001114487648010254,0.06836050485682507,True,0.001114487648010254,PASS,4,Fog should not significantly affect prediction,Consistent
FogRelation,0.75,-1.6303082704544067,-1.6286358833312988,0.0016723871231079102,0.10258097364813336,True,0.0016723871231079102,PASS,4,Fog should not significantly affect prediction,Consistent
FogRelation,1.0,-1.6303082704544067,-1.6280711889266968,0.002237081527709961,0.13721823020036145,True,0.002237081527709961,PASS,4,Fog should not significantly affect prediction,Consistent
TemporalSmoothnessRelation,0.0,-1.6304875612258911,-1.6305943727493286,0.0001068115234375,0.0,True,0.0001068115234375,PASS,4,Predictions should change smoothly across consecutive frames,Consistent
TemporalSmoothnessRelation,25.0,-1.6301090717315674,-1.6323829889297485,0.0022739171981811523,0.0,True,0.0022739171981811523,PASS,4,Predictions should change smoothly across consecutive frames,Consistent
TemporalSmoothnessRelation,50.0,-1.637676477432251,-1.6349196434020996,0.002756834030151367,0.0,True,0.002756834030151367,PASS,4,Predictions should change smoothly across consecutive frames,Consistent
TemporalSmoothnessRelation,75.0,-1.6374915838241577,-1.6324806213378906,0.00501096248626709,0.0,True,0.00501096248626709,PASS,4,Predictions should change smoothly across consecutive frames,Consistent
TemporalSmoothnessRelation,100.0,-1.632336974143982,-1.63276207447052,0.00042510032653808594,0.0,True,0.00042510032653808594,PASS,4,Predictions should change smoothly across consecutive frames,Consistent
BrightnessRelation,0.2,-1.6362496614456177,-1.635922908782959,0.0003267526626586914,0.019969596979108776,True,0.0003267526626586914,PASS,5,Output should remain approximately same under brightness change,Consistent
BrightnessRelation,0.7749999999999999,-1.6362496614456177,-1.6361689567565918,8.07046890258789e-05,0.004932293744931281,True,8.07046890258789e-05,PASS,5,Output should remain approximately same under brightness change,Consistent
BrightnessRelation,1.3499999999999999,-1.6362496614456177,-1.6358683109283447,0.0003813505172729492,0.023306362909948548,True,0.0003813505172729492,PASS,5,Output should remain approximately same under brightness change,Consistent
BrightnessRelation,1.9249999999999998,-1.6362496614456177,-1.6342813968658447,0.0019682645797729492,0.12029114035828711,True,0.0019682645797729492,PASS,5,Output should remain approximately same under brightness change,Consistent
BrightnessRelation,2.5,-1.6362496614456177,-1.6331039667129517,0.0031456947326660156,0.1922501733253274,True,0.0031456947326660156,PASS,5,Output should remain approximately same under brightness change,Consistent
RotationRelation,-25.0,-1.6362496614456177,-1.6375837326049805,0.001334071159362793,0.08153219985158931,True,0.001334071159362793,PASS,5,Small rotation should not significantly change output,Consistent
RotationRelation,-12.5,-1.6362496614456177,-1.635660171508789,0.0005894899368286133,0.036026872331883585,True,0.0005894899368286133,PASS,5,Small rotation should not significantly change output,Consistent
RotationRelation,0.0,-1.6362496614456177,-1.6362496614456177,0.0,0.0,True,0.0,PASS,5,Small rotation should not significantly change output,Consistent
RotationRelation,12.5,-1.6362496614456177,-1.6352683305740356,0.0009813308715820312,0.05997436057352186,True,0.0009813308715820312,PASS,5,Small rotation should not significantly change output,Consistent
RotationRelation,25.0,-1.6362496614456177,-1.6308238506317139,0.005425810813903809,0.33160022127111854,True,0.005425810813903809,PASS,5,Small rotation should not significantly change output,Consistent
TranslationRelation,0.0,-1.6362496614456177,-1.6362496614456177,0.0,0.0,True,0.0,PASS,5,Small translation should preserve prediction consistency,Consistent
TranslationRelation,10.0,-1.6362496614456177,-1.6364750862121582,0.00022542476654052734,0.01377690911619653,True,0.00022542476654052734,PASS,5,Small translation should preserve prediction consistency,Consistent
TranslationRelation,20.0,-1.6362496614456177,-1.6364444494247437,0.00019478797912597656,0.011904531727057183,True,0.00019478797912597656,PASS,5,Small translation should preserve prediction consistency,Consistent
TranslationRelation,30.0,-1.6362496614456177,-1.6357289552688599,0.0005207061767578125,0.031823130100236095,True,0.0005207061767578125,PASS,5,Small translation should preserve prediction consistency,Consistent
TranslationRelation,40.0,-1.6362496614456177,-1.633427381515503,0.002822279930114746,0.17248457076993806,True,0.002822279930114746,PASS,5,Small translation should preserve prediction consistency,Consistent
NoiseRelation,0.0,-1.6362496614456177,-1.6362496614456177,0.0,0.0,True,0.0,PASS,5,Noise should not significantly affect prediction,Consistent
NoiseRelation,25.0,-1.6362496614456177,-1.6361063718795776,0.00014328956604003906,0.008757189189671196,True,0.00014328956604003906,PASS,5,Noise should not significantly affect prediction,Consistent
NoiseRelation,50.0,-1.6362496614456177,-1.636043667793274,0.00020599365234375,0.012589370149543947,True,0.00020599365234375,PASS,5,Noise should not significantly affect prediction,Consistent
NoiseRelation,75.0,-1.6362496614456177,-1.6361721754074097,7.748603820800781e-05,0.004735584836344657,True,7.748603820800781e-05,PASS,5,Noise should not significantly affect prediction,Consistent
NoiseRelation,100.0,-1.6362496614456177,-1.6356117725372314,0.0006378889083862305,0.03898479147581578,True,0.0006378889083862305,PASS,5,Noise should not significantly affect prediction,Consistent
BlurRelation,1.0,-1.6362496614456177,-1.6362496614456177,0.0,0.0,True,0.0,PASS,5,Blur should not significantly change output,Consistent
BlurRelation,4.5,-1.6362496614456177,-1.636169195175171,8.046627044677734e-05,0.004917722714665606,True,8.046627044677734e-05,PASS,5,Blur should not significantly change output,Consistent
BlurRelation,8.0,-1.6362496614456177,-1.6361204385757446,0.00012922286987304688,0.00789749840399632,True,0.00012922286987304688,PASS,5,Blur should not significantly change output,Consistent
BlurRelation,11.5,-1.6362496614456177,-1.636093020439148,0.00015664100646972656,0.009573166884549044,True,0.00015664100646972656,PASS,5,Blur should not significantly change output,Consistent
BlurRelation,15.0,-1.6362496614456177,-1.6360331773757935,0.00021648406982421875,0.013230495481233687,True,0.00021648406982421875,PASS,5,Blur should not significantly change output,Consistent
ContrastRelation,0.2,-1.6362496614456177,-1.635922908782959,0.0003267526626586914,0.019969596979108776,True,0.0003267526626586914,PASS,5,Contrast change should not significantly affect output,Consistent
ContrastRelation,0.8999999999999999,-1.6362496614456177,-1.6362216472625732,2.8014183044433594e-05,0.0017120960562169146,True,2.8014183044433594e-05,PASS,5,Contrast change should not significantly affect output,Consistent
ContrastRelation,1.5999999999999999,-1.6362496614456177,-1.635197401046753,0.001052260398864746,0.06430924207756045,True,0.001052260398864746,PASS,5,Contrast change should not significantly affect output,Consistent
ContrastRelation,2.3,-1.6362496614456177,-1.6334542036056519,0.0027954578399658203,0.17084532986504952,True,0.0027954578399658203,PASS,5,Contrast change should not significantly affect output,Consistent
ContrastRelation,3.0,-1.6362496614456177,-1.6324316263198853,0.003818035125732422,0.23334047867453334,True,0.003818035125732422,PASS,5,Contrast change should not significantly affect output,Consistent
WeatherRelation,0.0,-1.6362496614456177,-1.6362496614456177,0.0,0.0,True,0.0,PASS,5,Weather changes should not significantly affect output,Consistent
WeatherRelation,0.25,-1.6362496614456177,-1.6342079639434814,0.0020416975021362305,0.12477901768011529,True,0.0020416975021362305,PASS,5,Weather changes should not significantly affect output,Consistent
WeatherRelation,0.5,-1.6362496614456177,-1.6321635246276855,0.004086136817932129,0.24972560220828582,True,0.004086136817932129,PASS,5,Weather changes should not significantly affect output,Consistent
WeatherRelation,0.75,-1.6362496614456177,-1.6301201581954956,0.00612950325012207,0.37460661710026083,True,0.00612950325012207,PASS,5,Weather changes should not significantly affect output,Consistent
WeatherRelation,1.0,-1.6362496614456177,-1.6280711889266968,0.008178472518920898,0.4998300512034793,True,0.008178472518920898,PASS,5,Weather changes should not significantly affect output,Consistent
LessSensitiveRelation,0.1,-1.6362496614456177,-1.6354341506958008,0.0008155107498168945,0.04984020902374431,True,0.0008155107498168945,PASS,5,Output should not change drastically under degradation,Consistent
LessSensitiveRelation,0.325,-1.6362496614456177,-1.6335960626602173,0.0026535987854003906,0.1621755668569724,True,0.0026535987854003906,PASS,5,Output should not change drastically under degradation,Consistent
LessSensitiveRelation,0.55,-1.6362496614456177,-1.63175368309021,0.004495978355407715,0.27477320323498267,True,0.004495978355407715,PASS,5,Output should not change drastically under degradation,Consistent
LessSensitiveRelation,0.775,-1.6362496614456177,-1.6299127340316772,0.00633692741394043,0.3872834134313989,True,0.00633692741394043,PASS,5,Output should not change drastically under degradation,Consistent
LessSensitiveRelation,1.0,-1.6362496614456177,-1.6280711889266968,0.008178472518920898,0.4998300512034793,True,0.008178472518920898,PASS,5,Output should not change drastically under degradation,Consistent
LessSensitiveRelation,0.1,-1.6362496614456177,-1.6358826160430908,0.00036704540252685547,0.022432101094007995,True,0.00036704540252685547,PASS,5,Output should not change drastically under degradation,Consistent
LessSensitiveRelation,0.325,-1.6362496614456177,-1.6359765529632568,0.00027310848236083984,0.016691115169331708,True,0.00027310848236083984,PASS,5,Output should not change drastically under degradation,Consistent
LessSensitiveRelation,0.55,-1.6362496614456177,-1.6360735893249512,0.0001760721206665039,0.010760705851201627,True,0.0001760721206665039,PASS,5,Output should not change drastically under degradation,Consistent
LessSensitiveRelation,0.775,-1.6362496614456177,-1.6361689567565918,8.07046890258789e-05,0.004932293744931281,True,8.07046890258789e-05,PASS,5,Output should not change drastically under degradation,Consistent
LessSensitiveRelation,1.0,-1.6362496614456177,-1.6362496614456177,0.0,0.0,True,0.0,PASS,5,Output should not change drastically under degradation,Consistent
RainRelation,0.0,-1.6362496614456177,-1.6361645460128784,8.511543273925781e-05,0.005201857804846284,True,8.511543273925781e-05,PASS,5,Rain should not significantly affect prediction,Consistent
RainRelation,0.25,-1.6362496614456177,-1.6361587047576904,9.09566879272461e-05,0.005558848046355343,True,9.09566879272461e-05,PASS,5,Rain should not significantly affect prediction,Consistent
RainRelation,0.5,-1.6362496614456177,-1.6361573934555054,9.226799011230469e-05,0.00563898871281656,True,9.226799011230469e-05,PASS,5,Rain should not significantly affect prediction,Consistent
RainRelation,0.75,-1.6362496614456177,-1.63607919216156,0.0001704692840576172,0.010418286639958245,True,0.0001704692840576172,PASS,5,Rain should not significantly affect prediction,Consistent
RainRelation,1.0,-1.6362496614456177,-1.636179804801941,6.985664367675781e-05,0.004269311867843029,True,6.985664367675781e-05,PASS,5,Rain should not significantly affect prediction,Consistent
SnowRelation,0.0,-1.6362496614456177,-1.6362496614456177,0.0,0.0,True,0.0,PASS,5,Snow should not significantly affect prediction,Consistent
SnowRelation,0.25,-1.6362496614456177,-1.6359739303588867,0.00027573108673095703,0.01685139650225414,True,0.00027573108673095703,PASS,5,Snow should not significantly affect prediction,Consistent
SnowRelation,0.5,-1.6362496614456177,-1.6344482898712158,0.0018013715744018555,0.110091419172314,True,0.0018013715744018555,PASS,5,Snow should not significantly affect prediction,Consistent
SnowRelation,0.75,-1.6362496614456177,-1.6341623067855835,0.0020873546600341797,0.12756936997599222,True,0.0020873546600341797,PASS,5,Snow should not significantly affect prediction,Consistent
SnowRelation,1.0,-1.6362496614456177,-1.6330024003982544,0.0032472610473632812,0.19845743221850531,True,0.0032472610473632812,PASS,5,Snow should not significantly affect prediction,Consistent
FogRelation,0.0,-1.6362496614456177,-1.6362496614456177,0.0,0.0,True,0.0,PASS,5,Fog should not significantly affect prediction,Consistent
FogRelation,0.25,-1.6362496614456177,-1.6342079639434814,0.0020416975021362305,0.12477901768011529,True,0.0020416975021362305,PASS,5,Fog should not significantly affect prediction,Consistent
FogRelation,0.5,-1.6362496614456177,-1.6321635246276855,0.004086136817932129,0.24972560220828582,True,0.004086136817932129,PASS,5,Fog should not significantly affect prediction,Consistent
FogRelation,0.75,-1.6362496614456177,-1.6301201581954956,0.00612950325012207,0.37460661710026083,True,0.00612950325012207,PASS,5,Fog should not significantly affect prediction,Consistent
FogRelation,1.0,-1.6362496614456177,-1.6280711889266968,0.008178472518920898,0.4998300512034793,True,0.008178472518920898,PASS,5,Fog should not significantly affect prediction,Consistent
TemporalSmoothnessRelation,0.0,-1.6304875612258911,-1.6305943727493286,0.0001068115234375,0.0,True,0.0001068115234375,PASS,5,Predictions should change smoothly across consecutive frames,Consistent
TemporalSmoothnessRelation,25.0,-1.6301090717315674,-1.6323829889297485,0.0022739171981811523,0.0,True,0.0022739171981811523,PASS,5,Predictions should change smoothly across consecutive frames,Consistent
TemporalSmoothnessRelation,50.0,-1.637676477432251,-1.6349196434020996,0.002756834030151367,0.0,True,0.002756834030151367,PASS,5,Predictions should change smoothly across consecutive frames,Consistent
TemporalSmoothnessRelation,75.0,-1.6374915838241577,-1.6324806213378906,0.00501096248626709,0.0,True,0.00501096248626709,PASS,5,Predictions should change smoothly across consecutive frames,Consistent
TemporalSmoothnessRelation,100.0,-1.632336974143982,-1.63276207447052,0.00042510032653808594,0.0,True,0.00042510032653808594,PASS,5,Predictions should change smoothly across consecutive frames,Consistent
BrightnessRelation,0.2,-1.634774088859558,-1.6356267929077148,0.0008527040481567383,0.05216032798441996,True,0.0008527040481567383,PASS,6,Output should remain approximately same under brightness change,Consistent
BrightnessRelation,0.7749999999999999,-1.634774088859558,-1.635024905204773,0.00025081634521484375,0.015342559776208527,True,0.00025081634521484375,PASS,6,Output should remain approximately same under brightness change,Consistent
BrightnessRelation,1.3499999999999999,-1.634774088859558,-1.6344304084777832,0.00034368038177490234,0.021023098780802843,True,0.00034368038177490234,PASS,6,Output should remain approximately same under brightness change,Consistent
BrightnessRelation,1.9249999999999998,-1.634774088859558,-1.633902907371521,0.0008711814880371094,0.053290602112420114,True,0.0008711814880371094,PASS,6,Output should remain approximately same under brightness change,Consistent
BrightnessRelation,2.5,-1.634774088859558,-1.633397102355957,0.0013769865036010742,0.08423094485503074,True,0.0013769865036010742,PASS,6,Output should remain approximately same under brightness change,Consistent
RotationRelation,-25.0,-1.634774088859558,-1.6389150619506836,0.004140973091125488,0.2533053702215568,True,0.004140973091125488,PASS,6,Small rotation should not significantly change output,Consistent
RotationRelation,-12.5,-1.634774088859558,-1.6386936902999878,0.0039196014404296875,0.23976395695900019,True,0.0039196014404296875,PASS,6,Small rotation should not significantly change output,Consistent
RotationRelation,0.0,-1.634774088859558,-1.634774088859558,0.0,0.0,True,0.0,PASS,6,Small rotation should not significantly change output,Consistent
RotationRelation,12.5,-1.634774088859558,-1.6309412717819214,0.0038328170776367188,0.23445531460297367,True,0.0038328170776367188,PASS,6,Small rotation should not significantly change output,Consistent
RotationRelation,25.0,-1.634774088859558,-1.6302490234375,0.0045250654220581055,0.2768004879016633,True,0.0045250654220581055,PASS,6,Small rotation should not significantly change output,Consistent
TranslationRelation,0.0,-1.634774088859558,-1.634774088859558,0.0,0.0,True,0.0,PASS,6,Small translation should preserve prediction consistency,Consistent
TranslationRelation,10.0,-1.634774088859558,-1.633449912071228,0.0013241767883300781,0.08100054847629483,True,0.0013241767883300781,PASS,6,Small translation should preserve prediction consistency,Consistent
TranslationRelation,20.0,-1.634774088859558,-1.6324093341827393,0.0023647546768188477,0.14465321211057441,True,0.0023647546768188477,PASS,6,Small translation should preserve prediction consistency,Consistent
TranslationRelation,30.0,-1.634774088859558,-1.6319817304611206,0.0027923583984375,0.17080994305984246,True,0.0027923583984375,PASS,6,Small translation should preserve prediction consistency,Consistent
TranslationRelation,40.0,-1.634774088859558,-1.6306787729263306,0.004095315933227539,0.2505124993117242,True,0.004095315933227539,PASS,6,Small translation should preserve prediction consistency,Consistent
NoiseRelation,0.0,-1.634774088859558,-1.634774088859558,0.0,0.0,True,0.0,PASS,6,Noise should not significantly affect prediction,Consistent
NoiseRelation,25.0,-1.634774088859558,-1.6347559690475464,1.811981201171875e-05,0.0011083978545549887,True,1.811981201171875e-05,PASS,6,Noise should not significantly affect prediction,Consistent
NoiseRelation,50.0,-1.634774088859558,-1.6346766948699951,9.739398956298828e-05,0.005957638468233064,True,9.739398956298828e-05,PASS,6,Noise should not significantly affect prediction,Consistent
NoiseRelation,75.0,-1.634774088859558,-1.6348720788955688,9.799003601074219e-05,0.005994098923975005,True,9.799003601074219e-05,PASS,6,Noise should not significantly affect prediction,Consistent
NoiseRelation,100.0,-1.634774088859558,-1.634521245956421,0.00025284290313720703,0.015466525325731124,True,0.00025284290313720703,PASS,6,Noise should not significantly affect prediction,Consistent
BlurRelation,1.0,-1.634774088859558,-1.634774088859558,0.0,0.0,True,0.0,PASS,6,Blur should not significantly change output,Consistent
BlurRelation,4.5,-1.634774088859558,-1.634676456451416,9.763240814208984e-05,0.00597222265052984,True,9.763240814208984e-05,PASS,6,Blur should not significantly change output,Consistent
BlurRelation,8.0,-1.634774088859558,-1.634648323059082,0.00012576580047607422,0.007693156161549428,True,0.00012576580047607422,PASS,6,Blur should not significantly change output,Consistent
BlurRelation,11.5,-1.634774088859558,-1.6346352100372314,0.00013887882232666016,0.008495286187872117,True,0.00013887882232666016,PASS,6,Blur should not significantly change output,Consistent
BlurRelation,15.0,-1.634774088859558,-1.6346056461334229,0.0001684427261352539,0.01030372479267236,True,0.0001684427261352539,PASS,6,Blur should not significantly change output,Consistent
ContrastRelation,0.2,-1.634774088859558,-1.6356267929077148,0.0008527040481567383,0.05216032798441996,True,0.0008527040481567383,PASS,6,Contrast change should not significantly affect output,Consistent
ContrastRelation,0.8999999999999999,-1.634774088859558,-1.6348936557769775,0.0001195669174194336,0.0073139674218332465,True,0.0001195669174194336,PASS,6,Contrast change should not significantly affect output,Consistent
ContrastRelation,1.5999999999999999,-1.634774088859558,-1.6341866254806519,0.00058746337890625,0.03593542517925648,True,0.00058746337890625,PASS,6,Contrast change should not significantly affect output,Consistent
ContrastRelation,2.3,-1.634774088859558,-1.6335777044296265,0.0011963844299316406,0.0731834267652228,True,0.0011963844299316406,PASS,6,Contrast change should not significantly affect output,Consistent
ContrastRelation,3.0,-1.634774088859558,-1.6327688694000244,0.0020052194595336914,0.12266026520703595,True,0.0020052194595336914,PASS,6,Contrast change should not significantly affect output,Consistent
WeatherRelation,0.0,-1.634774088859558,-1.634774088859558,0.0,0.0,True,0.0,PASS,6,Weather changes should not significantly affect output,Consistent
WeatherRelation,0.25,-1.634774088859558,-1.6330972909927368,0.001676797866821289,0.10257055409322677,True,0.001676797866821289,PASS,6,Weather changes should not significantly affect output,Consistent
WeatherRelation,0.5,-1.634774088859558,-1.631422758102417,0.0033513307571411133,0.2050025584546342,True,0.0033513307571411133,PASS,6,Weather changes should not significantly affect output,Consistent
WeatherRelation,0.75,-1.634774088859558,-1.6297492980957031,0.0050247907638549805,0.3073689339957061,True,0.0050247907638549805,PASS,6,Weather changes should not significantly affect output,Consistent
WeatherRelation,1.0,-1.634774088859558,-1.6280711889266968,0.006702899932861328,0.4100197010915651,True,0.006702899932861328,PASS,6,Weather changes should not significantly affect output,Consistent
LessSensitiveRelation,0.1,-1.634774088859558,-1.6341054439544678,0.000668644905090332,0.04090133925130876,True,0.000668644905090332,PASS,6,Output should not change drastically under degradation,Consistent
LessSensitiveRelation,0.325,-1.634774088859558,-1.6325979232788086,0.0021761655807495117,0.13311712391382444,True,0.0021761655807495117,PASS,6,Output should not change drastically under degradation,Consistent
LessSensitiveRelation,0.55,-1.634774088859558,-1.6310880184173584,0.003686070442199707,0.22547875039930793,True,0.003686070442199707,PASS,6,Output should not change drastically under degradation,Consistent
LessSensitiveRelation,0.775,-1.634774088859558,-1.6295818090438843,0.005192279815673828,0.3176143220591913,True,0.005192279815673828,PASS,6,Output should not change drastically under degradation,Consistent
LessSensitiveRelation,1.0,-1.634774088859558,-1.6280711889266968,0.006702899932861328,0.4100197010915651,True,0.006702899932861328,PASS,6,Output should not change drastically under degradation,Consistent
LessSensitiveRelation,0.1,-1.634774088859558,-1.635731816291809,0.0009577274322509766,0.05858466028614986,True,0.0009577274322509766,PASS,6,Output should not change drastically under degradation,Consistent
LessSensitiveRelation,0.325,-1.634774088859558,-1.635499119758606,0.0007250308990478516,0.044350498364496324,True,0.0007250308990478516,PASS,6,Output should not change drastically under degradation,Consistent
LessSensitiveRelation,0.55,-1.634774088859558,-1.635261058807373,0.0004869699478149414,0.02978819234116532,True,0.0004869699478149414,PASS,6,Output should not change drastically under degradation,Consistent
LessSensitiveRelation,0.775,-1.634774088859558,-1.635024905204773,0.00025081634521484375,0.015342559776208527,True,0.00025081634521484375,PASS,6,Output should not change drastically under degradation,Consistent
LessSensitiveRelation,1.0,-1.634774088859558,-1.634774088859558,0.0,0.0,True,0.0,PASS,6,Output should not change drastically under degradation,Consistent
RainRelation,0.0,-1.634774088859558,-1.6349833011627197,0.0002092123031616211,0.012797619965421086,True,0.0002092123031616211,PASS,6,Rain should not significantly affect prediction,Consistent
RainRelation,0.25,-1.634774088859558,-1.634961485862732,0.00018739700317382812,0.011463167285266068,True,0.00018739700317382812,PASS,6,Rain should not significantly affect prediction,Consistent
RainRelation,0.5,-1.634774088859558,-1.6349704265594482,0.00019633769989013672,0.012010074121395172,True,0.00019633769989013672,PASS,6,Rain should not significantly affect prediction,Consistent
RainRelation,0.75,-1.634774088859558,-1.6350077390670776,0.00023365020751953125,0.014292498650840642,True,0.00023365020751953125,PASS,6,Rain should not significantly affect prediction,Consistent
RainRelation,1.0,-1.634774088859558,-1.6349472999572754,0.00017321109771728516,0.010595408438607885,True,0.00017321109771728516,PASS,6,Rain should not significantly affect prediction,Consistent
SnowRelation,0.0,-1.634774088859558,-1.634774088859558,0.0,0.0,True,0.0,PASS,6,Snow should not significantly affect prediction,Consistent
SnowRelation,0.25,-1.634774088859558,-1.634554147720337,0.0002199411392211914,0.013453908168776013,True,0.0002199411392211914,PASS,6,Snow should not significantly affect prediction,Consistent
SnowRelation,0.5,-1.634774088859558,-1.6335527896881104,0.001221299171447754,0.07470747381523592,True,0.001221299171447754,PASS,6,Snow should not significantly affect prediction,Consistent
SnowRelation,0.75,-1.634774088859558,-1.6336065530776978,0.0011675357818603516,0.07141874070731288,True,0.0011675357818603516,PASS,6,Snow should not significantly affect prediction,Consistent
SnowRelation,1.0,-1.634774088859558,-1.63320791721344,0.001566171646118164,0.09580349350752262,True,0.001566171646118164,PASS,6,Snow should not significantly affect prediction,Consistent
FogRelation,0.0,-1.634774088859558,-1.634774088859558,0.0,0.0,True,0.0,PASS,6,Fog should not significantly affect prediction,Consistent
FogRelation,0.25,-1.634774088859558,-1.6330972909927368,0.001676797866821289,0.10257055409322677,True,0.001676797866821289,PASS,6,Fog should not significantly affect prediction,Consistent
FogRelation,0.5,-1.634774088859558,-1.631422758102417,0.0033513307571411133,0.2050025584546342,True,0.0033513307571411133,PASS,6,Fog should not significantly affect prediction,Consistent
FogRelation,0.75,-1.634774088859558,-1.6297492980957031,0.0050247907638549805,0.3073689339957061,True,0.0050247907638549805,PASS,6,Fog should not significantly affect prediction,Consistent
FogRelation,1.0,-1.634774088859558,-1.6280711889266968,0.006702899932861328,0.4100197010915651,True,0.006702899932861328,PASS,6,Fog should not significantly affect prediction,Consistent
TemporalSmoothnessRelation,0.0,-1.6304875612258911,-1.6305943727493286,0.0001068115234375,0.0,True,0.0001068115234375,PASS,6,Predictions should change smoothly across consecutive frames,Consistent
TemporalSmoothnessRelation,25.0,-1.6301090717315674,-1.6323829889297485,0.0022739171981811523,0.0,True,0.0022739171981811523,PASS,6,Predictions should change smoothly across consecutive frames,Consistent
TemporalSmoothnessRelation,50.0,-1.637676477432251,-1.6349196434020996,0.002756834030151367,0.0,True,0.002756834030151367,PASS,6,Predictions should change smoothly across consecutive frames,Consistent
TemporalSmoothnessRelation,75.0,-1.6374915838241577,-1.6324806213378906,0.00501096248626709,0.0,True,0.00501096248626709,PASS,6,Predictions should change smoothly across consecutive frames,Consistent
TemporalSmoothnessRelation,100.0,-1.632336974143982,-1.63276207447052,0.00042510032653808594,0.0,True,0.00042510032653808594,PASS,6,Predictions should change smoothly across consecutive frames,Consistent
BrightnessRelation,0.2,-1.6333335638046265,-1.6353371143341064,0.0020035505294799805,0.12266626653715006,True,0.0020035505294799805,PASS,7,Output should remain approximately same under brightness change,Consistent
BrightnessRelation,0.7749999999999999,-1.6333335638046265,-1.6339093446731567,0.0005757808685302734,0.03525186335303355,True,0.0005757808685302734,PASS,7,Output should remain approximately same under brightness change,Consistent
BrightnessRelation,1.3499999999999999,-1.6333335638046265,-1.6324175596237183,0.0009160041809082031,0.05608184637778671,True,0.0009160041809082031,PASS,7,Output should remain approximately same under brightness change,Consistent
BrightnessRelation,1.9249999999999998,-1.6333335638046265,-1.6310577392578125,0.002275824546813965,0.13933609177489925,True,0.002275824546813965,PASS,7,Output should remain approximately same under brightness change,Consistent
BrightnessRelation,2.5,-1.6333335638046265,-1.6298891305923462,0.0034444332122802734,0.21088350718893403,True,0.0034444332122802734,PASS,7,Output should remain approximately same under brightness change,Consistent
RotationRelation,-25.0,-1.6333335638046265,-1.6354223489761353,0.002088785171508789,0.12788471007698837,True,0.002088785171508789,PASS,7,Small rotation should not significantly change output,Consistent
RotationRelation,-12.5,-1.6333335638046265,-1.6346346139907837,0.0013010501861572266,0.0796560738374758,True,0.0013010501861572266,PASS,7,Small rotation should not significantly change output,Consistent
RotationRelation,0.0,-1.6333335638046265,-1.6333335638046265,0.0,0.0,True,0.0,PASS,7,Small rotation should not significantly change output,Consistent
RotationRelation,12.5,-1.6333335638046265,-1.6287670135498047,0.004566550254821777,0.2795844988539661,True,0.004566550254821777,PASS,7,Small rotation should not significantly change output,Consistent
RotationRelation,25.0,-1.6333335638046265,-1.6275829076766968,0.0057506561279296875,0.35208072218433506,True,0.0057506561279296875,PASS,7,Small rotation should not significantly change output,Consistent
TranslationRelation,0.0,-1.6333335638046265,-1.6333335638046265,0.0,0.0,True,0.0,PASS,7,Small translation should preserve prediction consistency,Consistent
TranslationRelation,10.0,-1.6333335638046265,-1.6340389251708984,0.0007053613662719727,0.04318535723807443,True,0.0007053613662719727,PASS,7,Small translation should preserve prediction consistency,Consistent
TranslationRelation,20.0,-1.6333335638046265,-1.633888602256775,0.0005550384521484375,0.033981920449632344,True,0.0005550384521484375,PASS,7,Small translation should preserve prediction consistency,Consistent
TranslationRelation,30.0,-1.6333335638046265,-1.633322834968567,1.0728836059570312e-05,0.0006568670190006251,True,1.0728836059570312e-05,PASS,7,Small translation should preserve prediction consistency,Consistent
TranslationRelation,40.0,-1.6333335638046265,-1.6322135925292969,0.0011199712753295898,0.06856961826123192,True,0.0011199712753295898,PASS,7,Small translation should preserve prediction consistency,Consistent
NoiseRelation,0.0,-1.6333335638046265,-1.6333335638046265,0.0,0.0,True,0.0,PASS,7,Noise should not significantly affect prediction,Consistent
NoiseRelation,25.0,-1.6333335638046265,-1.6332993507385254,3.421306610107422e-05,0.00209467593836866,True,3.421306610107422e-05,PASS,7,Noise should not significantly affect prediction,Consistent
NoiseRelation,50.0,-1.6333335638046265,-1.6333376169204712,4.0531158447265625e-06,0.00024814976273356947,True,4.0531158447265625e-06,PASS,7,Noise should not significantly affect prediction,Consistent
NoiseRelation,75.0,-1.6333335638046265,-1.633296251296997,3.731250762939453e-05,0.002284437521635507,True,3.731250762939453e-05,PASS,7,Noise should not significantly affect prediction,Consistent
NoiseRelation,100.0,-1.6333335638046265,-1.6331448554992676,0.00018870830535888672,0.01155356101197766,True,0.00018870830535888672,PASS,7,Noise should not significantly affect prediction,Consistent
BlurRelation,1.0,-1.6333335638046265,-1.6333335638046265,0.0,0.0,True,0.0,PASS,7,Blur should not significantly change output,Consistent
BlurRelation,4.5,-1.6333335638046265,-1.6333345174789429,9.5367431640625e-07,5.838817946672223e-05,True,9.5367431640625e-07,PASS,7,Blur should not significantly change output,Consistent
BlurRelation,8.0,-1.6333335638046265,-1.633307933807373,2.562999725341797e-05,0.0015691823231681601,True,2.562999725341797e-05,PASS,7,Blur should not significantly change output,Consistent
BlurRelation,11.5,-1.6333335638046265,-1.6332911252975464,4.2438507080078125e-05,0.002598273986269139,True,4.2438507080078125e-05,PASS,7,Blur should not significantly change output,Consistent
BlurRelation,15.0,-1.6333335638046265,-1.6332452297210693,8.83340835571289e-05,0.005408205123105147,True,8.83340835571289e-05,PASS,7,Blur should not significantly change output,Consistent
ContrastRelation,0.2,-1.6333335638046265,-1.6353371143341064,0.0020035505294799805,0.12266626653715006,True,0.0020035505294799805,PASS,7,Contrast change should not significantly affect output,Consistent
ContrastRelation,0.8999999999999999,-1.6333335638046265,-1.63359797000885,0.0002644062042236328,0.01618812275714874,True,0.0002644062042236328,PASS,7,Contrast change should not significantly affect output,Consistent
ContrastRelation,1.5999999999999999,-1.6333335638046265,-1.6317822933197021,0.0015512704849243164,0.09497567242505706,True,0.0015512704849243164,PASS,7,Contrast change should not significantly affect output,Consistent
ContrastRelation,2.3,-1.6333335638046265,-1.6302930116653442,0.0030405521392822266,0.18615611318477715,True,0.0030405521392822266,PASS,7,Contrast change should not significantly affect output,Consistent
ContrastRelation,3.0,-1.6333335638046265,-1.6288533210754395,0.004480242729187012,0.2743003686122277,True,0.004480242729187012,PASS,7,Contrast change should not significantly affect output,Consistent
WeatherRelation,0.0,-1.6333335638046265,-1.6333335638046265,0.0,0.0,True,0.0,PASS,7,Weather changes should not significantly affect output,Consistent
WeatherRelation,0.25,-1.6333335638046265,-1.632021188735962,0.0013123750686645508,0.08034943346864314,True,0.0013123750686645508,PASS,7,Weather changes should not significantly affect output,Consistent
WeatherRelation,0.5,-1.6333335638046265,-1.6307042837142944,0.0026292800903320312,0.1609762107897532,True,0.0026292800903320312,PASS,7,Weather changes should not significantly affect output,Consistent
WeatherRelation,0.75,-1.6333335638046265,-1.629391074180603,0.0039424896240234375,0.2413767339154297,True,0.0039424896240234375,PASS,7,Weather changes should not significantly affect output,Consistent
WeatherRelation,1.0,-1.6333335638046265,-1.6280711889266968,0.0052623748779296875,0.3221859742973733,True,0.0052623748779296875,PASS,7,Weather changes should not significantly affect output,Consistent
LessSensitiveRelation,0.1,-1.6333335638046265,-1.6328085660934448,0.0005249977111816406,0.03214269279643059,True,0.0005249977111816406,PASS,7,Output should not change drastically under degradation,Consistent
LessSensitiveRelation,0.325,-1.6333335638046265,-1.6316258907318115,0.0017076730728149414,0.1045513338575995,True,0.0017076730728149414,PASS,7,Output should not change drastically under degradation,Consistent
LessSensitiveRelation,0.55,-1.6333335638046265,-1.6304430961608887,0.002890467643737793,0.17696727344120175,True,0.002890467643737793,PASS,7,Output should not change drastically under degradation,Consistent
LessSensitiveRelation,0.775,-1.6333335638046265,-1.6292617321014404,0.004071831703186035,0.2492956307556039,True,0.004071831703186035,PASS,7,Output should not change drastically under degradation,Consistent
LessSensitiveRelation,1.0,-1.6333335638046265,-1.6280711889266968,0.0052623748779296875,0.3221859742973733,True,0.0052623748779296875,PASS,7,Output should not change drastically under degradation,Consistent
LessSensitiveRelation,0.1,-1.6333335638046265,-1.6355915069580078,0.0022579431533813477,0.13824131340989823,True,0.0022579431533813477,PASS,7,Output should not change drastically under degradation,Consistent
LessSensitiveRelation,0.325,-1.6333335638046265,-1.6350315809249878,0.0016980171203613281,0.10396015354049892,True,0.0016980171203613281,PASS,7,Output should not change drastically under degradation,Consistent
LessSensitiveRelation,0.55,-1.6333335638046265,-1.6344701051712036,0.0011365413665771484,0.06958411287946623,True,0.0011365413665771484,PASS,7,Output should not change drastically under degradation,Consistent
LessSensitiveRelation,0.775,-1.6333335638046265,-1.6339093446731567,0.0005757808685302734,0.03525186335303355,True,0.0005757808685302734,PASS,7,Output should not change drastically under degradation,Consistent
LessSensitiveRelation,1.0,-1.6333335638046265,-1.6333335638046265,0.0,0.0,True,0.0,PASS,7,Output should not change drastically under degradation,Consistent
RainRelation,0.0,-1.6333335638046265,-1.6338318586349487,0.0004982948303222656,0.030507823771362366,True,0.0004982948303222656,PASS,7,Rain should not significantly affect prediction,Consistent
RainRelation,0.25,-1.6333335638046265,-1.633848786354065,0.0005152225494384766,0.03154421395689669,True,0.0005152225494384766,PASS,7,Rain should not significantly affect prediction,Consistent
RainRelation,0.5,-1.6333335638046265,-1.6338768005371094,0.0005432367324829102,0.03325936672873165,True,0.0005432367324829102,PASS,7,Rain should not significantly affect prediction,Consistent
RainRelation,0.75,-1.6333335638046265,-1.6337324380874634,0.00039887428283691406,0.024420856061956573,True,0.00039887428283691406,PASS,7,Rain should not significantly affect prediction,Consistent
RainRelation,1.0,-1.6333335638046265,-1.633744239807129,0.0004106760025024414,0.02514340978285726,True,0.0004106760025024414,PASS,7,Rain should not significantly affect prediction,Consistent
SnowRelation,0.0,-1.6333335638046265,-1.6333335638046265,0.0,0.0,True,0.0,PASS,7,Snow should not significantly affect prediction,Consistent
SnowRelation,0.25,-1.6333335638046265,-1.6332671642303467,6.639957427978516e-05,0.004065276995370536,True,6.639957427978516e-05,PASS,7,Snow should not significantly affect prediction,Consistent
SnowRelation,0.5,-1.6333335638046265,-1.6330256462097168,0.00030791759490966797,0.01885208344531794,True,0.00030791759490966797,PASS,7,Snow should not significantly affect prediction,Consistent
SnowRelation,0.75,-1.6333335638046265,-1.6329461336135864,0.00038743019104003906,0.02372019790835591,True,0.00038743019104003906,PASS,7,Snow should not significantly affect prediction,Consistent
SnowRelation,1.0,-1.6333335638046265,-1.6321481466293335,0.0011854171752929688,0.07257650707713574,True,0.0011854171752929688,PASS,7,Snow should not significantly affect prediction,Consistent
FogRelation,0.0,-1.6333335638046265,-1.6333335638046265,0.0,0.0,True,0.0,PASS,7,Fog should not significantly affect prediction,Consistent
FogRelation,0.25,-1.6333335638046265,-1.632021188735962,0.0013123750686645508,0.08034943346864314,True,0.0013123750686645508,PASS,7,Fog should not significantly affect prediction,Consistent
FogRelation,0.5,-1.6333335638046265,-1.6307042837142944,0.0026292800903320312,0.1609762107897532,True,0.0026292800903320312,PASS,7,Fog should not significantly affect prediction,Consistent
FogRelation,0.75,-1.6333335638046265,-1.629391074180603,0.0039424896240234375,0.2413767339154297,True,0.0039424896240234375,PASS,7,Fog should not significantly affect prediction,Consistent
FogRelation,1.0,-1.6333335638046265,-1.6280711889266968,0.0052623748779296875,0.3221859742973733,True,0.0052623748779296875,PASS,7,Fog should not significantly affect prediction,Consistent
TemporalSmoothnessRelation,0.0,-1.6304875612258911,-1.6305943727493286,0.0001068115234375,0.0,True,0.0001068115234375,PASS,7,Predictions should change smoothly across consecutive frames,Consistent
TemporalSmoothnessRelation,25.0,-1.6301090717315674,-1.6323829889297485,0.0022739171981811523,0.0,True,0.0022739171981811523,PASS,7,Predictions should change smoothly across consecutive frames,Consistent
TemporalSmoothnessRelation,50.0,-1.637676477432251,-1.6349196434020996,0.002756834030151367,0.0,True,0.002756834030151367,PASS,7,Predictions should change smoothly across consecutive frames,Consistent
TemporalSmoothnessRelation,75.0,-1.6374915838241577,-1.6324806213378906,0.00501096248626709,0.0,True,0.00501096248626709,PASS,7,Predictions should change smoothly across consecutive frames,Consistent
TemporalSmoothnessRelation,100.0,-1.632336974143982,-1.63276207447052,0.00042510032653808594,0.0,True,0.00042510032653808594,PASS,7,Predictions should change smoothly across consecutive frames,Consistent
BrightnessRelation,0.2,-1.632733941078186,-1.6352221965789795,0.002488255500793457,0.15239800644863538,True,0.002488255500793457,PASS,8,Output should remain approximately same under brightness change,Consistent
BrightnessRelation,0.7749999999999999,-1.632733941078186,-1.6334426403045654,0.0007086992263793945,0.043405650761133396,True,0.0007086992263793945,PASS,8,Output should remain approximately same under brightness change,Consistent
BrightnessRelation,1.3499999999999999,-1.632733941078186,-1.6313598155975342,0.0013741254806518555,0.08416096489883679,True,0.0013741254806518555,PASS,8,Output should remain approximately same under brightness change,Consistent
BrightnessRelation,1.9249999999999998,-1.632733941078186,-1.6299453973770142,0.002788543701171875,0.17078973635061942,True,0.002788543701171875,PASS,8,Output should remain approximately same under brightness change,Consistent
BrightnessRelation,2.5,-1.632733941078186,-1.630089282989502,0.002644658088684082,0.16197718454764415,True,0.002644658088684082,PASS,8,Output should remain approximately same under brightness change,Consistent
RotationRelation,-25.0,-1.632733941078186,-1.6355395317077637,0.0028055906295776367,0.1718338083537888,True,0.0028055906295776367,PASS,8,Small rotation should not significantly change output,Consistent
RotationRelation,-12.5,-1.632733941078186,-1.6351474523544312,0.002413511276245117,0.14782015228089262,True,0.002413511276245117,PASS,8,Small rotation should not significantly change output,Consistent
RotationRelation,0.0,-1.632733941078186,-1.632733941078186,0.0,0.0,True,0.0,PASS,8,Small rotation should not significantly change output,Consistent
RotationRelation,12.5,-1.632733941078186,-1.6352378129959106,0.0025038719177246094,0.1533544640179724,True,0.0025038719177246094,PASS,8,Small rotation should not significantly change output,Consistent
RotationRelation,25.0,-1.632733941078186,-1.633678913116455,0.000944972038269043,0.05787663474911765,True,0.000944972038269043,PASS,8,Small rotation should not significantly change output,Consistent
TranslationRelation,0.0,-1.632733941078186,-1.632733941078186,0.0,0.0,True,0.0,PASS,8,Small translation should preserve prediction consistency,Consistent
TranslationRelation,10.0,-1.632733941078186,-1.631468653678894,0.0012652873992919922,0.07749496672475524,True,0.0012652873992919922,PASS,8,Small translation should preserve prediction consistency,Consistent
TranslationRelation,20.0,-1.632733941078186,-1.6305533647537231,0.0021805763244628906,0.13355360197185062,True,0.0021805763244628906,PASS,8,Small translation should preserve prediction consistency,Consistent
TranslationRelation,30.0,-1.632733941078186,-1.6297974586486816,0.0029364824295043945,0.17985052904945315,True,0.0029364824295043945,PASS,8,Small translation should preserve prediction consistency,Consistent
TranslationRelation,40.0,-1.632733941078186,-1.6283245086669922,0.004409432411193848,0.2700641910855447,True,0.004409432411193848,PASS,8,Small translation should preserve prediction consistency,Consistent
NoiseRelation,0.0,-1.632733941078186,-1.632733941078186,0.0,0.0,True,0.0,PASS,8,Noise should not significantly affect prediction,Consistent
NoiseRelation,25.0,-1.632733941078186,-1.632703423500061,3.0517578125e-05,0.001869107921757805,True,3.0517578125e-05,PASS,8,Noise should not significantly affect prediction,Consistent
NoiseRelation,50.0,-1.632733941078186,-1.6329394578933716,0.00020551681518554688,0.012587273660587716,True,0.00020551681518554688,PASS,8,Noise should not significantly affect prediction,Consistent
NoiseRelation,75.0,-1.632733941078186,-1.6326435804367065,9.036064147949219e-05,0.005534311737079751,True,9.036064147949219e-05,PASS,8,Noise should not significantly affect prediction,Consistent
NoiseRelation,100.0,-1.632733941078186,-1.6328508853912354,0.0001169443130493164,0.007162479965798462,True,0.0001169443130493164,PASS,8,Noise should not significantly affect prediction,Consistent
BlurRelation,1.0,-1.632733941078186,-1.632733941078186,0.0,0.0,True,0.0,PASS,8,Blur should not significantly change output,Consistent
BlurRelation,4.5,-1.632733941078186,-1.6326868534088135,4.7087669372558594e-05,0.0028839751136497376,True,4.7087669372558594e-05,PASS,8,Blur should not significantly change output,Consistent
BlurRelation,8.0,-1.632733941078186,-1.6327111721038818,2.276897430419922e-05,0.001394529738498987,True,2.276897430419922e-05,PASS,8,Blur should not significantly change output,Consistent
BlurRelation,11.5,-1.632733941078186,-1.6327295303344727,4.410743713378906e-06,0.00027014450431655775,True,4.410743713378906e-06,PASS,8,Blur should not significantly change output,Consistent
BlurRelation,15.0,-1.632733941078186,-1.6327786445617676,4.470348358154297e-05,0.0027379510572624094,True,4.470348358154297e-05,PASS,8,Blur should not significantly change output,Consistent
ContrastRelation,0.2,-1.632733941078186,-1.6352221965789795,0.002488255500793457,0.15239800644863538,True,0.002488255500793457,PASS,8,Contrast change should not significantly affect output,Consistent
ContrastRelation,0.8999999999999999,-1.632733941078186,-1.633056402206421,0.0003224611282348633,0.01974975362638618,True,0.0003224611282348633,PASS,8,Contrast change should not significantly affect output,Consistent
ContrastRelation,1.5999999999999999,-1.632733941078186,-1.6304216384887695,0.002312302589416504,0.14162143108725056,True,0.002312302589416504,PASS,8,Contrast change should not significantly affect output,Consistent
ContrastRelation,2.3,-1.632733941078186,-1.6301268339157104,0.002607107162475586,0.15967730565954372,True,0.002607107162475586,PASS,8,Contrast change should not significantly affect output,Consistent
ContrastRelation,3.0,-1.632733941078186,-1.6294194459915161,0.003314495086669922,0.20300264318966407,True,0.003314495086669922,PASS,8,Contrast change should not significantly affect output,Consistent
WeatherRelation,0.0,-1.632733941078186,-1.632733941078186,0.0,0.0,True,0.0,PASS,8,Weather changes should not significantly affect output,Consistent
WeatherRelation,0.25,-1.632733941078186,-1.6315686702728271,0.0011652708053588867,0.0713692575593068,True,0.0011652708053588867,PASS,8,Weather changes should not significantly affect output,Consistent
WeatherRelation,0.5,-1.632733941078186,-1.6304042339324951,0.002329707145690918,0.14268740669887806,True,0.002329707145690918,PASS,8,Weather changes should not significantly affect output,Consistent
WeatherRelation,0.75,-1.632733941078186,-1.6292380094528198,0.003495931625366211,0.21411507388073978,True,0.003495931625366211,PASS,8,Weather changes should not significantly affect output,Consistent
WeatherRelation,1.0,-1.632733941078186,-1.6280711889266968,0.004662752151489258,0.28557924707669835,True,0.004662752151489258,PASS,8,Weather changes should not significantly affect output,Consistent
LessSensitiveRelation,0.1,-1.632733941078186,-1.632270336151123,0.0004636049270629883,0.02839437776451603,True,0.0004636049270629883,PASS,8,Output should not change drastically under degradation,Consistent
LessSensitiveRelation,0.325,-1.632733941078186,-1.6312189102172852,0.001515030860900879,0.09279098663132788,True,0.001515030860900879,PASS,8,Output should not change drastically under degradation,Consistent
LessSensitiveRelation,0.55,-1.632733941078186,-1.6301701068878174,0.0025638341903686523,0.15702696903611368,True,0.0025638341903686523,PASS,8,Output should not change drastically under degradation,Consistent
LessSensitiveRelation,0.775,-1.632733941078186,-1.6291215419769287,0.0036123991012573242,0.22124834903526078,True,0.0036123991012573242,PASS,8,Output should not change drastically under degradation,Consistent
LessSensitiveRelation,1.0,-1.632733941078186,-1.6280711889266968,0.004662752151489258,0.28557924707669835,True,0.004662752151489258,PASS,8,Output should not change drastically under degradation,Consistent
LessSensitiveRelation,0.1,-1.632733941078186,-1.6355289220809937,0.002794981002807617,0.1711840013028652,True,0.002794981002807617,PASS,8,Output should not change drastically under degradation,Consistent
LessSensitiveRelation,0.325,-1.632733941078186,-1.6348387002944946,0.0021047592163085938,0.1289100369787336,True,0.0021047592163085938,PASS,8,Output should not change drastically under degradation,Consistent
LessSensitiveRelation,0.55,-1.632733941078186,-1.634138822555542,0.001404881477355957,0.08604467522623332,True,0.001404881477355957,PASS,8,Output should not change drastically under degradation,Consistent
LessSensitiveRelation,0.775,-1.632733941078186,-1.6334426403045654,0.0007086992263793945,0.043405650761133396,True,0.0007086992263793945,PASS,8,Output should not change drastically under degradation,Consistent
LessSensitiveRelation,1.0,-1.632733941078186,-1.632733941078186,0.0,0.0,True,0.0,PASS,8,Output should not change drastically under degradation,Consistent
RainRelation,0.0,-1.632733941078186,-1.633353590965271,0.0006196498870849609,0.03795165225506668,True,0.0006196498870849609,PASS,8,Rain should not significantly affect prediction,Consistent
RainRelation,0.25,-1.632733941078186,-1.6333314180374146,0.0005974769592285156,0.03659362853066452,True,0.0005974769592285156,PASS,8,Rain should not significantly affect prediction,Consistent
RainRelation,0.5,-1.632733941078186,-1.6332871913909912,0.0005532503128051758,0.03388488228467958,True,0.0005532503128051758,PASS,8,Rain should not significantly affect prediction,Consistent
RainRelation,0.75,-1.632733941078186,-1.633337378501892,0.0006034374237060547,0.03695868867163284,True,0.0006034374237060547,PASS,8,Rain should not significantly affect prediction,Consistent
RainRelation,1.0,-1.632733941078186,-1.633360743522644,0.0006268024444580078,0.03838972442422866,True,0.0006268024444580078,PASS,8,Rain should not significantly affect prediction,Consistent
SnowRelation,0.0,-1.632733941078186,-1.632733941078186,0.0,0.0,True,0.0,PASS,8,Snow should not significantly affect prediction,Consistent
SnowRelation,0.25,-1.632733941078186,-1.632436752319336,0.00029718875885009766,0.018201898628680498,True,0.00029718875885009766,PASS,8,Snow should not significantly affect prediction,Consistent
SnowRelation,0.5,-1.632733941078186,-1.6323150396347046,0.0004189014434814453,0.025656426707253616,True,0.0004189014434814453,PASS,8,Snow should not significantly affect prediction,Consistent
SnowRelation,0.75,-1.632733941078186,-1.6324961185455322,0.0002378225326538086,0.014565899624636018,True,0.0002378225326538086,PASS,8,Snow should not significantly affect prediction,Consistent
SnowRelation,1.0,-1.632733941078186,-1.6322228908538818,0.0005110502243041992,0.031300256486623865,True,0.0005110502243041992,PASS,8,Snow should not significantly affect prediction,Consistent
FogRelation,0.0,-1.632733941078186,-1.632733941078186,0.0,0.0,True,0.0,PASS,8,Fog should not significantly affect prediction,Consistent
FogRelation,0.25,-1.632733941078186,-1.6315686702728271,0.0011652708053588867,0.0713692575593068,True,0.0011652708053588867,PASS,8,Fog should not significantly affect prediction,Consistent
FogRelation,0.5,-1.632733941078186,-1.6304042339324951,0.002329707145690918,0.14268740669887806,True,0.002329707145690918,PASS,8,Fog should not significantly affect prediction,Consistent
FogRelation,0.75,-1.632733941078186,-1.6292380094528198,0.003495931625366211,0.21411507388073978,True,0.003495931625366211,PASS,8,Fog should not significantly affect prediction,Consistent
FogRelation,1.0,-1.632733941078186,-1.6280711889266968,0.004662752151489258,0.28557924707669835,True,0.004662752151489258,PASS,8,Fog should not significantly affect prediction,Consistent
TemporalSmoothnessRelation,0.0,-1.6304875612258911,-1.6305943727493286,0.0001068115234375,0.0,True,0.0001068115234375,PASS,8,Predictions should change smoothly across consecutive frames,Consistent
TemporalSmoothnessRelation,25.0,-1.6301090717315674,-1.6323829889297485,0.0022739171981811523,0.0,True,0.0022739171981811523,PASS,8,Predictions should change smoothly across consecutive frames,Consistent
TemporalSmoothnessRelation,50.0,-1.637676477432251,-1.6349196434020996,0.002756834030151367,0.0,True,0.002756834030151367,PASS,8,Predictions should change smoothly across consecutive frames,Consistent
TemporalSmoothnessRelation,75.0,-1.6374915838241577,-1.6324806213378906,0.00501096248626709,0.0,True,0.00501096248626709,PASS,8,Predictions should change smoothly across consecutive frames,Consistent
TemporalSmoothnessRelation,100.0,-1.632336974143982,-1.63276207447052,0.00042510032653808594,0.0,True,0.00042510032653808594,PASS,8,Predictions should change smoothly across consecutive frames,Consistent
BrightnessRelation,0.2,-1.6377266645431519,-1.6362202167510986,0.0015064477920532227,0.09198402302579715,True,0.0015064477920532227,PASS,9,Output should remain approximately same under brightness change,Consistent
BrightnessRelation,0.7749999999999999,-1.6377266645431519,-1.6373167037963867,0.0004099607467651367,0.025032290510858306,True,0.0004099607467651367,PASS,9,Output should remain approximately same under brightness change,Consistent
BrightnessRelation,1.3499999999999999,-1.6377266645431519,-1.6371066570281982,0.0006200075149536133,0.037857790912176226,True,0.0006200075149536133,PASS,9,Output should remain approximately same under brightness change,Consistent
BrightnessRelation,1.9249999999999998,-1.6377266645431519,-1.6343257427215576,0.0034009218215942383,0.20766101075436944,True,0.0034009218215942383,PASS,9,Output should remain approximately same under brightness change,Consistent
BrightnessRelation,2.5,-1.6377266645431519,-1.6329808235168457,0.004745841026306152,0.28978206383477173,True,0.004745841026306152,PASS,9,Output should remain approximately same under brightness change,Consistent
RotationRelation,-25.0,-1.6377266645431519,-1.6345088481903076,0.0032178163528442383,0.1964805518347189,True,0.0032178163528442383,PASS,9,Small rotation should not significantly change output,Consistent
RotationRelation,-12.5,-1.6377266645431519,-1.6354787349700928,0.002247929573059082,0.1372590584946947,True,0.002247929573059082,PASS,9,Small rotation should not significantly change output,Consistent
RotationRelation,0.0,-1.6377266645431519,-1.6377266645431519,0.0,0.0,True,0.0,PASS,9,Small rotation should not significantly change output,Consistent
RotationRelation,12.5,-1.6377266645431519,-1.642960786819458,0.005234122276306152,0.31959662095383995,True,0.005234122276306152,PASS,9,Small rotation should not significantly change output,Consistent
RotationRelation,25.0,-1.6377266645431519,-1.6372929811477661,0.0004336833953857422,0.02648080048807866,True,0.0004336833953857422,PASS,9,Small rotation should not significantly change output,Consistent
TranslationRelation,0.0,-1.6377266645431519,-1.6377266645431519,0.0,0.0,True,0.0,PASS,9,Small translation should preserve prediction consistency,Consistent
TranslationRelation,10.0,-1.6377266645431519,-1.6379700899124146,0.0002434253692626953,0.014863604891879226,True,0.0002434253692626953,PASS,9,Small translation should preserve prediction consistency,Consistent
TranslationRelation,20.0,-1.6377266645431519,-1.6383129358291626,0.0005862712860107422,0.03579784958778748,True,0.0005862712860107422,PASS,9,Small translation should preserve prediction consistency,Consistent
TranslationRelation,30.0,-1.6377266645431519,-1.6378636360168457,0.00013697147369384766,0.008363507355910495,True,0.00013697147369384766,PASS,9,Small translation should preserve prediction consistency,Consistent
TranslationRelation,40.0,-1.6377266645431519,-1.6348302364349365,0.002896428108215332,0.17685651716845718,True,0.002896428108215332,PASS,9,Small translation should preserve prediction consistency,Consistent
NoiseRelation,0.0,-1.6377266645431519,-1.6377266645431519,0.0,0.0,True,0.0,PASS,9,Noise should not significantly affect prediction,Consistent
NoiseRelation,25.0,-1.6377266645431519,-1.637660026550293,6.663799285888672e-05,0.004068930036513461,True,6.663799285888672e-05,PASS,9,Noise should not significantly affect prediction,Consistent
NoiseRelation,50.0,-1.6377266645431519,-1.637492060661316,0.0002346038818359375,0.014324962990802308,True,0.0002346038818359375,PASS,9,Noise should not significantly affect prediction,Consistent
NoiseRelation,75.0,-1.6377266645431519,-1.6375188827514648,0.00020778179168701172,0.012687200453744118,True,0.00020778179168701172,PASS,9,Noise should not significantly affect prediction,Consistent
NoiseRelation,100.0,-1.6377266645431519,-1.6367509365081787,0.0009757280349731445,0.059578161625872414,True,0.0009757280349731445,PASS,9,Noise should not significantly affect prediction,Consistent
BlurRelation,1.0,-1.6377266645431519,-1.6377266645431519,0.0,0.0,True,0.0,PASS,9,Blur should not significantly change output,Consistent
BlurRelation,4.5,-1.6377266645431519,-1.6377556324005127,2.8967857360839844e-05,0.001768783540022846,True,2.8967857360839844e-05,PASS,9,Blur should not significantly change output,Consistent
BlurRelation,8.0,-1.6377266645431519,-1.6377745866775513,4.792213439941406e-05,0.0029261357328773012,True,4.792213439941406e-05,PASS,9,Blur should not significantly change output,Consistent
BlurRelation,11.5,-1.6377266645431519,-1.6377897262573242,6.306171417236328e-05,0.0038505616982390353,True,6.306171417236328e-05,PASS,9,Blur should not significantly change output,Consistent
BlurRelation,15.0,-1.6377266645431519,-1.6378363370895386,0.00010967254638671875,0.006696629040415714,True,0.00010967254638671875,PASS,9,Blur should not significantly change output,Consistent
ContrastRelation,0.2,-1.6377266645431519,-1.6362202167510986,0.0015064477920532227,0.09198402302579715,True,0.0015064477920532227,PASS,9,Contrast change should not significantly affect output,Consistent
ContrastRelation,0.8999999999999999,-1.6377266645431519,-1.6375491619110107,0.00017750263214111328,0.01083834852302065,True,0.00017750263214111328,PASS,9,Contrast change should not significantly affect output,Consistent
ContrastRelation,1.5999999999999999,-1.6377266645431519,-1.6359529495239258,0.0017737150192260742,0.10830341683950588,True,0.0017737150192260742,PASS,9,Contrast change should not significantly affect output,Consistent
ContrastRelation,2.3,-1.6377266645431519,-1.6331324577331543,0.004594206809997559,0.2805232462919361,True,0.004594206809997559,PASS,9,Contrast change should not significantly affect output,Consistent
ContrastRelation,3.0,-1.6377266645431519,-1.632453441619873,0.005273222923278809,0.3219841147856404,True,0.005273222923278809,PASS,9,Contrast change should not significantly affect output,Consistent
WeatherRelation,0.0,-1.6377266645431519,-1.6377266645431519,0.0,0.0,True,0.0,PASS,9,Weather changes should not significantly affect output,Consistent
WeatherRelation,0.25,-1.6377266645431519,-1.6353157758712769,0.002410888671875,0.14720937577539936,True,0.002410888671875,PASS,9,Weather changes should not significantly affect output,Consistent
WeatherRelation,0.5,-1.6377266645431519,-1.632900357246399,0.00482630729675293,0.2946953514459463,True,0.00482630729675293,PASS,9,Weather changes should not significantly affect output,Consistent
WeatherRelation,0.75,-1.6377266645431519,-1.6304858922958374,0.007240772247314453,0.4421230955596201,True,0.007240772247314453,PASS,9,Weather changes should not significantly affect output,Consistent
WeatherRelation,1.0,-1.6377266645431519,-1.6280711889266968,0.009655475616455078,0.5895653975625121,True,0.009655475616455078,PASS,9,Weather changes should not significantly affect output,Consistent
LessSensitiveRelation,0.1,-1.6377266645431519,-1.6367602348327637,0.0009664297103881836,0.05901040394635891,True,0.0009664297103881836,PASS,9,Output should not change drastically under degradation,Consistent
LessSensitiveRelation,0.325,-1.6377266645431519,-1.6345924139022827,0.0031342506408691406,0.19137801166370647,True,0.0031342506408691406,PASS,9,Output should not change drastically under degradation,Consistent
LessSensitiveRelation,0.55,-1.6377266645431519,-1.6324197053909302,0.00530695915222168,0.3240440561100291,True,0.00530695915222168,PASS,9,Output should not change drastically under degradation,Consistent
LessSensitiveRelation,0.775,-1.6377266645431519,-1.630246639251709,0.007480025291442871,0.45673193739017914,True,0.007480025291442871,PASS,9,Output should not change drastically under degradation,Consistent
LessSensitiveRelation,1.0,-1.6377266645431519,-1.6280711889266968,0.009655475616455078,0.5895653975625121,True,0.009655475616455078,PASS,9,Output should not change drastically under degradation,Consistent
LessSensitiveRelation,0.1,-1.6377266645431519,-1.6360304355621338,0.0016962289810180664,0.10357210284355998,True,0.0016962289810180664,PASS,9,Output should not change drastically under degradation,Consistent
LessSensitiveRelation,0.325,-1.6377266645431519,-1.6364619731903076,0.0012646913528442383,0.07722232335844599,True,0.0012646913528442383,PASS,9,Output should not change drastically under degradation,Consistent
LessSensitiveRelation,0.55,-1.6377266645431519,-1.636889100074768,0.0008375644683837891,0.05114186482387044,True,0.0008375644683837891,PASS,9,Output should not change drastically under degradation,Consistent
LessSensitiveRelation,0.775,-1.6377266645431519,-1.6373167037963867,0.0004099607467651367,0.025032290510858306,True,0.0004099607467651367,PASS,9,Output should not change drastically under degradation,Consistent
LessSensitiveRelation,1.0,-1.6377266645431519,-1.6377266645431519,0.0,0.0,True,0.0,PASS,9,Output should not change drastically under degradation,Consistent
RainRelation,0.0,-1.6377266645431519,-1.6373493671417236,0.00037729740142822266,0.023037859687951887,True,0.00037729740142822266,PASS,9,Rain should not significantly affect prediction,Consistent
RainRelation,0.25,-1.6377266645431519,-1.6373438835144043,0.0003827810287475586,0.023372691139972673,True,0.0003827810287475586,PASS,9,Rain should not significantly affect prediction,Consistent
RainRelation,0.5,-1.6377266645431519,-1.6373436450958252,0.00038301944732666016,0.023387249029190968,True,0.00038301944732666016,PASS,9,Rain should not significantly affect prediction,Consistent
RainRelation,0.75,-1.6377266645431519,-1.637351155281067,0.00037550926208496094,0.022928675518814674,True,0.00037550926208496094,PASS,9,Rain should not significantly affect prediction,Consistent
RainRelation,1.0,-1.6377266645431519,-1.637368083000183,0.00035858154296875,0.021895065384315727,True,0.00035858154296875,PASS,9,Rain should not significantly affect prediction,Consistent
SnowRelation,0.0,-1.6377266645431519,-1.6377266645431519,0.0,0.0,True,0.0,PASS,9,Snow should not significantly affect prediction,Consistent
SnowRelation,0.25,-1.6377266645431519,-1.636601448059082,0.0011252164840698242,0.0687059581657434,True,0.0011252164840698242,PASS,9,Snow should not significantly affect prediction,Consistent
SnowRelation,0.5,-1.6377266645431519,-1.6352146863937378,0.0025119781494140625,0.15338192080395643,True,0.0025119781494140625,PASS,9,Snow should not significantly affect prediction,Consistent
SnowRelation,0.75,-1.6377266645431519,-1.634325385093689,0.0034012794494628906,0.2076828475881969,True,0.0034012794494628906,PASS,9,Snow should not significantly affect prediction,Consistent
SnowRelation,1.0,-1.6377266645431519,-1.6343343257904053,0.003392338752746582,0.20713692674251086,True,0.003392338752746582,PASS,9,Snow should not significantly affect prediction,Consistent
FogRelation,0.0,-1.6377266645431519,-1.6377266645431519,0.0,0.0,True,0.0,PASS,9,Fog should not significantly affect prediction,Consistent
FogRelation,0.25,-1.6377266645431519,-1.6353157758712769,0.002410888671875,0.14720937577539936,True,0.002410888671875,PASS,9,Fog should not significantly affect prediction,Consistent
FogRelation,0.5,-1.6377266645431519,-1.632900357246399,0.00482630729675293,0.2946953514459463,True,0.00482630729675293,PASS,9,Fog should not significantly affect prediction,Consistent
FogRelation,0.75,-1.6377266645431519,-1.6304858922958374,0.007240772247314453,0.4421230955596201,True,0.007240772247314453,PASS,9,Fog should not significantly affect prediction,Consistent
FogRelation,1.0,-1.6377266645431519,-1.6280711889266968,0.009655475616455078,0.5895653975625121,True,0.009655475616455078,PASS,9,Fog should not significantly affect prediction,Consistent
TemporalSmoothnessRelation,0.0,-1.6304875612258911,-1.6305943727493286,0.0001068115234375,0.0,True,0.0001068115234375,PASS,9,Predictions should change smoothly across consecutive frames,Consistent
TemporalSmoothnessRelation,25.0,-1.6301090717315674,-1.6323829889297485,0.0022739171981811523,0.0,True,0.0022739171981811523,PASS,9,Predictions should change smoothly across consecutive frames,Consistent
TemporalSmoothnessRelation,50.0,-1.637676477432251,-1.6349196434020996,0.002756834030151367,0.0,True,0.002756834030151367,PASS,9,Predictions should change smoothly across consecutive frames,Consistent
TemporalSmoothnessRelation,75.0,-1.6374915838241577,-1.6324806213378906,0.00501096248626709,0.0,True,0.00501096248626709,PASS,9,Predictions should change smoothly across consecutive frames,Consistent
TemporalSmoothnessRelation,100.0,-1.632336974143982,-1.63276207447052,0.00042510032653808594,0.0,True,0.00042510032653808594,PASS,9,Predictions should change smoothly across consecutive frames,Consistent
BrightnessRelation,0.2,-1.6318368911743164,-1.6350417137145996,0.003204822540283203,0.19639343819727847,True,0.003204822540283203,PASS,10,Output should remain approximately same under brightness change,Consistent
BrightnessRelation,0.7749999999999999,-1.6318368911743164,-1.632752537727356,0.0009156465530395508,0.056111367311162626,True,0.0009156465530395508,PASS,10,Output should remain approximately same under brightness change,Consistent
BrightnessRelation,1.3499999999999999,-1.6318368911743164,-1.6303049325942993,0.0015319585800170898,0.09387933619525463,True,0.0015319585800170898,PASS,10,Output should remain approximately same under brightness change,Consistent
BrightnessRelation,1.9249999999999998,-1.6318368911743164,-1.6278369426727295,0.003999948501586914,0.24511923170925015,True,0.003999948501586914,PASS,10,Output should remain approximately same under brightness change,Consistent
BrightnessRelation,2.5,-1.6318368911743164,-1.627864956855774,0.0039719343185424805,0.24340250585088236,True,0.0039719343185424805,PASS,10,Output should remain approximately same under brightness change,Consistent
RotationRelation,-25.0,-1.6318368911743164,-1.6360890865325928,0.004252195358276367,0.2605770696509791,True,0.004252195358276367,PASS,10,Small rotation should not significantly change output,Consistent
RotationRelation,-12.5,-1.6318368911743164,-1.635809302330017,0.003972411155700684,0.24343172671655672,True,0.003972411155700684,PASS,10,Small rotation should not significantly change output,Consistent
RotationRelation,0.0,-1.6318368911743164,-1.6318368911743164,0.0,0.0,True,0.0,PASS,10,Small rotation should not significantly change output,Consistent
RotationRelation,12.5,-1.6318368911743164,-1.6342524290084839,0.0024155378341674805,0.14802560028981748,True,0.0024155378341674805,PASS,10,Small rotation should not significantly change output,Consistent
RotationRelation,25.0,-1.6318368911743164,-1.6342655420303345,0.0024286508560180664,0.148829174095862,True,0.0024286508560180664,PASS,10,Small rotation should not significantly change output,Consistent
TranslationRelation,0.0,-1.6318368911743164,-1.6318368911743164,0.0,0.0,True,0.0,PASS,10,Small translation should preserve prediction consistency,Consistent
TranslationRelation,10.0,-1.6318368911743164,-1.6314222812652588,0.0004146099090576172,0.02540754270384372,True,0.0004146099090576172,PASS,10,Small translation should preserve prediction consistency,Consistent
TranslationRelation,20.0,-1.6318368911743164,-1.6313399076461792,0.000496983528137207,0.030455447249086963,True,0.000496983528137207,PASS,10,Small translation should preserve prediction consistency,Consistent
TranslationRelation,30.0,-1.6318368911743164,-1.6312479972839355,0.0005888938903808594,0.03608776910781713,True,0.0005888938903808594,PASS,10,Small translation should preserve prediction consistency,Consistent
TranslationRelation,40.0,-1.6318368911743164,-1.6297948360443115,0.002042055130004883,0.1251383572503861,True,0.002042055130004883,PASS,10,Small translation should preserve prediction consistency,Consistent
NoiseRelation,0.0,-1.6318368911743164,-1.6318368911743164,0.0,0.0,True,0.0,PASS,10,Noise should not significantly affect prediction,Consistent
NoiseRelation,25.0,-1.6318368911743164,-1.6319379806518555,0.0001010894775390625,0.006194823522961321,True,0.0001010894775390625,PASS,10,Noise should not significantly affect prediction,Consistent
NoiseRelation,50.0,-1.6318368911743164,-1.6319496631622314,0.00011277198791503906,0.006910734731982794,True,0.00011277198791503906,PASS,10,Noise should not significantly affect prediction,Consistent
NoiseRelation,75.0,-1.6318368911743164,-1.6317328214645386,0.00010406970977783203,0.006377453933425982,True,0.00010406970977783203,PASS,10,Noise should not significantly affect prediction,Consistent
NoiseRelation,100.0,-1.6318368911743164,-1.6316300630569458,0.00020682811737060547,0.01267455048624751,True,0.00020682811737060547,PASS,10,Noise should not significantly affect prediction,Consistent
BlurRelation,1.0,-1.6318368911743164,-1.6318368911743164,0.0,0.0,True,0.0,PASS,10,Blur should not significantly change output,Consistent
BlurRelation,4.5,-1.6318368911743164,-1.6318943500518799,5.745887756347656e-05,0.003521114313758675,True,5.745887756347656e-05,PASS,10,Blur should not significantly change output,Consistent
BlurRelation,8.0,-1.6318368911743164,-1.631943941116333,0.00010704994201660156,0.006560084343890644,True,0.00010704994201660156,PASS,10,Blur should not significantly change output,Consistent
BlurRelation,11.5,-1.6318368911743164,-1.6319634914398193,0.0001266002655029297,0.007758139836538823,True,0.0001266002655029297,PASS,10,Blur should not significantly change output,Consistent
BlurRelation,15.0,-1.6318368911743164,-1.6320158243179321,0.00017893314361572266,0.010965129844298281,True,0.00017893314361572266,PASS,10,Blur should not significantly change output,Consistent
ContrastRelation,0.2,-1.6318368911743164,-1.6350417137145996,0.003204822540283203,0.19639343819727847,True,0.003204822540283203,PASS,10,Contrast change should not significantly affect output,Consistent
ContrastRelation,0.8999999999999999,-1.6318368911743164,-1.6322507858276367,0.0004138946533203125,0.0253637114053322,True,0.0004138946533203125,PASS,10,Contrast change should not significantly affect output,Consistent
ContrastRelation,1.5999999999999999,-1.6318368911743164,-1.6290769577026367,0.0027599334716796875,0.1691303705231138,True,0.0027599334716796875,PASS,10,Contrast change should not significantly affect output,Consistent
ContrastRelation,2.3,-1.6318368911743164,-1.6276861429214478,0.004150748252868652,0.254360330478762,True,0.004150748252868652,PASS,10,Contrast change should not significantly affect output,Consistent
ContrastRelation,3.0,-1.6318368911743164,-1.6281399726867676,0.003696918487548828,0.2265493715732034,True,0.003696918487548828,PASS,10,Contrast change should not significantly affect output,Consistent
WeatherRelation,0.0,-1.6318368911743164,-1.6318368911743164,0.0,0.0,True,0.0,PASS,10,Weather changes should not significantly affect output,Consistent
WeatherRelation,0.25,-1.6318368911743164,-1.630895733833313,0.000941157341003418,0.057674683624740125,True,0.000941157341003418,PASS,10,Weather changes should not significantly affect output,Consistent
WeatherRelation,0.5,-1.6318368911743164,-1.6299552917480469,0.0018815994262695312,0.11530553595096872,True,0.0018815994262695312,PASS,10,Weather changes should not significantly affect output,Consistent
WeatherRelation,0.75,-1.6318368911743164,-1.6290117502212524,0.002825140953063965,0.1731263239040806,True,0.002825140953063965,PASS,10,Weather changes should not significantly affect output,Consistent
WeatherRelation,1.0,-1.6318368911743164,-1.6280711889266968,0.003765702247619629,0.23076448144672776,True,0.003765702247619629,PASS,10,Weather changes should not significantly affect output,Consistent
LessSensitiveRelation,0.1,-1.6318368911743164,-1.6314618587493896,0.0003750324249267578,0.02298221085287301,True,0.0003750324249267578,PASS,10,Output should not change drastically under degradation,Consistent
LessSensitiveRelation,0.325,-1.6318368911743164,-1.6306111812591553,0.0012257099151611328,0.075112235215906,True,0.0012257099151611328,PASS,10,Output should not change drastically under degradation,Consistent
LessSensitiveRelation,0.55,-1.6318368911743164,-1.629764199256897,0.0020726919174194336,0.12701579786996284,True,0.0020726919174194336,PASS,10,Output should not change drastically under degradation,Consistent
LessSensitiveRelation,0.775,-1.6318368911743164,-1.6289207935333252,0.002916097640991211,0.17870020403146206,True,0.002916097640991211,PASS,10,Output should not change drastically under degradation,Consistent
LessSensitiveRelation,1.0,-1.6318368911743164,-1.6280711889266968,0.003765702247619629,0.23076448144672776,True,0.003765702247619629,PASS,10,Output should not change drastically under degradation,Consistent
LessSensitiveRelation,0.1,-1.6318368911743164,-1.6354410648345947,0.0036041736602783203,0.2208659131995431,True,0.0036041736602783203,PASS,10,Output should not change drastically under degradation,Consistent
LessSensitiveRelation,0.325,-1.6318368911743164,-1.6345441341400146,0.002707242965698242,0.16590146486609858,True,0.002707242965698242,PASS,10,Output should not change drastically under degradation,Consistent
LessSensitiveRelation,0.55,-1.6318368911743164,-1.6336475610733032,0.0018106698989868164,0.11095893218190979,True,0.0018106698989868164,PASS,10,Output should not change drastically under degradation,Consistent
LessSensitiveRelation,0.775,-1.6318368911743164,-1.632752537727356,0.0009156465530395508,0.056111367311162626,True,0.0009156465530395508,PASS,10,Output should not change drastically under degradation,Consistent
LessSensitiveRelation,1.0,-1.6318368911743164,-1.6318368911743164,0.0,0.0,True,0.0,PASS,10,Output should not change drastically under degradation,Consistent
RainRelation,0.0,-1.6318368911743164,-1.632637858390808,0.0008009672164916992,0.049083749116482445,True,0.0008009672164916992,PASS,10,Rain should not significantly affect prediction,Consistent
RainRelation,0.25,-1.6318368911743164,-1.6326264142990112,0.0007895231246948242,0.048382448340298145,True,0.0007895231246948242,PASS,10,Rain should not significantly affect prediction,Consistent
RainRelation,0.5,-1.6318368911743164,-1.6326143741607666,0.0007774829864501953,0.04764462148202091,True,0.0007774829864501953,PASS,10,Rain should not significantly affect prediction,Consistent
RainRelation,0.75,-1.6318368911743164,-1.6325888633728027,0.0007519721984863281,0.0460813051684434,True,0.0007519721984863281,PASS,10,Rain should not significantly affect prediction,Consistent
RainRelation,1.0,-1.6318368911743164,-1.6325470209121704,0.0007101297378540039,0.04351717420551956,True,0.0007101297378540039,PASS,10,Rain should not significantly affect prediction,Consistent
SnowRelation,0.0,-1.6318368911743164,-1.6318368911743164,0.0,0.0,True,0.0,PASS,10,Snow should not significantly affect prediction,Consistent
SnowRelation,0.25,-1.6318368911743164,-1.6315193176269531,0.00031757354736328125,0.019461096539114337,True,0.00031757354736328125,PASS,10,Snow should not significantly affect prediction,Consistent
SnowRelation,0.5,-1.6318368911743164,-1.6323624849319458,0.0005255937576293945,0.03220869918954771,True,0.0005255937576293945,PASS,10,Snow should not significantly affect prediction,Consistent
SnowRelation,0.75,-1.6318368911743164,-1.6316111087799072,0.0002257823944091797,0.013836079896802762,True,0.0002257823944091797,PASS,10,Snow should not significantly affect prediction,Consistent
SnowRelation,1.0,-1.6318368911743164,-1.6321526765823364,0.00031578540802001953,0.01935151829283554,True,0.00031578540802001953,PASS,10,Snow should not significantly affect prediction,Consistent
FogRelation,0.0,-1.6318368911743164,-1.6318368911743164,0.0,0.0,True,0.0,PASS,10,Fog should not significantly affect prediction,Consistent
FogRelation,0.25,-1.6318368911743164,-1.630895733833313,0.000941157341003418,0.057674683624740125,True,0.000941157341003418,PASS,10,Fog should not significantly affect prediction,Consistent
FogRelation,0.5,-1.6318368911743164,-1.6299552917480469,0.0018815994262695312,0.11530553595096872,True,0.0018815994262695312,PASS,10,Fog should not significantly affect prediction,Consistent
FogRelation,0.75,-1.6318368911743164,-1.6290117502212524,0.002825140953063965,0.1731263239040806,True,0.002825140953063965,PASS,10,Fog should not significantly affect prediction,Consistent
FogRelation,1.0,-1.6318368911743164,-1.6280711889266968,0.003765702247619629,0.23076448144672776,True,0.003765702247619629,PASS,10,Fog should not significantly affect prediction,Consistent
TemporalSmoothnessRelation,0.0,-1.6304875612258911,-1.6305943727493286,0.0001068115234375,0.0,True,0.0001068115234375,PASS,10,Predictions should change smoothly across consecutive frames,Consistent
TemporalSmoothnessRelation,25.0,-1.6301090717315674,-1.6323829889297485,0.0022739171981811523,0.0,True,0.0022739171981811523,PASS,10,Predictions should change smoothly across consecutive frames,Consistent
TemporalSmoothnessRelation,50.0,-1.637676477432251,-1.6349196434020996,0.002756834030151367,0.0,True,0.002756834030151367,PASS,10,Predictions should change smoothly across consecutive frames,Consistent
TemporalSmoothnessRelation,75.0,-1.6374915838241577,-1.6324806213378906,0.00501096248626709,0.0,True,0.00501096248626709,PASS,10,Predictions should change smoothly across consecutive frames,Consistent
TemporalSmoothnessRelation,100.0,-1.632336974143982,-1.63276207447052,0.00042510032653808594,0.0,True,0.00042510032653808594,PASS,10,Predictions should change smoothly across consecutive frames,Consistent
BrightnessRelation,0.2,-1.633262276649475,-1.635322093963623,0.0020598173141479492,0.1261166735086042,True,0.0020598173141479492,PASS,11,Output should remain approximately same under brightness change,Consistent
BrightnessRelation,0.7749999999999999,-1.633262276649475,-1.6338523626327515,0.0005900859832763672,0.03612926291264487,True,0.0005900859832763672,PASS,11,Output should remain approximately same under brightness change,Consistent
BrightnessRelation,1.3499999999999999,-1.633262276649475,-1.6324872970581055,0.0007749795913696289,0.04744976529194027,True,0.0007749795913696289,PASS,11,Output should remain approximately same under brightness change,Consistent
BrightnessRelation,1.9249999999999998,-1.633262276649475,-1.6322945356369019,0.0009677410125732422,0.059251991176737594,True,0.0009677410125732422,PASS,11,Output should remain approximately same under brightness change,Consistent
BrightnessRelation,2.5,-1.633262276649475,-1.6311185359954834,0.0021437406539916992,0.13125505756729144,True,0.0021437406539916992,PASS,11,Output should remain approximately same under brightness change,Consistent
RotationRelation,-25.0,-1.633262276649475,-1.6370130777359009,0.0037508010864257812,0.2296507329865572,True,0.0037508010864257812,PASS,11,Small rotation should not significantly change output,Consistent
RotationRelation,-12.5,-1.633262276649475,-1.6345441341400146,0.0012818574905395508,0.07848443719185258,True,0.0012818574905395508,PASS,11,Small rotation should not significantly change output,Consistent
RotationRelation,0.0,-1.633262276649475,-1.633262276649475,0.0,0.0,True,0.0,PASS,11,Small rotation should not significantly change output,Consistent
RotationRelation,12.5,-1.633262276649475,-1.6323580741882324,0.0009042024612426758,0.05536170892775987,True,0.0009042024612426758,PASS,11,Small rotation should not significantly change output,Consistent
RotationRelation,25.0,-1.633262276649475,-1.628873586654663,0.004388689994812012,0.26870683113717597,True,0.004388689994812012,PASS,11,Small rotation should not significantly change output,Consistent
TranslationRelation,0.0,-1.633262276649475,-1.633262276649475,0.0,0.0,True,0.0,PASS,11,Small translation should preserve prediction consistency,Consistent
TranslationRelation,10.0,-1.633262276649475,-1.6329076290130615,0.0003546476364135742,0.02171405195254919,True,0.0003546476364135742,PASS,11,Small translation should preserve prediction consistency,Consistent
TranslationRelation,20.0,-1.633262276649475,-1.6319283246994019,0.0013339519500732422,0.08167403070555478,True,0.0013339519500732422,PASS,11,Small translation should preserve prediction consistency,Consistent
TranslationRelation,30.0,-1.633262276649475,-1.6311198472976685,0.0021424293518066406,0.13117477031637448,True,0.0021424293518066406,PASS,11,Small translation should preserve prediction consistency,Consistent
TranslationRelation,40.0,-1.633262276649475,-1.6292632818222046,0.003998994827270508,0.24484691993284544,True,0.003998994827270508,PASS,11,Small translation should preserve prediction consistency,Consistent
NoiseRelation,0.0,-1.633262276649475,-1.633262276649475,0.0,0.0,True,0.0,PASS,11,Noise should not significantly affect prediction,Consistent
NoiseRelation,25.0,-1.633262276649475,-1.633213996887207,4.8279762268066406e-05,0.0029560306019436712,True,4.8279762268066406e-05,PASS,11,Noise should not significantly affect prediction,Consistent
NoiseRelation,50.0,-1.633262276649475,-1.633212924003601,4.935264587402344e-05,0.0030217201708757527,True,4.935264587402344e-05,PASS,11,Noise should not significantly affect prediction,Consistent
NoiseRelation,75.0,-1.633262276649475,-1.6330565214157104,0.00020575523376464844,0.012597799552974758,True,0.00020575523376464844,PASS,11,Noise should not significantly affect prediction,Consistent
NoiseRelation,100.0,-1.633262276649475,-1.6331759691238403,8.630752563476562e-05,0.005284360878536341,True,8.630752563476562e-05,PASS,11,Noise should not significantly affect prediction,Consistent
BlurRelation,1.0,-1.633262276649475,-1.633262276649475,0.0,0.0,True,0.0,PASS,11,Blur should not significantly change output,Consistent
BlurRelation,4.5,-1.633262276649475,-1.6333599090576172,9.763240814208984e-05,0.005977750772819424,True,9.763240814208984e-05,PASS,11,Blur should not significantly change output,Consistent
BlurRelation,8.0,-1.633262276649475,-1.633372187614441,0.00010991096496582031,0.0067295313950421366,True,0.00010991096496582031,PASS,11,Blur should not significantly change output,Consistent
BlurRelation,11.5,-1.633262276649475,-1.6333779096603394,0.00011563301086425781,0.007079875762679905,True,0.00011563301086425781,PASS,11,Blur should not significantly change output,Consistent
BlurRelation,15.0,-1.633262276649475,-1.6333762407302856,0.00011396408081054688,0.006977691988785555,True,0.00011396408081054688,PASS,11,Blur should not significantly change output,Consistent
ContrastRelation,0.2,-1.633262276649475,-1.635322093963623,0.0020598173141479492,0.1261166735086042,True,0.0020598173141479492,PASS,11,Contrast change should not significantly affect output,Consistent
ContrastRelation,0.8999999999999999,-1.633262276649475,-1.6335272789001465,0.0002650022506713867,0.01622532352622415,True,0.0002650022506713867,PASS,11,Contrast change should not significantly affect output,Consistent
ContrastRelation,1.5999999999999999,-1.633262276649475,-1.6323082447052002,0.0009540319442749023,0.058412624462605436,True,0.0009540319442749023,PASS,11,Contrast change should not significantly affect output,Consistent
ContrastRelation,2.3,-1.633262276649475,-1.6314342021942139,0.0018280744552612305,0.11192772661927457,True,0.0018280744552612305,PASS,11,Contrast change should not significantly affect output,Consistent
ContrastRelation,3.0,-1.633262276649475,-1.6305034160614014,0.0027588605880737305,0.16891707708835157,True,0.0027588605880737305,PASS,11,Contrast change should not significantly affect output,Consistent
WeatherRelation,0.0,-1.633262276649475,-1.633262276649475,0.0,0.0,True,0.0,PASS,11,Weather changes should not significantly affect output,Consistent
WeatherRelation,0.25,-1.633262276649475,-1.6319653987884521,0.0012968778610229492,0.07940409115690172,True,0.0012968778610229492,PASS,11,Weather changes should not significantly affect output,Consistent
WeatherRelation,0.5,-1.633262276649475,-1.6306668519973755,0.0025954246520996094,0.15891036608769782,True,0.0025954246520996094,PASS,11,Weather changes should not significantly affect output,Consistent
WeatherRelation,0.75,-1.633262276649475,-1.6293708086013794,0.003891468048095703,0.23826336535765236,True,0.003891468048095703,PASS,11,Weather changes should not significantly affect output,Consistent
WeatherRelation,1.0,-1.633262276649475,-1.6280711889266968,0.00519108772277832,0.3178353298573805,True,0.00519108772277832,PASS,11,Weather changes should not significantly affect output,Consistent
LessSensitiveRelation,0.1,-1.633262276649475,-1.6327396631240845,0.000522613525390625,0.03199811891091619,True,0.000522613525390625,PASS,11,Output should not change drastically under degradation,Consistent
LessSensitiveRelation,0.325,-1.633262276649475,-1.631575345993042,0.0016869306564331055,0.10328589888420961,True,0.0016869306564331055,PASS,11,Output should not change drastically under degradation,Consistent
LessSensitiveRelation,0.55,-1.633262276649475,-1.630413293838501,0.002848982810974121,0.1744350008786464,True,0.002848982810974121,PASS,11,Output should not change drastically under degradation,Consistent
LessSensitiveRelation,0.775,-1.633262276649475,-1.6292423009872437,0.004019975662231445,0.24613151594751725,True,0.004019975662231445,PASS,11,Output should not change drastically under degradation,Consistent
LessSensitiveRelation,1.0,-1.633262276649475,-1.6280711889266968,0.00519108772277832,0.3178353298573805,True,0.00519108772277832,PASS,11,Output should not change drastically under degradation,Consistent
LessSensitiveRelation,0.1,-1.633262276649475,-1.6355851888656616,0.0023229122161865234,0.14222521557894907,True,0.0023229122161865234,PASS,11,Output should not change drastically under degradation,Consistent
LessSensitiveRelation,0.325,-1.633262276649475,-1.6350114345550537,0.0017491579055786133,0.10709589388227035,True,0.0017491579055786133,PASS,11,Output should not change drastically under degradation,Consistent
LessSensitiveRelation,0.55,-1.633262276649475,-1.6344300508499146,0.0011677742004394531,0.07149944636207457,True,0.0011677742004394531,PASS,11,Output should not change drastically under degradation,Consistent
LessSensitiveRelation,0.775,-1.633262276649475,-1.6338523626327515,0.0005900859832763672,0.03612926291264487,True,0.0005900859832763672,PASS,11,Output should not change drastically under degradation,Consistent
LessSensitiveRelation,1.0,-1.633262276649475,-1.633262276649475,0.0,0.0,True,0.0,PASS,11,Output should not change drastically under degradation,Consistent
RainRelation,0.0,-1.633262276649475,-1.6337730884552002,0.0005108118057250977,0.03127553365266329,True,0.0005108118057250977,PASS,11,Rain should not significantly affect prediction,Consistent
RainRelation,0.25,-1.633262276649475,-1.6337473392486572,0.0004850625991821289,0.02969898399829333,True,0.0004850625991821289,PASS,11,Rain should not significantly affect prediction,Consistent
RainRelation,0.5,-1.633262276649475,-1.6338684558868408,0.0006061792373657227,0.03711460644662609,True,0.0006061792373657227,PASS,11,Rain should not significantly affect prediction,Consistent
RainRelation,0.75,-1.633262276649475,-1.6337499618530273,0.0004876852035522461,0.02985955850012731,True,0.0004876852035522461,PASS,11,Rain should not significantly affect prediction,Consistent
RainRelation,1.0,-1.633262276649475,-1.6338438987731934,0.0005816221237182617,0.035611045202180676,True,0.0005816221237182617,PASS,11,Rain should not significantly affect prediction,Consistent
SnowRelation,0.0,-1.633262276649475,-1.633262276649475,0.0,0.0,True,0.0,PASS,11,Snow should not significantly affect prediction,Consistent
SnowRelation,0.25,-1.633262276649475,-1.63310968875885,0.000152587890625,0.009342516470340493,True,0.000152587890625,PASS,11,Snow should not significantly affect prediction,Consistent
SnowRelation,0.5,-1.633262276649475,-1.6330630779266357,0.00019919872283935547,0.012196363298389813,True,0.00019919872283935547,PASS,11,Snow should not significantly affect prediction,Consistent
SnowRelation,0.75,-1.633262276649475,-1.6331260204315186,0.00013625621795654297,0.008342575254374361,True,0.00013625621795654297,PASS,11,Snow should not significantly affect prediction,Consistent
SnowRelation,1.0,-1.633262276649475,-1.6328613758087158,0.00040090084075927734,0.024546002257621154,True,0.00040090084075927734,PASS,11,Snow should not significantly affect prediction,Consistent
FogRelation,0.0,-1.633262276649475,-1.633262276649475,0.0,0.0,True,0.0,PASS,11,Fog should not significantly affect prediction,Consistent
FogRelation,0.25,-1.633262276649475,-1.6319653987884521,0.0012968778610229492,0.07940409115690172,True,0.0012968778610229492,PASS,11,Fog should not significantly affect prediction,Consistent
FogRelation,0.5,-1.633262276649475,-1.6306668519973755,0.0025954246520996094,0.15891036608769782,True,0.0025954246520996094,PASS,11,Fog should not significantly affect prediction,Consistent
FogRelation,0.75,-1.633262276649475,-1.6293708086013794,0.003891468048095703,0.23826336535765236,True,0.003891468048095703,PASS,11,Fog should not significantly affect prediction,Consistent
FogRelation,1.0,-1.633262276649475,-1.6280711889266968,0.00519108772277832,0.3178353298573805,True,0.00519108772277832,PASS,11,Fog should not significantly affect prediction,Consistent
TemporalSmoothnessRelation,0.0,-1.6304875612258911,-1.6305943727493286,0.0001068115234375,0.0,True,0.0001068115234375,PASS,11,Predictions should change smoothly across consecutive frames,Consistent
TemporalSmoothnessRelation,25.0,-1.6301090717315674,-1.6323829889297485,0.0022739171981811523,0.0,True,0.0022739171981811523,PASS,11,Predictions should change smoothly across consecutive frames,Consistent
TemporalSmoothnessRelation,50.0,-1.637676477432251,-1.6349196434020996,0.002756834030151367,0.0,True,0.002756834030151367,PASS,11,Predictions should change smoothly across consecutive frames,Consistent
TemporalSmoothnessRelation,75.0,-1.6374915838241577,-1.6324806213378906,0.00501096248626709,0.0,True,0.00501096248626709,PASS,11,Predictions should change smoothly across consecutive frames,Consistent
TemporalSmoothnessRelation,100.0,-1.632336974143982,-1.63276207447052,0.00042510032653808594,0.0,True,0.00042510032653808594,PASS,11,Predictions should change smoothly across consecutive frames,Consistent
BrightnessRelation,0.2,-1.6324090957641602,-1.6351537704467773,0.0027446746826171875,0.16813634574664627,True,0.0027446746826171875,PASS,12,Output should remain approximately same under brightness change,Consistent
BrightnessRelation,0.7749999999999999,-1.6324090957641602,-1.6331936120986938,0.0007845163345336914,0.048058777421763337,True,0.0007845163345336914,PASS,12,Output should remain approximately same under brightness change,Consistent
BrightnessRelation,1.3499999999999999,-1.6324090957641602,-1.631234049797058,0.0011750459671020508,0.071982277624422,True,0.0011750459671020508,PASS,12,Output should remain approximately same under brightness change,Consistent
BrightnessRelation,1.9249999999999998,-1.6324090957641602,-1.6290783882141113,0.003330707550048828,0.20403620136211328,True,0.003330707550048828,PASS,12,Output should remain approximately same under brightness change,Consistent
BrightnessRelation,2.5,-1.6324090957641602,-1.626883625984192,0.005525469779968262,0.3384853961823663,True,0.005525469779968262,PASS,12,Output should remain approximately same under brightness change,Consistent
RotationRelation,-25.0,-1.6324090957641602,-1.6337673664093018,0.0013582706451416016,0.08320645949606008,True,0.0013582706451416016,PASS,12,Small rotation should not significantly change output,Consistent
RotationRelation,-12.5,-1.6324090957641602,-1.6349318027496338,0.002522706985473633,0.15453880075966506,True,0.002522706985473633,PASS,12,Small rotation should not significantly change output,Consistent
RotationRelation,0.0,-1.6324090957641602,-1.6324090957641602,0.0,0.0,True,0.0,PASS,12,Small rotation should not significantly change output,Consistent
RotationRelation,12.5,-1.6324090957641602,-1.637023687362671,0.004614591598510742,0.2826858036767146,True,0.004614591598510742,PASS,12,Small rotation should not significantly change output,Consistent
RotationRelation,25.0,-1.6324090957641602,-1.6388376951217651,0.0064285993576049805,0.3938103160649493,True,0.0064285993576049805,PASS,12,Small rotation should not significantly change output,Consistent
TranslationRelation,0.0,-1.6324090957641602,-1.6324090957641602,0.0,0.0,True,0.0,PASS,12,Small translation should preserve prediction consistency,Consistent
TranslationRelation,10.0,-1.6324090957641602,-1.6316639184951782,0.0007451772689819336,0.04564890102772263,True,0.0007451772689819336,PASS,12,Small translation should preserve prediction consistency,Consistent
TranslationRelation,20.0,-1.6324090957641602,-1.6312533617019653,0.0011557340621948242,0.07079924739462021,True,0.0011557340621948242,PASS,12,Small translation should preserve prediction consistency,Consistent
TranslationRelation,30.0,-1.6324090957641602,-1.6311233043670654,0.0012857913970947266,0.07876644480643358,True,0.0012857913970947266,PASS,12,Small translation should preserve prediction consistency,Consistent
TranslationRelation,40.0,-1.6324090957641602,-1.6308178901672363,0.0015912055969238281,0.09747584881107689,True,0.0015912055969238281,PASS,12,Small translation should preserve prediction consistency,Consistent
NoiseRelation,0.0,-1.6324090957641602,-1.6324090957641602,0.0,0.0,True,0.0,PASS,12,Noise should not significantly affect prediction,Consistent
NoiseRelation,25.0,-1.6324090957641602,-1.6324580907821655,4.8995018005371094e-05,0.0030013915089416093,True,4.8995018005371094e-05,PASS,12,Noise should not significantly affect prediction,Consistent
NoiseRelation,50.0,-1.6324090957641602,-1.6326236724853516,0.00021457672119140625,0.013144780331131135,True,0.00021457672119140625,PASS,12,Noise should not significantly affect prediction,Consistent
NoiseRelation,75.0,-1.6324090957641602,-1.6328858137130737,0.0004767179489135742,0.029203320302329673,True,0.0004767179489135742,PASS,12,Noise should not significantly affect prediction,Consistent
NoiseRelation,100.0,-1.6324090957641602,-1.63294517993927,0.0005360841751098633,0.032840042860609285,True,0.0005360841751098633,PASS,12,Noise should not significantly affect prediction,Consistent
BlurRelation,1.0,-1.6324090957641602,-1.6324090957641602,0.0,0.0,True,0.0,PASS,12,Blur should not significantly change output,Consistent
BlurRelation,4.5,-1.6324090957641602,-1.6324377059936523,2.86102294921875e-05,0.0017526373774841514,True,2.86102294921875e-05,PASS,12,Blur should not significantly change output,Consistent
BlurRelation,8.0,-1.6324090957641602,-1.63247811794281,6.902217864990234e-05,0.004228237673180516,True,6.902217864990234e-05,PASS,12,Blur should not significantly change output,Consistent
BlurRelation,11.5,-1.6324090957641602,-1.632503867149353,9.47713851928711e-05,0.0058056113129162515,True,9.47713851928711e-05,PASS,12,Blur should not significantly change output,Consistent
BlurRelation,15.0,-1.6324090957641602,-1.6325751543045044,0.00016605854034423828,0.010172599445147595,True,0.00016605854034423828,PASS,12,Blur should not significantly change output,Consistent
ContrastRelation,0.2,-1.6324090957641602,-1.6351537704467773,0.0027446746826171875,0.16813634574664627,True,0.0027446746826171875,PASS,12,Contrast change should not significantly affect output,Consistent
ContrastRelation,0.8999999999999999,-1.6324090957641602,-1.6327636241912842,0.00035452842712402344,0.021718098169324445,True,0.00035452842712402344,PASS,12,Contrast change should not significantly affect output,Consistent
ContrastRelation,1.5999999999999999,-1.6324090957641602,-1.6303329467773438,0.0020761489868164062,0.12718305235943328,True,0.0020761489868164062,PASS,12,Contrast change should not significantly affect output,Consistent
ContrastRelation,2.3,-1.6324090957641602,-1.627610683441162,0.004798412322998047,0.29394649882705026,True,0.004798412322998047,PASS,12,Contrast change should not significantly affect output,Consistent
ContrastRelation,3.0,-1.6324090957641602,-1.6252713203430176,0.007137775421142578,0.4372538150593377,True,0.007137775421142578,PASS,12,Contrast change should not significantly affect output,Consistent
WeatherRelation,0.0,-1.6324090957641602,-1.6324090957641602,0.0,0.0,True,0.0,PASS,12,Weather changes should not significantly affect output,Consistent
WeatherRelation,0.25,-1.6324090957641602,-1.6313239336013794,0.0010851621627807617,0.06647607519682595,True,0.0010851621627807617,PASS,12,Weather changes should not significantly affect output,Consistent
WeatherRelation,0.5,-1.6324090957641602,-1.6302406787872314,0.002168416976928711,0.13283530790181966,True,0.002168416976928711,PASS,12,Weather changes should not significantly affect output,Consistent
WeatherRelation,0.75,-1.6324090957641602,-1.6291584968566895,0.003250598907470703,0.1991288167051577,True,0.003250598907470703,PASS,12,Weather changes should not significantly affect output,Consistent
WeatherRelation,1.0,-1.6324090957641602,-1.6280711889266968,0.004337906837463379,0.2657363397052949,True,0.004337906837463379,PASS,12,Weather changes should not significantly affect output,Consistent
LessSensitiveRelation,0.1,-1.6324090957641602,-1.6319773197174072,0.0004317760467529297,0.02645021908853165,True,0.0004317760467529297,PASS,12,Output should not change drastically under degradation,Consistent
LessSensitiveRelation,0.325,-1.6324090957641602,-1.6309996843338013,0.0014094114303588867,0.08633929880831301,True,0.0014094114303588867,PASS,12,Output should not change drastically under degradation,Consistent
LessSensitiveRelation,0.55,-1.6324090957641602,-1.6300207376480103,0.0023883581161499023,0.14630870774122906,True,0.0023883581161499023,PASS,12,Output should not change drastically under degradation,Consistent
LessSensitiveRelation,0.775,-1.6324090957641602,-1.6290504932403564,0.003358602523803711,0.20574502280516033,True,0.003358602523803711,PASS,12,Output should not change drastically under degradation,Consistent
LessSensitiveRelation,1.0,-1.6324090957641602,-1.6280711889266968,0.004337906837463379,0.2657363397052949,True,0.004337906837463379,PASS,12,Output should not change drastically under degradation,Consistent
LessSensitiveRelation,0.1,-1.6324090957641602,-1.635496973991394,0.0030878782272338867,0.18916069162071655,True,0.0030878782272338867,PASS,12,Output should not change drastically under degradation,Consistent
LessSensitiveRelation,0.325,-1.6324090957641602,-1.6347297430038452,0.0023206472396850586,0.14216079928118325,True,0.0023206472396850586,PASS,12,Output should not change drastically under degradation,Consistent
LessSensitiveRelation,0.55,-1.6324090957641602,-1.6339603662490845,0.0015512704849243164,0.09502945913833859,True,0.0015512704849243164,PASS,12,Output should not change drastically under degradation,Consistent
LessSensitiveRelation,0.775,-1.6324090957641602,-1.6331936120986938,0.0007845163345336914,0.048058777421763337,True,0.0007845163345336914,PASS,12,Output should not change drastically under degradation,Consistent
LessSensitiveRelation,1.0,-1.6324090957641602,-1.6324090957641602,0.0,0.0,True,0.0,PASS,12,Output should not change drastically under degradation,Consistent
RainRelation,0.0,-1.6324090957641602,-1.633091926574707,0.000682830810546875,0.041829612075955085,True,0.000682830810546875,PASS,12,Rain should not significantly affect prediction,Consistent
RainRelation,0.25,-1.6324090957641602,-1.6331391334533691,0.0007300376892089844,0.04472146374880393,True,0.0007300376892089844,PASS,12,Rain should not significantly affect prediction,Consistent
RainRelation,0.5,-1.6324090957641602,-1.633002519607544,0.0005934238433837891,0.03635262027131711,True,0.0005934238433837891,PASS,12,Rain should not significantly affect prediction,Consistent
RainRelation,0.75,-1.6324090957641602,-1.6330840587615967,0.0006749629974365234,0.04134763679714694,True,0.0006749629974365234,PASS,12,Rain should not significantly affect prediction,Consistent
RainRelation,1.0,-1.6324090957641602,-1.6331216096878052,0.0007125139236450195,0.043647973355094884,True,0.0007125139236450195,PASS,12,Rain should not significantly affect prediction,Consistent
SnowRelation,0.0,-1.6324090957641602,-1.6324090957641602,0.0,0.0,True,0.0,PASS,12,Snow should not significantly affect prediction,Consistent
SnowRelation,0.25,-1.6324090957641602,-1.632849931716919,0.00044083595275878906,0.027005220924734966,True,0.00044083595275878906,PASS,12,Snow should not significantly affect prediction,Consistent
SnowRelation,0.5,-1.6324090957641602,-1.6323885917663574,2.0503997802734375e-05,0.0012560567871969753,True,2.0503997802734375e-05,PASS,12,Snow should not significantly affect prediction,Consistent
SnowRelation,0.75,-1.6324090957641602,-1.631927490234375,0.00048160552978515625,0.029502729187649884,True,0.00048160552978515625,PASS,12,Snow should not significantly affect prediction,Consistent
SnowRelation,1.0,-1.6324090957641602,-1.6323752403259277,3.3855438232421875e-05,0.0020739542300229124,True,3.3855438232421875e-05,PASS,12,Snow should not significantly affect prediction,Consistent
FogRelation,0.0,-1.6324090957641602,-1.6324090957641602,0.0,0.0,True,0.0,PASS,12,Fog should not significantly affect prediction,Consistent
FogRelation,0.25,-1.6324090957641602,-1.6313239336013794,0.0010851621627807617,0.06647607519682595,True,0.0010851621627807617,PASS,12,Fog should not significantly affect prediction,Consistent
FogRelation,0.5,-1.6324090957641602,-1.6302406787872314,0.002168416976928711,0.13283530790181966,True,0.002168416976928711,PASS,12,Fog should not significantly affect prediction,Consistent
FogRelation,0.75,-1.6324090957641602,-1.6291584968566895,0.003250598907470703,0.1991288167051577,True,0.003250598907470703,PASS,12,Fog should not significantly affect prediction,Consistent
FogRelation,1.0,-1.6324090957641602,-1.6280711889266968,0.004337906837463379,0.2657363397052949,True,0.004337906837463379,PASS,12,Fog should not significantly affect prediction,Consistent
TemporalSmoothnessRelation,0.0,-1.6304875612258911,-1.6305943727493286,0.0001068115234375,0.0,True,0.0001068115234375,PASS,12,Predictions should change smoothly across consecutive frames,Consistent
TemporalSmoothnessRelation,25.0,-1.6301090717315674,-1.6323829889297485,0.0022739171981811523,0.0,True,0.0022739171981811523,PASS,12,Predictions should change smoothly across consecutive frames,Consistent
TemporalSmoothnessRelation,50.0,-1.637676477432251,-1.6349196434020996,0.002756834030151367,0.0,True,0.002756834030151367,PASS,12,Predictions should change smoothly across consecutive frames,Consistent
TemporalSmoothnessRelation,75.0,-1.6374915838241577,-1.6324806213378906,0.00501096248626709,0.0,True,0.00501096248626709,PASS,12,Predictions should change smoothly across consecutive frames,Consistent
TemporalSmoothnessRelation,100.0,-1.632336974143982,-1.63276207447052,0.00042510032653808594,0.0,True,0.00042510032653808594,PASS,12,Predictions should change smoothly across consecutive frames,Consistent
BrightnessRelation,0.2,-1.6335564851760864,-1.6353833675384521,0.0018268823623657227,0.11183459284071642,True,0.0018268823623657227,PASS,13,Output should remain approximately same under brightness change,Consistent
BrightnessRelation,0.7749999999999999,-1.6335564851760864,-1.6340818405151367,0.000525355339050293,0.03216019906355871,True,0.000525355339050293,PASS,13,Output should remain approximately same under brightness change,Consistent
BrightnessRelation,1.3499999999999999,-1.6335564851760864,-1.633262276649475,0.0002942085266113281,0.01801029527770885,True,0.0002942085266113281,PASS,13,Output should remain approximately same under brightness change,Consistent
BrightnessRelation,1.9249999999999998,-1.6335564851760864,-1.6329149007797241,0.0006415843963623047,0.03927528735195666,True,0.0006415843963623047,PASS,13,Output should remain approximately same under brightness change,Consistent
BrightnessRelation,2.5,-1.6335564851760864,-1.6325368881225586,0.001019597053527832,0.062415743723761664,True,0.001019597053527832,PASS,13,Output should remain approximately same under brightness change,Consistent
RotationRelation,-25.0,-1.6335564851760864,-1.6357344388961792,0.0021779537200927734,0.13332580823490303,True,0.0021779537200927734,PASS,13,Small rotation should not significantly change output,Consistent
RotationRelation,-12.5,-1.6335564851760864,-1.6362128257751465,0.0026563405990600586,0.16261078187730402,True,0.0026563405990600586,PASS,13,Small rotation should not significantly change output,Consistent
RotationRelation,0.0,-1.6335564851760864,-1.6335564851760864,0.0,0.0,True,0.0,PASS,13,Small rotation should not significantly change output,Consistent
RotationRelation,12.5,-1.6335564851760864,-1.6294245719909668,0.004131913185119629,0.2529395642709345,True,0.004131913185119629,PASS,13,Small rotation should not significantly change output,Consistent
RotationRelation,25.0,-1.6335564851760864,-1.6293869018554688,0.004169583320617676,0.2552455826290205,True,0.004169583320617676,PASS,13,Small rotation should not significantly change output,Consistent
TranslationRelation,0.0,-1.6335564851760864,-1.6335564851760864,0.0,0.0,True,0.0,PASS,13,Small translation should preserve prediction consistency,Consistent
TranslationRelation,10.0,-1.6335564851760864,-1.6333422660827637,0.0002142190933227539,0.013113655030001135,True,0.0002142190933227539,PASS,13,Small translation should preserve prediction consistency,Consistent
TranslationRelation,20.0,-1.6335564851760864,-1.633263111114502,0.00029337406158447266,0.017959212592561377,True,0.00029337406158447266,PASS,13,Small translation should preserve prediction consistency,Consistent
TranslationRelation,30.0,-1.6335564851760864,-1.6329572200775146,0.0005992650985717773,0.03668466546233484,True,0.0005992650985717773,PASS,13,Small translation should preserve prediction consistency,Consistent
TranslationRelation,40.0,-1.6335564851760864,-1.6322940587997437,0.0012624263763427734,0.07728080510167613,True,0.0012624263763427734,PASS,13,Small translation should preserve prediction consistency,Consistent
NoiseRelation,0.0,-1.6335564851760864,-1.6335564851760864,0.0,0.0,True,0.0,PASS,13,Noise should not significantly affect prediction,Consistent
NoiseRelation,25.0,-1.6335564851760864,-1.63362455368042,6.80685043334961e-05,0.004166887602743822,True,6.80685043334961e-05,PASS,13,Noise should not significantly affect prediction,Consistent
NoiseRelation,50.0,-1.6335564851760864,-1.6333558559417725,0.00020062923431396484,0.012281737014742299,True,0.00020062923431396484,PASS,13,Noise should not significantly affect prediction,Consistent
NoiseRelation,75.0,-1.6335564851760864,-1.633673071861267,0.00011658668518066406,0.007136980867746862,True,0.00011658668518066406,PASS,13,Noise should not significantly affect prediction,Consistent
NoiseRelation,100.0,-1.6335564851760864,-1.6335800886154175,2.3603439331054688e-05,0.0014449102370285058,True,2.3603439331054688e-05,PASS,13,Noise should not significantly affect prediction,Consistent
BlurRelation,1.0,-1.6335564851760864,-1.6335564851760864,0.0,0.0,True,0.0,PASS,13,Blur should not significantly change output,Consistent
BlurRelation,4.5,-1.6335564851760864,-1.6335012912750244,5.519390106201172e-05,0.003378754746182819,True,5.519390106201172e-05,PASS,13,Blur should not significantly change output,Consistent
BlurRelation,8.0,-1.6335564851760864,-1.633488416671753,6.80685043334961e-05,0.004166887602743822,True,6.80685043334961e-05,PASS,13,Blur should not significantly change output,Consistent
BlurRelation,11.5,-1.6335564851760864,-1.6334853172302246,7.11679458618164e-05,0.004356623290434434,True,7.11679458618164e-05,PASS,13,Blur should not significantly change output,Consistent
BlurRelation,15.0,-1.6335564851760864,-1.6334760189056396,8.046627044677734e-05,0.00492583035350627,True,8.046627044677734e-05,PASS,13,Blur should not significantly change output,Consistent
ContrastRelation,0.2,-1.6335564851760864,-1.6353833675384521,0.0018268823623657227,0.11183459284071642,True,0.0018268823623657227,PASS,13,Contrast change should not significantly affect output,Consistent
ContrastRelation,0.8999999999999999,-1.6335564851760864,-1.6337989568710327,0.00024247169494628906,0.01484316879856556,True,0.00024247169494628906,PASS,13,Contrast change should not significantly affect output,Consistent
ContrastRelation,1.5999999999999999,-1.6335564851760864,-1.6330962181091309,0.0004602670669555664,0.02817574962205586,True,0.0004602670669555664,PASS,13,Contrast change should not significantly affect output,Consistent
ContrastRelation,2.3,-1.6335564851760864,-1.632670283317566,0.0008862018585205078,0.05424981162661572,True,0.0008862018585205078,PASS,13,Contrast change should not significantly affect output,Consistent
ContrastRelation,3.0,-1.6335564851760864,-1.6322579383850098,0.0012985467910766602,0.07949195561591674,True,0.0012985467910766602,PASS,13,Contrast change should not significantly affect output,Consistent
WeatherRelation,0.0,-1.6335564851760864,-1.6335564851760864,0.0,0.0,True,0.0,PASS,13,Weather changes should not significantly affect output,Consistent
WeatherRelation,0.25,-1.6335564851760864,-1.6321834325790405,0.0013730525970458984,0.08405290964694107,True,0.0013730525970458984,PASS,13,Weather changes should not significantly affect output,Consistent
WeatherRelation,0.5,-1.6335564851760864,-1.630813717842102,0.002742767333984375,0.16790148855329223,True,0.002742767333984375,PASS,13,Weather changes should not significantly affect output,Consistent
WeatherRelation,0.75,-1.6335564851760864,-1.629443645477295,0.004112839698791504,0.25177196003899227,True,0.004112839698791504,PASS,13,Weather changes should not significantly affect output,Consistent
WeatherRelation,1.0,-1.6335564851760864,-1.6280711889266968,0.0054852962493896484,0.33578838205368516,True,0.0054852962493896484,PASS,13,Weather changes should not significantly affect output,Consistent
LessSensitiveRelation,0.1,-1.6335564851760864,-1.6330069303512573,0.0005495548248291016,0.033641596932835416,True,0.0005495548248291016,PASS,13,Output should not change drastically under degradation,Consistent
LessSensitiveRelation,0.325,-1.6335564851760864,-1.6317737102508545,0.0017827749252319336,0.10913450805435002,True,0.0017827749252319336,PASS,13,Output should not change drastically under degradation,Consistent
LessSensitiveRelation,0.55,-1.6335564851760864,-1.6305397748947144,0.0030167102813720703,0.18467120433456247,True,0.0030167102813720703,PASS,13,Output should not change drastically under degradation,Consistent
LessSensitiveRelation,0.775,-1.6335564851760864,-1.6293048858642578,0.004251599311828613,0.26026628082637204,True,0.004251599311828613,PASS,13,Output should not change drastically under degradation,Consistent
LessSensitiveRelation,1.0,-1.6335564851760864,-1.6280711889266968,0.0054852962493896484,0.33578838205368516,True,0.0054852962493896484,PASS,13,Output should not change drastically under degradation,Consistent
LessSensitiveRelation,0.1,-1.6335564851760864,-1.6356122493743896,0.0020557641983032227,0.12584584362402315,True,0.0020557641983032227,PASS,13,Output should not change drastically under degradation,Consistent
LessSensitiveRelation,0.325,-1.6335564851760864,-1.6351025104522705,0.001546025276184082,0.09464162052536713,True,0.001546025276184082,PASS,13,Output should not change drastically under degradation,Consistent
LessSensitiveRelation,0.55,-1.6335564851760864,-1.6345925331115723,0.0010360479354858398,0.06342280237381184,True,0.0010360479354858398,PASS,13,Output should not change drastically under degradation,Consistent
LessSensitiveRelation,0.775,-1.6335564851760864,-1.6340818405151367,0.000525355339050293,0.03216019906355871,True,0.000525355339050293,PASS,13,Output should not change drastically under degradation,Consistent
LessSensitiveRelation,1.0,-1.6335564851760864,-1.6335564851760864,0.0,0.0,True,0.0,PASS,13,Output should not change drastically under degradation,Consistent
RainRelation,0.0,-1.6335564851760864,-1.6340118646621704,0.0004553794860839844,0.027876551037620666,True,0.0004553794860839844,PASS,13,Rain should not significantly affect prediction,Consistent
RainRelation,0.25,-1.6335564851760864,-1.6340148448944092,0.0004583597183227539,0.028058989198861642,True,0.0004583597183227539,PASS,13,Rain should not significantly affect prediction,Consistent
RainRelation,0.5,-1.6335564851760864,-1.6339998245239258,0.00044333934783935547,0.027139500866207134,True,0.00044333934783935547,PASS,13,Rain should not significantly affect prediction,Consistent
RainRelation,0.75,-1.6335564851760864,-1.6340508460998535,0.0004943609237670898,0.03026284218665259,True,0.0004943609237670898,PASS,13,Rain should not significantly affect prediction,Consistent
RainRelation,1.0,-1.6335564851760864,-1.6339523792266846,0.00039589405059814453,0.024235085339250846,True,0.00039589405059814453,PASS,13,Rain should not significantly affect prediction,Consistent
SnowRelation,0.0,-1.6335564851760864,-1.6335564851760864,0.0,0.0,True,0.0,PASS,13,Snow should not significantly affect prediction,Consistent
SnowRelation,0.25,-1.6335564851760864,-1.6333657503128052,0.00019073486328125,0.01167604231942227,True,0.00019073486328125,PASS,13,Snow should not significantly affect prediction,Consistent
SnowRelation,0.5,-1.6335564851760864,-1.632751703262329,0.0008047819137573242,0.04926560106151233,True,0.0008047819137573242,PASS,13,Snow should not significantly affect prediction,Consistent
SnowRelation,0.75,-1.6335564851760864,-1.6325576305389404,0.000998854637145996,0.0611459741215245,True,0.000998854637145996,PASS,13,Snow should not significantly affect prediction,Consistent
SnowRelation,1.0,-1.6335564851760864,-1.6324329376220703,0.0011235475540161133,0.06877918678784681,True,0.0011235475540161133,PASS,13,Snow should not significantly affect prediction,Consistent
FogRelation,0.0,-1.6335564851760864,-1.6335564851760864,0.0,0.0,True,0.0,PASS,13,Fog should not significantly affect prediction,Consistent
FogRelation,0.25,-1.6335564851760864,-1.6321834325790405,0.0013730525970458984,0.08405290964694107,True,0.0013730525970458984,PASS,13,Fog should not significantly affect prediction,Consistent
FogRelation,0.5,-1.6335564851760864,-1.630813717842102,0.002742767333984375,0.16790148855329223,True,0.002742767333984375,PASS,13,Fog should not significantly affect prediction,Consistent
FogRelation,0.75,-1.6335564851760864,-1.629443645477295,0.004112839698791504,0.25177196003899227,True,0.004112839698791504,PASS,13,Fog should not significantly affect prediction,Consistent
FogRelation,1.0,-1.6335564851760864,-1.6280711889266968,0.0054852962493896484,0.33578838205368516,True,0.0054852962493896484,PASS,13,Fog should not significantly affect prediction,Consistent
TemporalSmoothnessRelation,0.0,-1.6304875612258911,-1.6305943727493286,0.0001068115234375,0.0,True,0.0001068115234375,PASS,13,Predictions should change smoothly across consecutive frames,Consistent
TemporalSmoothnessRelation,25.0,-1.6301090717315674,-1.6323829889297485,0.0022739171981811523,0.0,True,0.0022739171981811523,PASS,13,Predictions should change smoothly across consecutive frames,Consistent
TemporalSmoothnessRelation,50.0,-1.637676477432251,-1.6349196434020996,0.002756834030151367,0.0,True,0.002756834030151367,PASS,13,Predictions should change smoothly across consecutive frames,Consistent
TemporalSmoothnessRelation,75.0,-1.6374915838241577,-1.6324806213378906,0.00501096248626709,0.0,True,0.00501096248626709,PASS,13,Predictions should change smoothly across consecutive frames,Consistent
TemporalSmoothnessRelation,100.0,-1.632336974143982,-1.63276207447052,0.00042510032653808594,0.0,True,0.00042510032653808594,PASS,13,Predictions should change smoothly across consecutive frames,Consistent
BrightnessRelation,0.2,-1.6372151374816895,-1.6361215114593506,0.0010936260223388672,0.06679790146834527,True,0.0010936260223388672,PASS,14,Output should remain approximately same under brightness change,Consistent
BrightnessRelation,0.7749999999999999,-1.6372151374816895,-1.6369231939315796,0.0002919435501098633,0.017831704893827946,True,0.0002919435501098633,PASS,14,Output should remain approximately same under brightness change,Consistent
BrightnessRelation,1.3499999999999999,-1.6372151374816895,-1.637418508529663,0.0002033710479736328,0.0124217593094612,True,0.0002033710479736328,PASS,14,Output should remain approximately same under brightness change,Consistent
BrightnessRelation,1.9249999999999998,-1.6372151374816895,-1.6371257305145264,8.940696716308594e-05,0.005460914116117174,True,8.940696716308594e-05,PASS,14,Output should remain approximately same under brightness change,Consistent
BrightnessRelation,2.5,-1.6372151374816895,-1.6364543437957764,0.0007607936859130859,0.04646873851874641,True,0.0007607936859130859,PASS,14,Output should remain approximately same under brightness change,Consistent
RotationRelation,-25.0,-1.6372151374816895,-1.6369932889938354,0.0002218484878540039,0.01355034822679208,True,0.0002218484878540039,PASS,14,Small rotation should not significantly change output,Consistent
RotationRelation,-12.5,-1.6372151374816895,-1.6401957273483276,0.0029805898666381836,0.1820523141937036,True,0.0029805898666381836,PASS,14,Small rotation should not significantly change output,Consistent
RotationRelation,0.0,-1.6372151374816895,-1.6372151374816895,0.0,0.0,True,0.0,PASS,14,Small rotation should not significantly change output,Consistent
RotationRelation,12.5,-1.6372151374816895,-1.6298682689666748,0.0073468685150146484,0.44874151596840195,True,0.0073468685150146484,PASS,14,Small rotation should not significantly change output,Consistent
RotationRelation,25.0,-1.6372151374816895,-1.6294221878051758,0.007792949676513672,0.47598783679841594,True,0.007792949676513672,PASS,14,Small rotation should not significantly change output,Consistent
TranslationRelation,0.0,-1.6372151374816895,-1.6372151374816895,0.0,0.0,True,0.0,PASS,14,Small translation should preserve prediction consistency,Consistent
TranslationRelation,10.0,-1.6372151374816895,-1.637354850769043,0.00013971328735351562,0.008533588458785771,True,0.00013971328735351562,PASS,14,Small translation should preserve prediction consistency,Consistent
TranslationRelation,20.0,-1.6372151374816895,-1.6369704008102417,0.0002447366714477539,0.014948342240518078,True,0.0002447366714477539,PASS,14,Small translation should preserve prediction consistency,Consistent
TranslationRelation,30.0,-1.6372151374816895,-1.6356340646743774,0.0015810728073120117,0.0965708052294161,True,0.0015810728073120117,PASS,14,Small translation should preserve prediction consistency,Consistent
TranslationRelation,40.0,-1.6372151374816895,-1.633448839187622,0.003766298294067383,0.23004282744614135,True,0.003766298294067383,PASS,14,Small translation should preserve prediction consistency,Consistent
NoiseRelation,0.0,-1.6372151374816895,-1.6372151374816895,0.0,0.0,True,0.0,PASS,14,Noise should not significantly affect prediction,Consistent
NoiseRelation,25.0,-1.6372151374816895,-1.6371486186981201,6.651878356933594e-05,0.004062920102391177,True,6.651878356933594e-05,PASS,14,Noise should not significantly affect prediction,Consistent
NoiseRelation,50.0,-1.6372151374816895,-1.6370550394058228,0.00016009807586669922,0.009778676877260487,True,0.00016009807586669922,PASS,14,Noise should not significantly affect prediction,Consistent
NoiseRelation,75.0,-1.6372151374816895,-1.6368058919906616,0.00040924549102783203,0.024996424214173675,True,0.00040924549102783203,PASS,14,Noise should not significantly affect prediction,Consistent
NoiseRelation,100.0,-1.6372151374816895,-1.6366169452667236,0.0005981922149658203,0.03653715604623464,True,0.0005981922149658203,PASS,14,Noise should not significantly affect prediction,Consistent
BlurRelation,1.0,-1.6372151374816895,-1.6372151374816895,0.0,0.0,True,0.0,PASS,14,Blur should not significantly change output,Consistent
BlurRelation,4.5,-1.6372151374816895,-1.6370773315429688,0.00013780593872070312,0.008417088957641938,True,0.00013780593872070312,PASS,14,Blur should not significantly change output,Consistent
BlurRelation,8.0,-1.6372151374816895,-1.6369434595108032,0.00027167797088623047,0.01659389769417472,True,0.00027167797088623047,PASS,14,Blur should not significantly change output,Consistent
BlurRelation,11.5,-1.6372151374816895,-1.636879801750183,0.00033533573150634766,0.02048206854485015,True,0.00033533573150634766,PASS,14,Blur should not significantly change output,Consistent
BlurRelation,15.0,-1.6372151374816895,-1.6367249488830566,0.0004901885986328125,0.029940371793965092,True,0.0004901885986328125,PASS,14,Blur should not significantly change output,Consistent
ContrastRelation,0.2,-1.6372151374816895,-1.6361215114593506,0.0010936260223388672,0.06679790146834527,True,0.0010936260223388672,PASS,14,Contrast change should not significantly affect output,Consistent
ContrastRelation,0.8999999999999999,-1.6372151374816895,-1.6370898485183716,0.0001252889633178711,0.007652560981385534,True,0.0001252889633178711,PASS,14,Contrast change should not significantly affect output,Consistent
ContrastRelation,1.5999999999999999,-1.6372151374816895,-1.6373549699783325,0.0001398324966430664,0.008540869677607262,True,0.0001398324966430664,PASS,14,Contrast change should not significantly affect output,Consistent
ContrastRelation,2.3,-1.6372151374816895,-1.6367275714874268,0.0004875659942626953,0.02978018497989232,True,0.0004875659942626953,PASS,14,Contrast change should not significantly affect output,Consistent
ContrastRelation,3.0,-1.6372151374816895,-1.635712742805481,0.001502394676208496,0.091765200807233,True,0.001502394676208496,PASS,14,Contrast change should not significantly affect output,Consistent
WeatherRelation,0.0,-1.6372151374816895,-1.6372151374816895,0.0,0.0,True,0.0,PASS,14,Weather changes should not significantly affect output,Consistent
WeatherRelation,0.25,-1.6372151374816895,-1.6349351406097412,0.002279996871948242,0.13926059117980943,True,0.002279996871948242,PASS,14,Weather changes should not significantly affect output,Consistent
WeatherRelation,0.5,-1.6372151374816895,-1.63264799118042,0.004567146301269531,0.27895805548890823,True,0.004567146301269531,PASS,14,Weather changes should not significantly affect output,Consistent
WeatherRelation,0.75,-1.6372151374816895,-1.6303589344024658,0.006856203079223633,0.41877201929915087,True,0.006856203079223633,PASS,14,Weather changes should not significantly affect output,Consistent
WeatherRelation,1.0,-1.6372151374816895,-1.6280711889266968,0.009143948554992676,0.5585058897023572,True,0.009143948554992676,PASS,14,Weather changes should not significantly affect output,Consistent
LessSensitiveRelation,0.1,-1.6372151374816895,-1.636299967765808,0.0009151697158813477,0.055897916892575394,True,0.0009151697158813477,PASS,14,Output should not change drastically under degradation,Consistent
LessSensitiveRelation,0.325,-1.6372151374816895,-1.6342488527297974,0.00296628475189209,0.18117856793512488,True,0.00296628475189209,PASS,14,Output should not change drastically under degradation,Consistent
LessSensitiveRelation,0.55,-1.6372151374816895,-1.632189154624939,0.005025982856750488,0.30698346673282156,True,0.005025982856750488,PASS,14,Output should not change drastically under degradation,Consistent
LessSensitiveRelation,0.775,-1.6372151374816895,-1.630134105682373,0.007081031799316406,0.43250439799648016,True,0.007081031799316406,PASS,14,Output should not change drastically under degradation,Consistent
LessSensitiveRelation,1.0,-1.6372151374816895,-1.6280711889266968,0.009143948554992676,0.5585058897023572,True,0.009143948554992676,PASS,14,Output should not change drastically under degradation,Consistent
LessSensitiveRelation,0.1,-1.6372151374816895,-1.6359814405441284,0.0012336969375610352,0.07535333358359551,True,0.0012336969375610352,PASS,14,Output should not change drastically under degradation,Consistent
LessSensitiveRelation,0.325,-1.6372151374816895,-1.636299967765808,0.0009151697158813477,0.055897916892575394,True,0.0009151697158813477,PASS,14,Output should not change drastically under degradation,Consistent
LessSensitiveRelation,0.55,-1.6372151374816895,-1.6366064548492432,0.0006086826324462891,0.03717790330252572,True,0.0006086826324462891,PASS,14,Output should not change drastically under degradation,Consistent
LessSensitiveRelation,0.775,-1.6372151374816895,-1.6369231939315796,0.0002919435501098633,0.017831704893827946,True,0.0002919435501098633,PASS,14,Output should not change drastically under degradation,Consistent
LessSensitiveRelation,1.0,-1.6372151374816895,-1.6372151374816895,0.0,0.0,True,0.0,PASS,14,Output should not change drastically under degradation,Consistent
RainRelation,0.0,-1.6372151374816895,-1.636940598487854,0.0002745389938354492,0.01676864694589047,True,0.0002745389938354492,PASS,14,Rain should not significantly affect prediction,Consistent
RainRelation,0.25,-1.6372151374816895,-1.6369121074676514,0.00030303001403808594,0.018508858244226475,True,0.00030303001403808594,PASS,14,Rain should not significantly affect prediction,Consistent
RainRelation,0.5,-1.6372151374816895,-1.636915683746338,0.0002994537353515625,0.018290421679581788,True,0.0002994537353515625,PASS,14,Rain should not significantly affect prediction,Consistent
RainRelation,0.75,-1.6372151374816895,-1.6368578672409058,0.0003572702407836914,0.02182181280800423,True,0.0003572702407836914,PASS,14,Rain should not significantly affect prediction,Consistent
RainRelation,1.0,-1.6372151374816895,-1.636971116065979,0.00024402141571044922,0.01490465492758914,True,0.00024402141571044922,PASS,14,Rain should not significantly affect prediction,Consistent
SnowRelation,0.0,-1.6372151374816895,-1.6372151374816895,0.0,0.0,True,0.0,PASS,14,Snow should not significantly affect prediction,Consistent
SnowRelation,0.25,-1.6372151374816895,-1.6362853050231934,0.0009298324584960938,0.05679350680761862,True,0.0009298324584960938,PASS,14,Snow should not significantly affect prediction,Consistent
SnowRelation,0.5,-1.6372151374816895,-1.6353839635849,0.0018311738967895508,0.11184680231690121,True,0.0018311738967895508,PASS,14,Snow should not significantly affect prediction,Consistent
SnowRelation,0.75,-1.6372151374816895,-1.634384036064148,0.002831101417541504,0.17292166579155568,True,0.002831101417541504,PASS,14,Snow should not significantly affect prediction,Consistent
SnowRelation,1.0,-1.6372151374816895,-1.6338939666748047,0.0033211708068847656,0.2028547563666993,True,0.0033211708068847656,PASS,14,Snow should not significantly affect prediction,Consistent
FogRelation,0.0,-1.6372151374816895,-1.6372151374816895,0.0,0.0,True,0.0,PASS,14,Fog should not significantly affect prediction,Consistent
FogRelation,0.25,-1.6372151374816895,-1.6349351406097412,0.002279996871948242,0.13926059117980943,True,0.002279996871948242,PASS,14,Fog should not significantly affect prediction,Consistent
FogRelation,0.5,-1.6372151374816895,-1.63264799118042,0.004567146301269531,0.27895805548890823,True,0.004567146301269531,PASS,14,Fog should not significantly affect prediction,Consistent
FogRelation,0.75,-1.6372151374816895,-1.6303589344024658,0.006856203079223633,0.41877201929915087,True,0.006856203079223633,PASS,14,Fog should not significantly affect prediction,Consistent
FogRelation,1.0,-1.6372151374816895,-1.6280711889266968,0.009143948554992676,0.5585058897023572,True,0.009143948554992676,PASS,14,Fog should not significantly affect prediction,Consistent
TemporalSmoothnessRelation,0.0,-1.6304875612258911,-1.6305943727493286,0.0001068115234375,0.0,True,0.0001068115234375,PASS,14,Predictions should change smoothly across consecutive frames,Consistent
TemporalSmoothnessRelation,25.0,-1.6301090717315674,-1.6323829889297485,0.0022739171981811523,0.0,True,0.0022739171981811523,PASS,14,Predictions should change smoothly across consecutive frames,Consistent
TemporalSmoothnessRelation,50.0,-1.637676477432251,-1.6349196434020996,0.002756834030151367,0.0,True,0.002756834030151367,PASS,14,Predictions should change smoothly across consecutive frames,Consistent
TemporalSmoothnessRelation,75.0,-1.6374915838241577,-1.6324806213378906,0.00501096248626709,0.0,True,0.00501096248626709,PASS,14,Predictions should change smoothly across consecutive frames,Consistent
TemporalSmoothnessRelation,100.0,-1.632336974143982,-1.63276207447052,0.00042510032653808594,0.0,True,0.00042510032653808594,PASS,14,Predictions should change smoothly across consecutive frames,Consistent
BrightnessRelation,0.2,-1.6285935640335083,-1.6343907117843628,0.005797147750854492,0.3559601560069567,True,0.005797147750854492,PASS,15,Output should remain approximately same under brightness change,Consistent
BrightnessRelation,0.7749999999999999,-1.6285935640335083,-1.630238652229309,0.0016450881958007812,0.10101275247575575,True,0.0016450881958007812,PASS,15,Output should remain approximately same under brightness change,Consistent
BrightnessRelation,1.3499999999999999,-1.6285935640335083,-1.6264687776565552,0.002124786376953125,0.13046748551651235,True,0.002124786376953125,PASS,15,Output should remain approximately same under brightness change,Consistent
BrightnessRelation,1.9249999999999998,-1.6285935640335083,-1.6239681243896484,0.004625439643859863,0.2840141890443333,True,0.004625439643859863,PASS,15,Output should remain approximately same under brightness change,Consistent
BrightnessRelation,2.5,-1.6285935640335083,-1.624023199081421,0.004570364952087402,0.2806324577657971,True,0.004570364952087402,PASS,15,Output should remain approximately same under brightness change,Consistent
RotationRelation,-25.0,-1.6285935640335083,-1.6328010559082031,0.004207491874694824,0.25835109410375356,True,0.004207491874694824,PASS,15,Small rotation should not significantly change output,Consistent
RotationRelation,-12.5,-1.6285935640335083,-1.630001187324524,0.001407623291015625,0.08643178124882057,True,0.001407623291015625,PASS,15,Small rotation should not significantly change output,Consistent
RotationRelation,0.0,-1.6285935640335083,-1.6285935640335083,0.0,0.0,True,0.0,PASS,15,Small rotation should not significantly change output,Consistent
RotationRelation,12.5,-1.6285935640335083,-1.629556655883789,0.0009630918502807617,0.05913637878635006,True,0.0009630918502807617,PASS,15,Small rotation should not significantly change output,Consistent
RotationRelation,25.0,-1.6285935640335083,-1.6314059495925903,0.0028123855590820312,0.1726878881455094,True,0.0028123855590820312,PASS,15,Small rotation should not significantly change output,Consistent
TranslationRelation,0.0,-1.6285935640335083,-1.6285935640335083,0.0,0.0,True,0.0,PASS,15,Small translation should preserve prediction consistency,Consistent
TranslationRelation,10.0,-1.6285935640335083,-1.628406286239624,0.00018727779388427734,0.011499350299957412,True,0.00018727779388427734,PASS,15,Small translation should preserve prediction consistency,Consistent
TranslationRelation,20.0,-1.6285935640335083,-1.6284548044204712,0.00013875961303710938,0.008520206078389833,True,0.00013875961303710938,PASS,15,Small translation should preserve prediction consistency,Consistent
TranslationRelation,30.0,-1.6285935640335083,-1.628966212272644,0.0003726482391357422,0.022881584365160326,True,0.0003726482391357422,PASS,15,Small translation should preserve prediction consistency,Consistent
TranslationRelation,40.0,-1.6285935640335083,-1.6291217803955078,0.0005282163619995117,0.03243387726232418,True,0.0005282163619995117,PASS,15,Small translation should preserve prediction consistency,Consistent
NoiseRelation,0.0,-1.6285935640335083,-1.6285935640335083,0.0,0.0,True,0.0,PASS,15,Noise should not significantly affect prediction,Consistent
NoiseRelation,25.0,-1.6285935640335083,-1.6286224126815796,2.8848648071289062e-05,0.0017713830506618038,True,2.8848648071289062e-05,PASS,15,Noise should not significantly affect prediction,Consistent
NoiseRelation,50.0,-1.6285935640335083,-1.6285592317581177,3.4332275390625e-05,0.0021080922255809894,True,3.4332275390625e-05,PASS,15,Noise should not significantly affect prediction,Consistent
NoiseRelation,75.0,-1.6285935640335083,-1.6288816928863525,0.0002881288528442383,0.01769187121260157,True,0.0002881288528442383,PASS,15,Noise should not significantly affect prediction,Consistent
NoiseRelation,100.0,-1.6285935640335083,-1.6289317607879639,0.0003381967544555664,0.02076617237490718,True,0.0003381967544555664,PASS,15,Noise should not significantly affect prediction,Consistent
BlurRelation,1.0,-1.6285935640335083,-1.6285935640335083,0.0,0.0,True,0.0,PASS,15,Blur should not significantly change output,Consistent
BlurRelation,4.5,-1.6285935640335083,-1.6286081075668335,1.4543533325195312e-05,0.0008930112900030581,True,1.4543533325195312e-05,PASS,15,Blur should not significantly change output,Consistent
BlurRelation,8.0,-1.6285935640335083,-1.6286211013793945,2.753734588623047e-05,0.0016908656392680855,True,2.753734588623047e-05,PASS,15,Blur should not significantly change output,Consistent
BlurRelation,11.5,-1.6285935640335083,-1.6286258697509766,3.230571746826172e-05,0.0019836562261543343,True,3.230571746826172e-05,PASS,15,Blur should not significantly change output,Consistent
BlurRelation,15.0,-1.6285935640335083,-1.6286375522613525,4.398822784423828e-05,0.002700993164025643,True,4.398822784423828e-05,PASS,15,Blur should not significantly change output,Consistent
ContrastRelation,0.2,-1.6285935640335083,-1.6343907117843628,0.005797147750854492,0.3559601560069567,True,0.005797147750854492,PASS,15,Contrast change should not significantly affect output,Consistent
ContrastRelation,0.8999999999999999,-1.6285935640335083,-1.6293344497680664,0.0007408857345581055,0.04549233743745087,True,0.0007408857345581055,PASS,15,Contrast change should not significantly affect output,Consistent
ContrastRelation,1.5999999999999999,-1.6285935640335083,-1.6250790357589722,0.003514528274536133,0.21580130206450954,True,0.003514528274536133,PASS,15,Contrast change should not significantly affect output,Consistent
ContrastRelation,2.3,-1.6285935640335083,-1.6237246990203857,0.004868865013122559,0.29896114850487626,True,0.004868865013122559,PASS,15,Contrast change should not significantly affect output,Consistent
ContrastRelation,3.0,-1.6285935640335083,-1.6251729726791382,0.003420591354370117,0.21003332750285042,True,0.003420591354370117,PASS,15,Contrast change should not significantly affect output,Consistent
WeatherRelation,0.0,-1.6285935640335083,-1.6285935640335083,0.0,0.0,True,0.0,PASS,15,Weather changes should not significantly affect output,Consistent
WeatherRelation,0.25,-1.6285935640335083,-1.6284672021865845,0.00012636184692382812,0.0077589505524855865,True,0.00012636184692382812,PASS,15,Weather changes should not significantly affect output,Consistent
WeatherRelation,0.5,-1.6285935640335083,-1.628339171409607,0.0002543926239013672,0.01562037781038136,True,0.0002543926239013672,PASS,15,Weather changes should not significantly affect output,Consistent
WeatherRelation,0.75,-1.6285935640335083,-1.6282052993774414,0.00038826465606689453,0.02384047353721279,True,0.00038826465606689453,PASS,15,Weather changes should not significantly affect output,Consistent
WeatherRelation,1.0,-1.6285935640335083,-1.6280711889266968,0.0005223751068115234,0.03207520879338853,True,0.0005223751068115234,PASS,15,Weather changes should not significantly affect output,Consistent
LessSensitiveRelation,0.1,-1.6285935640335083,-1.6285427808761597,5.078315734863281e-05,0.003118219750338547,True,5.078315734863281e-05,PASS,15,Output should not change drastically under degradation,Consistent
LessSensitiveRelation,0.325,-1.6285935640335083,-1.6284295320510864,0.000164031982421875,0.010071996188886951,True,0.000164031982421875,PASS,15,Output should not change drastically under degradation,Consistent
LessSensitiveRelation,0.55,-1.6285935640335083,-1.6283100843429565,0.0002834796905517578,0.017406400390387478,True,0.0002834796905517578,PASS,15,Output should not change drastically under degradation,Consistent
LessSensitiveRelation,0.775,-1.6285935640335083,-1.6281898021697998,0.0004037618637084961,0.024792042944593095,True,0.0004037618637084961,PASS,15,Output should not change drastically under degradation,Consistent
LessSensitiveRelation,1.0,-1.6285935640335083,-1.6280711889266968,0.0005223751068115234,0.03207520879338853,True,0.0005223751068115234,PASS,15,Output should not change drastically under degradation,Consistent
LessSensitiveRelation,0.1,-1.6285935640335083,-1.6351155042648315,0.006521940231323242,0.40046432521366643,True,0.006521940231323242,PASS,15,Output should not change drastically under degradation,Consistent
LessSensitiveRelation,0.325,-1.6285935640335083,-1.6334903240203857,0.004896759986877441,0.3006739734381608,True,0.004896759986877441,PASS,15,Output should not change drastically under degradation,Consistent
LessSensitiveRelation,0.55,-1.6285935640335083,-1.6318622827529907,0.003268718719482422,0.20070794731052338,True,0.003268718719482422,PASS,15,Output should not change drastically under degradation,Consistent
LessSensitiveRelation,0.775,-1.6285935640335083,-1.630238652229309,0.0016450881958007812,0.10101275247575575,True,0.0016450881958007812,PASS,15,Output should not change drastically under degradation,Consistent
LessSensitiveRelation,1.0,-1.6285935640335083,-1.6285935640335083,0.0,0.0,True,0.0,PASS,15,Output should not change drastically under degradation,Consistent
RainRelation,0.0,-1.6285935640335083,-1.6300408840179443,0.0014473199844360352,0.0888692628846486,True,0.0014473199844360352,PASS,15,Rain should not significantly affect prediction,Consistent
RainRelation,0.25,-1.6285935640335083,-1.6300544738769531,0.0014609098434448242,0.08970371605727441,True,0.0014609098434448242,PASS,15,Rain should not significantly affect prediction,Consistent
RainRelation,0.5,-1.6285935640335083,-1.6300454139709473,0.0014518499374389648,0.08914741394219053,True,0.0014518499374389648,PASS,15,Rain should not significantly affect prediction,Consistent
RainRelation,0.75,-1.6285935640335083,-1.630022644996643,0.0014290809631347656,0.0877493388898087,True,0.0014290809631347656,PASS,15,Rain should not significantly affect prediction,Consistent
RainRelation,1.0,-1.6285935640335083,-1.6300603151321411,0.0014667510986328125,0.09006238452621006,True,0.0014667510986328125,PASS,15,Rain should not significantly affect prediction,Consistent
SnowRelation,0.0,-1.6285935640335083,-1.6285935640335083,0.0,0.0,True,0.0,PASS,15,Snow should not significantly affect prediction,Consistent
SnowRelation,0.25,-1.6285935640335083,-1.628801941871643,0.00020837783813476562,0.012794948646929063,True,0.00020837783813476562,PASS,15,Snow should not significantly affect prediction,Consistent
SnowRelation,0.5,-1.6285935640335083,-1.629513144493103,0.0009195804595947266,0.056464664681013035,True,0.0009195804595947266,PASS,15,Snow should not significantly affect prediction,Consistent
SnowRelation,0.75,-1.6285935640335083,-1.6304616928100586,0.001868128776550293,0.11470803217736003,True,0.001868128776550293,PASS,15,Snow should not significantly affect prediction,Consistent
SnowRelation,1.0,-1.6285935640335083,-1.6303761005401611,0.001782536506652832,0.10945244114275188,True,0.001782536506652832,PASS,15,Snow should not significantly affect prediction,Consistent
FogRelation,0.0,-1.6285935640335083,-1.6285935640335083,0.0,0.0,True,0.0,PASS,15,Fog should not significantly affect prediction,Consistent
FogRelation,0.25,-1.6285935640335083,-1.6284672021865845,0.00012636184692382812,0.0077589505524855865,True,0.00012636184692382812,PASS,15,Fog should not significantly affect prediction,Consistent
FogRelation,0.5,-1.6285935640335083,-1.628339171409607,0.0002543926239013672,0.01562037781038136,True,0.0002543926239013672,PASS,15,Fog should not significantly affect prediction,Consistent
FogRelation,0.75,-1.6285935640335083,-1.6282052993774414,0.00038826465606689453,0.02384047353721279,True,0.00038826465606689453,PASS,15,Fog should not significantly affect prediction,Consistent
FogRelation,1.0,-1.6285935640335083,-1.6280711889266968,0.0005223751068115234,0.03207520879338853,True,0.0005223751068115234,PASS,15,Fog should not significantly affect prediction,Consistent
TemporalSmoothnessRelation,0.0,-1.6304875612258911,-1.6305943727493286,0.0001068115234375,0.0,True,0.0001068115234375,PASS,15,Predictions should change smoothly across consecutive frames,Consistent
TemporalSmoothnessRelation,25.0,-1.6301090717315674,-1.6323829889297485,0.0022739171981811523,0.0,True,0.0022739171981811523,PASS,15,Predictions should change smoothly across consecutive frames,Consistent
TemporalSmoothnessRelation,50.0,-1.637676477432251,-1.6349196434020996,0.002756834030151367,0.0,True,0.002756834030151367,PASS,15,Predictions should change smoothly across consecutive frames,Consistent
TemporalSmoothnessRelation,75.0,-1.6374915838241577,-1.6324806213378906,0.00501096248626709,0.0,True,0.00501096248626709,PASS,15,Predictions should change smoothly across consecutive frames,Consistent
TemporalSmoothnessRelation,100.0,-1.632336974143982,-1.63276207447052,0.00042510032653808594,0.0,True,0.00042510032653808594,PASS,15,Predictions should change smoothly across consecutive frames,Consistent
BrightnessRelation,0.2,-1.631396770477295,-1.6349531412124634,0.003556370735168457,0.2179953166252015,True,0.003556370735168457,PASS,16,Output should remain approximately same under brightness change,Consistent
BrightnessRelation,0.7749999999999999,-1.631396770477295,-1.6324094533920288,0.0010126829147338867,0.062074555516746115,True,0.0010126829147338867,PASS,16,Output should remain approximately same under brightness change,Consistent
BrightnessRelation,1.3499999999999999,-1.631396770477295,-1.630297064781189,0.001099705696105957,0.06740880219446532,True,0.001099705696105957,PASS,16,Output should remain approximately same under brightness change,Consistent
BrightnessRelation,1.9249999999999998,-1.631396770477295,-1.629138708114624,0.0022580623626708984,0.13841274050596877,True,0.0022580623626708984,PASS,16,Output should remain approximately same under brightness change,Consistent
BrightnessRelation,2.5,-1.631396770477295,-1.6284631490707397,0.0029336214065551758,0.17982257053697528,True,0.0029336214065551758,PASS,16,Output should remain approximately same under brightness change,Consistent
RotationRelation,-25.0,-1.631396770477295,-1.6340782642364502,0.0026814937591552734,0.1643678695460491,True,0.0026814937591552734,PASS,16,Small rotation should not significantly change output,Consistent
RotationRelation,-12.5,-1.631396770477295,-1.6322288513183594,0.0008320808410644531,0.05100416686367132,True,0.0008320808410644531,PASS,16,Small rotation should not significantly change output,Consistent
RotationRelation,0.0,-1.631396770477295,-1.631396770477295,0.0,0.0,True,0.0,PASS,16,Small rotation should not significantly change output,Consistent
RotationRelation,12.5,-1.631396770477295,-1.6332389116287231,0.0018421411514282227,0.11291796426136289,True,0.0018421411514282227,PASS,16,Small rotation should not significantly change output,Consistent
RotationRelation,25.0,-1.631396770477295,-1.632253885269165,0.0008571147918701172,0.05253867618191931,True,0.0008571147918701172,PASS,16,Small rotation should not significantly change output,Consistent
TranslationRelation,0.0,-1.631396770477295,-1.631396770477295,0.0,0.0,True,0.0,PASS,16,Small translation should preserve prediction consistency,Consistent
TranslationRelation,10.0,-1.631396770477295,-1.6309881210327148,0.0004086494445800781,0.025049037823591018,True,0.0004086494445800781,PASS,16,Small translation should preserve prediction consistency,Consistent
TranslationRelation,20.0,-1.631396770477295,-1.63053560256958,0.0008611679077148438,0.052787120547730895,True,0.0008611679077148438,PASS,16,Small translation should preserve prediction consistency,Consistent
TranslationRelation,30.0,-1.631396770477295,-1.6302235126495361,0.001173257827758789,0.0719173367152225,True,0.001173257827758789,PASS,16,Small translation should preserve prediction consistency,Consistent
TranslationRelation,40.0,-1.631396770477295,-1.629805326461792,0.0015914440155029297,0.09755094951719372,True,0.0015914440155029297,PASS,16,Small translation should preserve prediction consistency,Consistent
NoiseRelation,0.0,-1.631396770477295,-1.631396770477295,0.0,0.0,True,0.0,PASS,16,Noise should not significantly affect prediction,Consistent
NoiseRelation,25.0,-1.631396770477295,-1.6314146518707275,1.7881393432617188e-05,0.0010960780844628507,True,1.7881393432617188e-05,PASS,16,Noise should not significantly affect prediction,Consistent
NoiseRelation,50.0,-1.631396770477295,-1.6314387321472168,4.1961669921875e-05,0.002572129904872823,True,4.1961669921875e-05,PASS,16,Noise should not significantly affect prediction,Consistent
NoiseRelation,75.0,-1.631396770477295,-1.6315513849258423,0.00015461444854736328,0.009477421836988784,True,0.00015461444854736328,PASS,16,Noise should not significantly affect prediction,Consistent
NoiseRelation,100.0,-1.631396770477295,-1.6317713260650635,0.0003745555877685547,0.022959182275881847,True,0.0003745555877685547,PASS,16,Noise should not significantly affect prediction,Consistent
BlurRelation,1.0,-1.631396770477295,-1.631396770477295,0.0,0.0,True,0.0,PASS,16,Blur should not significantly change output,Consistent
BlurRelation,4.5,-1.631396770477295,-1.6313467025756836,5.0067901611328125e-05,0.003069018636495982,True,5.0067901611328125e-05,PASS,16,Blur should not significantly change output,Consistent
BlurRelation,8.0,-1.631396770477295,-1.63132643699646,7.033348083496094e-05,0.004311240465553879,True,7.033348083496094e-05,PASS,16,Blur should not significantly change output,Consistent
BlurRelation,11.5,-1.631396770477295,-1.6313233375549316,7.343292236328125e-05,0.004501227333527441,True,7.343292236328125e-05,PASS,16,Blur should not significantly change output,Consistent
BlurRelation,15.0,-1.631396770477295,-1.6313294172286987,6.73532485961914e-05,0.004128560784810071,True,6.73532485961914e-05,PASS,16,Blur should not significantly change output,Consistent
ContrastRelation,0.2,-1.631396770477295,-1.6349531412124634,0.003556370735168457,0.2179953166252015,True,0.003556370735168457,PASS,16,Contrast change should not significantly affect output,Consistent
ContrastRelation,0.8999999999999999,-1.631396770477295,-1.631854772567749,0.00045800209045410156,0.028074213336708485,True,0.00045800209045410156,PASS,16,Contrast change should not significantly affect output,Consistent
ContrastRelation,1.5999999999999999,-1.631396770477295,-1.6297011375427246,0.0016956329345703125,0.10393743115599725,True,0.0016956329345703125,PASS,16,Contrast change should not significantly affect output,Consistent
ContrastRelation,2.3,-1.631396770477295,-1.628664255142212,0.002732515335083008,0.1674953456803831,True,0.002732515335083008,PASS,16,Contrast change should not significantly affect output,Consistent
ContrastRelation,3.0,-1.631396770477295,-1.6282554864883423,0.0031412839889526367,0.19255169069120387,True,0.0031412839889526367,PASS,16,Contrast change should not significantly affect output,Consistent
WeatherRelation,0.0,-1.631396770477295,-1.631396770477295,0.0,0.0,True,0.0,PASS,16,Weather changes should not significantly affect output,Consistent
WeatherRelation,0.25,-1.631396770477295,-1.6305656433105469,0.0008311271667480469,0.0509457093658333,True,0.0008311271667480469,PASS,16,Weather changes should not significantly affect output,Consistent
WeatherRelation,0.5,-1.631396770477295,-1.6297351121902466,0.0016616582870483398,0.10185488279551784,True,0.0016616582870483398,PASS,16,Weather changes should not significantly affect output,Consistent
WeatherRelation,0.75,-1.631396770477295,-1.6289095878601074,0.0024871826171875,0.15245715436155277,True,0.0024871826171875,PASS,16,Weather changes should not significantly affect output,Consistent
WeatherRelation,1.0,-1.631396770477295,-1.6280711889266968,0.0033255815505981445,0.20384860214840098,True,0.0033255815505981445,PASS,16,Weather changes should not significantly affect output,Consistent
LessSensitiveRelation,0.1,-1.631396770477295,-1.6310664415359497,0.00033032894134521484,0.02024821581364373,True,0.00033032894134521484,PASS,16,Output should not change drastically under degradation,Consistent
LessSensitiveRelation,0.325,-1.631396770477295,-1.630318284034729,0.001078486442565918,0.06610812286756941,True,0.001078486442565918,PASS,16,Output should not change drastically under degradation,Consistent
LessSensitiveRelation,0.55,-1.631396770477295,-1.6295762062072754,0.0018205642700195312,0.11159536337277771,True,0.0018205642700195312,PASS,16,Output should not change drastically under degradation,Consistent
LessSensitiveRelation,0.775,-1.631396770477295,-1.6288189888000488,0.0025777816772460938,0.15801061665616456,True,0.0025777816772460938,PASS,16,Output should not change drastically under degradation,Consistent
LessSensitiveRelation,1.0,-1.631396770477295,-1.6280711889266968,0.0033255815505981445,0.20384860214840098,True,0.0033255815505981445,PASS,16,Output should not change drastically under degradation,Consistent
LessSensitiveRelation,0.1,-1.631396770477295,-1.6353991031646729,0.00400233268737793,0.245331504051705,True,0.00400233268737793,PASS,16,Output should not change drastically under degradation,Consistent
LessSensitiveRelation,0.325,-1.631396770477295,-1.634404182434082,0.0030074119567871094,0.184345719432192,True,0.0030074119567871094,PASS,16,Output should not change drastically under degradation,Consistent
LessSensitiveRelation,0.55,-1.631396770477295,-1.633404016494751,0.0020072460174560547,0.12303841857456987,True,0.0020072460174560547,PASS,16,Output should not change drastically under degradation,Consistent
LessSensitiveRelation,0.775,-1.631396770477295,-1.6324094533920288,0.0010126829147338867,0.062074555516746115,True,0.0010126829147338867,PASS,16,Output should not change drastically under degradation,Consistent
LessSensitiveRelation,1.0,-1.631396770477295,-1.631396770477295,0.0,0.0,True,0.0,PASS,16,Output should not change drastically under degradation,Consistent
RainRelation,0.0,-1.631396770477295,-1.6322828531265259,0.000886082649230957,0.05431432267874913,True,0.000886082649230957,PASS,16,Rain should not significantly affect prediction,Consistent
RainRelation,0.25,-1.631396770477295,-1.6322537660598755,0.0008569955825805664,0.05253136899468956,True,0.0008569955825805664,PASS,16,Rain should not significantly affect prediction,Consistent
RainRelation,0.5,-1.631396770477295,-1.6322264671325684,0.0008296966552734375,0.05085802311907627,True,0.0008296966552734375,PASS,16,Rain should not significantly affect prediction,Consistent
RainRelation,0.75,-1.631396770477295,-1.632334589958191,0.0009378194808959961,0.05748564193646165,True,0.0009378194808959961,PASS,16,Rain should not significantly affect prediction,Consistent
RainRelation,1.0,-1.631396770477295,-1.6322731971740723,0.0008764266967773438,0.05372244051313919,True,0.0008764266967773438,PASS,16,Rain should not significantly affect prediction,Consistent
SnowRelation,0.0,-1.631396770477295,-1.631396770477295,0.0,0.0,True,0.0,PASS,16,Snow should not significantly affect prediction,Consistent
SnowRelation,0.25,-1.631396770477295,-1.6316590309143066,0.00026226043701171875,0.016075811905455144,True,0.00026226043701171875,PASS,16,Snow should not significantly affect prediction,Consistent
SnowRelation,0.5,-1.631396770477295,-1.6320134401321411,0.0006166696548461914,0.03780007953950885,True,0.0006166696548461914,PASS,16,Snow should not significantly affect prediction,Consistent
SnowRelation,0.75,-1.631396770477295,-1.6313304901123047,6.628036499023438e-05,0.0040627960997423,True,6.628036499023438e-05,PASS,16,Snow should not significantly affect prediction,Consistent
SnowRelation,1.0,-1.631396770477295,-1.6313563585281372,4.0411949157714844e-05,0.0024771364708860424,True,4.0411949157714844e-05,PASS,16,Snow should not significantly affect prediction,Consistent
FogRelation,0.0,-1.631396770477295,-1.631396770477295,0.0,0.0,True,0.0,PASS,16,Fog should not significantly affect prediction,Consistent
FogRelation,0.25,-1.631396770477295,-1.6305656433105469,0.0008311271667480469,0.0509457093658333,True,0.0008311271667480469,PASS,16,Fog should not significantly affect prediction,Consistent
FogRelation,0.5,-1.631396770477295,-1.6297351121902466,0.0016616582870483398,0.10185488279551784,True,0.0016616582870483398,PASS,16,Fog should not significantly affect prediction,Consistent
FogRelation,0.75,-1.631396770477295,-1.6289095878601074,0.0024871826171875,0.15245715436155277,True,0.0024871826171875,PASS,16,Fog should not significantly affect prediction,Consistent
FogRelation,1.0,-1.631396770477295,-1.6280711889266968,0.0033255815505981445,0.20384860214840098,True,0.0033255815505981445,PASS,16,Fog should not significantly affect prediction,Consistent
TemporalSmoothnessRelation,0.0,-1.6304875612258911,-1.6305943727493286,0.0001068115234375,0.0,True,0.0001068115234375,PASS,16,Predictions should change smoothly across consecutive frames,Consistent
TemporalSmoothnessRelation,25.0,-1.6301090717315674,-1.6323829889297485,0.0022739171981811523,0.0,True,0.0022739171981811523,PASS,16,Predictions should change smoothly across consecutive frames,Consistent
TemporalSmoothnessRelation,50.0,-1.637676477432251,-1.6349196434020996,0.002756834030151367,0.0,True,0.002756834030151367,PASS,16,Predictions should change smoothly across consecutive frames,Consistent
TemporalSmoothnessRelation,75.0,-1.6374915838241577,-1.6324806213378906,0.00501096248626709,0.0,True,0.00501096248626709,PASS,16,Predictions should change smoothly across consecutive frames,Consistent
TemporalSmoothnessRelation,100.0,-1.632336974143982,-1.63276207447052,0.00042510032653808594,0.0,True,0.00042510032653808594,PASS,16,Predictions should change smoothly across consecutive frames,Consistent
BrightnessRelation,0.2,-1.6319187879562378,-1.6350570917129517,0.003138303756713867,0.192307476131788,True,0.003138303756713867,PASS,17,Output should remain approximately same under brightness change,Consistent
BrightnessRelation,0.7749999999999999,-1.6319187879562378,-1.6328139305114746,0.0008951425552368164,0.05485211723291029,True,0.0008951425552368164,PASS,17,Output should remain approximately same under brightness change,Consistent
BrightnessRelation,1.3499999999999999,-1.6319187879562378,-1.6307142972946167,0.0012044906616210938,0.07380820249318491,True,0.0012044906616210938,PASS,17,Output should remain approximately same under brightness change,Consistent
BrightnessRelation,1.9249999999999998,-1.6319187879562378,-1.6292380094528198,0.0026807785034179688,0.16427146255609087,True,0.0026807785034179688,PASS,17,Output should remain approximately same under brightness change,Consistent
BrightnessRelation,2.5,-1.6319187879562378,-1.628340721130371,0.0035780668258666992,0.21925506708560422,True,0.0035780668258666992,PASS,17,Output should remain approximately same under brightness change,Consistent
RotationRelation,-25.0,-1.6319187879562378,-1.639312982559204,0.007394194602966309,0.45309791924433696,True,0.007394194602966309,PASS,17,Small rotation should not significantly change output,Consistent
RotationRelation,-12.5,-1.6319187879562378,-1.6343107223510742,0.0023919343948364258,0.1465718114633566,True,0.0023919343948364258,PASS,17,Small rotation should not significantly change output,Consistent
RotationRelation,0.0,-1.6319187879562378,-1.6319187879562378,0.0,0.0,True,0.0,PASS,17,Small rotation should not significantly change output,Consistent
RotationRelation,12.5,-1.6319187879562378,-1.6328517198562622,0.0009329319000244141,0.05716775462308641,True,0.0009329319000244141,PASS,17,Small rotation should not significantly change output,Consistent
RotationRelation,25.0,-1.6319187879562378,-1.6320652961730957,0.00014650821685791016,0.008977660418064554,True,0.00014650821685791016,PASS,17,Small rotation should not significantly change output,Consistent
TranslationRelation,0.0,-1.6319187879562378,-1.6319187879562378,0.0,0.0,True,0.0,PASS,17,Small translation should preserve prediction consistency,Consistent
TranslationRelation,10.0,-1.6319187879562378,-1.6322165727615356,0.00029778480529785156,0.018247514828580357,True,0.00029778480529785156,PASS,17,Small translation should preserve prediction consistency,Consistent
TranslationRelation,20.0,-1.6319187879562378,-1.6324933767318726,0.0005745887756347656,0.03520937609037523,True,0.0005745887756347656,PASS,17,Small translation should preserve prediction consistency,Consistent
TranslationRelation,30.0,-1.6319187879562378,-1.6321368217468262,0.0002180337905883789,0.013360570304833255,True,0.0002180337905883789,PASS,17,Small translation should preserve prediction consistency,Consistent
TranslationRelation,40.0,-1.6319187879562378,-1.6311612129211426,0.0007575750350952148,0.046422320550691815,True,0.0007575750350952148,PASS,17,Small translation should preserve prediction consistency,Consistent
NoiseRelation,0.0,-1.6319187879562378,-1.6319187879562378,0.0,0.0,True,0.0,PASS,17,Noise should not significantly affect prediction,Consistent
NoiseRelation,25.0,-1.6319187879562378,-1.6318950653076172,2.372264862060547e-05,0.001453665112444952,True,2.372264862060547e-05,PASS,17,Noise should not significantly affect prediction,Consistent
NoiseRelation,50.0,-1.6319187879562378,-1.6320242881774902,0.0001055002212524414,0.006464792082983833,True,0.0001055002212524414,PASS,17,Noise should not significantly affect prediction,Consistent
NoiseRelation,75.0,-1.6319187879562378,-1.6319735050201416,5.4717063903808594e-05,0.003352926063378056,True,5.4717063903808594e-05,PASS,17,Noise should not significantly affect prediction,Consistent
NoiseRelation,100.0,-1.6319187879562378,-1.631618618965149,0.0003001689910888672,0.018393611824805978,True,0.0003001689910888672,PASS,17,Noise should not significantly affect prediction,Consistent
BlurRelation,1.0,-1.6319187879562378,-1.6319187879562378,0.0,0.0,True,0.0,PASS,17,Blur should not significantly change output,Consistent
BlurRelation,4.5,-1.6319187879562378,-1.6320133209228516,9.453296661376953e-05,0.0057927459003459655,True,9.453296661376953e-05,PASS,17,Blur should not significantly change output,Consistent
BlurRelation,8.0,-1.6319187879562378,-1.6319868564605713,6.80685043334961e-05,0.004171069242241547,True,6.80685043334961e-05,PASS,17,Blur should not significantly change output,Consistent
BlurRelation,11.5,-1.6319187879562378,-1.6319750547409058,5.626678466796875e-05,0.0034478891109247104,True,5.626678466796875e-05,PASS,17,Blur should not significantly change output,Consistent
BlurRelation,15.0,-1.6319187879562378,-1.6319565773010254,3.7789344787597656e-05,0.00231563739017613,True,3.7789344787597656e-05,PASS,17,Blur should not significantly change output,Consistent
ContrastRelation,0.2,-1.6319187879562378,-1.6350570917129517,0.003138303756713867,0.192307476131788,True,0.003138303756713867,PASS,17,Contrast change should not significantly affect output,Consistent
ContrastRelation,0.8999999999999999,-1.6319187879562378,-1.6323249340057373,0.0004061460494995117,0.024887623307034937,True,0.0004061460494995117,PASS,17,Contrast change should not significantly affect output,Consistent
ContrastRelation,1.5999999999999999,-1.6319187879562378,-1.6300177574157715,0.0019010305404663086,0.11649043994050078,True,0.0019010305404663086,PASS,17,Contrast change should not significantly affect output,Consistent
ContrastRelation,2.3,-1.6319187879562378,-1.628579020500183,0.0033397674560546875,0.20465267231285317,True,0.0033397674560546875,PASS,17,Contrast change should not significantly affect output,Consistent
ContrastRelation,3.0,-1.6319187879562378,-1.6280179023742676,0.003900885581970215,0.2390366003745536,True,0.003900885581970215,PASS,17,Contrast change should not significantly affect output,Consistent
WeatherRelation,0.0,-1.6319187879562378,-1.6319187879562378,0.0,0.0,True,0.0,PASS,17,Weather changes should not significantly affect output,Consistent
WeatherRelation,0.25,-1.6319187879562378,-1.6309571266174316,0.0009616613388061523,0.05892822342760517,True,0.0009616613388061523,PASS,17,Weather changes should not significantly affect output,Consistent
WeatherRelation,0.5,-1.6319187879562378,-1.6299958229064941,0.0019229650497436523,0.11783453230577651,True,0.0019229650497436523,PASS,17,Weather changes should not significantly affect output,Consistent
WeatherRelation,0.75,-1.6319187879562378,-1.6290345191955566,0.0028842687606811523,0.17674084118394784,True,0.0028842687606811523,PASS,17,Weather changes should not significantly affect output,Consistent
WeatherRelation,1.0,-1.6319187879562378,-1.6280711889266968,0.0038475990295410156,0.2357713325089109,True,0.0038475990295410156,PASS,17,Weather changes should not significantly affect output,Consistent
LessSensitiveRelation,0.1,-1.6319187879562378,-1.63153874874115,0.0003800392150878906,0.02328786119836436,True,0.0003800392150878906,PASS,17,Output should not change drastically under degradation,Consistent
LessSensitiveRelation,0.325,-1.6319187879562378,-1.6306703090667725,0.001248478889465332,0.07650369207354767,True,0.001248478889465332,PASS,17,Output should not change drastically under degradation,Consistent
LessSensitiveRelation,0.55,-1.6319187879562378,-1.6298034191131592,0.0021153688430786133,0.1296245599011843,True,0.0021153688430786133,PASS,17,Output should not change drastically under degradation,Consistent
LessSensitiveRelation,0.775,-1.6319187879562378,-1.6289409399032593,0.0029778480529785156,0.18247514828580355,True,0.0029778480529785156,PASS,17,Output should not change drastically under degradation,Consistent
LessSensitiveRelation,1.0,-1.6319187879562378,-1.6280711889266968,0.0038475990295410156,0.2357713325089109,True,0.0038475990295410156,PASS,17,Output should not change drastically under degradation,Consistent
LessSensitiveRelation,0.1,-1.6319187879562378,-1.6354475021362305,0.0035287141799926758,0.2162308592637338,True,0.0035287141799926758,PASS,17,Output should not change drastically under degradation,Consistent
LessSensitiveRelation,0.325,-1.6319187879562378,-1.6345713138580322,0.0026525259017944336,0.16254021315081724,True,0.0026525259017944336,PASS,17,Output should not change drastically under degradation,Consistent
LessSensitiveRelation,0.55,-1.6319187879562378,-1.6336947679519653,0.001775979995727539,0.10882765248846683,True,0.001775979995727539,PASS,17,Output should not change drastically under degradation,Consistent
LessSensitiveRelation,0.775,-1.6319187879562378,-1.6328139305114746,0.0008951425552368164,0.05485211723291029,True,0.0008951425552368164,PASS,17,Output should not change drastically under degradation,Consistent
LessSensitiveRelation,1.0,-1.6319187879562378,-1.6319187879562378,0.0,0.0,True,0.0,PASS,17,Output should not change drastically under degradation,Consistent
RainRelation,0.0,-1.6319187879562378,-1.6326996088027954,0.0007808208465576172,0.047846766263891644,True,0.0007808208465576172,PASS,17,Rain should not significantly affect prediction,Consistent
RainRelation,0.25,-1.6319187879562378,-1.6326979398727417,0.0007791519165039062,0.0477444983665337,True,0.0007791519165039062,PASS,17,Rain should not significantly affect prediction,Consistent
RainRelation,0.5,-1.6319187879562378,-1.6326203346252441,0.0007015466690063477,0.04298904113938967,True,0.0007015466690063477,PASS,17,Rain should not significantly affect prediction,Consistent
RainRelation,0.75,-1.6319187879562378,-1.6325889825820923,0.0006701946258544922,0.04106786563902272,True,0.0006701946258544922,PASS,17,Rain should not significantly affect prediction,Consistent
RainRelation,1.0,-1.6319187879562378,-1.6325836181640625,0.000664830207824707,0.040739147397515066,True,0.000664830207824707,PASS,17,Rain should not significantly affect prediction,Consistent
SnowRelation,0.0,-1.6319187879562378,-1.6319187879562378,0.0,0.0,True,0.0,PASS,17,Snow should not significantly affect prediction,Consistent
SnowRelation,0.25,-1.6319187879562378,-1.632035493850708,0.00011670589447021484,0.007151447965244262,True,0.00011670589447021484,PASS,17,Snow should not significantly affect prediction,Consistent
SnowRelation,0.5,-1.6319187879562378,-1.6319458484649658,2.7060508728027344e-05,0.001658200907160825,True,2.7060508728027344e-05,PASS,17,Snow should not significantly affect prediction,Consistent
SnowRelation,0.75,-1.6319187879562378,-1.6317559480667114,0.0001628398895263672,0.009978424842210074,True,0.0001628398895263672,PASS,17,Snow should not significantly affect prediction,Consistent
SnowRelation,1.0,-1.6319187879562378,-1.6326555013656616,0.0007367134094238281,0.045143971833717614,True,0.0007367134094238281,PASS,17,Snow should not significantly affect prediction,Consistent
FogRelation,0.0,-1.6319187879562378,-1.6319187879562378,0.0,0.0,True,0.0,PASS,17,Fog should not significantly affect prediction,Consistent
FogRelation,0.25,-1.6319187879562378,-1.6309571266174316,0.0009616613388061523,0.05892822342760517,True,0.0009616613388061523,PASS,17,Fog should not significantly affect prediction,Consistent
FogRelation,0.5,-1.6319187879562378,-1.6299958229064941,0.0019229650497436523,0.11783453230577651,True,0.0019229650497436523,PASS,17,Fog should not significantly affect prediction,Consistent
FogRelation,0.75,-1.6319187879562378,-1.6290345191955566,0.0028842687606811523,0.17674084118394784,True,0.0028842687606811523,PASS,17,Fog should not significantly affect prediction,Consistent
FogRelation,1.0,-1.6319187879562378,-1.6280711889266968,0.0038475990295410156,0.2357713325089109,True,0.0038475990295410156,PASS,17,Fog should not significantly affect prediction,Consistent
TemporalSmoothnessRelation,0.0,-1.6304875612258911,-1.6305943727493286,0.0001068115234375,0.0,True,0.0001068115234375,PASS,17,Predictions should change smoothly across consecutive frames,Consistent
TemporalSmoothnessRelation,25.0,-1.6301090717315674,-1.6323829889297485,0.0022739171981811523,0.0,True,0.0022739171981811523,PASS,17,Predictions should change smoothly across consecutive frames,Consistent
TemporalSmoothnessRelation,50.0,-1.637676477432251,-1.6349196434020996,0.002756834030151367,0.0,True,0.002756834030151367,PASS,17,Predictions should change smoothly across consecutive frames,Consistent
TemporalSmoothnessRelation,75.0,-1.6374915838241577,-1.6324806213378906,0.00501096248626709,0.0,True,0.00501096248626709,PASS,17,Predictions should change smoothly across consecutive frames,Consistent
TemporalSmoothnessRelation,100.0,-1.632336974143982,-1.63276207447052,0.00042510032653808594,0.0,True,0.00042510032653808594,PASS,17,Predictions should change smoothly across consecutive frames,Consistent
BrightnessRelation,0.2,-1.6282047033309937,-1.6343121528625488,0.006107449531555176,0.3751030670793326,True,0.006107449531555176,PASS,18,Output should remain approximately same under brightness change,Consistent
BrightnessRelation,0.7749999999999999,-1.6282047033309937,-1.6299365758895874,0.00173187255859375,0.1063669384679512,True,0.00173187255859375,PASS,18,Output should remain approximately same under brightness change,Consistent
BrightnessRelation,1.3499999999999999,-1.6282047033309937,-1.6255838871002197,0.0026208162307739258,0.16096345967909603,True,0.0026208162307739258,PASS,18,Output should remain approximately same under brightness change,Consistent
BrightnessRelation,1.9249999999999998,-1.6282047033309937,-1.6246191263198853,0.0035855770111083984,0.22021646305334774,True,0.0035855770111083984,PASS,18,Output should remain approximately same under brightness change,Consistent
BrightnessRelation,2.5,-1.6282047033309937,-1.6251466274261475,0.0030580759048461914,0.1878187687581465,True,0.0030580759048461914,PASS,18,Output should remain approximately same under brightness change,Consistent
RotationRelation,-25.0,-1.6282047033309937,-1.6414549350738525,0.013250231742858887,0.8137934731312805,True,0.013250231742858887,PASS,18,Small rotation should not significantly change output,Consistent
RotationRelation,-12.5,-1.6282047033309937,-1.6339682340621948,0.005763530731201172,0.35398050255014485,True,0.005763530731201172,PASS,18,Small rotation should not significantly change output,Consistent
RotationRelation,0.0,-1.6282047033309937,-1.6282047033309937,0.0,0.0,True,0.0,PASS,18,Small rotation should not significantly change output,Consistent
RotationRelation,12.5,-1.6282047033309937,-1.62665855884552,0.0015461444854736328,0.09496002147090632,True,0.0015461444854736328,PASS,18,Small rotation should not significantly change output,Consistent
RotationRelation,25.0,-1.6282047033309937,-1.6265603303909302,0.0016443729400634766,0.10099294804700708,True,0.0016443729400634766,PASS,18,Small rotation should not significantly change output,Consistent
TranslationRelation,0.0,-1.6282047033309937,-1.6282047033309937,0.0,0.0,True,0.0,PASS,18,Small translation should preserve prediction consistency,Consistent
TranslationRelation,10.0,-1.6282047033309937,-1.6290489435195923,0.0008442401885986328,0.05185095389799218,True,0.0008442401885986328,PASS,18,Small translation should preserve prediction consistency,Consistent
TranslationRelation,20.0,-1.6282047033309937,-1.6301994323730469,0.0019947290420532227,0.12251087426928878,True,0.0019947290420532227,PASS,18,Small translation should preserve prediction consistency,Consistent
TranslationRelation,30.0,-1.6282047033309937,-1.6305702924728394,0.002365589141845703,0.14528810069920317,True,0.002365589141845703,PASS,18,Small translation should preserve prediction consistency,Consistent
TranslationRelation,40.0,-1.6282047033309937,-1.6299418210983276,0.0017371177673339844,0.10668908503269445,True,0.0017371177673339844,PASS,18,Small translation should preserve prediction consistency,Consistent
NoiseRelation,0.0,-1.6282047033309937,-1.6282047033309937,0.0,0.0,True,0.0,PASS,18,Noise should not significantly affect prediction,Consistent
NoiseRelation,25.0,-1.6282047033309937,-1.6282092332839966,4.5299530029296875e-06,0.0002782174877328019,True,4.5299530029296875e-06,PASS,18,Noise should not significantly affect prediction,Consistent
NoiseRelation,50.0,-1.6282047033309937,-1.6283130645751953,0.00010836124420166016,0.006655255167082024,True,0.00010836124420166016,PASS,18,Noise should not significantly affect prediction,Consistent
NoiseRelation,75.0,-1.6282047033309937,-1.6283016204833984,9.691715240478516e-05,0.005952389934914946,True,9.691715240478516e-05,PASS,18,Noise should not significantly affect prediction,Consistent
NoiseRelation,100.0,-1.6282047033309937,-1.62838613986969,0.00018143653869628906,0.011143342534982222,True,0.00018143653869628906,PASS,18,Noise should not significantly affect prediction,Consistent
BlurRelation,1.0,-1.6282047033309937,-1.6282047033309937,0.0,0.0,True,0.0,PASS,18,Blur should not significantly change output,Consistent
BlurRelation,4.5,-1.6282047033309937,-1.628213882446289,9.179115295410156e-06,0.0005637564883006776,True,9.179115295410156e-06,PASS,18,Blur should not significantly change output,Consistent
BlurRelation,8.0,-1.6282047033309937,-1.6282281875610352,2.3484230041503906e-05,0.0014423380285095255,True,2.3484230041503906e-05,PASS,18,Blur should not significantly change output,Consistent
BlurRelation,11.5,-1.6282047033309937,-1.6282371282577515,3.24249267578125e-05,0.0019914514911400557,True,3.24249267578125e-05,PASS,18,Blur should not significantly change output,Consistent
BlurRelation,15.0,-1.6282047033309937,-1.6282676458358765,6.29425048828125e-05,0.003865758776918931,True,6.29425048828125e-05,PASS,18,Blur should not significantly change output,Consistent
ContrastRelation,0.2,-1.6282047033309937,-1.6343121528625488,0.006107449531555176,0.3751030670793326,True,0.006107449531555176,PASS,18,Contrast change should not significantly affect output,Consistent
ContrastRelation,0.8999999999999999,-1.6282047033309937,-1.6289809942245483,0.0007762908935546875,0.04767769158200015,True,0.0007762908935546875,PASS,18,Contrast change should not significantly affect output,Consistent
ContrastRelation,1.5999999999999999,-1.6282047033309937,-1.6245005130767822,0.0037041902542114258,0.2275013683242461,True,0.0037041902542114258,PASS,18,Contrast change should not significantly affect output,Consistent
ContrastRelation,2.3,-1.6282047033309937,-1.6250420808792114,0.0031626224517822266,0.19423973551450616,True,0.0031626224517822266,PASS,18,Contrast change should not significantly affect output,Consistent
ContrastRelation,3.0,-1.6282047033309937,-1.625144124031067,0.003060579299926758,0.18797252052768304,True,0.003060579299926758,PASS,18,Contrast change should not significantly affect output,Consistent
WeatherRelation,0.0,-1.6282047033309937,-1.6282047033309937,0.0,0.0,True,0.0,PASS,18,Weather changes should not significantly affect output,Consistent
WeatherRelation,0.25,-1.6282047033309937,-1.6281743049621582,3.039836883544922e-05,0.0018669857729438019,True,3.039836883544922e-05,PASS,18,Weather changes should not significantly affect output,Consistent
WeatherRelation,0.5,-1.6282047033309937,-1.6281425952911377,6.210803985595703e-05,0.0038145081870734152,True,6.210803985595703e-05,PASS,18,Weather changes should not significantly affect output,Consistent
WeatherRelation,0.75,-1.6282047033309937,-1.6281136274337769,9.107589721679688e-05,0.005593635805996333,True,9.107589721679688e-05,PASS,18,Weather changes should not significantly affect output,Consistent
WeatherRelation,1.0,-1.6282047033309937,-1.6280711889266968,0.000133514404296875,0.008200094375282583,True,0.000133514404296875,PASS,18,Weather changes should not significantly affect output,Consistent
LessSensitiveRelation,0.1,-1.6282047033309937,-1.6281919479370117,1.2755393981933594e-05,0.0007834018733528895,True,1.2755393981933594e-05,PASS,18,Output should not change drastically under degradation,Consistent
LessSensitiveRelation,0.325,-1.6282047033309937,-1.6281659603118896,3.8743019104003906e-05,0.0023794916713989634,True,3.8743019104003906e-05,PASS,18,Output should not change drastically under degradation,Consistent
LessSensitiveRelation,0.55,-1.6282047033309937,-1.6281406879425049,6.401538848876953e-05,0.003931652392434594,True,6.401538848876953e-05,PASS,18,Output should not change drastically under degradation,Consistent
LessSensitiveRelation,0.775,-1.6282047033309937,-1.6281087398529053,9.59634780883789e-05,0.005893817832234355,True,9.59634780883789e-05,PASS,18,Output should not change drastically under degradation,Consistent
LessSensitiveRelation,1.0,-1.6282047033309937,-1.6280711889266968,0.000133514404296875,0.008200094375282583,True,0.000133514404296875,PASS,18,Output should not change drastically under degradation,Consistent
LessSensitiveRelation,0.1,-1.6282047033309937,-1.6350789070129395,0.006874203681945801,0.42219503763452687,True,0.006874203681945801,PASS,18,Output should not change drastically under degradation,Consistent
LessSensitiveRelation,0.325,-1.6282047033309937,-1.6333667039871216,0.00516200065612793,0.3170361487843628,True,0.00516200065612793,PASS,18,Output should not change drastically under degradation,Consistent
LessSensitiveRelation,0.55,-1.6282047033309937,-1.631651759147644,0.0034470558166503906,0.21170886513899206,True,0.0034470558166503906,PASS,18,Output should not change drastically under degradation,Consistent
LessSensitiveRelation,0.775,-1.6282047033309937,-1.6299365758895874,0.00173187255859375,0.1063669384679512,True,0.00173187255859375,PASS,18,Output should not change drastically under degradation,Consistent
LessSensitiveRelation,1.0,-1.6282047033309937,-1.6282047033309937,0.0,0.0,True,0.0,PASS,18,Output should not change drastically under degradation,Consistent
RainRelation,0.0,-1.6282047033309937,-1.6297297477722168,0.0015250444412231445,0.09366411369909827,True,0.0015250444412231445,PASS,18,Rain should not significantly affect prediction,Consistent
RainRelation,0.25,-1.6282047033309937,-1.6297049522399902,0.001500248908996582,0.09214123902940294,True,0.001500248908996582,PASS,18,Rain should not significantly affect prediction,Consistent
RainRelation,0.5,-1.6282047033309937,-1.6297250986099243,0.001520395278930664,0.09337857469853039,True,0.001520395278930664,PASS,18,Rain should not significantly affect prediction,Consistent
RainRelation,0.75,-1.6282047033309937,-1.6297540664672852,0.001549363136291504,0.09515770231745331,True,0.001549363136291504,PASS,18,Rain should not significantly affect prediction,Consistent
RainRelation,1.0,-1.6282047033309937,-1.629623293876648,0.0014185905456542969,0.08712600273737743,True,0.0014185905456542969,PASS,18,Rain should not significantly affect prediction,Consistent
SnowRelation,0.0,-1.6282047033309937,-1.6282047033309937,0.0,0.0,True,0.0,PASS,18,Snow should not significantly affect prediction,Consistent
SnowRelation,0.25,-1.6282047033309937,-1.6285959482192993,0.00039124488830566406,0.024029205124711992,True,0.00039124488830566406,PASS,18,Snow should not significantly affect prediction,Consistent
SnowRelation,0.5,-1.6282047033309937,-1.629570484161377,0.0013657808303833008,0.08388257255143977,True,0.0013657808303833008,PASS,18,Snow should not significantly affect prediction,Consistent
SnowRelation,0.75,-1.6282047033309937,-1.629678726196289,0.0014740228652954102,0.09053050620568671,True,0.0014740228652954102,PASS,18,Snow should not significantly affect prediction,Consistent
SnowRelation,1.0,-1.6282047033309937,-1.630475401878357,0.0022706985473632812,0.1394601764824845,True,0.0022706985473632812,PASS,18,Snow should not significantly affect prediction,Consistent
FogRelation,0.0,-1.6282047033309937,-1.6282047033309937,0.0,0.0,True,0.0,PASS,18,Fog should not significantly affect prediction,Consistent
FogRelation,0.25,-1.6282047033309937,-1.6281743049621582,3.039836883544922e-05,0.0018669857729438019,True,3.039836883544922e-05,PASS,18,Fog should not significantly affect prediction,Consistent
FogRelation,0.5,-1.6282047033309937,-1.6281425952911377,6.210803985595703e-05,0.0038145081870734152,True,6.210803985595703e-05,PASS,18,Fog should not significantly affect prediction,Consistent
FogRelation,0.75,-1.6282047033309937,-1.6281136274337769,9.107589721679688e-05,0.005593635805996333,True,9.107589721679688e-05,PASS,18,Fog should not significantly affect prediction,Consistent
FogRelation,1.0,-1.6282047033309937,-1.6280711889266968,0.000133514404296875,0.008200094375282583,True,0.000133514404296875,PASS,18,Fog should not significantly affect prediction,Consistent
TemporalSmoothnessRelation,0.0,-1.6304875612258911,-1.6305943727493286,0.0001068115234375,0.0,True,0.0001068115234375,PASS,18,Predictions should change smoothly across consecutive frames,Consistent
TemporalSmoothnessRelation,25.0,-1.6301090717315674,-1.6323829889297485,0.0022739171981811523,0.0,True,0.0022739171981811523,PASS,18,Predictions should change smoothly across consecutive frames,Consistent
TemporalSmoothnessRelation,50.0,-1.637676477432251,-1.6349196434020996,0.002756834030151367,0.0,True,0.002756834030151367,PASS,18,Predictions should change smoothly across consecutive frames,Consistent
TemporalSmoothnessRelation,75.0,-1.6374915838241577,-1.6324806213378906,0.00501096248626709,0.0,True,0.00501096248626709,PASS,18,Predictions should change smoothly across consecutive frames,Consistent
TemporalSmoothnessRelation,100.0,-1.632336974143982,-1.63276207447052,0.00042510032653808594,0.0,True,0.00042510032653808594,PASS,18,Predictions should change smoothly across consecutive frames,Consistent
BrightnessRelation,0.2,-1.633998155593872,-1.6354763507843018,0.0014781951904296875,0.09046486868547016,True,0.0014781951904296875,PASS,19,Output should remain approximately same under brightness change,Consistent
BrightnessRelation,0.7749999999999999,-1.633998155593872,-1.634422779083252,0.0004246234893798828,0.025986763085293928,True,0.0004246234893798828,PASS,19,Output should remain approximately same under brightness change,Consistent
BrightnessRelation,1.3499999999999999,-1.633998155593872,-1.6327836513519287,0.0012145042419433594,0.07432710340061048,True,0.0012145042419433594,PASS,19,Output should remain approximately same under brightness change,Consistent
BrightnessRelation,1.9249999999999998,-1.633998155593872,-1.631347894668579,0.0026502609252929688,0.16219475488833648,True,0.0026502609252929688,PASS,19,Output should remain approximately same under brightness change,Consistent
BrightnessRelation,2.5,-1.633998155593872,-1.6304577589035034,0.0035403966903686523,0.2166706560556273,True,0.0035403966903686523,PASS,19,Output should remain approximately same under brightness change,Consistent
RotationRelation,-25.0,-1.633998155593872,-1.6314406394958496,0.002557516098022461,0.15651881393371586,True,0.002557516098022461,PASS,19,Small rotation should not significantly change output,Consistent
RotationRelation,-12.5,-1.633998155593872,-1.6300207376480103,0.003977417945861816,0.24341615674925093,True,0.003977417945861816,PASS,19,Small rotation should not significantly change output,Consistent
RotationRelation,0.0,-1.633998155593872,-1.633998155593872,0.0,0.0,True,0.0,PASS,19,Small rotation should not significantly change output,Consistent
RotationRelation,12.5,-1.633998155593872,-1.6398859024047852,0.005887746810913086,0.36032740841736866,True,0.005887746810913086,PASS,19,Small rotation should not significantly change output,Consistent
RotationRelation,25.0,-1.633998155593872,-1.6346856355667114,0.0006874799728393555,0.04207345949266987,True,0.0006874799728393555,PASS,19,Small rotation should not significantly change output,Consistent
TranslationRelation,0.0,-1.633998155593872,-1.633998155593872,0.0,0.0,True,0.0,PASS,19,Small translation should preserve prediction consistency,Consistent
TranslationRelation,10.0,-1.633998155593872,-1.633389949798584,0.0006082057952880859,0.03722191613171522,True,0.0006082057952880859,PASS,19,Small translation should preserve prediction consistency,Consistent
TranslationRelation,20.0,-1.633998155593872,-1.6321384906768799,0.0018596649169921875,0.11381064124946247,True,0.0018596649169921875,PASS,19,Small translation should preserve prediction consistency,Consistent
TranslationRelation,30.0,-1.633998155593872,-1.6306889057159424,0.0033092498779296875,0.2025245769926332,True,0.0033092498779296875,PASS,19,Small translation should preserve prediction consistency,Consistent
TranslationRelation,40.0,-1.633998155593872,-1.629124641418457,0.004873514175415039,0.2982568356128541,True,0.004873514175415039,PASS,19,Small translation should preserve prediction consistency,Consistent
NoiseRelation,0.0,-1.633998155593872,-1.633998155593872,0.0,0.0,True,0.0,PASS,19,Noise should not significantly affect prediction,Consistent
NoiseRelation,25.0,-1.633998155593872,-1.6339223384857178,7.581710815429688e-05,0.00463997229709347,True,7.581710815429688e-05,PASS,19,Noise should not significantly affect prediction,Consistent
NoiseRelation,50.0,-1.633998155593872,-1.6339777708053589,2.0384788513183594e-05,0.0012475397213883384,True,2.0384788513183594e-05,PASS,19,Noise should not significantly affect prediction,Consistent
NoiseRelation,75.0,-1.633998155593872,-1.6340757608413696,7.76052474975586e-05,0.004749405605987184,True,7.76052474975586e-05,PASS,19,Noise should not significantly affect prediction,Consistent
NoiseRelation,100.0,-1.633998155593872,-1.6339223384857178,7.581710815429688e-05,0.00463997229709347,True,7.581710815429688e-05,PASS,19,Noise should not significantly affect prediction,Consistent
BlurRelation,1.0,-1.633998155593872,-1.633998155593872,0.0,0.0,True,0.0,PASS,19,Blur should not significantly change output,Consistent
BlurRelation,4.5,-1.633998155593872,-1.6340813636779785,8.320808410644531e-05,0.00509229664052082,True,8.320808410644531e-05,PASS,19,Blur should not significantly change output,Consistent
BlurRelation,8.0,-1.633998155593872,-1.634096622467041,9.846687316894531e-05,0.006026127543080512,True,9.846687316894531e-05,PASS,19,Blur should not significantly change output,Consistent
BlurRelation,11.5,-1.633998155593872,-1.6341040134429932,0.00010585784912109375,0.006478451886507862,True,0.00010585784912109375,PASS,19,Blur should not significantly change output,Consistent
BlurRelation,15.0,-1.633998155593872,-1.6341086626052856,0.00011050701141357422,0.006762978489631519,True,0.00011050701141357422,PASS,19,Blur should not significantly change output,Consistent
ContrastRelation,0.2,-1.633998155593872,-1.6354763507843018,0.0014781951904296875,0.09046486868547016,True,0.0014781951904296875,PASS,19,Contrast change should not significantly affect output,Consistent
ContrastRelation,0.8999999999999999,-1.633998155593872,-1.6341936588287354,0.00019550323486328125,0.011964708439046054,True,0.00019550323486328125,PASS,19,Contrast change should not significantly affect output,Consistent
ContrastRelation,1.5999999999999999,-1.633998155593872,-1.6321049928665161,0.001893162727355957,0.11586069190273802,True,0.001893162727355957,PASS,19,Contrast change should not significantly affect output,Consistent
ContrastRelation,2.3,-1.633998155593872,-1.6307088136672974,0.003289341926574707,0.20130621948694985,True,0.003289341926574707,PASS,19,Contrast change should not significantly affect output,Consistent
ContrastRelation,3.0,-1.633998155593872,-1.6298716068267822,0.004126548767089844,0.2525428947109867,True,0.004126548767089844,PASS,19,Contrast change should not significantly affect output,Consistent
WeatherRelation,0.0,-1.633998155593872,-1.633998155593872,0.0,0.0,True,0.0,PASS,19,Weather changes should not significantly affect output,Consistent
WeatherRelation,0.25,-1.633998155593872,-1.6325198411941528,0.0014783143997192383,0.0904721642393964,True,0.0014783143997192383,PASS,19,Weather changes should not significantly affect output,Consistent
WeatherRelation,0.5,-1.633998155593872,-1.6310384273529053,0.002959728240966797,0.18113401288087524,True,0.002959728240966797,PASS,19,Weather changes should not significantly affect output,Consistent
WeatherRelation,0.75,-1.633998155593872,-1.6295537948608398,0.0044443607330322266,0.2719928414783628,True,0.0044443607330322266,PASS,19,Weather changes should not significantly affect output,Consistent
WeatherRelation,1.0,-1.633998155593872,-1.6280711889266968,0.005926966667175293,0.3627276456591041,True,0.005926966667175293,PASS,19,Weather changes should not significantly affect output,Consistent
LessSensitiveRelation,0.1,-1.633998155593872,-1.6334009170532227,0.0005972385406494141,0.036550725170500446,True,0.0005972385406494141,PASS,19,Output should not change drastically under degradation,Consistent
LessSensitiveRelation,0.325,-1.633998155593872,-1.632073998451233,0.0019241571426391602,0.1177575359235624,True,0.0019241571426391602,PASS,19,Output should not change drastically under degradation,Consistent
LessSensitiveRelation,0.55,-1.633998155593872,-1.6307437419891357,0.003254413604736328,0.1991686221865593,True,0.003254413604736328,PASS,19,Output should not change drastically under degradation,Consistent
LessSensitiveRelation,0.775,-1.633998155593872,-1.6294124126434326,0.004585742950439453,0.2806453684348924,True,0.004585742950439453,PASS,19,Output should not change drastically under degradation,Consistent
LessSensitiveRelation,1.0,-1.633998155593872,-1.6280711889266968,0.005926966667175293,0.3627276456591041,True,0.005926966667175293,PASS,19,Output should not change drastically under degradation,Consistent
LessSensitiveRelation,0.1,-1.633998155593872,-1.6356594562530518,0.0016613006591796875,0.10167083951618647,True,0.0016613006591796875,PASS,19,Output should not change drastically under degradation,Consistent
LessSensitiveRelation,0.325,-1.633998155593872,-1.6352498531341553,0.0012516975402832031,0.07660331622559974,True,0.0012516975402832031,PASS,19,Output should not change drastically under degradation,Consistent
LessSensitiveRelation,0.55,-1.633998155593872,-1.6348373889923096,0.0008392333984375,0.05136069964078306,True,0.0008392333984375,PASS,19,Output should not change drastically under degradation,Consistent
LessSensitiveRelation,0.775,-1.633998155593872,-1.634422779083252,0.0004246234893798828,0.025986763085293928,True,0.0004246234893798828,PASS,19,Output should not change drastically under degradation,Consistent
LessSensitiveRelation,1.0,-1.633998155593872,-1.633998155593872,0.0,0.0,True,0.0,PASS,19,Output should not change drastically under degradation,Consistent
RainRelation,0.0,-1.633998155593872,-1.6343646049499512,0.00036644935607910156,0.0224265327692851,True,0.00036644935607910156,PASS,19,Rain should not significantly affect prediction,Consistent
RainRelation,0.25,-1.633998155593872,-1.6343308687210083,0.00033271312713623047,0.020361891008157034,True,0.00033271312713623047,PASS,19,Rain should not significantly affect prediction,Consistent
RainRelation,0.5,-1.633998155593872,-1.6344884634017944,0.0004903078079223633,0.030006613298656355,True,0.0004903078079223633,PASS,19,Rain should not significantly affect prediction,Consistent
RainRelation,0.75,-1.633998155593872,-1.634398341178894,0.00040018558502197266,0.024491174530413173,True,0.00040018558502197266,PASS,19,Rain should not significantly affect prediction,Consistent
RainRelation,1.0,-1.633998155593872,-1.634390950202942,0.0003927946090698242,0.02403885018698582,True,0.0003927946090698242,PASS,19,Rain should not significantly affect prediction,Consistent
SnowRelation,0.0,-1.633998155593872,-1.633998155593872,0.0,0.0,True,0.0,PASS,19,Snow should not significantly affect prediction,Consistent
SnowRelation,0.25,-1.633998155593872,-1.6336168050765991,0.0003813505172729492,0.023338477010066052,True,0.0003813505172729492,PASS,19,Snow should not significantly affect prediction,Consistent
SnowRelation,0.5,-1.633998155593872,-1.6332671642303467,0.0007309913635253906,0.04473633667575024,True,0.0007309913635253906,PASS,19,Snow should not significantly affect prediction,Consistent
SnowRelation,0.75,-1.633998155593872,-1.633370280265808,0.0006278753280639648,0.038425682529546076,True,0.0006278753280639648,PASS,19,Snow should not significantly affect prediction,Consistent
SnowRelation,1.0,-1.633998155593872,-1.6331149339675903,0.0008832216262817383,0.054052759039568424,True,0.0008832216262817383,PASS,19,Snow should not significantly affect prediction,Consistent
FogRelation,0.0,-1.633998155593872,-1.633998155593872,0.0,0.0,True,0.0,PASS,19,Fog should not significantly affect prediction,Consistent
FogRelation,0.25,-1.633998155593872,-1.6325198411941528,0.0014783143997192383,0.0904721642393964,True,0.0014783143997192383,PASS,19,Fog should not significantly affect prediction,Consistent
FogRelation,0.5,-1.633998155593872,-1.6310384273529053,0.002959728240966797,0.18113401288087524,True,0.002959728240966797,PASS,19,Fog should not significantly affect prediction,Consistent
FogRelation,0.75,-1.633998155593872,-1.6295537948608398,0.0044443607330322266,0.2719928414783628,True,0.0044443607330322266,PASS,19,Fog should not significantly affect prediction,Consistent
FogRelation,1.0,-1.633998155593872,-1.6280711889266968,0.005926966667175293,0.3627276456591041,True,0.005926966667175293,PASS,19,Fog should not significantly affect prediction,Consistent
TemporalSmoothnessRelation,0.0,-1.6304875612258911,-1.6305943727493286,0.0001068115234375,0.0,True,0.0001068115234375,PASS,19,Predictions should change smoothly across consecutive frames,Consistent
TemporalSmoothnessRelation,25.0,-1.6301090717315674,-1.6323829889297485,0.0022739171981811523,0.0,True,0.0022739171981811523,PASS,19,Predictions should change smoothly across consecutive frames,Consistent
TemporalSmoothnessRelation,50.0,-1.637676477432251,-1.6349196434020996,0.002756834030151367,0.0,True,0.002756834030151367,PASS,19,Predictions should change smoothly across consecutive frames,Consistent
TemporalSmoothnessRelation,75.0,-1.6374915838241577,-1.6324806213378906,0.00501096248626709,0.0,True,0.00501096248626709,PASS,19,Predictions should change smoothly across consecutive frames,Consistent
TemporalSmoothnessRelation,100.0,-1.632336974143982,-1.63276207447052,0.00042510032653808594,0.0,True,0.00042510032653808594,PASS,19,Predictions should change smoothly across consecutive frames,Consistent
BrightnessRelation,0.2,-1.6318283081054688,-1.6350369453430176,0.003208637237548828,0.19662823933919976,True,0.003208637237548828,PASS,20,Output should remain approximately same under brightness change,Consistent
BrightnessRelation,0.7749999999999999,-1.6318283081054688,-1.63274347782135,0.0009151697158813477,0.056082441425436044,True,0.0009151697158813477,PASS,20,Output should remain approximately same under brightness change,Consistent
BrightnessRelation,1.3499999999999999,-1.6318283081054688,-1.630203366279602,0.0016249418258666992,0.09957792875734253,True,0.0016249418258666992,PASS,20,Output should remain approximately same under brightness change,Consistent
BrightnessRelation,1.9249999999999998,-1.6318283081054688,-1.6292668581008911,0.0025614500045776367,0.1569680107995759,True,0.0025614500045776367,PASS,20,Output should remain approximately same under brightness change,Consistent
BrightnessRelation,2.5,-1.6318283081054688,-1.6294004917144775,0.002427816390991211,0.14877882012119711,True,0.002427816390991211,PASS,20,Output should remain approximately same under brightness change,Consistent
RotationRelation,-25.0,-1.6318283081054688,-1.6333199739456177,0.0014916658401489258,0.09141065384349109,True,0.0014916658401489258,PASS,20,Small rotation should not significantly change output,Consistent
RotationRelation,-12.5,-1.6318283081054688,-1.633817434310913,0.001989126205444336,0.12189548230100634,True,0.001989126205444336,PASS,20,Small rotation should not significantly change output,Consistent
RotationRelation,0.0,-1.6318283081054688,-1.6318283081054688,0.0,0.0,True,0.0,PASS,20,Small rotation should not significantly change output,Consistent
RotationRelation,12.5,-1.6318283081054688,-1.6298530101776123,0.0019752979278564453,0.12104807273928295,True,0.0019752979278564453,PASS,20,Small rotation should not significantly change output,Consistent
RotationRelation,25.0,-1.6318283081054688,-1.6304291486740112,0.0013991594314575195,0.08574177608575521,True,0.0013991594314575195,PASS,20,Small rotation should not significantly change output,Consistent
TranslationRelation,0.0,-1.6318283081054688,-1.6318283081054688,0.0,0.0,True,0.0,PASS,20,Small translation should preserve prediction consistency,Consistent
TranslationRelation,10.0,-1.6318283081054688,-1.6311057806015015,0.0007225275039672852,0.044277149600047916,True,0.0007225275039672852,PASS,20,Small translation should preserve prediction consistency,Consistent
TranslationRelation,20.0,-1.6318283081054688,-1.6306978464126587,0.0011304616928100586,0.06927573167088837,True,0.0011304616928100586,PASS,20,Small translation should preserve prediction consistency,Consistent
TranslationRelation,30.0,-1.6318283081054688,-1.6304630041122437,0.0013653039932250977,0.08366708371050137,True,0.0013653039932250977,PASS,20,Small translation should preserve prediction consistency,Consistent
TranslationRelation,40.0,-1.6318283081054688,-1.6294262409210205,0.002402067184448242,0.1472008850752294,True,0.002402067184448242,PASS,20,Small translation should preserve prediction consistency,Consistent
NoiseRelation,0.0,-1.6318283081054688,-1.6318283081054688,0.0,0.0,True,0.0,PASS,20,Noise should not significantly affect prediction,Consistent
NoiseRelation,25.0,-1.6318283081054688,-1.6317561864852905,7.212162017822266e-05,0.004419679179678103,True,7.212162017822266e-05,PASS,20,Noise should not significantly affect prediction,Consistent
NoiseRelation,50.0,-1.6318283081054688,-1.6319365501403809,0.00010824203491210938,0.006633171396938377,True,0.00010824203491210938,PASS,20,Noise should not significantly affect prediction,Consistent
NoiseRelation,75.0,-1.6318283081054688,-1.6316992044448853,0.0001291036605834961,0.007911590994365928,True,0.0001291036605834961,PASS,20,Noise should not significantly affect prediction,Consistent
NoiseRelation,100.0,-1.6318283081054688,-1.6314460039138794,0.00038230419158935547,0.023427952279715173,True,0.00038230419158935547,PASS,20,Noise should not significantly affect prediction,Consistent
BlurRelation,1.0,-1.6318283081054688,-1.6318283081054688,0.0,0.0,True,0.0,PASS,20,Blur should not significantly change output,Consistent
BlurRelation,4.5,-1.6318283081054688,-1.6316624879837036,0.00016582012176513672,0.010161609485838418,True,0.00016582012176513672,PASS,20,Blur should not significantly change output,Consistent
BlurRelation,8.0,-1.6318283081054688,-1.631575345993042,0.0002529621124267578,0.015501750775664359,True,0.0002529621124267578,PASS,20,Blur should not significantly change output,Consistent
BlurRelation,11.5,-1.6318283081054688,-1.6315313577651978,0.0002969503402709961,0.01819738981252588,True,0.0002969503402709961,PASS,20,Blur should not significantly change output,Consistent
BlurRelation,15.0,-1.6318283081054688,-1.6314363479614258,0.00039196014404296875,0.024019677921953066,True,0.00039196014404296875,PASS,20,Blur should not significantly change output,Consistent
ContrastRelation,0.2,-1.6318283081054688,-1.6350369453430176,0.003208637237548828,0.19662823933919976,True,0.003208637237548828,PASS,20,Contrast change should not significantly affect output,Consistent
ContrastRelation,0.8999999999999999,-1.6318283081054688,-1.632240891456604,0.0004125833511352539,0.025283487009695734,True,0.0004125833511352539,PASS,20,Contrast change should not significantly affect output,Consistent
ContrastRelation,1.5999999999999999,-1.6318283081054688,-1.62943434715271,0.002393960952758789,0.14670412774594327,True,0.002393960952758789,PASS,20,Contrast change should not significantly affect output,Consistent
ContrastRelation,2.3,-1.6318283081054688,-1.6293578147888184,0.0024704933166503906,0.15139410135479178,True,0.0024704933166503906,PASS,20,Contrast change should not significantly affect output,Consistent
ContrastRelation,3.0,-1.6318283081054688,-1.6295770406723022,0.002251267433166504,0.13795973769953881,True,0.002251267433166504,PASS,20,Contrast change should not significantly affect output,Consistent
WeatherRelation,0.0,-1.6318283081054688,-1.6318283081054688,0.0,0.0,True,0.0,PASS,20,Weather changes should not significantly affect output,Consistent
WeatherRelation,0.25,-1.6318283081054688,-1.6308883428573608,0.0009399652481079102,0.05760193443266422,True,0.0009399652481079102,PASS,20,Weather changes should not significantly affect output,Consistent
WeatherRelation,0.5,-1.6318283081054688,-1.629950761795044,0.0018775463104248047,0.11505776376847957,True,0.0018775463104248047,PASS,20,Weather changes should not significantly affect output,Consistent
WeatherRelation,0.75,-1.6318283081054688,-1.6290150880813599,0.0028132200241088867,0.17239670902681584,True,0.0028132200241088867,PASS,20,Weather changes should not significantly affect output,Consistent
WeatherRelation,1.0,-1.6318283081054688,-1.6280711889266968,0.0037571191787719727,0.23023971686928066,True,0.0037571191787719727,PASS,20,Weather changes should not significantly affect output,Consistent
LessSensitiveRelation,0.1,-1.6318283081054688,-1.6314536333084106,0.00037467479705810547,0.02296041596979881,True,0.00037467479705810547,PASS,20,Output should not change drastically under degradation,Consistent
LessSensitiveRelation,0.325,-1.6318283081054688,-1.6306124925613403,0.001215815544128418,0.07450629413807765,True,0.001215815544128418,PASS,20,Output should not change drastically under degradation,Consistent
LessSensitiveRelation,0.55,-1.6318283081054688,-1.6297624111175537,0.002065896987915039,0.12660006641953975,True,0.002065896987915039,PASS,20,Output should not change drastically under degradation,Consistent
LessSensitiveRelation,0.775,-1.6318283081054688,-1.6289223432540894,0.0029059648513793945,0.1780801972942366,True,0.0029059648513793945,PASS,20,Output should not change drastically under degradation,Consistent
LessSensitiveRelation,1.0,-1.6318283081054688,-1.6280711889266968,0.0037571191787719727,0.23023971686928066,True,0.0037571191787719727,PASS,20,Output should not change drastically under degradation,Consistent
LessSensitiveRelation,0.1,-1.6318283081054688,-1.6354427337646484,0.0036144256591796875,0.2214953268228762,True,0.0036144256591796875,PASS,20,Output should not change drastically under degradation,Consistent
LessSensitiveRelation,0.325,-1.6318283081054688,-1.6345397233963013,0.0027114152908325195,0.16615802139136937,True,0.0027114152908325195,PASS,20,Output should not change drastically under degradation,Consistent
LessSensitiveRelation,0.55,-1.6318283081054688,-1.633643627166748,0.0018153190612792969,0.11124442074072424,True,0.0018153190612792969,PASS,20,Output should not change drastically under degradation,Consistent
LessSensitiveRelation,0.775,-1.6318283081054688,-1.63274347782135,0.0009151697158813477,0.056082441425436044,True,0.0009151697158813477,PASS,20,Output should not change drastically under degradation,Consistent
LessSensitiveRelation,1.0,-1.6318283081054688,-1.6318283081054688,0.0,0.0,True,0.0,PASS,20,Output should not change drastically under degradation,Consistent
RainRelation,0.0,-1.6318283081054688,-1.6326234340667725,0.0007951259613037109,0.04872604979909579,True,0.0007951259613037109,PASS,20,Rain should not significantly affect prediction,Consistent
RainRelation,0.25,-1.6318283081054688,-1.632625699043274,0.0007973909378051758,0.048864849641102215,True,0.0007973909378051758,PASS,20,Rain should not significantly affect prediction,Consistent
RainRelation,0.5,-1.6318283081054688,-1.632637858390808,0.0008095502853393555,0.049609985635031405,True,0.0008095502853393555,PASS,20,Rain should not significantly affect prediction,Consistent
RainRelation,0.75,-1.6318283081054688,-1.6326191425323486,0.0007908344268798828,0.04846306062476784,True,0.0007908344268798828,PASS,20,Rain should not significantly affect prediction,Consistent
RainRelation,1.0,-1.6318283081054688,-1.632546305656433,0.0007179975509643555,0.04399954991603507,True,0.0007179975509643555,PASS,20,Rain should not significantly affect prediction,Consistent
SnowRelation,0.0,-1.6318283081054688,-1.6318283081054688,0.0,0.0,True,0.0,PASS,20,Snow should not significantly affect prediction,Consistent
SnowRelation,0.25,-1.6318283081054688,-1.631785273551941,4.303455352783203e-05,0.002637196998121976,True,4.303455352783203e-05,PASS,20,Snow should not significantly affect prediction,Consistent
SnowRelation,0.5,-1.6318283081054688,-1.6318705081939697,4.220008850097656e-05,0.0025860602142248742,True,4.220008850097656e-05,PASS,20,Snow should not significantly affect prediction,Consistent
SnowRelation,0.75,-1.6318283081054688,-1.6323318481445312,0.0005035400390625,0.030857396454479855,True,0.0005035400390625,PASS,20,Snow should not significantly affect prediction,Consistent
SnowRelation,1.0,-1.6318283081054688,-1.6315953731536865,0.00023293495178222656,0.01427446796213391,True,0.00023293495178222656,PASS,20,Snow should not significantly affect prediction,Consistent
FogRelation,0.0,-1.6318283081054688,-1.6318283081054688,0.0,0.0,True,0.0,PASS,20,Fog should not significantly affect prediction,Consistent
FogRelation,0.25,-1.6318283081054688,-1.6308883428573608,0.0009399652481079102,0.05760193443266422,True,0.0009399652481079102,PASS,20,Fog should not significantly affect prediction,Consistent
FogRelation,0.5,-1.6318283081054688,-1.629950761795044,0.0018775463104248047,0.11505776376847957,True,0.0018775463104248047,PASS,20,Fog should not significantly affect prediction,Consistent
FogRelation,0.75,-1.6318283081054688,-1.6290150880813599,0.0028132200241088867,0.17239670902681584,True,0.0028132200241088867,PASS,20,Fog should not significantly affect prediction,Consistent
FogRelation,1.0,-1.6318283081054688,-1.6280711889266968,0.0037571191787719727,0.23023971686928066,True,0.0037571191787719727,PASS,20,Fog should not significantly affect prediction,Consistent
TemporalSmoothnessRelation,0.0,-1.6304875612258911,-1.6305943727493286,0.0001068115234375,0.0,True,0.0001068115234375,PASS,20,Predictions should change smoothly across consecutive frames,Consistent
TemporalSmoothnessRelation,25.0,-1.6301090717315674,-1.6323829889297485,0.0022739171981811523,0.0,True,0.0022739171981811523,PASS,20,Predictions should change smoothly across consecutive frames,Consistent
TemporalSmoothnessRelation,50.0,-1.637676477432251,-1.6349196434020996,0.002756834030151367,0.0,True,0.002756834030151367,PASS,20,Predictions should change smoothly across consecutive frames,Consistent
TemporalSmoothnessRelation,75.0,-1.6374915838241577,-1.6324806213378906,0.00501096248626709,0.0,True,0.00501096248626709,PASS,20,Predictions should change smoothly across consecutive frames,Consistent
TemporalSmoothnessRelation,100.0,-1.632336974143982,-1.63276207447052,0.00042510032653808594,0.0,True,0.00042510032653808594,PASS,20,Predictions should change smoothly across consecutive frames,Consistent
BrightnessRelation,0.2,-1.6300954818725586,-1.634691834449768,0.004596352577209473,0.28196813061822296,True,0.004596352577209473,PASS,21,Output should remain approximately same under brightness change,Consistent
BrightnessRelation,0.7749999999999999,-1.6300954818725586,-1.6313982009887695,0.0013027191162109375,0.07991668779718185,True,0.0013027191162109375,PASS,21,Output should remain approximately same under brightness change,Consistent
BrightnessRelation,1.3499999999999999,-1.6300954818725586,-1.6280385255813599,0.0020569562911987305,0.1261861683693606,True,0.0020569562911987305,PASS,21,Output should remain approximately same under brightness change,Consistent
BrightnessRelation,1.9249999999999998,-1.6300954818725586,-1.626907229423523,0.0031882524490356445,0.19558673271738913,True,0.0031882524490356445,PASS,21,Output should remain approximately same under brightness change,Consistent
BrightnessRelation,2.5,-1.6300954818725586,-1.628227710723877,0.0018677711486816406,0.11458040486879988,True,0.0018677711486816406,PASS,21,Output should remain approximately same under brightness change,Consistent
RotationRelation,-25.0,-1.6300954818725586,-1.6309868097305298,0.0008913278579711914,0.054679454123309726,True,0.0008913278579711914,PASS,21,Small rotation should not significantly change output,Consistent
RotationRelation,-12.5,-1.6300954818725586,-1.629968285560608,0.0001271963119506836,0.00780299285135368,True,0.0001271963119506836,PASS,21,Small rotation should not significantly change output,Consistent
RotationRelation,0.0,-1.6300954818725586,-1.6300954818725586,0.0,0.0,True,0.0,PASS,21,Small rotation should not significantly change output,Consistent
RotationRelation,12.5,-1.6300954818725586,-1.6290638446807861,0.001031637191772461,0.06328687922738027,True,0.001031637191772461,PASS,21,Small rotation should not significantly change output,Consistent
RotationRelation,25.0,-1.6300954818725586,-1.629262089729309,0.0008333921432495117,0.05112532617039699,True,0.0008333921432495117,PASS,21,Small rotation should not significantly change output,Consistent
TranslationRelation,0.0,-1.6300954818725586,-1.6300954818725586,0.0,0.0,True,0.0,PASS,21,Small translation should preserve prediction consistency,Consistent
TranslationRelation,10.0,-1.6300954818725586,-1.6310888528823853,0.0009933710098266602,0.06093939965354286,True,0.0009933710098266602,PASS,21,Small translation should preserve prediction consistency,Consistent
TranslationRelation,20.0,-1.6300954818725586,-1.6317698955535889,0.0016744136810302734,0.10271868565146561,True,0.0016744136810302734,PASS,21,Small translation should preserve prediction consistency,Consistent
TranslationRelation,30.0,-1.6300954818725586,-1.6318587064743042,0.0017632246017456055,0.10816688590850262,True,0.0017632246017456055,PASS,21,Small translation should preserve prediction consistency,Consistent
TranslationRelation,40.0,-1.6300954818725586,-1.6311066150665283,0.0010111331939697266,0.06202903970495026,True,0.0010111331939697266,PASS,21,Small translation should preserve prediction consistency,Consistent
NoiseRelation,0.0,-1.6300954818725586,-1.6300954818725586,0.0,0.0,True,0.0,PASS,21,Noise should not significantly affect prediction,Consistent
NoiseRelation,25.0,-1.6300954818725586,-1.6301246881484985,2.9206275939941406e-05,0.0017916900174148565,True,2.9206275939941406e-05,PASS,21,Noise should not significantly affect prediction,Consistent
NoiseRelation,50.0,-1.6300954818725586,-1.6300798654556274,1.5616416931152344e-05,0.000958005682781005,True,1.5616416931152344e-05,PASS,21,Noise should not significantly affect prediction,Consistent
NoiseRelation,75.0,-1.6300954818725586,-1.6300939321517944,1.5497207641601562e-06,9.506926623017606e-05,True,1.5497207641601562e-06,PASS,21,Noise should not significantly affect prediction,Consistent
NoiseRelation,100.0,-1.6300954818725586,-1.6302146911621094,0.00011920928955078125,0.007313020479244313,True,0.00011920928955078125,PASS,21,Noise should not significantly affect prediction,Consistent
BlurRelation,1.0,-1.6300954818725586,-1.6300954818725586,0.0,0.0,True,0.0,PASS,21,Blur should not significantly change output,Consistent
BlurRelation,4.5,-1.6300954818725586,-1.6300724744796753,2.300739288330078e-05,0.0014114129524941523,True,2.300739288330078e-05,PASS,21,Blur should not significantly change output,Consistent
BlurRelation,8.0,-1.6300954818725586,-1.6300541162490845,4.1365623474121094e-05,0.0025376181062977763,True,4.1365623474121094e-05,PASS,21,Blur should not significantly change output,Consistent
BlurRelation,11.5,-1.6300954818725586,-1.630043625831604,5.1856040954589844e-05,0.003181163908471276,True,5.1856040954589844e-05,PASS,21,Blur should not significantly change output,Consistent
BlurRelation,15.0,-1.6300954818725586,-1.630015254020691,8.022785186767578e-05,0.004921662782531422,True,8.022785186767578e-05,PASS,21,Blur should not significantly change output,Consistent
ContrastRelation,0.2,-1.6300954818725586,-1.634691834449768,0.004596352577209473,0.28196813061822296,True,0.004596352577209473,PASS,21,Contrast change should not significantly affect output,Consistent
ContrastRelation,0.8999999999999999,-1.6300954818725586,-1.6306779384613037,0.0005824565887451172,0.03573141806158771,True,0.0005824565887451172,PASS,21,Contrast change should not significantly affect output,Consistent
ContrastRelation,1.5999999999999999,-1.6300954818725586,-1.6271004676818848,0.002995014190673828,0.18373232652053412,True,0.002995014190673828,PASS,21,Contrast change should not significantly affect output,Consistent
ContrastRelation,2.3,-1.6300954818725586,-1.6277897357940674,0.002305746078491211,0.1414484421095435,True,0.002305746078491211,PASS,21,Contrast change should not significantly affect output,Consistent
ContrastRelation,3.0,-1.6300954818725586,-1.6283808946609497,0.0017145872116088867,0.10518317355297094,True,0.0017145872116088867,PASS,21,Contrast change should not significantly affect output,Consistent
WeatherRelation,0.0,-1.6300954818725586,-1.6300954818725586,0.0,0.0,True,0.0,PASS,21,Weather changes should not significantly affect output,Consistent
WeatherRelation,0.25,-1.6300954818725586,-1.6295911073684692,0.0005043745040893555,0.03094138964768268,True,0.0005043745040893555,PASS,21,Weather changes should not significantly affect output,Consistent
WeatherRelation,0.5,-1.6300954818725586,-1.6290839910507202,0.001011490821838379,0.06205097876638799,True,0.001011490821838379,PASS,21,Weather changes should not significantly affect output,Consistent
WeatherRelation,0.75,-1.6300954818725586,-1.6285804510116577,0.001515030860900879,0.09294117727071596,True,0.001515030860900879,PASS,21,Weather changes should not significantly affect output,Consistent
WeatherRelation,1.0,-1.6300954818725586,-1.6280711889266968,0.0020242929458618164,0.12418240075804766,True,0.0020242929458618164,PASS,21,Weather changes should not significantly affect output,Consistent
LessSensitiveRelation,0.1,-1.6300954818725586,-1.6298935413360596,0.00020194053649902344,0.012388256691839863,True,0.00020194053649902344,PASS,21,Output should not change drastically under degradation,Consistent
LessSensitiveRelation,0.325,-1.6300954818725586,-1.629437804222107,0.0006576776504516602,0.04034593398399087,True,0.0006576776504516602,PASS,21,Output should not change drastically under degradation,Consistent
LessSensitiveRelation,0.55,-1.6300954818725586,-1.6289863586425781,0.0011091232299804688,0.06804034253888908,True,0.0011091232299804688,PASS,21,Output should not change drastically under degradation,Consistent
LessSensitiveRelation,0.775,-1.6300954818725586,-1.6285293102264404,0.001566171646118164,0.09607846305631176,True,0.001566171646118164,PASS,21,Output should not change drastically under degradation,Consistent
LessSensitiveRelation,1.0,-1.6300954818725586,-1.6280711889266968,0.0020242929458618164,0.12418240075804766,True,0.0020242929458618164,PASS,21,Output should not change drastically under degradation,Consistent
LessSensitiveRelation,0.1,-1.6300954818725586,-1.635266661643982,0.00517117977142334,0.317231515369139,True,0.00517117977142334,PASS,21,Output should not change drastically under degradation,Consistent
LessSensitiveRelation,0.325,-1.6300954818725586,-1.633979320526123,0.003883838653564453,0.2382582072137797,True,0.003883838653564453,PASS,21,Output should not change drastically under degradation,Consistent
LessSensitiveRelation,0.55,-1.6300954818725586,-1.6326876878738403,0.0025922060012817383,0.15902163032116756,True,0.0025922060012817383,PASS,21,Output should not change drastically under degradation,Consistent
LessSensitiveRelation,0.775,-1.6300954818725586,-1.6313982009887695,0.0013027191162109375,0.07991668779718185,True,0.0013027191162109375,PASS,21,Output should not change drastically under degradation,Consistent
LessSensitiveRelation,1.0,-1.6300954818725586,-1.6300954818725586,0.0,0.0,True,0.0,PASS,21,Output should not change drastically under degradation,Consistent
RainRelation,0.0,-1.6300954818725586,-1.6312406063079834,0.0011451244354248047,0.07024887472362086,True,0.0011451244354248047,PASS,21,Rain should not significantly affect prediction,Consistent
RainRelation,0.25,-1.6300954818725586,-1.6312291622161865,0.0011336803436279297,0.06954682475761341,True,0.0011336803436279297,PASS,21,Rain should not significantly affect prediction,Consistent
RainRelation,0.5,-1.6300954818725586,-1.6312617063522339,0.001166224479675293,0.0715432793484471,True,0.001166224479675293,PASS,21,Rain should not significantly affect prediction,Consistent
RainRelation,0.75,-1.6300954818725586,-1.6313178539276123,0.001222372055053711,0.07498771199417117,True,0.001222372055053711,PASS,21,Rain should not significantly affect prediction,Consistent
RainRelation,1.0,-1.6300954818725586,-1.6313062906265259,0.0012108087539672852,0.07427834900768447,True,0.0012108087539672852,PASS,21,Rain should not significantly affect prediction,Consistent
SnowRelation,0.0,-1.6300954818725586,-1.6300954818725586,0.0,0.0,True,0.0,PASS,21,Snow should not significantly affect prediction,Consistent
SnowRelation,0.25,-1.6300954818725586,-1.6301826238632202,8.71419906616211e-05,0.005345817970327593,True,8.71419906616211e-05,PASS,21,Snow should not significantly affect prediction,Consistent
SnowRelation,0.5,-1.6300954818725586,-1.6309069395065308,0.000811457633972168,0.04977973040221603,True,0.000811457633972168,PASS,21,Snow should not significantly affect prediction,Consistent
SnowRelation,0.75,-1.6300954818725586,-1.6314982175827026,0.001402735710144043,0.08605231197926783,True,0.001402735710144043,PASS,21,Snow should not significantly affect prediction,Consistent
SnowRelation,1.0,-1.6300954818725586,-1.630666971206665,0.0005714893341064453,0.03505862017749723,True,0.0005714893341064453,PASS,21,Snow should not significantly affect prediction,Consistent
FogRelation,0.0,-1.6300954818725586,-1.6300954818725586,0.0,0.0,True,0.0,PASS,21,Fog should not significantly affect prediction,Consistent
FogRelation,0.25,-1.6300954818725586,-1.6295911073684692,0.0005043745040893555,0.03094138964768268,True,0.0005043745040893555,PASS,21,Fog should not significantly affect prediction,Consistent
FogRelation,0.5,-1.6300954818725586,-1.6290839910507202,0.001011490821838379,0.06205097876638799,True,0.001011490821838379,PASS,21,Fog should not significantly affect prediction,Consistent
FogRelation,0.75,-1.6300954818725586,-1.6285804510116577,0.001515030860900879,0.09294117727071596,True,0.001515030860900879,PASS,21,Fog should not significantly affect prediction,Consistent
FogRelation,1.0,-1.6300954818725586,-1.6280711889266968,0.0020242929458618164,0.12418240075804766,True,0.0020242929458618164,PASS,21,Fog should not significantly affect prediction,Consistent
TemporalSmoothnessRelation,0.0,-1.6304875612258911,-1.6305943727493286,0.0001068115234375,0.0,True,0.0001068115234375,PASS,21,Predictions should change smoothly across consecutive frames,Consistent
TemporalSmoothnessRelation,25.0,-1.6301090717315674,-1.6323829889297485,0.0022739171981811523,0.0,True,0.0022739171981811523,PASS,21,Predictions should change smoothly across consecutive frames,Consistent
TemporalSmoothnessRelation,50.0,-1.637676477432251,-1.6349196434020996,0.002756834030151367,0.0,True,0.002756834030151367,PASS,21,Predictions should change smoothly across consecutive frames,Consistent
TemporalSmoothnessRelation,75.0,-1.6374915838241577,-1.6324806213378906,0.00501096248626709,0.0,True,0.00501096248626709,PASS,21,Predictions should change smoothly across consecutive frames,Consistent
TemporalSmoothnessRelation,100.0,-1.632336974143982,-1.63276207447052,0.00042510032653808594,0.0,True,0.00042510032653808594,PASS,21,Predictions should change smoothly across consecutive frames,Consistent
BrightnessRelation,0.2,-1.630541443824768,-1.6347813606262207,0.004239916801452637,0.2600310600628741,True,0.004239916801452637,PASS,22,Output should remain approximately same under brightness change,Consistent
BrightnessRelation,0.7749999999999999,-1.630541443824768,-1.6317470073699951,0.0012055635452270508,0.07393634859324219,True,0.0012055635452270508,PASS,22,Output should remain approximately same under brightness change,Consistent
BrightnessRelation,1.3499999999999999,-1.630541443824768,-1.6285492181777954,0.0019922256469726562,0.1221817717482709,True,0.0019922256469726562,PASS,22,Output should remain approximately same under brightness change,Consistent
BrightnessRelation,1.9249999999999998,-1.630541443824768,-1.626550555229187,0.003990888595581055,0.2447583385943402,True,0.003990888595581055,PASS,22,Output should remain approximately same under brightness change,Consistent
BrightnessRelation,2.5,-1.630541443824768,-1.6269277334213257,0.003613710403442383,0.2216262702714866,True,0.003613710403442383,PASS,22,Output should remain approximately same under brightness change,Consistent
RotationRelation,-25.0,-1.630541443824768,-1.6337237358093262,0.0031822919845581055,0.19516768769866513,True,0.0031822919845581055,PASS,22,Small rotation should not significantly change output,Consistent
RotationRelation,-12.5,-1.630541443824768,-1.632303237915039,0.001761794090270996,0.1080495694511546,True,0.001761794090270996,PASS,22,Small rotation should not significantly change output,Consistent
RotationRelation,0.0,-1.630541443824768,-1.630541443824768,0.0,0.0,True,0.0,PASS,22,Small rotation should not significantly change output,Consistent
RotationRelation,12.5,-1.630541443824768,-1.636894941329956,0.006353497505187988,0.3896554505066775,True,0.006353497505187988,PASS,22,Small rotation should not significantly change output,Consistent
RotationRelation,25.0,-1.630541443824768,-1.636145830154419,0.005604386329650879,0.3437129987554727,True,0.005604386329650879,PASS,22,Small rotation should not significantly change output,Consistent
TranslationRelation,0.0,-1.630541443824768,-1.630541443824768,0.0,0.0,True,0.0,PASS,22,Small translation should preserve prediction consistency,Consistent
TranslationRelation,10.0,-1.630541443824768,-1.6309092044830322,0.00036776065826416016,0.022554497716815204,True,0.00036776065826416016,PASS,22,Small translation should preserve prediction consistency,Consistent
TranslationRelation,20.0,-1.630541443824768,-1.6312581300735474,0.0007166862487792969,0.04395385422155365,True,0.0007166862487792969,PASS,22,Small translation should preserve prediction consistency,Consistent
TranslationRelation,30.0,-1.630541443824768,-1.631630301475525,0.001088857650756836,0.06677885969056405,True,0.001088857650756836,PASS,22,Small translation should preserve prediction consistency,Consistent
TranslationRelation,40.0,-1.630541443824768,-1.6305238008499146,1.7642974853515625e-05,0.001082031008780762,True,1.7642974853515625e-05,PASS,22,Small translation should preserve prediction consistency,Consistent
NoiseRelation,0.0,-1.630541443824768,-1.630541443824768,0.0,0.0,True,0.0,PASS,22,Noise should not significantly affect prediction,Consistent
NoiseRelation,25.0,-1.630541443824768,-1.6306087970733643,6.73532485961914e-05,0.004130726486223855,True,6.73532485961914e-05,PASS,22,Noise should not significantly affect prediction,Consistent
NoiseRelation,50.0,-1.630541443824768,-1.6305887699127197,4.7326087951660156e-05,0.002902475070851098,True,4.7326087951660156e-05,PASS,22,Noise should not significantly affect prediction,Consistent
NoiseRelation,75.0,-1.630541443824768,-1.6304283142089844,0.0001131296157836914,0.006938158292790155,True,0.0001131296157836914,PASS,22,Noise should not significantly affect prediction,Consistent
NoiseRelation,100.0,-1.630541443824768,-1.6306140422821045,7.259845733642578e-05,0.004452411380726243,True,7.259845733642578e-05,PASS,22,Noise should not significantly affect prediction,Consistent
BlurRelation,1.0,-1.630541443824768,-1.630541443824768,0.0,0.0,True,0.0,PASS,22,Blur should not significantly change output,Consistent
BlurRelation,4.5,-1.630541443824768,-1.630649209022522,0.00010776519775390625,0.006609162377958167,True,0.00010776519775390625,PASS,22,Blur should not significantly change output,Consistent
BlurRelation,8.0,-1.630541443824768,-1.6307144165039062,0.0001729726791381836,0.010608290498249228,True,0.0001729726791381836,PASS,22,Blur should not significantly change output,Consistent
BlurRelation,11.5,-1.630541443824768,-1.630755066871643,0.000213623046875,0.01310134843064274,True,0.000213623046875,PASS,22,Blur should not significantly change output,Consistent
BlurRelation,15.0,-1.630541443824768,-1.6308610439300537,0.00031960010528564453,0.01960084550365691,True,0.00031960010528564453,PASS,22,Blur should not significantly change output,Consistent
ContrastRelation,0.2,-1.630541443824768,-1.6347813606262207,0.004239916801452637,0.2600310600628741,True,0.004239916801452637,PASS,22,Contrast change should not significantly affect output,Consistent
ContrastRelation,0.8999999999999999,-1.630541443824768,-1.6310821771621704,0.0005407333374023438,0.03316278821506444,True,0.0005407333374023438,PASS,22,Contrast change should not significantly affect output,Consistent
ContrastRelation,1.5999999999999999,-1.630541443824768,-1.62745201587677,0.003089427947998047,0.18947240286190692,True,0.003089427947998047,PASS,22,Contrast change should not significantly affect output,Consistent
ContrastRelation,2.3,-1.630541443824768,-1.626738429069519,0.0038030147552490234,0.233236170554891,True,0.0038030147552490234,PASS,22,Contrast change should not significantly affect output,Consistent
ContrastRelation,3.0,-1.630541443824768,-1.6274064779281616,0.0031349658966064453,0.19226521262781401,True,0.0031349658966064453,PASS,22,Contrast change should not significantly affect output,Consistent
WeatherRelation,0.0,-1.630541443824768,-1.630541443824768,0.0,0.0,True,0.0,PASS,22,Weather changes should not significantly affect output,Consistent
WeatherRelation,0.25,-1.630541443824768,-1.6299242973327637,0.0006171464920043945,0.037849152246337864,True,0.0006171464920043945,PASS,22,Weather changes should not significantly affect output,Consistent
WeatherRelation,0.5,-1.630541443824768,-1.629310965538025,0.001230478286743164,0.07546435184212855,True,0.001230478286743164,PASS,22,Weather changes should not significantly affect output,Consistent
WeatherRelation,0.75,-1.630541443824768,-1.6286903619766235,0.0018510818481445312,0.11352552367802482,True,0.0018510818481445312,PASS,22,Weather changes should not significantly affect output,Consistent
WeatherRelation,1.0,-1.630541443824768,-1.6280711889266968,0.002470254898071289,0.15149896326996587,True,0.002470254898071289,PASS,22,Weather changes should not significantly affect output,Consistent
LessSensitiveRelation,0.1,-1.630541443824768,-1.6302944421768188,0.00024700164794921875,0.015148434122930664,True,0.00024700164794921875,PASS,22,Output should not change drastically under degradation,Consistent
LessSensitiveRelation,0.325,-1.630541443824768,-1.6297396421432495,0.0008018016815185547,0.049173922736887865,True,0.0008018016815185547,PASS,22,Output should not change drastically under degradation,Consistent
LessSensitiveRelation,0.55,-1.630541443824768,-1.6291844844818115,0.001356959342956543,0.08322134441183388,True,0.001356959342956543,PASS,22,Output should not change drastically under degradation,Consistent
LessSensitiveRelation,0.775,-1.630541443824768,-1.6286301612854004,0.0019112825393676758,0.11721758894447268,True,0.0019112825393676758,PASS,22,Output should not change drastically under degradation,Consistent
LessSensitiveRelation,1.0,-1.630541443824768,-1.6280711889266968,0.002470254898071289,0.15149896326996587,True,0.002470254898071289,PASS,22,Output should not change drastically under degradation,Consistent
LessSensitiveRelation,0.1,-1.630541443824768,-1.6353098154067993,0.00476837158203125,0.2924408131839897,True,0.00476837158203125,PASS,22,Output should not change drastically under degradation,Consistent
LessSensitiveRelation,0.325,-1.630541443824768,-1.6341254711151123,0.0035840272903442383,0.21980582620941624,True,0.0035840272903442383,PASS,22,Output should not change drastically under degradation,Consistent
LessSensitiveRelation,0.55,-1.630541443824768,-1.6329333782196045,0.0023919343948364258,0.14669562291341884,True,0.0023919343948364258,PASS,22,Output should not change drastically under degradation,Consistent
LessSensitiveRelation,0.775,-1.630541443824768,-1.6317470073699951,0.0012055635452270508,0.07393634859324219,True,0.0012055635452270508,PASS,22,Output should not change drastically under degradation,Consistent
LessSensitiveRelation,1.0,-1.630541443824768,-1.630541443824768,0.0,0.0,True,0.0,PASS,22,Output should not change drastically under degradation,Consistent
RainRelation,0.0,-1.630541443824768,-1.6315993070602417,0.0010578632354736328,0.06487799440486812,True,0.0010578632354736328,PASS,22,Rain should not significantly affect prediction,Consistent
RainRelation,0.25,-1.630541443824768,-1.631603717803955,0.0010622739791870117,0.0651485021570633,True,0.0010622739791870117,PASS,22,Rain should not significantly affect prediction,Consistent
RainRelation,0.5,-1.630541443824768,-1.6315959692001343,0.001054525375366211,0.06467328583563932,True,0.001054525375366211,PASS,22,Rain should not significantly affect prediction,Consistent
RainRelation,0.75,-1.630541443824768,-1.631580114364624,0.001038670539855957,0.06370092013180255,True,0.001038670539855957,PASS,22,Rain should not significantly affect prediction,Consistent
RainRelation,1.0,-1.630541443824768,-1.6315209865570068,0.0009795427322387695,0.06007465404832108,True,0.0009795427322387695,PASS,22,Rain should not significantly affect prediction,Consistent
SnowRelation,0.0,-1.630541443824768,-1.630541443824768,0.0,0.0,True,0.0,PASS,22,Snow should not significantly affect prediction,Consistent
SnowRelation,0.25,-1.630541443824768,-1.6305105686187744,3.0875205993652344e-05,0.001893554265366333,True,3.0875205993652344e-05,PASS,22,Snow should not significantly affect prediction,Consistent
SnowRelation,0.5,-1.630541443824768,-1.6310153007507324,0.00047385692596435547,0.029061305810158977,True,0.00047385692596435547,PASS,22,Snow should not significantly affect prediction,Consistent
SnowRelation,0.75,-1.630541443824768,-1.6311887502670288,0.0006473064422607422,0.039698840389726604,True,0.0006473064422607422,PASS,22,Snow should not significantly affect prediction,Consistent
SnowRelation,1.0,-1.630541443824768,-1.6312215328216553,0.000680088996887207,0.041709370980366534,True,0.000680088996887207,PASS,22,Snow should not significantly affect prediction,Consistent
FogRelation,0.0,-1.630541443824768,-1.630541443824768,0.0,0.0,True,0.0,PASS,22,Fog should not significantly affect prediction,Consistent
FogRelation,0.25,-1.630541443824768,-1.6299242973327637,0.0006171464920043945,0.037849152246337864,True,0.0006171464920043945,PASS,22,Fog should not significantly affect prediction,Consistent
FogRelation,0.5,-1.630541443824768,-1.629310965538025,0.001230478286743164,0.07546435184212855,True,0.001230478286743164,PASS,22,Fog should not significantly affect prediction,Consistent
FogRelation,0.75,-1.630541443824768,-1.6286903619766235,0.0018510818481445312,0.11352552367802482,True,0.0018510818481445312,PASS,22,Fog should not significantly affect prediction,Consistent
FogRelation,1.0,-1.630541443824768,-1.6280711889266968,0.002470254898071289,0.15149896326996587,True,0.002470254898071289,PASS,22,Fog should not significantly affect prediction,Consistent
TemporalSmoothnessRelation,0.0,-1.6304875612258911,-1.6305943727493286,0.0001068115234375,0.0,True,0.0001068115234375,PASS,22,Predictions should change smoothly across consecutive frames,Consistent
TemporalSmoothnessRelation,25.0,-1.6301090717315674,-1.6323829889297485,0.0022739171981811523,0.0,True,0.0022739171981811523,PASS,22,Predictions should change smoothly across consecutive frames,Consistent
TemporalSmoothnessRelation,50.0,-1.637676477432251,-1.6349196434020996,0.002756834030151367,0.0,True,0.002756834030151367,PASS,22,Predictions should change smoothly across consecutive frames,Consistent
TemporalSmoothnessRelation,75.0,-1.6374915838241577,-1.6324806213378906,0.00501096248626709,0.0,True,0.00501096248626709,PASS,22,Predictions should change smoothly across consecutive frames,Consistent
TemporalSmoothnessRelation,100.0,-1.632336974143982,-1.63276207447052,0.00042510032653808594,0.0,True,0.00042510032653808594,PASS,22,Predictions should change smoothly across consecutive frames,Consistent
BrightnessRelation,0.2,-1.63345468044281,-1.6353645324707031,0.0019098520278930664,0.11692095786616805,True,0.0019098520278930664,PASS,23,Output should remain approximately same under brightness change,Consistent
BrightnessRelation,0.7749999999999999,-1.63345468044281,-1.6340067386627197,0.000552058219909668,0.03379695124388142,True,0.000552058219909668,PASS,23,Output should remain approximately same under brightness change,Consistent
BrightnessRelation,1.3499999999999999,-1.63345468044281,-1.6327084302902222,0.0007462501525878906,0.04568536272655964,True,0.0007462501525878906,PASS,23,Output should remain approximately same under brightness change,Consistent
BrightnessRelation,1.9249999999999998,-1.63345468044281,-1.6317129135131836,0.0017417669296264648,0.1066308042807928,True,0.0017417669296264648,PASS,23,Output should remain approximately same under brightness change,Consistent
BrightnessRelation,2.5,-1.63345468044281,-1.6306113004684448,0.0028433799743652344,0.17407144916196493,True,0.0028433799743652344,PASS,23,Output should remain approximately same under brightness change,Consistent
RotationRelation,-25.0,-1.63345468044281,-1.6341530084609985,0.0006983280181884766,0.04275157425753776,True,0.0006983280181884766,PASS,23,Small rotation should not significantly change output,Consistent
RotationRelation,-12.5,-1.63345468044281,-1.6331521272659302,0.0003025531768798828,0.018522276453675456,True,0.0003025531768798828,PASS,23,Small rotation should not significantly change output,Consistent
RotationRelation,0.0,-1.63345468044281,-1.63345468044281,0.0,0.0,True,0.0,PASS,23,Small rotation should not significantly change output,Consistent
RotationRelation,12.5,-1.63345468044281,-1.6291332244873047,0.004321455955505371,0.26455911888187117,True,0.004321455955505371,PASS,23,Small rotation should not significantly change output,Consistent
RotationRelation,25.0,-1.63345468044281,-1.6272320747375488,0.0062226057052612305,0.3809473241156049,True,0.0062226057052612305,PASS,23,Small rotation should not significantly change output,Consistent
TranslationRelation,0.0,-1.63345468044281,-1.63345468044281,0.0,0.0,True,0.0,PASS,23,Small translation should preserve prediction consistency,Consistent
TranslationRelation,10.0,-1.63345468044281,-1.6326700448989868,0.0007846355438232422,0.048035312694283634,True,0.0007846355438232422,PASS,23,Small translation should preserve prediction consistency,Consistent
TranslationRelation,20.0,-1.63345468044281,-1.6317228078842163,0.00173187255859375,0.10602507183569622,True,0.00173187255859375,PASS,23,Small translation should preserve prediction consistency,Consistent
TranslationRelation,30.0,-1.63345468044281,-1.6307272911071777,0.0027273893356323242,0.16697051338992938,True,0.0027273893356323242,PASS,23,Small translation should preserve prediction consistency,Consistent
TranslationRelation,40.0,-1.63345468044281,-1.6297935247421265,0.0036611557006835938,0.22413560064825874,True,0.0036611557006835938,PASS,23,Small translation should preserve prediction consistency,Consistent
NoiseRelation,0.0,-1.63345468044281,-1.63345468044281,0.0,0.0,True,0.0,PASS,23,Noise should not significantly affect prediction,Consistent
NoiseRelation,25.0,-1.63345468044281,-1.633397102355957,5.7578086853027344e-05,0.0035249249515859915,True,5.7578086853027344e-05,PASS,23,Noise should not significantly affect prediction,Consistent
NoiseRelation,50.0,-1.63345468044281,-1.6334569454193115,2.2649765014648438e-06,0.0001386616440582481,True,2.2649765014648438e-06,PASS,23,Noise should not significantly affect prediction,Consistent
NoiseRelation,75.0,-1.63345468044281,-1.6336051225662231,0.00015044212341308594,0.009210052357974162,True,0.00015044212341308594,PASS,23,Noise should not significantly affect prediction,Consistent
NoiseRelation,100.0,-1.63345468044281,-1.6334588527679443,4.172325134277344e-06,0.00025542934431782544,True,4.172325134277344e-06,PASS,23,Noise should not significantly affect prediction,Consistent
BlurRelation,1.0,-1.63345468044281,-1.63345468044281,0.0,0.0,True,0.0,PASS,23,Blur should not significantly change output,Consistent
BlurRelation,4.5,-1.63345468044281,-1.6333649158477783,8.976459503173828e-05,0.005495379893466359,True,8.976459503173828e-05,PASS,23,Blur should not significantly change output,Consistent
BlurRelation,8.0,-1.63345468044281,-1.6332975625991821,0.0001571178436279297,0.009618739308882684,True,0.0001571178436279297,PASS,23,Blur should not significantly change output,Consistent
BlurRelation,11.5,-1.63345468044281,-1.6332626342773438,0.0001920461654663086,0.011757047819886193,True,0.0001920461654663086,PASS,23,Blur should not significantly change output,Consistent
BlurRelation,15.0,-1.63345468044281,-1.6331663131713867,0.00028836727142333984,0.01765381668299485,True,0.00028836727142333984,PASS,23,Blur should not significantly change output,Consistent
ContrastRelation,0.2,-1.63345468044281,-1.6353645324707031,0.0019098520278930664,0.11692095786616805,True,0.0019098520278930664,PASS,23,Contrast change should not significantly affect output,Consistent
ContrastRelation,0.8999999999999999,-1.63345468044281,-1.6337025165557861,0.0002478361129760742,0.015172503052478834,True,0.0002478361129760742,PASS,23,Contrast change should not significantly affect output,Consistent
ContrastRelation,1.5999999999999999,-1.63345468044281,-1.6322308778762817,0.0012238025665283203,0.07492107567905132,True,0.0012238025665283203,PASS,23,Contrast change should not significantly affect output,Consistent
ContrastRelation,2.3,-1.63345468044281,-1.6310542821884155,0.0024003982543945312,0.1469521507766781,True,0.0024003982543945312,PASS,23,Contrast change should not significantly affect output,Consistent
ContrastRelation,3.0,-1.63345468044281,-1.6294211149215698,0.004033565521240234,0.2469344941239412,True,0.004033565521240234,PASS,23,Contrast change should not significantly affect output,Consistent
WeatherRelation,0.0,-1.63345468044281,-1.63345468044281,0.0,0.0,True,0.0,PASS,23,Weather changes should not significantly affect output,Consistent
WeatherRelation,0.25,-1.63345468044281,-1.6321059465408325,0.001348733901977539,0.08256936004605364,True,0.001348733901977539,PASS,23,Weather changes should not significantly affect output,Consistent
WeatherRelation,0.5,-1.63345468044281,-1.6307651996612549,0.0026894807815551758,0.16464975534727028,True,0.0026894807815551758,PASS,23,Weather changes should not significantly affect output,Consistent
WeatherRelation,0.75,-1.63345468044281,-1.629425048828125,0.004029631614685059,0.24669366074215582,True,0.004029631614685059,PASS,23,Weather changes should not significantly affect output,Consistent
WeatherRelation,1.0,-1.63345468044281,-1.6280711889266968,0.005383491516113281,0.3295768339826571,True,0.005383491516113281,PASS,23,Weather changes should not significantly affect output,Consistent
LessSensitiveRelation,0.1,-1.63345468044281,-1.6329163312911987,0.0005383491516113281,0.03295768339826571,True,0.0005383491516113281,PASS,23,Output should not change drastically under degradation,Consistent
LessSensitiveRelation,0.325,-1.63345468044281,-1.6317095756530762,0.0017451047897338867,0.10683514775624706,True,0.0017451047897338867,PASS,23,Output should not change drastically under degradation,Consistent
LessSensitiveRelation,0.55,-1.63345468044281,-1.6304978132247925,0.002956867218017578,0.1810191273274098,True,0.002956867218017578,PASS,23,Output should not change drastically under degradation,Consistent
LessSensitiveRelation,0.775,-1.63345468044281,-1.6292893886566162,0.004165291786193848,0.2549987634231182,True,0.004165291786193848,PASS,23,Output should not change drastically under degradation,Consistent
LessSensitiveRelation,1.0,-1.63345468044281,-1.6280711889266968,0.005383491516113281,0.3295768339826571,True,0.005383491516113281,PASS,23,Output should not change drastically under degradation,Consistent
LessSensitiveRelation,0.1,-1.63345468044281,-1.6356045007705688,0.002149820327758789,0.13161179415507612,True,0.002149820327758789,PASS,23,Output should not change drastically under degradation,Consistent
LessSensitiveRelation,0.325,-1.63345468044281,-1.6350672245025635,0.001612544059753418,0.09871979258820644,True,0.001612544059753418,PASS,23,Output should not change drastically under degradation,Consistent
LessSensitiveRelation,0.55,-1.63345468044281,-1.6345354318618774,0.0010807514190673828,0.06616349815958301,True,0.0010807514190673828,PASS,23,Output should not change drastically under degradation,Consistent
LessSensitiveRelation,0.775,-1.63345468044281,-1.6340067386627197,0.000552058219909668,0.03379695124388142,True,0.000552058219909668,PASS,23,Output should not change drastically under degradation,Consistent
LessSensitiveRelation,1.0,-1.63345468044281,-1.63345468044281,0.0,0.0,True,0.0,PASS,23,Output should not change drastically under degradation,Consistent
RainRelation,0.0,-1.63345468044281,-1.633932113647461,0.0004774332046508789,0.029228414971225455,True,0.0004774332046508789,PASS,23,Rain should not significantly affect prediction,Consistent
RainRelation,0.25,-1.63345468044281,-1.6339325904846191,0.00047791004180908203,0.02925760689629035,True,0.00047791004180908203,PASS,23,Rain should not significantly affect prediction,Consistent
RainRelation,0.5,-1.63345468044281,-1.6338684558868408,0.0004137754440307617,0.025331292975062064,True,0.0004137754440307617,PASS,23,Rain should not significantly affect prediction,Consistent
RainRelation,0.75,-1.63345468044281,-1.6338832378387451,0.0004285573959350586,0.026236242652073787,True,0.0004285573959350586,PASS,23,Rain should not significantly affect prediction,Consistent
RainRelation,1.0,-1.63345468044281,-1.6338962316513062,0.00044155120849609375,0.02703172261009216,True,0.00044155120849609375,PASS,23,Rain should not significantly affect prediction,Consistent
SnowRelation,0.0,-1.63345468044281,-1.63345468044281,0.0,0.0,True,0.0,PASS,23,Snow should not significantly affect prediction,Consistent
SnowRelation,0.25,-1.63345468044281,-1.633548617362976,9.393692016601562e-05,0.005750809237784185,True,9.393692016601562e-05,PASS,23,Snow should not significantly affect prediction,Consistent
SnowRelation,0.5,-1.63345468044281,-1.6327440738677979,0.000710606575012207,0.043503266327958784,True,0.000710606575012207,PASS,23,Snow should not significantly affect prediction,Consistent
SnowRelation,0.75,-1.63345468044281,-1.6327784061431885,0.000676274299621582,0.0414014477232864,True,0.000676274299621582,PASS,23,Snow should not significantly affect prediction,Consistent
SnowRelation,1.0,-1.63345468044281,-1.6327297687530518,0.0007249116897583008,0.04437902407990561,True,0.0007249116897583008,PASS,23,Snow should not significantly affect prediction,Consistent
FogRelation,0.0,-1.63345468044281,-1.63345468044281,0.0,0.0,True,0.0,PASS,23,Fog should not significantly affect prediction,Consistent
FogRelation,0.25,-1.63345468044281,-1.6321059465408325,0.001348733901977539,0.08256936004605364,True,0.001348733901977539,PASS,23,Fog should not significantly affect prediction,Consistent
FogRelation,0.5,-1.63345468044281,-1.6307651996612549,0.0026894807815551758,0.16464975534727028,True,0.0026894807815551758,PASS,23,Fog should not significantly affect prediction,Consistent
FogRelation,0.75,-1.63345468044281,-1.629425048828125,0.004029631614685059,0.24669366074215582,True,0.004029631614685059,PASS,23,Fog should not significantly affect prediction,Consistent
FogRelation,1.0,-1.63345468044281,-1.6280711889266968,0.005383491516113281,0.3295768339826571,True,0.005383491516113281,PASS,23,Fog should not significantly affect prediction,Consistent
TemporalSmoothnessRelation,0.0,-1.6304875612258911,-1.6305943727493286,0.0001068115234375,0.0,True,0.0001068115234375,PASS,23,Predictions should change smoothly across consecutive frames,Consistent
TemporalSmoothnessRelation,25.0,-1.6301090717315674,-1.6323829889297485,0.0022739171981811523,0.0,True,0.0022739171981811523,PASS,23,Predictions should change smoothly across consecutive frames,Consistent
TemporalSmoothnessRelation,50.0,-1.637676477432251,-1.6349196434020996,0.002756834030151367,0.0,True,0.002756834030151367,PASS,23,Predictions should change smoothly across consecutive frames,Consistent
TemporalSmoothnessRelation,75.0,-1.6374915838241577,-1.6324806213378906,0.00501096248626709,0.0,True,0.00501096248626709,PASS,23,Predictions should change smoothly across consecutive frames,Consistent
TemporalSmoothnessRelation,100.0,-1.632336974143982,-1.63276207447052,0.00042510032653808594,0.0,True,0.00042510032653808594,PASS,23,Predictions should change smoothly across consecutive frames,Consistent
BrightnessRelation,0.2,-1.6305183172225952,-1.634774923324585,0.004256606101989746,0.2610583055980221,True,0.004256606101989746,PASS,24,Output should remain approximately same under brightness change,Consistent
BrightnessRelation,0.7749999999999999,-1.6305183172225952,-1.6317286491394043,0.001210331916809082,0.07422984223644435,True,0.001210331916809082,PASS,24,Output should remain approximately same under brightness change,Consistent
BrightnessRelation,1.3499999999999999,-1.6305183172225952,-1.628912091255188,0.0016062259674072266,0.09851008512694288,True,0.0016062259674072266,PASS,24,Output should remain approximately same under brightness change,Consistent
BrightnessRelation,1.9249999999999998,-1.6305183172225952,-1.6268424987792969,0.00367581844329834,0.22543850934312634,True,0.00367581844329834,PASS,24,Output should remain approximately same under brightness change,Consistent
BrightnessRelation,2.5,-1.6305183172225952,-1.6268733739852905,0.0036449432373046875,0.2235449282203804,True,0.0036449432373046875,PASS,24,Output should remain approximately same under brightness change,Consistent
RotationRelation,-25.0,-1.6305183172225952,-1.6391812562942505,0.008662939071655273,0.5312993829727579,True,0.008662939071655273,PASS,24,Small rotation should not significantly change output,Consistent
RotationRelation,-12.5,-1.6305183172225952,-1.6354924440383911,0.0049741268157958984,0.3050639611107926,True,0.0049741268157958984,PASS,24,Small rotation should not significantly change output,Consistent
RotationRelation,0.0,-1.6305183172225952,-1.6305183172225952,0.0,0.0,True,0.0,PASS,24,Small rotation should not significantly change output,Consistent
RotationRelation,12.5,-1.6305183172225952,-1.6275644302368164,0.0029538869857788086,0.18116234224139216,True,0.0029538869857788086,PASS,24,Small rotation should not significantly change output,Consistent
RotationRelation,25.0,-1.6305183172225952,-1.627411127090454,0.0031071901321411133,0.19056444773888723,True,0.0031071901321411133,PASS,24,Small rotation should not significantly change output,Consistent
TranslationRelation,0.0,-1.6305183172225952,-1.6305183172225952,0.0,0.0,True,0.0,PASS,24,Small translation should preserve prediction consistency,Consistent
TranslationRelation,10.0,-1.6305183172225952,-1.630288004875183,0.00023031234741210938,0.014125091618320741,True,0.00023031234741210938,PASS,24,Small translation should preserve prediction consistency,Consistent
TranslationRelation,20.0,-1.6305183172225952,-1.6304961442947388,2.2172927856445312e-05,0.0013598690688445434,True,2.2172927856445312e-05,PASS,24,Small translation should preserve prediction consistency,Consistent
TranslationRelation,30.0,-1.6305183172225952,-1.6309000253677368,0.00038170814514160156,0.02341021913139908,True,0.00038170814514160156,PASS,24,Small translation should preserve prediction consistency,Consistent
TranslationRelation,40.0,-1.6305183172225952,-1.6305410861968994,2.276897430419922e-05,0.0013964246889747731,True,2.276897430419922e-05,PASS,24,Small translation should preserve prediction consistency,Consistent
NoiseRelation,0.0,-1.6305183172225952,-1.6305183172225952,0.0,0.0,True,0.0,PASS,24,Noise should not significantly affect prediction,Consistent
NoiseRelation,25.0,-1.6305183172225952,-1.6304341554641724,8.416175842285156e-05,0.005161653562388429,True,8.416175842285156e-05,PASS,24,Noise should not significantly affect prediction,Consistent
NoiseRelation,50.0,-1.6305183172225952,-1.6306957006454468,0.0001773834228515625,0.010878952550756348,True,0.0001773834228515625,PASS,24,Noise should not significantly affect prediction,Consistent
NoiseRelation,75.0,-1.6305183172225952,-1.6309014558792114,0.00038313865661621094,0.02349795261971163,True,0.00038313865661621094,PASS,24,Noise should not significantly affect prediction,Consistent
NoiseRelation,100.0,-1.6305183172225952,-1.6303409337997437,0.0001773834228515625,0.010878952550756348,True,0.0001773834228515625,PASS,24,Noise should not significantly affect prediction,Consistent
BlurRelation,1.0,-1.6305183172225952,-1.6305183172225952,0.0,0.0,True,0.0,PASS,24,Blur should not significantly change output,Consistent
BlurRelation,4.5,-1.6305183172225952,-1.6305758953094482,5.7578086853027344e-05,0.0035312729045801853,True,5.7578086853027344e-05,PASS,24,Blur should not significantly change output,Consistent
BlurRelation,8.0,-1.6305183172225952,-1.6305816173553467,6.330013275146484e-05,0.0038822068578303905,True,6.330013275146484e-05,PASS,24,Blur should not significantly change output,Consistent
BlurRelation,11.5,-1.6305183172225952,-1.6305880546569824,6.973743438720703e-05,0.004277007555236871,True,6.973743438720703e-05,PASS,24,Blur should not significantly change output,Consistent
BlurRelation,15.0,-1.6305183172225952,-1.6306158304214478,9.751319885253906e-05,0.005980499453305573,True,9.751319885253906e-05,PASS,24,Blur should not significantly change output,Consistent
ContrastRelation,0.2,-1.6305183172225952,-1.634774923324585,0.004256606101989746,0.2610583055980221,True,0.004256606101989746,PASS,24,Contrast change should not significantly affect output,Consistent
ContrastRelation,0.8999999999999999,-1.6305183172225952,-1.6310621500015259,0.0005438327789306641,0.033353347806821546,True,0.0005438327789306641,PASS,24,Contrast change should not significantly affect output,Consistent
ContrastRelation,1.5999999999999999,-1.6305183172225952,-1.6278719902038574,0.002646327018737793,0.16229964225419366,True,0.002646327018737793,PASS,24,Contrast change should not significantly affect output,Consistent
ContrastRelation,2.3,-1.6305183172225952,-1.6266757249832153,0.003842592239379883,0.2356667718555646,True,0.003842592239379883,PASS,24,Contrast change should not significantly affect output,Consistent
ContrastRelation,3.0,-1.6305183172225952,-1.627587914466858,0.0029304027557373047,0.17972205080826112,True,0.0029304027557373047,PASS,24,Contrast change should not significantly affect output,Consistent
WeatherRelation,0.0,-1.6305183172225952,-1.6305183172225952,0.0,0.0,True,0.0,PASS,24,Weather changes should not significantly affect output,Consistent
WeatherRelation,0.25,-1.6305183172225952,-1.6299079656600952,0.0006103515625,0.037432955013355175,True,0.0006103515625,PASS,24,Weather changes should not significantly affect output,Consistent
WeatherRelation,0.5,-1.6305183172225952,-1.6292983293533325,0.0012199878692626953,0.07482204328255408,True,0.0012199878692626953,PASS,24,Weather changes should not significantly affect output,Consistent
WeatherRelation,0.75,-1.6305183172225952,-1.6286848783493042,0.0018334388732910156,0.11244508752058645,True,0.0018334388732910156,PASS,24,Weather changes should not significantly affect output,Consistent
WeatherRelation,1.0,-1.6305183172225952,-1.6280711889266968,0.0024471282958984375,0.15008275400667093,True,0.0024471282958984375,PASS,24,Weather changes should not significantly affect output,Consistent
LessSensitiveRelation,0.1,-1.6305183172225952,-1.630277395248413,0.0002409219741821289,0.01477578165663883,True,0.0002409219741821289,PASS,24,Output should not change drastically under degradation,Consistent
LessSensitiveRelation,0.325,-1.6305183172225952,-1.6297240257263184,0.0007942914962768555,0.04871401938554405,True,0.0007942914962768555,PASS,24,Output should not change drastically under degradation,Consistent
LessSensitiveRelation,0.55,-1.6305183172225952,-1.629172682762146,0.0013456344604492188,0.08252796800600648,True,0.0013456344604492188,PASS,24,Output should not change drastically under degradation,Consistent
LessSensitiveRelation,0.775,-1.6305183172225952,-1.6286243200302124,0.0018939971923828125,0.11615913852581777,True,0.0018939971923828125,PASS,24,Output should not change drastically under degradation,Consistent
LessSensitiveRelation,1.0,-1.6305183172225952,-1.6280711889266968,0.0024471282958984375,0.15008275400667093,True,0.0024471282958984375,PASS,24,Output should not change drastically under degradation,Consistent
LessSensitiveRelation,0.1,-1.6305183172225952,-1.6353083848953247,0.004790067672729492,0.2937755856145777,True,0.004790067672729492,PASS,24,Output should not change drastically under degradation,Consistent
LessSensitiveRelation,0.325,-1.6305183172225952,-1.63411545753479,0.0035971403121948242,0.22061316748593604,True,0.0035971403121948242,PASS,24,Output should not change drastically under degradation,Consistent
LessSensitiveRelation,0.55,-1.6305183172225952,-1.6329219341278076,0.0024036169052124023,0.14741419373716413,True,0.0024036169052124023,PASS,24,Output should not change drastically under degradation,Consistent
LessSensitiveRelation,0.775,-1.6305183172225952,-1.6317286491394043,0.001210331916809082,0.07422984223644435,True,0.001210331916809082,PASS,24,Output should not change drastically under degradation,Consistent
LessSensitiveRelation,1.0,-1.6305183172225952,-1.6305183172225952,0.0,0.0,True,0.0,PASS,24,Output should not change drastically under degradation,Consistent
RainRelation,0.0,-1.6305183172225952,-1.631577730178833,0.001059412956237793,0.0649739592194702,True,0.001059412956237793,PASS,24,Rain should not significantly affect prediction,Consistent
RainRelation,0.25,-1.6305183172225952,-1.6315778493881226,0.0010595321655273438,0.06498127034349624,True,0.0010595321655273438,PASS,24,Rain should not significantly affect prediction,Consistent
RainRelation,0.5,-1.6305183172225952,-1.6315135955810547,0.0009952783584594727,0.06104057449345749,True,0.0009952783584594727,PASS,24,Rain should not significantly affect prediction,Consistent
RainRelation,0.75,-1.6305183172225952,-1.6315679550170898,0.001049637794494629,0.06437444704933444,True,0.001049637794494629,PASS,24,Rain should not significantly affect prediction,Consistent
RainRelation,1.0,-1.6305183172225952,-1.6315399408340454,0.0010216236114501953,0.06265633290321364,True,0.0010216236114501953,PASS,24,Rain should not significantly affect prediction,Consistent
SnowRelation,0.0,-1.6305183172225952,-1.6305183172225952,0.0,0.0,True,0.0,PASS,24,Snow should not significantly affect prediction,Consistent
SnowRelation,0.25,-1.6305183172225952,-1.6306140422821045,9.572505950927734e-05,0.005870832592914884,True,9.572505950927734e-05,PASS,24,Snow should not significantly affect prediction,Consistent
SnowRelation,0.5,-1.6305183172225952,-1.6310359239578247,0.0005176067352294922,0.03174490052109144,True,0.0005176067352294922,PASS,24,Snow should not significantly affect prediction,Consistent
SnowRelation,0.75,-1.6305183172225952,-1.6313925981521606,0.0008742809295654297,0.05361978360702087,True,0.0008742809295654297,PASS,24,Snow should not significantly affect prediction,Consistent
SnowRelation,1.0,-1.6305183172225952,-1.6318154335021973,0.0012971162796020508,0.0795523405274058,True,0.0012971162796020508,PASS,24,Snow should not significantly affect prediction,Consistent
FogRelation,0.0,-1.6305183172225952,-1.6305183172225952,0.0,0.0,True,0.0,PASS,24,Fog should not significantly affect prediction,Consistent
FogRelation,0.25,-1.6305183172225952,-1.6299079656600952,0.0006103515625,0.037432955013355175,True,0.0006103515625,PASS,24,Fog should not significantly affect prediction,Consistent
FogRelation,0.5,-1.6305183172225952,-1.6292983293533325,0.0012199878692626953,0.07482204328255408,True,0.0012199878692626953,PASS,24,Fog should not significantly affect prediction,Consistent
FogRelation,0.75,-1.6305183172225952,-1.6286848783493042,0.0018334388732910156,0.11244508752058645,True,0.0018334388732910156,PASS,24,Fog should not significantly affect prediction,Consistent
FogRelation,1.0,-1.6305183172225952,-1.6280711889266968,0.0024471282958984375,0.15008275400667093,True,0.0024471282958984375,PASS,24,Fog should not significantly affect prediction,Consistent
TemporalSmoothnessRelation,0.0,-1.6304875612258911,-1.6305943727493286,0.0001068115234375,0.0,True,0.0001068115234375,PASS,24,Predictions should change smoothly across consecutive frames,Consistent
TemporalSmoothnessRelation,25.0,-1.6301090717315674,-1.6323829889297485,0.0022739171981811523,0.0,True,0.0022739171981811523,PASS,24,Predictions should change smoothly across consecutive frames,Consistent
TemporalSmoothnessRelation,50.0,-1.637676477432251,-1.6349196434020996,0.002756834030151367,0.0,True,0.002756834030151367,PASS,24,Predictions should change smoothly across consecutive frames,Consistent
TemporalSmoothnessRelation,75.0,-1.6374915838241577,-1.6324806213378906,0.00501096248626709,0.0,True,0.00501096248626709,PASS,24,Predictions should change smoothly across consecutive frames,Consistent
TemporalSmoothnessRelation,100.0,-1.632336974143982,-1.63276207447052,0.00042510032653808594,0.0,True,0.00042510032653808594,PASS,24,Predictions should change smoothly across consecutive frames,Consistent
BrightnessRelation,0.2,-1.6301090717315674,-1.6346940994262695,0.0045850276947021484,0.28127104876002335,True,0.0045850276947021484,PASS,25,Output should remain approximately same under brightness change,Consistent
BrightnessRelation,0.7749999999999999,-1.6301090717315674,-1.631408929824829,0.0012998580932617188,0.07974051052153541,True,0.0012998580932617188,PASS,25,Output should remain approximately same under brightness change,Consistent
BrightnessRelation,1.3499999999999999,-1.6301090717315674,-1.6281945705413818,0.0019145011901855469,0.11744612976667815,True,0.0019145011901855469,PASS,25,Output should remain approximately same under brightness change,Consistent
BrightnessRelation,1.9249999999999998,-1.6301090717315674,-1.6276271343231201,0.0024819374084472656,0.1522558170449713,True,0.0024819374084472656,PASS,25,Output should remain approximately same under brightness change,Consistent
BrightnessRelation,2.5,-1.6301090717315674,-1.6280410289764404,0.002068042755126953,0.1268652216184516,True,0.002068042755126953,PASS,25,Output should remain approximately same under brightness change,Consistent
RotationRelation,-25.0,-1.6301090717315674,-1.6367995738983154,0.006690502166748047,0.41043253966532034,True,0.006690502166748047,PASS,25,Small rotation should not significantly change output,Consistent
RotationRelation,-12.5,-1.6301090717315674,-1.6354444026947021,0.005335330963134766,0.32729881593010257,True,0.005335330963134766,PASS,25,Small rotation should not significantly change output,Consistent
RotationRelation,0.0,-1.6301090717315674,-1.6301090717315674,0.0,0.0,True,0.0,PASS,25,Small rotation should not significantly change output,Consistent
RotationRelation,12.5,-1.6301090717315674,-1.6295276880264282,0.0005813837051391602,0.03566530354122599,True,0.0005813837051391602,PASS,25,Small rotation should not significantly change output,Consistent
RotationRelation,25.0,-1.6301090717315674,-1.6321052312850952,0.001996159553527832,0.12245550703256698,True,0.001996159553527832,PASS,25,Small rotation should not significantly change output,Consistent
TranslationRelation,0.0,-1.6301090717315674,-1.6301090717315674,0.0,0.0,True,0.0,PASS,25,Small translation should preserve prediction consistency,Consistent
TranslationRelation,10.0,-1.6301090717315674,-1.6297273635864258,0.00038170814514160156,0.02341609635821317,True,0.00038170814514160156,PASS,25,Small translation should preserve prediction consistency,Consistent
TranslationRelation,20.0,-1.6301090717315674,-1.6298788785934448,0.0002301931381225586,0.014121324818147915,True,0.0002301931381225586,PASS,25,Small translation should preserve prediction consistency,Consistent
TranslationRelation,30.0,-1.6301090717315674,-1.6302123069763184,0.00010323524475097656,0.006333022937605434,True,0.00010323524475097656,PASS,25,Small translation should preserve prediction consistency,Consistent
TranslationRelation,40.0,-1.6301090717315674,-1.6294410228729248,0.0006680488586425781,0.04098182510662916,True,0.0006680488586425781,PASS,25,Small translation should preserve prediction consistency,Consistent
NoiseRelation,0.0,-1.6301090717315674,-1.6301090717315674,0.0,0.0,True,0.0,PASS,25,Noise should not significantly affect prediction,Consistent
NoiseRelation,25.0,-1.6301090717315674,-1.6302087306976318,9.965896606445312e-05,0.006113634152238041,True,9.965896606445312e-05,PASS,25,Noise should not significantly affect prediction,Consistent
NoiseRelation,50.0,-1.6301090717315674,-1.630068063735962,4.100799560546875e-05,0.0025156580722127822,True,4.100799560546875e-05,PASS,25,Noise should not significantly affect prediction,Consistent
NoiseRelation,75.0,-1.6301090717315674,-1.630250334739685,0.00014126300811767578,0.008665857022012056,True,0.00014126300811767578,PASS,25,Noise should not significantly affect prediction,Consistent
NoiseRelation,100.0,-1.6301090717315674,-1.6303821802139282,0.00027310848236083984,0.01675399024255664,True,0.00027310848236083984,PASS,25,Noise should not significantly affect prediction,Consistent
BlurRelation,1.0,-1.6301090717315674,-1.6301090717315674,0.0,0.0,True,0.0,PASS,25,Blur should not significantly change output,Consistent
BlurRelation,4.5,-1.6301090717315674,-1.6300921440124512,1.6927719116210938e-05,0.0010384402507389973,True,1.6927719116210938e-05,PASS,25,Blur should not significantly change output,Consistent
BlurRelation,8.0,-1.6301090717315674,-1.630030632019043,7.843971252441406e-05,0.004811927359058171,True,7.843971252441406e-05,PASS,25,Blur should not significantly change output,Consistent
BlurRelation,11.5,-1.6301090717315674,-1.6299943923950195,0.00011467933654785156,0.007035067050781095,True,0.00011467933654785156,PASS,25,Blur should not significantly change output,Consistent
BlurRelation,15.0,-1.6301090717315674,-1.6299338340759277,0.00017523765563964844,0.010750050483002297,True,0.00017523765563964844,PASS,25,Blur should not significantly change output,Consistent
ContrastRelation,0.2,-1.6301090717315674,-1.6346940994262695,0.0045850276947021484,0.28127104876002335,True,0.0045850276947021484,PASS,25,Contrast change should not significantly affect output,Consistent
ContrastRelation,0.8999999999999999,-1.6301090717315674,-1.6306935548782349,0.0005844831466674805,0.035855440488544395,True,0.0005844831466674805,PASS,25,Contrast change should not significantly affect output,Consistent
ContrastRelation,1.5999999999999999,-1.6301090717315674,-1.6276406049728394,0.0024684667587280273,0.15142945262008745,True,0.0024684667587280273,PASS,25,Contrast change should not significantly affect output,Consistent
ContrastRelation,2.3,-1.6301090717315674,-1.6278581619262695,0.0022509098052978516,0.13808330151023768,True,0.0022509098052978516,PASS,25,Contrast change should not significantly affect output,Consistent
ContrastRelation,3.0,-1.6301090717315674,-1.628376841545105,0.0017322301864624023,0.10626461467245331,True,0.0017322301864624023,PASS,25,Contrast change should not significantly affect output,Consistent
WeatherRelation,0.0,-1.6301090717315674,-1.6301090717315674,0.0,0.0,True,0.0,PASS,25,Weather changes should not significantly affect output,Consistent
WeatherRelation,0.25,-1.6301090717315674,-1.6295968294143677,0.000512242317199707,0.03142378702412304,True,0.000512242317199707,PASS,25,Weather changes should not significantly affect output,Consistent
WeatherRelation,0.5,-1.6301090717315674,-1.6290901899337769,0.0010188817977905273,0.0625038649511705,True,0.0010188817977905273,PASS,25,Weather changes should not significantly affect output,Consistent
WeatherRelation,0.75,-1.6301090717315674,-1.628585696220398,0.0015233755111694336,0.09345230960699752,True,0.0015233755111694336,PASS,25,Weather changes should not significantly affect output,Consistent
WeatherRelation,1.0,-1.6301090717315674,-1.6280711889266968,0.0020378828048706055,0.12501504286185325,True,0.0020378828048706055,PASS,25,Weather changes should not significantly affect output,Consistent
LessSensitiveRelation,0.1,-1.6301090717315674,-1.6299078464508057,0.00020122528076171875,0.012344275656672024,True,0.00020122528076171875,PASS,25,Output should not change drastically under degradation,Consistent
LessSensitiveRelation,0.325,-1.6301090717315674,-1.6294476985931396,0.0006613731384277344,0.04057229937394336,True,0.0006613731384277344,PASS,25,Output should not change drastically under degradation,Consistent
LessSensitiveRelation,0.55,-1.6301090717315674,-1.628989338874817,0.0011197328567504883,0.068690628698531,True,0.0011197328567504883,PASS,25,Output should not change drastically under degradation,Consistent
LessSensitiveRelation,0.775,-1.6301090717315674,-1.628532886505127,0.0015761852264404297,0.0966919506709227,True,0.0015761852264404297,PASS,25,Output should not change drastically under degradation,Consistent
LessSensitiveRelation,1.0,-1.6301090717315674,-1.6280711889266968,0.0020378828048706055,0.12501504286185325,True,0.0020378828048706055,PASS,25,Output should not change drastically under degradation,Consistent
LessSensitiveRelation,0.1,-1.6301090717315674,-1.635265827178955,0.005156755447387695,0.3163440025807574,True,0.005156755447387695,PASS,25,Output should not change drastically under degradation,Consistent
LessSensitiveRelation,0.325,-1.6301090717315674,-1.6339874267578125,0.003878355026245117,0.23791982477142634,True,0.003878355026245117,PASS,25,Output should not change drastically under degradation,Consistent
LessSensitiveRelation,0.55,-1.6301090717315674,-1.6326944828033447,0.0025854110717773438,0.15860346590160124,True,0.0025854110717773438,PASS,25,Output should not change drastically under degradation,Consistent
LessSensitiveRelation,0.775,-1.6301090717315674,-1.631408929824829,0.0012998580932617188,0.07974051052153541,True,0.0012998580932617188,PASS,25,Output should not change drastically under degradation,Consistent
LessSensitiveRelation,1.0,-1.6301090717315674,-1.6301090717315674,0.0,0.0,True,0.0,PASS,25,Output should not change drastically under degradation,Consistent
RainRelation,0.0,-1.6301090717315674,-1.6312522888183594,0.0011432170867919922,0.07013128172244355,True,0.0011432170867919922,PASS,25,Rain should not significantly affect prediction,Consistent
RainRelation,0.25,-1.6301090717315674,-1.6312599182128906,0.0011508464813232422,0.07059931113122733,True,0.0011508464813232422,PASS,25,Rain should not significantly affect prediction,Consistent
RainRelation,0.5,-1.6301090717315674,-1.6313055753707886,0.0011965036392211914,0.07340017462441772,True,0.0011965036392211914,PASS,25,Rain should not significantly affect prediction,Consistent
RainRelation,0.75,-1.6301090717315674,-1.631301760673523,0.0011926889419555664,0.07316615992002584,True,0.0011926889419555664,PASS,25,Rain should not significantly affect prediction,Consistent
RainRelation,1.0,-1.6301090717315674,-1.6313332319259644,0.0012241601943969727,0.0750967812312589,True,0.0012241601943969727,PASS,25,Rain should not significantly affect prediction,Consistent
SnowRelation,0.0,-1.6301090717315674,-1.6301090717315674,0.0,0.0,True,0.0,PASS,25,Snow should not significantly affect prediction,Consistent
SnowRelation,0.25,-1.6301090717315674,-1.629858136177063,0.00025093555450439453,0.015393779773278798,True,0.00025093555450439453,PASS,25,Snow should not significantly affect prediction,Consistent
SnowRelation,0.5,-1.6301090717315674,-1.6307575702667236,0.00064849853515625,0.03978249974662075,True,0.00064849853515625,PASS,25,Snow should not significantly affect prediction,Consistent
SnowRelation,0.75,-1.6301090717315674,-1.631590485572815,0.0014814138412475586,0.09087814785868677,True,0.0014814138412475586,PASS,25,Snow should not significantly affect prediction,Consistent
SnowRelation,1.0,-1.6301090717315674,-1.6312350034713745,0.001125931739807129,0.06907090259316782,True,0.001125931739807129,PASS,25,Snow should not significantly affect prediction,Consistent
FogRelation,0.0,-1.6301090717315674,-1.6301090717315674,0.0,0.0,True,0.0,PASS,25,Fog should not significantly affect prediction,Consistent
FogRelation,0.25,-1.6301090717315674,-1.6295968294143677,0.000512242317199707,0.03142378702412304,True,0.000512242317199707,PASS,25,Fog should not significantly affect prediction,Consistent
FogRelation,0.5,-1.6301090717315674,-1.6290901899337769,0.0010188817977905273,0.0625038649511705,True,0.0010188817977905273,PASS,25,Fog should not significantly affect prediction,Consistent
FogRelation,0.75,-1.6301090717315674,-1.628585696220398,0.0015233755111694336,0.09345230960699752,True,0.0015233755111694336,PASS,25,Fog should not significantly affect prediction,Consistent
FogRelation,1.0,-1.6301090717315674,-1.6280711889266968,0.0020378828048706055,0.12501504286185325,True,0.0020378828048706055,PASS,25,Fog should not significantly affect prediction,Consistent
TemporalSmoothnessRelation,0.0,-1.6304875612258911,-1.6305943727493286,0.0001068115234375,0.0,True,0.0001068115234375,PASS,25,Predictions should change smoothly across consecutive frames,Consistent
TemporalSmoothnessRelation,25.0,-1.6301090717315674,-1.6323829889297485,0.0022739171981811523,0.0,True,0.0022739171981811523,PASS,25,Predictions should change smoothly across consecutive frames,Consistent
TemporalSmoothnessRelation,50.0,-1.637676477432251,-1.6349196434020996,0.002756834030151367,0.0,True,0.002756834030151367,PASS,25,Predictions should change smoothly across consecutive frames,Consistent
TemporalSmoothnessRelation,75.0,-1.6374915838241577,-1.6324806213378906,0.00501096248626709,0.0,True,0.00501096248626709,PASS,25,Predictions should change smoothly across consecutive frames,Consistent
TemporalSmoothnessRelation,100.0,-1.632336974143982,-1.63276207447052,0.00042510032653808594,0.0,True,0.00042510032653808594,PASS,25,Predictions should change smoothly across consecutive frames,Consistent
BrightnessRelation,0.2,-1.6323829889297485,-1.6351510286331177,0.0027680397033691406,0.16957037817946072,True,0.0027680397033691406,PASS,26,Output should remain approximately same under brightness change,Consistent
BrightnessRelation,0.7749999999999999,-1.6323829889297485,-1.6331735849380493,0.0007905960083007812,0.04843198742834554,True,0.0007905960083007812,PASS,26,Output should remain approximately same under brightness change,Consistent
BrightnessRelation,1.3499999999999999,-1.6323829889297485,-1.6313406229019165,0.0010423660278320312,0.06385544301469442,True,0.0010423660278320312,PASS,26,Output should remain approximately same under brightness change,Consistent
BrightnessRelation,1.9249999999999998,-1.6323829889297485,-1.630403995513916,0.0019789934158325195,0.12123332679402357,True,0.0019789934158325195,PASS,26,Output should remain approximately same under brightness change,Consistent
BrightnessRelation,2.5,-1.6323829889297485,-1.6295362710952759,0.0028467178344726562,0.17439020805019473,True,0.0028467178344726562,PASS,26,Output should remain approximately same under brightness change,Consistent
RotationRelation,-25.0,-1.6323829889297485,-1.6362138986587524,0.0038309097290039062,0.23468189806955855,True,0.0038309097290039062,PASS,26,Small rotation should not significantly change output,Consistent
RotationRelation,-12.5,-1.6323829889297485,-1.632519006729126,0.0001360177993774414,0.008332463458344732,True,0.0001360177993774414,PASS,26,Small rotation should not significantly change output,Consistent
RotationRelation,0.0,-1.6323829889297485,-1.6323829889297485,0.0,0.0,True,0.0,PASS,26,Small rotation should not significantly change output,Consistent
RotationRelation,12.5,-1.6323829889297485,-1.6353765726089478,0.0029935836791992188,0.18338722380889827,True,0.0029935836791992188,PASS,26,Small rotation should not significantly change output,Consistent
RotationRelation,25.0,-1.6323829889297485,-1.633774995803833,0.0013920068740844727,0.08527447484933517,True,0.0013920068740844727,PASS,26,Small rotation should not significantly change output,Consistent
TranslationRelation,0.0,-1.6323829889297485,-1.6323829889297485,0.0,0.0,True,0.0,PASS,26,Small translation should preserve prediction consistency,Consistent
TranslationRelation,10.0,-1.6323829889297485,-1.6317756175994873,0.0006073713302612305,0.037207626047560394,True,0.0006073713302612305,PASS,26,Small translation should preserve prediction consistency,Consistent
TranslationRelation,20.0,-1.6323829889297485,-1.632053017616272,0.0003299713134765625,0.020214074366957248,True,0.0003299713134765625,PASS,26,Small translation should preserve prediction consistency,Consistent
TranslationRelation,30.0,-1.6323829889297485,-1.632768988609314,0.0003859996795654297,0.023646377456722385,True,0.0003859996795654297,PASS,26,Small translation should preserve prediction consistency,Consistent
TranslationRelation,40.0,-1.6323829889297485,-1.6314538717269897,0.0009291172027587891,0.05691780910984999,True,0.0009291172027587891,PASS,26,Small translation should preserve prediction consistency,Consistent
NoiseRelation,0.0,-1.6323829889297485,-1.6323829889297485,0.0,0.0,True,0.0,PASS,26,Noise should not significantly affect prediction,Consistent
NoiseRelation,25.0,-1.6323829889297485,-1.632354497909546,2.849102020263672e-05,0.0017453626350082305,True,2.849102020263672e-05,PASS,26,Noise should not significantly affect prediction,Consistent
NoiseRelation,50.0,-1.6323829889297485,-1.6323803663253784,2.6226043701171875e-06,0.0001606609956911342,True,2.6226043701171875e-06,PASS,26,Noise should not significantly affect prediction,Consistent
NoiseRelation,75.0,-1.6323829889297485,-1.6324914693832397,0.00010848045349121094,0.006645523003587823,True,0.00010848045349121094,PASS,26,Noise should not significantly affect prediction,Consistent
NoiseRelation,100.0,-1.6323829889297485,-1.6323761940002441,6.794929504394531e-06,0.00041625803429066587,True,6.794929504394531e-06,PASS,26,Noise should not significantly affect prediction,Consistent
BlurRelation,1.0,-1.6323829889297485,-1.6323829889297485,0.0,0.0,True,0.0,PASS,26,Blur should not significantly change output,Consistent
BlurRelation,4.5,-1.6323829889297485,-1.6323469877243042,3.600120544433594e-05,0.0022054373044873873,True,3.600120544433594e-05,PASS,26,Blur should not significantly change output,Consistent
BlurRelation,8.0,-1.6323829889297485,-1.6323773860931396,5.602836608886719e-06,0.00034323030897651395,True,5.602836608886719e-06,PASS,26,Blur should not significantly change output,Consistent
BlurRelation,11.5,-1.6323829889297485,-1.6323951482772827,1.2159347534179688e-05,0.0007448827982043494,True,1.2159347534179688e-05,PASS,26,Blur should not significantly change output,Consistent
BlurRelation,15.0,-1.6323829889297485,-1.632439374923706,5.638599395751953e-05,0.003454211407359385,True,5.638599395751953e-05,PASS,26,Blur should not significantly change output,Consistent
ContrastRelation,0.2,-1.6323829889297485,-1.6351510286331177,0.0027680397033691406,0.16957037817946072,True,0.0027680397033691406,PASS,26,Contrast change should not significantly affect output,Consistent
ContrastRelation,0.8999999999999999,-1.6323829889297485,-1.632745385169983,0.000362396240234375,0.02220042849550218,True,0.000362396240234375,PASS,26,Contrast change should not significantly affect output,Consistent
ContrastRelation,1.5999999999999999,-1.6323829889297485,-1.6309312582015991,0.001451730728149414,0.08893316388757419,True,0.001451730728149414,PASS,26,Contrast change should not significantly affect output,Consistent
ContrastRelation,2.3,-1.6323829889297485,-1.6298238039016724,0.002559185028076172,0.1567759207044213,True,0.002559185028076172,PASS,26,Contrast change should not significantly affect output,Consistent
ContrastRelation,3.0,-1.6323829889297485,-1.6289284229278564,0.00345456600189209,0.21162704518788078,True,0.00345456600189209,PASS,26,Contrast change should not significantly affect output,Consistent
WeatherRelation,0.0,-1.6323829889297485,-1.6323829889297485,0.0,0.0,True,0.0,PASS,26,Weather changes should not significantly affect output,Consistent
WeatherRelation,0.25,-1.6323829889297485,-1.6313074827194214,0.0010755062103271484,0.06588561377842785,True,0.0010755062103271484,PASS,26,Weather changes should not significantly affect output,Consistent
WeatherRelation,0.5,-1.6323829889297485,-1.6302281618118286,0.002154827117919922,0.13200491627786098,True,0.002154827117919922,PASS,26,Weather changes should not significantly affect output,Consistent
WeatherRelation,0.75,-1.6323829889297485,-1.6291509866714478,0.0032320022583007812,0.19799276887172865,True,0.0032320022583007812,PASS,26,Weather changes should not significantly affect output,Consistent
WeatherRelation,1.0,-1.6323829889297485,-1.6280711889266968,0.004311800003051758,0.26414128246128743,True,0.004311800003051758,PASS,26,Weather changes should not significantly affect output,Consistent
LessSensitiveRelation,0.1,-1.6323829889297485,-1.631955623626709,0.0004273653030395508,0.026180439525123455,True,0.0004273653030395508,PASS,26,Output should not change drastically under degradation,Consistent
LessSensitiveRelation,0.325,-1.6323829889297485,-1.6309876441955566,0.0013953447341918945,0.08547895248021481,True,0.0013953447341918945,PASS,26,Output should not change drastically under degradation,Consistent
LessSensitiveRelation,0.55,-1.6323829889297485,-1.630013346672058,0.0023696422576904297,0.14516451237947114,True,0.0023696422576904297,PASS,26,Output should not change drastically under degradation,Consistent
LessSensitiveRelation,0.775,-1.6323829889297485,-1.629044771194458,0.0033382177352905273,0.20449953919721955,True,0.0033382177352905273,PASS,26,Output should not change drastically under degradation,Consistent
LessSensitiveRelation,1.0,-1.6323829889297485,-1.6280711889266968,0.004311800003051758,0.26414128246128743,True,0.004311800003051758,PASS,26,Output should not change drastically under degradation,Consistent
LessSensitiveRelation,0.1,-1.6323829889297485,-1.6354954242706299,0.0031124353408813477,0.1906680880227192,True,0.0031124353408813477,PASS,26,Output should not change drastically under degradation,Consistent
LessSensitiveRelation,0.325,-1.6323829889297485,-1.6347264051437378,0.002343416213989258,0.1435579024225598,True,0.002343416213989258,PASS,26,Output should not change drastically under degradation,Consistent
LessSensitiveRelation,0.55,-1.6323829889297485,-1.6339480876922607,0.001565098762512207,0.09587810056495003,True,0.001565098762512207,PASS,26,Output should not change drastically under degradation,Consistent
LessSensitiveRelation,0.775,-1.6323829889297485,-1.6331735849380493,0.0007905960083007812,0.04843198742834554,True,0.0007905960083007812,PASS,26,Output should not change drastically under degradation,Consistent
LessSensitiveRelation,1.0,-1.6323829889297485,-1.6323829889297485,0.0,0.0,True,0.0,PASS,26,Output should not change drastically under degradation,Consistent
RainRelation,0.0,-1.6323829889297485,-1.6330749988555908,0.0006920099258422852,0.04239259454486518,True,0.0006920099258422852,PASS,26,Rain should not significantly affect prediction,Consistent
RainRelation,0.25,-1.6323829889297485,-1.6330857276916504,0.0007027387619018555,0.04304984407269254,True,0.0007027387619018555,PASS,26,Rain should not significantly affect prediction,Consistent
RainRelation,0.5,-1.6323829889297485,-1.6330351829528809,0.0006521940231323242,0.0399534685193725,True,0.0006521940231323242,PASS,26,Rain should not significantly affect prediction,Consistent
RainRelation,0.75,-1.6323829889297485,-1.633050799369812,0.0006678104400634766,0.0409101317209879,True,0.0006678104400634766,PASS,26,Rain should not significantly affect prediction,Consistent
RainRelation,1.0,-1.6323829889297485,-1.6330797672271729,0.0006967782974243164,0.04268470544612179,True,0.0006967782974243164,PASS,26,Rain should not significantly affect prediction,Consistent
SnowRelation,0.0,-1.6323829889297485,-1.6323829889297485,0.0,0.0,True,0.0,PASS,26,Snow should not significantly affect prediction,Consistent
SnowRelation,0.25,-1.6323829889297485,-1.6324114799499512,2.849102020263672e-05,0.0017453626350082305,True,2.849102020263672e-05,PASS,26,Snow should not significantly affect prediction,Consistent
SnowRelation,0.5,-1.6323829889297485,-1.6323606967926025,2.2292137145996094e-05,0.0013656184633746406,True,2.2292137145996094e-05,PASS,26,Snow should not significantly affect prediction,Consistent
SnowRelation,0.75,-1.6323829889297485,-1.6325531005859375,0.00017011165618896484,0.010421056402329477,True,0.00017011165618896484,PASS,26,Snow should not significantly affect prediction,Consistent
SnowRelation,1.0,-1.6323829889297485,-1.6314599514007568,0.0009230375289916992,0.05654536771074782,True,0.0009230375289916992,PASS,26,Snow should not significantly affect prediction,Consistent
FogRelation,0.0,-1.6323829889297485,-1.6323829889297485,0.0,0.0,True,0.0,PASS,26,Fog should not significantly affect prediction,Consistent
FogRelation,0.25,-1.6323829889297485,-1.6313074827194214,0.0010755062103271484,0.06588561377842785,True,0.0010755062103271484,PASS,26,Fog should not significantly affect prediction,Consistent
FogRelation,0.5,-1.6323829889297485,-1.6302281618118286,0.002154827117919922,0.13200491627786098,True,0.002154827117919922,PASS,26,Fog should not significantly affect prediction,Consistent
FogRelation,0.75,-1.6323829889297485,-1.6291509866714478,0.0032320022583007812,0.19799276887172865,True,0.0032320022583007812,PASS,26,Fog should not significantly affect prediction,Consistent
FogRelation,1.0,-1.6323829889297485,-1.6280711889266968,0.004311800003051758,0.26414128246128743,True,0.004311800003051758,PASS,26,Fog should not significantly affect prediction,Consistent
TemporalSmoothnessRelation,0.0,-1.6304875612258911,-1.6305943727493286,0.0001068115234375,0.0,True,0.0001068115234375,PASS,26,Predictions should change smoothly across consecutive frames,Consistent
TemporalSmoothnessRelation,25.0,-1.6301090717315674,-1.6323829889297485,0.0022739171981811523,0.0,True,0.0022739171981811523,PASS,26,Predictions should change smoothly across consecutive frames,Consistent
TemporalSmoothnessRelation,50.0,-1.637676477432251,-1.6349196434020996,0.002756834030151367,0.0,True,0.002756834030151367,PASS,26,Predictions should change smoothly across consecutive frames,Consistent
TemporalSmoothnessRelation,75.0,-1.6374915838241577,-1.6324806213378906,0.00501096248626709,0.0,True,0.00501096248626709,PASS,26,Predictions should change smoothly across consecutive frames,Consistent
TemporalSmoothnessRelation,100.0,-1.632336974143982,-1.63276207447052,0.00042510032653808594,0.0,True,0.00042510032653808594,PASS,26,Predictions should change smoothly across consecutive frames,Consistent
BrightnessRelation,0.2,-1.6338541507720947,-1.6354436874389648,0.0015895366668701172,0.09728749002743393,True,0.0015895366668701172,PASS,27,Output should remain approximately same under brightness change,Consistent
BrightnessRelation,0.7749999999999999,-1.6338541507720947,-1.6343152523040771,0.0004611015319824219,0.02822168977246996,True,0.0004611015319824219,PASS,27,Output should remain approximately same under brightness change,Consistent
BrightnessRelation,1.3499999999999999,-1.6338541507720947,-1.6326004266738892,0.0012537240982055664,0.07673410324122713,True,0.0012537240982055664,PASS,27,Output should remain approximately same under brightness change,Consistent
BrightnessRelation,1.9249999999999998,-1.6338541507720947,-1.6304540634155273,0.003400087356567383,0.208102129185726,True,0.003400087356567383,PASS,27,Output should remain approximately same under brightness change,Consistent
BrightnessRelation,2.5,-1.6338541507720947,-1.6291311979293823,0.004722952842712402,0.2890680266534352,True,0.004722952842712402,PASS,27,Output should remain approximately same under brightness change,Consistent
RotationRelation,-25.0,-1.6338541507720947,-1.6317065954208374,0.0021475553512573242,0.13144098791392098,True,0.0021475553512573242,PASS,27,Small rotation should not significantly change output,Consistent
RotationRelation,-12.5,-1.6338541507720947,-1.6293556690216064,0.004498481750488281,0.27532928781125293,True,0.004498481750488281,PASS,27,Small rotation should not significantly change output,Consistent
RotationRelation,0.0,-1.6338541507720947,-1.6338541507720947,0.0,0.0,True,0.0,PASS,27,Small rotation should not significantly change output,Consistent
RotationRelation,12.5,-1.6338541507720947,-1.6403595209121704,0.006505370140075684,0.39816076333336564,True,0.006505370140075684,PASS,27,Small rotation should not significantly change output,Consistent
RotationRelation,25.0,-1.6338541507720947,-1.6372716426849365,0.003417491912841797,0.20916737393928872,True,0.003417491912841797,PASS,27,Small rotation should not significantly change output,Consistent
TranslationRelation,0.0,-1.6338541507720947,-1.6338541507720947,0.0,0.0,True,0.0,PASS,27,Small translation should preserve prediction consistency,Consistent
TranslationRelation,10.0,-1.6338541507720947,-1.6343508958816528,0.0004967451095581055,0.030403252658190882,True,0.0004967451095581055,PASS,27,Small translation should preserve prediction consistency,Consistent
TranslationRelation,20.0,-1.6338541507720947,-1.6345953941345215,0.0007412433624267578,0.04536775258666448,True,0.0007412433624267578,PASS,27,Small translation should preserve prediction consistency,Consistent
TranslationRelation,30.0,-1.6338541507720947,-1.6342474222183228,0.00039327144622802734,0.024070153712352223,True,0.00039327144622802734,PASS,27,Small translation should preserve prediction consistency,Consistent
TranslationRelation,40.0,-1.6338541507720947,-1.6329678297042847,0.0008863210678100586,0.05424722426533458,True,0.0008863210678100586,PASS,27,Small translation should preserve prediction consistency,Consistent
NoiseRelation,0.0,-1.6338541507720947,-1.6338541507720947,0.0,0.0,True,0.0,PASS,27,Noise should not significantly affect prediction,Consistent
NoiseRelation,25.0,-1.6338541507720947,-1.6338523626327515,1.7881393432617188e-06,0.0001094429541331565,True,1.7881393432617188e-06,PASS,27,Noise should not significantly affect prediction,Consistent
NoiseRelation,50.0,-1.6338541507720947,-1.6337631940841675,9.09566879272461e-05,0.005566998266906561,True,9.09566879272461e-05,PASS,27,Noise should not significantly affect prediction,Consistent
NoiseRelation,75.0,-1.6338541507720947,-1.6340903043746948,0.00023615360260009766,0.014453766142518872,True,0.00023615360260009766,PASS,27,Noise should not significantly affect prediction,Consistent
NoiseRelation,100.0,-1.6338541507720947,-1.633872628211975,1.8477439880371094e-05,0.0011309105260426174,True,1.8477439880371094e-05,PASS,27,Noise should not significantly affect prediction,Consistent
BlurRelation,1.0,-1.6338541507720947,-1.6338541507720947,0.0,0.0,True,0.0,PASS,27,Blur should not significantly change output,Consistent
BlurRelation,4.5,-1.6338541507720947,-1.6339625120162964,0.00010836124420166016,0.0066322430204692855,True,0.00010836124420166016,PASS,27,Blur should not significantly change output,Consistent
BlurRelation,8.0,-1.6338541507720947,-1.6339722871780396,0.00011813640594482422,0.007230531169730541,True,0.00011813640594482422,PASS,27,Blur should not significantly change output,Consistent
BlurRelation,11.5,-1.6338541507720947,-1.63397216796875,0.00011801719665527344,0.00722323497278833,True,0.00011801719665527344,PASS,27,Blur should not significantly change output,Consistent
BlurRelation,15.0,-1.6338541507720947,-1.6339539289474487,9.97781753540039e-05,0.006106916840630134,True,9.97781753540039e-05,PASS,27,Blur should not significantly change output,Consistent
ContrastRelation,0.2,-1.6338541507720947,-1.6354436874389648,0.0015895366668701172,0.09728749002743393,True,0.0015895366668701172,PASS,27,Contrast change should not significantly affect output,Consistent
ContrastRelation,0.8999999999999999,-1.6338541507720947,-1.6340620517730713,0.0002079010009765625,0.012724567467214997,True,0.0002079010009765625,PASS,27,Contrast change should not significantly affect output,Consistent
ContrastRelation,1.5999999999999999,-1.6338541507720947,-1.6316416263580322,0.0022125244140625,0.13541741524742565,True,0.0022125244140625,PASS,27,Contrast change should not significantly affect output,Consistent
ContrastRelation,2.3,-1.6338541507720947,-1.6293914318084717,0.004462718963623047,0.2731404287285898,True,0.004462718963623047,PASS,27,Contrast change should not significantly affect output,Consistent
ContrastRelation,3.0,-1.6338541507720947,-1.6290156841278076,0.004838466644287109,0.29613804149043715,True,0.004838466644287109,PASS,27,Contrast change should not significantly affect output,Consistent
WeatherRelation,0.0,-1.6338541507720947,-1.6338541507720947,0.0,0.0,True,0.0,PASS,27,Weather changes should not significantly affect output,Consistent
WeatherRelation,0.25,-1.6338541507720947,-1.6324124336242676,0.0014417171478271484,0.08824020581909299,True,0.0014417171478271484,PASS,27,Weather changes should not significantly affect output,Consistent
WeatherRelation,0.5,-1.6338541507720947,-1.6309672594070435,0.0028868913650512695,0.17669200134951007,True,0.0028868913650512695,PASS,27,Weather changes should not significantly affect output,Consistent
WeatherRelation,0.75,-1.6338541507720947,-1.629523515701294,0.004330635070800781,0.26505624251662063,True,0.004330635070800781,PASS,27,Weather changes should not significantly affect output,Consistent
WeatherRelation,1.0,-1.6338541507720947,-1.6280711889266968,0.005782961845397949,0.3539458098635704,True,0.005782961845397949,PASS,27,Weather changes should not significantly affect output,Consistent
LessSensitiveRelation,0.1,-1.6338541507720947,-1.6332728862762451,0.0005812644958496094,0.03557625629021808,True,0.0005812644958496094,PASS,27,Output should not change drastically under degradation,Consistent
LessSensitiveRelation,0.325,-1.6338541507720947,-1.631978988647461,0.001875162124633789,0.11476917790097013,True,0.001875162124633789,PASS,27,Output should not change drastically under degradation,Consistent
LessSensitiveRelation,0.55,-1.6338541507720947,-1.6306793689727783,0.0031747817993164062,0.19431231696494827,True,0.0031747817993164062,PASS,27,Output should not change drastically under degradation,Consistent
LessSensitiveRelation,0.775,-1.6338541507720947,-1.6293792724609375,0.0044748783111572266,0.2738846408166953,True,0.0044748783111572266,PASS,27,Output should not change drastically under degradation,Consistent
LessSensitiveRelation,1.0,-1.6338541507720947,-1.6280711889266968,0.005782961845397949,0.3539458098635704,True,0.005782961845397949,PASS,27,Output should not change drastically under degradation,Consistent
LessSensitiveRelation,0.1,-1.6338541507720947,-1.6356486082077026,0.0017944574356079102,0.10982965257109367,True,0.0017944574356079102,PASS,27,Output should not change drastically under degradation,Consistent
LessSensitiveRelation,0.325,-1.6338541507720947,-1.6351990699768066,0.001344919204711914,0.08231569390201812,True,0.001344919204711914,PASS,27,Output should not change drastically under degradation,Consistent
LessSensitiveRelation,0.55,-1.6338541507720947,-1.6347565650939941,0.0009024143218994141,0.055232210852532986,True,0.0009024143218994141,PASS,27,Output should not change drastically under degradation,Consistent
LessSensitiveRelation,0.775,-1.6338541507720947,-1.6343152523040771,0.0004611015319824219,0.02822168977246996,True,0.0004611015319824219,PASS,27,Output should not change drastically under degradation,Consistent
LessSensitiveRelation,1.0,-1.6338541507720947,-1.6338541507720947,0.0,0.0,True,0.0,PASS,27,Output should not change drastically under degradation,Consistent
RainRelation,0.0,-1.6338541507720947,-1.6342474222183228,0.00039327144622802734,0.024070153712352223,True,0.00039327144622802734,PASS,27,Rain should not significantly affect prediction,Consistent
RainRelation,0.25,-1.6338541507720947,-1.6342462301254272,0.00039207935333251953,0.023997191742930118,True,0.00039207935333251953,PASS,27,Rain should not significantly affect prediction,Consistent
RainRelation,0.5,-1.6338541507720947,-1.6343058347702026,0.00045168399810791016,0.027645290214035338,True,0.00045168399810791016,PASS,27,Rain should not significantly affect prediction,Consistent
RainRelation,0.75,-1.6338541507720947,-1.6342087984085083,0.0003546476364135742,0.021706185903076044,True,0.0003546476364135742,PASS,27,Rain should not significantly affect prediction,Consistent
RainRelation,1.0,-1.6338541507720947,-1.63430917263031,0.00045502185821533203,0.02784958372841723,True,0.00045502185821533203,PASS,27,Rain should not significantly affect prediction,Consistent
SnowRelation,0.0,-1.6338541507720947,-1.6338541507720947,0.0,0.0,True,0.0,PASS,27,Snow should not significantly affect prediction,Consistent
SnowRelation,0.25,-1.6338541507720947,-1.6336618661880493,0.00019228458404541016,0.01176876566778543,True,0.00019228458404541016,PASS,27,Snow should not significantly affect prediction,Consistent
SnowRelation,0.5,-1.6338541507720947,-1.6335597038269043,0.0002944469451904297,0.018021606447259773,True,0.0002944469451904297,PASS,27,Snow should not significantly affect prediction,Consistent
SnowRelation,0.75,-1.6338541507720947,-1.6328754425048828,0.000978708267211914,0.05990177689554766,True,0.000978708267211914,PASS,27,Snow should not significantly affect prediction,Consistent
SnowRelation,1.0,-1.6338541507720947,-1.6324111223220825,0.001443028450012207,0.0883204639854573,True,0.001443028450012207,PASS,27,Snow should not significantly affect prediction,Consistent
FogRelation,0.0,-1.6338541507720947,-1.6338541507720947,0.0,0.0,True,0.0,PASS,27,Fog should not significantly affect prediction,Consistent
FogRelation,0.25,-1.6338541507720947,-1.6324124336242676,0.0014417171478271484,0.08824020581909299,True,0.0014417171478271484,PASS,27,Fog should not significantly affect prediction,Consistent
FogRelation,0.5,-1.6338541507720947,-1.6309672594070435,0.0028868913650512695,0.17669200134951007,True,0.0028868913650512695,PASS,27,Fog should not significantly affect prediction,Consistent
FogRelation,0.75,-1.6338541507720947,-1.629523515701294,0.004330635070800781,0.26505624251662063,True,0.004330635070800781,PASS,27,Fog should not significantly affect prediction,Consistent
FogRelation,1.0,-1.6338541507720947,-1.6280711889266968,0.005782961845397949,0.3539458098635704,True,0.005782961845397949,PASS,27,Fog should not significantly affect prediction,Consistent
TemporalSmoothnessRelation,0.0,-1.6304875612258911,-1.6305943727493286,0.0001068115234375,0.0,True,0.0001068115234375,PASS,27,Predictions should change smoothly across consecutive frames,Consistent
TemporalSmoothnessRelation,25.0,-1.6301090717315674,-1.6323829889297485,0.0022739171981811523,0.0,True,0.0022739171981811523,PASS,27,Predictions should change smoothly across consecutive frames,Consistent
TemporalSmoothnessRelation,50.0,-1.637676477432251,-1.6349196434020996,0.002756834030151367,0.0,True,0.002756834030151367,PASS,27,Predictions should change smoothly across consecutive frames,Consistent
TemporalSmoothnessRelation,75.0,-1.6374915838241577,-1.6324806213378906,0.00501096248626709,0.0,True,0.00501096248626709,PASS,27,Predictions should change smoothly across consecutive frames,Consistent
TemporalSmoothnessRelation,100.0,-1.632336974143982,-1.63276207447052,0.00042510032653808594,0.0,True,0.00042510032653808594,PASS,27,Predictions should change smoothly across consecutive frames,Consistent
BrightnessRelation,0.2,-1.630838394165039,-1.6348392963409424,0.00400090217590332,0.24532778581496748,True,0.00400090217590332,PASS,28,Output should remain approximately same under brightness change,Consistent
BrightnessRelation,0.7749999999999999,-1.630838394165039,-1.6319721937179565,0.0011337995529174805,0.06952245309833013,True,0.0011337995529174805,PASS,28,Output should remain approximately same under brightness change,Consistent
BrightnessRelation,1.3499999999999999,-1.630838394165039,-1.6294223070144653,0.0014160871505737305,0.08683179690411773,True,0.0014160871505737305,PASS,28,Output should remain approximately same under brightness change,Consistent
BrightnessRelation,1.9249999999999998,-1.630838394165039,-1.627494215965271,0.0033441781997680664,0.20505870852354696,True,0.0033441781997680664,PASS,28,Output should remain approximately same under brightness change,Consistent
BrightnessRelation,2.5,-1.630838394165039,-1.6261577606201172,0.004680633544921875,0.28700763310407257,True,0.004680633544921875,PASS,28,Output should remain approximately same under brightness change,Consistent
RotationRelation,-25.0,-1.630838394165039,-1.634625792503357,0.003787398338317871,0.23223613262401918,True,0.003787398338317871,PASS,28,Small rotation should not significantly change output,Consistent
RotationRelation,-12.5,-1.630838394165039,-1.6345981359481812,0.00375974178314209,0.23054028475115484,True,0.00375974178314209,PASS,28,Small rotation should not significantly change output,Consistent
RotationRelation,0.0,-1.630838394165039,-1.630838394165039,0.0,0.0,True,0.0,PASS,28,Small rotation should not significantly change output,Consistent
RotationRelation,12.5,-1.630838394165039,-1.629550814628601,0.0012875795364379883,0.07895195204658435,True,0.0012875795364379883,PASS,28,Small rotation should not significantly change output,Consistent
RotationRelation,25.0,-1.630838394165039,-1.6295684576034546,0.0012699365615844727,0.07787011805872263,True,0.0012699365615844727,PASS,28,Small rotation should not significantly change output,Consistent
TranslationRelation,0.0,-1.630838394165039,-1.630838394165039,0.0,0.0,True,0.0,PASS,28,Small translation should preserve prediction consistency,Consistent
TranslationRelation,10.0,-1.630838394165039,-1.631238341331482,0.0003999471664428711,0.02452400695456814,True,0.0003999471664428711,PASS,28,Small translation should preserve prediction consistency,Consistent
TranslationRelation,20.0,-1.630838394165039,-1.6316704750061035,0.0008320808410644531,0.05102162996807321,True,0.0008320808410644531,PASS,28,Small translation should preserve prediction consistency,Consistent
TranslationRelation,30.0,-1.630838394165039,-1.6322312355041504,0.0013928413391113281,0.08540640752821882,True,0.0013928413391113281,PASS,28,Small translation should preserve prediction consistency,Consistent
TranslationRelation,40.0,-1.630838394165039,-1.6318851709365845,0.0010467767715454102,0.06418638005009325,True,0.0010467767715454102,PASS,28,Small translation should preserve prediction consistency,Consistent
NoiseRelation,0.0,-1.630838394165039,-1.630838394165039,0.0,0.0,True,0.0,PASS,28,Noise should not significantly affect prediction,Consistent
NoiseRelation,25.0,-1.630838394165039,-1.6309279203414917,8.952617645263672e-05,0.005489576519487533,True,8.952617645263672e-05,PASS,28,Noise should not significantly affect prediction,Consistent
NoiseRelation,50.0,-1.630838394165039,-1.6309964656829834,0.00015807151794433594,0.009692647756112477,True,0.00015807151794433594,PASS,28,Noise should not significantly affect prediction,Consistent
NoiseRelation,75.0,-1.630838394165039,-1.6308220624923706,1.633167266845703e-05,0.0010014274076828123,True,1.633167266845703e-05,PASS,28,Noise should not significantly affect prediction,Consistent
NoiseRelation,100.0,-1.630838394165039,-1.631262183189392,0.00042378902435302734,0.0259859447760029,True,0.00042378902435302734,PASS,28,Noise should not significantly affect prediction,Consistent
BlurRelation,1.0,-1.630838394165039,-1.630838394165039,0.0,0.0,True,0.0,PASS,28,Blur should not significantly change output,Consistent
BlurRelation,4.5,-1.630838394165039,-1.6309326887130737,9.429454803466797e-05,0.005781964083774486,True,9.429454803466797e-05,PASS,28,Blur should not significantly change output,Consistent
BlurRelation,8.0,-1.630838394165039,-1.6310490369796753,0.00021064281463623047,0.012916220652376128,True,0.00021064281463623047,PASS,28,Blur should not significantly change output,Consistent
BlurRelation,11.5,-1.630838394165039,-1.6311144828796387,0.0002760887145996094,0.01692923997221455,True,0.0002760887145996094,PASS,28,Blur should not significantly change output,Consistent
BlurRelation,15.0,-1.630838394165039,-1.6312593221664429,0.0004209280014038086,0.025810512237430732,True,0.0004209280014038086,PASS,28,Blur should not significantly change output,Consistent
ContrastRelation,0.2,-1.630838394165039,-1.6348392963409424,0.00400090217590332,0.24532778581496748,True,0.00400090217590332,PASS,28,Contrast change should not significantly affect output,Consistent
ContrastRelation,0.8999999999999999,-1.630838394165039,-1.6313493251800537,0.0005109310150146484,0.03132932751334696,True,0.0005109310150146484,PASS,28,Contrast change should not significantly affect output,Consistent
ContrastRelation,1.5999999999999999,-1.630838394165039,-1.6285152435302734,0.002323150634765625,0.14245122132060326,True,0.002323150634765625,PASS,28,Contrast change should not significantly affect output,Consistent
ContrastRelation,2.3,-1.630838394165039,-1.6265449523925781,0.0042934417724609375,0.263265762883972,True,0.0042934417724609375,PASS,28,Contrast change should not significantly affect output,Consistent
ContrastRelation,3.0,-1.630838394165039,-1.625566005706787,0.005272388458251953,0.32329292983208335,True,0.005272388458251953,PASS,28,Contrast change should not significantly affect output,Consistent
WeatherRelation,0.0,-1.630838394165039,-1.630838394165039,0.0,0.0,True,0.0,PASS,28,Weather changes should not significantly affect output,Consistent
WeatherRelation,0.25,-1.630838394165039,-1.63014817237854,0.0006902217864990234,0.04232309993053637,True,0.0006902217864990234,PASS,28,Weather changes should not significantly affect output,Consistent
WeatherRelation,0.5,-1.630838394165039,-1.6294564008712769,0.001381993293762207,0.08474122581946601,True,0.001381993293762207,PASS,28,Weather changes should not significantly affect output,Consistent
WeatherRelation,0.75,-1.630838394165039,-1.628769874572754,0.0020685195922851562,0.12683772538768,True,0.0020685195922851562,PASS,28,Weather changes should not significantly affect output,Consistent
WeatherRelation,1.0,-1.630838394165039,-1.6280711889266968,0.002767205238342285,0.1696798132448257,True,0.002767205238342285,PASS,28,Weather changes should not significantly affect output,Consistent
LessSensitiveRelation,0.1,-1.630838394165039,-1.6305617094039917,0.0002766847610473633,0.01696578841775042,True,0.0002766847610473633,PASS,28,Output should not change drastically under degradation,Consistent
LessSensitiveRelation,0.325,-1.630838394165039,-1.6299400329589844,0.0008983612060546875,0.05508581711166185,True,0.0008983612060546875,PASS,28,Output should not change drastically under degradation,Consistent
LessSensitiveRelation,0.55,-1.630838394165039,-1.6293227672576904,0.0015156269073486328,0.09293538730860786,True,0.0015156269073486328,PASS,28,Output should not change drastically under degradation,Consistent
LessSensitiveRelation,0.775,-1.630838394165039,-1.6286935806274414,0.0021448135375976562,0.13151592641627124,True,0.0021448135375976562,PASS,28,Output should not change drastically under degradation,Consistent
LessSensitiveRelation,1.0,-1.630838394165039,-1.6280711889266968,0.002767205238342285,0.1696798132448257,True,0.002767205238342285,PASS,28,Output should not change drastically under degradation,Consistent
LessSensitiveRelation,0.1,-1.630838394165039,-1.635339379310608,0.004500985145568848,0.27599193161956165,True,0.004500985145568848,PASS,28,Output should not change drastically under degradation,Consistent
LessSensitiveRelation,0.325,-1.630838394165039,-1.6342190504074097,0.0033806562423706055,0.20729547339034216,True,0.0033806562423706055,PASS,28,Output should not change drastically under degradation,Consistent
LessSensitiveRelation,0.55,-1.630838394165039,-1.6330949068069458,0.0022565126419067383,0.1383651051096931,True,0.0022565126419067383,PASS,28,Output should not change drastically under degradation,Consistent
LessSensitiveRelation,0.775,-1.630838394165039,-1.6319721937179565,0.0011337995529174805,0.06952245309833013,True,0.0011337995529174805,PASS,28,Output should not change drastically under degradation,Consistent
LessSensitiveRelation,1.0,-1.630838394165039,-1.630838394165039,0.0,0.0,True,0.0,PASS,28,Output should not change drastically under degradation,Consistent
RainRelation,0.0,-1.630838394165039,-1.631833791732788,0.0009953975677490234,0.061035904044901335,True,0.0009953975677490234,PASS,28,Rain should not significantly affect prediction,Consistent
RainRelation,0.25,-1.630838394165039,-1.631855845451355,0.001017451286315918,0.06238819652972849,True,0.001017451286315918,PASS,28,Rain should not significantly affect prediction,Consistent
RainRelation,0.5,-1.630838394165039,-1.6318681240081787,0.0010297298431396484,0.06314109450776739,True,0.0010297298431396484,PASS,28,Rain should not significantly affect prediction,Consistent
RainRelation,0.75,-1.630838394165039,-1.6318000555038452,0.0009616613388061523,0.05896726202757114,True,0.0009616613388061523,PASS,28,Rain should not significantly affect prediction,Consistent
RainRelation,1.0,-1.630838394165039,-1.6317938566207886,0.0009554624557495117,0.05858715819399811,True,0.0009554624557495117,PASS,28,Rain should not significantly affect prediction,Consistent
SnowRelation,0.0,-1.630838394165039,-1.630838394165039,0.0,0.0,True,0.0,PASS,28,Snow should not significantly affect prediction,Consistent
SnowRelation,0.25,-1.630838394165039,-1.631151795387268,0.0003134012222290039,0.019217172662759952,True,0.0003134012222290039,PASS,28,Snow should not significantly affect prediction,Consistent
SnowRelation,0.5,-1.630838394165039,-1.6312662363052368,0.0004278421401977539,0.02623447420564681,True,0.0004278421401977539,PASS,28,Snow should not significantly affect prediction,Consistent
SnowRelation,0.75,-1.630838394165039,-1.6316314935684204,0.0007930994033813477,0.04863136163002737,True,0.0007930994033813477,PASS,28,Snow should not significantly affect prediction,Consistent
SnowRelation,1.0,-1.630838394165039,-1.630803108215332,3.528594970703125e-05,0.0021636679757234484,True,3.528594970703125e-05,PASS,28,Snow should not significantly affect prediction,Consistent
FogRelation,0.0,-1.630838394165039,-1.630838394165039,0.0,0.0,True,0.0,PASS,28,Fog should not significantly affect prediction,Consistent
FogRelation,0.25,-1.630838394165039,-1.63014817237854,0.0006902217864990234,0.04232309993053637,True,0.0006902217864990234,PASS,28,Fog should not significantly affect prediction,Consistent
FogRelation,0.5,-1.630838394165039,-1.6294564008712769,0.001381993293762207,0.08474122581946601,True,0.001381993293762207,PASS,28,Fog should not significantly affect prediction,Consistent
FogRelation,0.75,-1.630838394165039,-1.628769874572754,0.0020685195922851562,0.12683772538768,True,0.0020685195922851562,PASS,28,Fog should not significantly affect prediction,Consistent
FogRelation,1.0,-1.630838394165039,-1.6280711889266968,0.002767205238342285,0.1696798132448257,True,0.002767205238342285,PASS,28,Fog should not significantly affect prediction,Consistent
TemporalSmoothnessRelation,0.0,-1.6304875612258911,-1.6305943727493286,0.0001068115234375,0.0,True,0.0001068115234375,PASS,28,Predictions should change smoothly across consecutive frames,Consistent
TemporalSmoothnessRelation,25.0,-1.6301090717315674,-1.6323829889297485,0.0022739171981811523,0.0,True,0.0022739171981811523,PASS,28,Predictions should change smoothly across consecutive frames,Consistent
TemporalSmoothnessRelation,50.0,-1.637676477432251,-1.6349196434020996,0.002756834030151367,0.0,True,0.002756834030151367,PASS,28,Predictions should change smoothly across consecutive frames,Consistent
TemporalSmoothnessRelation,75.0,-1.6374915838241577,-1.6324806213378906,0.00501096248626709,0.0,True,0.00501096248626709,PASS,28,Predictions should change smoothly across consecutive frames,Consistent
TemporalSmoothnessRelation,100.0,-1.632336974143982,-1.63276207447052,0.00042510032653808594,0.0,True,0.00042510032653808594,PASS,28,Predictions should change smoothly across consecutive frames,Consistent
BrightnessRelation,0.2,-1.6302109956741333,-1.6347156763076782,0.004504680633544922,0.2763248366162417,True,0.004504680633544922,PASS,29,Output should remain approximately same under brightness change,Consistent
BrightnessRelation,0.7749999999999999,-1.6302109956741333,-1.6314908266067505,0.0012798309326171875,0.07850702460865806,True,0.0012798309326171875,PASS,29,Output should remain approximately same under brightness change,Consistent
BrightnessRelation,1.3499999999999999,-1.6302109956741333,-1.6285871267318726,0.0016238689422607422,0.09961090622383943,True,0.0016238689422607422,PASS,29,Output should remain approximately same under brightness change,Consistent
BrightnessRelation,1.9249999999999998,-1.6302109956741333,-1.627874493598938,0.0023365020751953125,0.14332504492638767,True,0.0023365020751953125,PASS,29,Output should remain approximately same under brightness change,Consistent
BrightnessRelation,2.5,-1.6302109956741333,-1.6282813549041748,0.001929640769958496,0.11836747460323659,True,0.001929640769958496,PASS,29,Output should remain approximately same under brightness change,Consistent
RotationRelation,-25.0,-1.6302109956741333,-1.6387124061584473,0.008501410484313965,0.5214911009655784,True,0.008501410484313965,PASS,29,Small rotation should not significantly change output,Consistent
RotationRelation,-12.5,-1.6302109956741333,-1.636763572692871,0.006552577018737793,0.4019463134933036,True,0.006552577018737793,PASS,29,Small rotation should not significantly change output,Consistent
RotationRelation,0.0,-1.6302109956741333,-1.6302109956741333,0.0,0.0,True,0.0,PASS,29,Small rotation should not significantly change output,Consistent
RotationRelation,12.5,-1.6302109956741333,-1.6320255994796753,0.0018146038055419922,0.11131090989129964,True,0.0018146038055419922,PASS,29,Small rotation should not significantly change output,Consistent
RotationRelation,25.0,-1.6302109956741333,-1.6321498155593872,0.0019388198852539062,0.1189305372797331,True,0.0019388198852539062,PASS,29,Small rotation should not significantly change output,Consistent
TranslationRelation,0.0,-1.6302109956741333,-1.6302109956741333,0.0,0.0,True,0.0,PASS,29,Small translation should preserve prediction consistency,Consistent
TranslationRelation,10.0,-1.6302109956741333,-1.6309512853622437,0.0007402896881103516,0.045410639234329975,True,0.0007402896881103516,PASS,29,Small translation should preserve prediction consistency,Consistent
TranslationRelation,20.0,-1.6302109956741333,-1.6313514709472656,0.0011404752731323242,0.06995870942911994,True,0.0011404752731323242,PASS,29,Small translation should preserve prediction consistency,Consistent
TranslationRelation,30.0,-1.6302109956741333,-1.630803108215332,0.0005921125411987305,0.03632119888517181,True,0.0005921125411987305,PASS,29,Small translation should preserve prediction consistency,Consistent
TranslationRelation,40.0,-1.6302109956741333,-1.6289125680923462,0.0012984275817871094,0.07964777496623543,True,0.0012984275817871094,PASS,29,Small translation should preserve prediction consistency,Consistent
NoiseRelation,0.0,-1.6302109956741333,-1.6302109956741333,0.0,0.0,True,0.0,PASS,29,Noise should not significantly affect prediction,Consistent
NoiseRelation,25.0,-1.6302109956741333,-1.6302317380905151,2.0742416381835938e-05,0.0012723753988362987,True,2.0742416381835938e-05,PASS,29,Noise should not significantly affect prediction,Consistent
NoiseRelation,50.0,-1.6302109956741333,-1.6302359104156494,2.491474151611328e-05,0.0015283129790619912,True,2.491474151611328e-05,PASS,29,Noise should not significantly affect prediction,Consistent
NoiseRelation,75.0,-1.6302109956741333,-1.6302622556686401,5.125999450683594e-05,0.003144375985629934,True,5.125999450683594e-05,PASS,29,Noise should not significantly affect prediction,Consistent
NoiseRelation,100.0,-1.6302109956741333,-1.6302884817123413,7.748603820800781e-05,0.004753126489905713,True,7.748603820800781e-05,PASS,29,Noise should not significantly affect prediction,Consistent
BlurRelation,1.0,-1.6302109956741333,-1.6302109956741333,0.0,0.0,True,0.0,PASS,29,Blur should not significantly change output,Consistent
BlurRelation,4.5,-1.6302109956741333,-1.6303138732910156,0.00010287761688232422,0.006310689478136355,True,0.00010287761688232422,PASS,29,Blur should not significantly change output,Consistent
BlurRelation,8.0,-1.6302109956741333,-1.6304526329040527,0.0002416372299194336,0.014822442146213664,True,0.0002416372299194336,PASS,29,Blur should not significantly change output,Consistent
BlurRelation,11.5,-1.6302109956741333,-1.6305184364318848,0.00030744075775146484,0.018858943411487437,True,0.00030744075775146484,PASS,29,Blur should not significantly change output,Consistent
BlurRelation,15.0,-1.6302109956741333,-1.630678653717041,0.00046765804290771484,0.02868694649215402,True,0.00046765804290771484,PASS,29,Blur should not significantly change output,Consistent
ContrastRelation,0.2,-1.6302109956741333,-1.6347156763076782,0.004504680633544922,0.2763248366162417,True,0.004504680633544922,PASS,29,Contrast change should not significantly affect output,Consistent
ContrastRelation,0.8999999999999999,-1.6302109956741333,-1.6307841539382935,0.0005731582641601562,0.03515851102071796,True,0.0005731582641601562,PASS,29,Contrast change should not significantly affect output,Consistent
ContrastRelation,1.5999999999999999,-1.6302109956741333,-1.6277673244476318,0.002443671226501465,0.1498989844870419,True,0.002443671226501465,PASS,29,Contrast change should not significantly affect output,Consistent
ContrastRelation,2.3,-1.6302109956741333,-1.6281334161758423,0.0020775794982910156,0.12744228994781043,True,0.0020775794982910156,PASS,29,Contrast change should not significantly affect output,Consistent
ContrastRelation,3.0,-1.6302109956741333,-1.6285029649734497,0.0017080307006835938,0.10477353284210626,True,0.0017080307006835938,PASS,29,Contrast change should not significantly affect output,Consistent
WeatherRelation,0.0,-1.6302109956741333,-1.6302109956741333,0.0,0.0,True,0.0,PASS,29,Weather changes should not significantly affect output,Consistent
WeatherRelation,0.25,-1.6302109956741333,-1.6296782493591309,0.0005327463150024414,0.03267957274367482,True,0.0005327463150024414,PASS,29,Weather changes should not significantly affect output,Consistent
WeatherRelation,0.5,-1.6302109956741333,-1.6291424036026,0.0010685920715332031,0.06554927054694587,True,0.0010685920715332031,PASS,29,Weather changes should not significantly affect output,Consistent
WeatherRelation,0.75,-1.6302109956741333,-1.6286102533340454,0.0016007423400878906,0.0981922807791599,True,0.0016007423400878906,PASS,29,Weather changes should not significantly affect output,Consistent
WeatherRelation,1.0,-1.6302109956741333,-1.6280711889266968,0.0021398067474365234,0.13125941614431932,True,0.0021398067474365234,PASS,29,Weather changes should not significantly affect output,Consistent
LessSensitiveRelation,0.1,-1.6302109956741333,-1.6299957036972046,0.00021529197692871094,0.013206379139645721,True,0.00021529197692871094,PASS,29,Output should not change drastically under degradation,Consistent
LessSensitiveRelation,0.325,-1.6302109956741333,-1.6295173168182373,0.0006936788558959961,0.04255145083809438,True,0.0006936788558959961,PASS,29,Output should not change drastically under degradation,Consistent
LessSensitiveRelation,0.55,-1.6302109956741333,-1.6290369033813477,0.0011740922927856445,0.07202083507550981,True,0.0011740922927856445,PASS,29,Output should not change drastically under degradation,Consistent
LessSensitiveRelation,0.775,-1.6302109956741333,-1.6285544633865356,0.0016565322875976562,0.101614531851892,True,0.0016565322875976562,PASS,29,Output should not change drastically under degradation,Consistent
LessSensitiveRelation,1.0,-1.6302109956741333,-1.6280711889266968,0.0021398067474365234,0.13125941614431932,True,0.0021398067474365234,PASS,29,Output should not change drastically under degradation,Consistent
LessSensitiveRelation,0.1,-1.6302109956741333,-1.6352784633636475,0.00506746768951416,0.3108471599375415,True,0.00506746768951416,PASS,29,Output should not change drastically under degradation,Consistent
LessSensitiveRelation,0.325,-1.6302109956741333,-1.6340196132659912,0.00380861759185791,0.23362713573230406,True,0.00380861759185791,PASS,29,Output should not change drastically under degradation,Consistent
LessSensitiveRelation,0.55,-1.6302109956741333,-1.6327552795410156,0.0025442838668823242,0.15607073642162714,True,0.0025442838668823242,PASS,29,Output should not change drastically under degradation,Consistent
LessSensitiveRelation,0.775,-1.6302109956741333,-1.6314908266067505,0.0012798309326171875,0.07850702460865806,True,0.0012798309326171875,PASS,29,Output should not change drastically under degradation,Consistent
LessSensitiveRelation,1.0,-1.6302109956741333,-1.6302109956741333,0.0,0.0,True,0.0,PASS,29,Output should not change drastically under degradation,Consistent
RainRelation,0.0,-1.6302109956741333,-1.6313339471817017,0.0011229515075683594,0.06888377159217203,True,0.0011229515075683594,PASS,29,Rain should not significantly affect prediction,Consistent
RainRelation,0.25,-1.6302109956741333,-1.6313351392745972,0.0011241436004638672,0.06895689661509366,True,0.0011241436004638672,PASS,29,Rain should not significantly affect prediction,Consistent
RainRelation,0.5,-1.6302109956741333,-1.6313321590423584,0.0011211633682250977,0.06877408405778959,True,0.0011211633682250977,PASS,29,Rain should not significantly affect prediction,Consistent
RainRelation,0.75,-1.6302109956741333,-1.6313012838363647,0.0010902881622314453,0.06688014596411947,True,0.0010902881622314453,PASS,29,Rain should not significantly affect prediction,Consistent
RainRelation,1.0,-1.6302109956741333,-1.6312437057495117,0.001032710075378418,0.06334820735700493,True,0.001032710075378418,PASS,29,Rain should not significantly affect prediction,Consistent
SnowRelation,0.0,-1.6302109956741333,-1.6302109956741333,0.0,0.0,True,0.0,PASS,29,Snow should not significantly affect prediction,Consistent
SnowRelation,0.25,-1.6302109956741333,-1.6307170391082764,0.0005060434341430664,0.031041572230230394,True,0.0005060434341430664,PASS,29,Snow should not significantly affect prediction,Consistent
SnowRelation,0.5,-1.6302109956741333,-1.6312063932418823,0.0009953975677490234,0.06105939413955802,True,0.0009953975677490234,PASS,29,Snow should not significantly affect prediction,Consistent
SnowRelation,0.75,-1.6302109956741333,-1.630977749824524,0.000766754150390625,0.04703401474319008,True,0.000766754150390625,PASS,29,Snow should not significantly affect prediction,Consistent
SnowRelation,1.0,-1.6302109956741333,-1.6312614679336548,0.0010504722595214844,0.06443777019853715,True,0.0010504722595214844,PASS,29,Snow should not significantly affect prediction,Consistent
FogRelation,0.0,-1.6302109956741333,-1.6302109956741333,0.0,0.0,True,0.0,PASS,29,Fog should not significantly affect prediction,Consistent
FogRelation,0.25,-1.6302109956741333,-1.6296782493591309,0.0005327463150024414,0.03267957274367482,True,0.0005327463150024414,PASS,29,Fog should not significantly affect prediction,Consistent
FogRelation,0.5,-1.6302109956741333,-1.6291424036026,0.0010685920715332031,0.06554927054694587,True,0.0010685920715332031,PASS,29,Fog should not significantly affect prediction,Consistent
FogRelation,0.75,-1.6302109956741333,-1.6286102533340454,0.0016007423400878906,0.0981922807791599,True,0.0016007423400878906,PASS,29,Fog should not significantly affect prediction,Consistent
FogRelation,1.0,-1.6302109956741333,-1.6280711889266968,0.0021398067474365234,0.13125941614431932,True,0.0021398067474365234,PASS,29,Fog should not significantly affect prediction,Consistent
TemporalSmoothnessRelation,0.0,-1.6304875612258911,-1.6305943727493286,0.0001068115234375,0.0,True,0.0001068115234375,PASS,29,Predictions should change smoothly across consecutive frames,Consistent
TemporalSmoothnessRelation,25.0,-1.6301090717315674,-1.6323829889297485,0.0022739171981811523,0.0,True,0.0022739171981811523,PASS,29,Predictions should change smoothly across consecutive frames,Consistent
TemporalSmoothnessRelation,50.0,-1.637676477432251,-1.6349196434020996,0.002756834030151367,0.0,True,0.002756834030151367,PASS,29,Predictions should change smoothly across consecutive frames,Consistent
TemporalSmoothnessRelation,75.0,-1.6374915838241577,-1.6324806213378906,0.00501096248626709,0.0,True,0.00501096248626709,PASS,29,Predictions should change smoothly across consecutive frames,Consistent
TemporalSmoothnessRelation,100.0,-1.632336974143982,-1.63276207447052,0.00042510032653808594,0.0,True,0.00042510032653808594,PASS,29,Predictions should change smoothly across consecutive frames,Consistent
BrightnessRelation,0.2,-1.631784439086914,-1.6350282430648804,0.0032438039779663086,0.19878863361971286,True,0.0032438039779663086,PASS,30,Output should remain approximately same under brightness change,Consistent
BrightnessRelation,0.7749999999999999,-1.631784439086914,-1.6327098608016968,0.0009254217147827148,0.05671221795559998,True,0.0009254217147827148,PASS,30,Output should remain approximately same under brightness change,Consistent
BrightnessRelation,1.3499999999999999,-1.631784439086914,-1.6303645372390747,0.0014199018478393555,0.08701522968815553,True,0.0014199018478393555,PASS,30,Output should remain approximately same under brightness change,Consistent
BrightnessRelation,1.9249999999999998,-1.631784439086914,-1.6287610530853271,0.003023386001586914,0.18528085428184035,True,0.003023386001586914,PASS,30,Output should remain approximately same under brightness change,Consistent
BrightnessRelation,2.5,-1.631784439086914,-1.628355860710144,0.0034285783767700195,0.21011208303761578,True,0.0034285783767700195,PASS,30,Output should remain approximately same under brightness change,Consistent
RotationRelation,-25.0,-1.631784439086914,-1.6349172592163086,0.0031328201293945312,0.1919872585177338,True,0.0031328201293945312,PASS,30,Small rotation should not significantly change output,Consistent
RotationRelation,-12.5,-1.631784439086914,-1.6314479112625122,0.00033652782440185547,0.020623288843057936,True,0.00033652782440185547,PASS,30,Small rotation should not significantly change output,Consistent
RotationRelation,0.0,-1.631784439086914,-1.631784439086914,0.0,0.0,True,0.0,PASS,30,Small rotation should not significantly change output,Consistent
RotationRelation,12.5,-1.631784439086914,-1.6333279609680176,0.0015435218811035156,0.09459098262129442,True,0.0015435218811035156,PASS,30,Small rotation should not significantly change output,Consistent
RotationRelation,25.0,-1.631784439086914,-1.6265192031860352,0.005265235900878906,0.32266717025157027,True,0.005265235900878906,PASS,30,Small rotation should not significantly change output,Consistent
TranslationRelation,0.0,-1.631784439086914,-1.631784439086914,0.0,0.0,True,0.0,PASS,30,Small translation should preserve prediction consistency,Consistent
TranslationRelation,10.0,-1.631784439086914,-1.6305415630340576,0.0012428760528564453,0.07616663460068084,True,0.0012428760528564453,PASS,30,Small translation should preserve prediction consistency,Consistent
TranslationRelation,20.0,-1.631784439086914,-1.6301846504211426,0.0015997886657714844,0.09803915560532678,True,0.0015997886657714844,PASS,30,Small translation should preserve prediction consistency,Consistent
TranslationRelation,30.0,-1.631784439086914,-1.6296926736831665,0.0020917654037475586,0.12818875286189785,True,0.0020917654037475586,PASS,30,Small translation should preserve prediction consistency,Consistent
TranslationRelation,40.0,-1.631784439086914,-1.628446340560913,0.0033380985260009766,0.204567245548462,True,0.0033380985260009766,PASS,30,Small translation should preserve prediction consistency,Consistent
NoiseRelation,0.0,-1.631784439086914,-1.631784439086914,0.0,0.0,True,0.0,PASS,30,Noise should not significantly affect prediction,Consistent
NoiseRelation,25.0,-1.631784439086914,-1.631835699081421,5.125999450683594e-05,0.0031413440320633766,True,5.125999450683594e-05,PASS,30,Noise should not significantly affect prediction,Consistent
NoiseRelation,50.0,-1.631784439086914,-1.6318771839141846,9.274482727050781e-05,0.005683641062663504,True,9.274482727050781e-05,PASS,30,Noise should not significantly affect prediction,Consistent
NoiseRelation,75.0,-1.631784439086914,-1.6315101385116577,0.00027430057525634766,0.016809843297157744,True,0.00027430057525634766,PASS,30,Noise should not significantly affect prediction,Consistent
NoiseRelation,100.0,-1.631784439086914,-1.6315443515777588,0.00024008750915527344,0.014713178792036374,True,0.00024008750915527344,PASS,30,Noise should not significantly affect prediction,Consistent
BlurRelation,1.0,-1.631784439086914,-1.631784439086914,0.0,0.0,True,0.0,PASS,30,Blur should not significantly change output,Consistent
BlurRelation,4.5,-1.631784439086914,-1.6318145990371704,3.0159950256347656e-05,0.0018482791630512424,True,3.0159950256347656e-05,PASS,30,Blur should not significantly change output,Consistent
BlurRelation,8.0,-1.631784439086914,-1.6319336891174316,0.00014925003051757812,0.009146424949170576,True,0.00014925003051757812,PASS,30,Blur should not significantly change output,Consistent
BlurRelation,11.5,-1.631784439086914,-1.631983995437622,0.0001995563507080078,0.012229325371335099,True,0.0001995563507080078,PASS,30,Blur should not significantly change output,Consistent
BlurRelation,15.0,-1.631784439086914,-1.632111668586731,0.00032722949981689453,0.020053463646544114,True,0.00032722949981689453,PASS,30,Blur should not significantly change output,Consistent
ContrastRelation,0.2,-1.631784439086914,-1.6350282430648804,0.0032438039779663086,0.19878863361971286,True,0.0032438039779663086,PASS,30,Contrast change should not significantly affect output,Consistent
ContrastRelation,0.8999999999999999,-1.631784439086914,-1.6322003602981567,0.0004159212112426758,0.02548871936713749,True,0.0004159212112426758,PASS,30,Contrast change should not significantly affect output,Consistent
ContrastRelation,1.5999999999999999,-1.631784439086914,-1.629508137702942,0.002276301383972168,0.13949759137732598,True,0.002276301383972168,PASS,30,Contrast change should not significantly affect output,Consistent
ContrastRelation,2.3,-1.631784439086914,-1.6283721923828125,0.0034122467041015625,0.20911123621809788,True,0.0034122467041015625,PASS,30,Contrast change should not significantly affect output,Consistent
ContrastRelation,3.0,-1.631784439086914,-1.6283499002456665,0.0034345388412475586,0.2104773555994836,True,0.0034345388412475586,PASS,30,Contrast change should not significantly affect output,Consistent
WeatherRelation,0.0,-1.631784439086914,-1.631784439086914,0.0,0.0,True,0.0,PASS,30,Weather changes should not significantly affect output,Consistent
WeatherRelation,0.25,-1.631784439086914,-1.6308592557907104,0.0009251832962036133,0.056697607053125265,True,0.0009251832962036133,PASS,30,Weather changes should not significantly affect output,Consistent
WeatherRelation,0.5,-1.631784439086914,-1.6299320459365845,0.0018523931503295898,0.11351940677728561,True,0.0018523931503295898,PASS,30,Weather changes should not significantly affect output,Consistent
WeatherRelation,0.75,-1.631784439086914,-1.629000186920166,0.002784252166748047,0.17062611909970285,True,0.002784252166748047,PASS,30,Weather changes should not significantly affect output,Consistent
WeatherRelation,1.0,-1.631784439086914,-1.6280711889266968,0.003713250160217285,0.22755750059242352,True,0.003713250160217285,PASS,30,Weather changes should not significantly affect output,Consistent
LessSensitiveRelation,0.1,-1.631784439086914,-1.6314126253128052,0.0003718137741088867,0.022785702409315517,True,0.0003718137741088867,PASS,30,Output should not change drastically under degradation,Consistent
LessSensitiveRelation,0.325,-1.631784439086914,-1.6305811405181885,0.001203298568725586,0.07374122478987843,True,0.001203298568725586,PASS,30,Output should not change drastically under degradation,Consistent
LessSensitiveRelation,0.55,-1.631784439086914,-1.6297459602355957,0.0020384788513183594,0.1249232161587994,True,0.0020384788513183594,PASS,30,Output should not change drastically under degradation,Consistent
LessSensitiveRelation,0.775,-1.631784439086914,-1.6289080381393433,0.0028764009475708008,0.17627323290617958,True,0.0028764009475708008,PASS,30,Output should not change drastically under degradation,Consistent
LessSensitiveRelation,1.0,-1.631784439086914,-1.6280711889266968,0.003713250160217285,0.22755750059242352,True,0.003713250160217285,PASS,30,Output should not change drastically under degradation,Consistent
LessSensitiveRelation,0.1,-1.631784439086914,-1.635435938835144,0.0036514997482299805,0.22377327685147277,True,0.0036514997482299805,PASS,30,Output should not change drastically under degradation,Consistent
LessSensitiveRelation,0.325,-1.631784439086914,-1.6345264911651611,0.0027420520782470703,0.16803998936167858,True,0.0027420520782470703,PASS,30,Output should not change drastically under degradation,Consistent
LessSensitiveRelation,0.55,-1.631784439086914,-1.6336201429367065,0.0018357038497924805,0.11249664360405566,True,0.0018357038497924805,PASS,30,Output should not change drastically under degradation,Consistent
LessSensitiveRelation,0.775,-1.631784439086914,-1.6327098608016968,0.0009254217147827148,0.05671221795559998,True,0.0009254217147827148,PASS,30,Output should not change drastically under degradation,Consistent
LessSensitiveRelation,1.0,-1.631784439086914,-1.631784439086914,0.0,0.0,True,0.0,PASS,30,Output should not change drastically under degradation,Consistent
RainRelation,0.0,-1.631784439086914,-1.6325916051864624,0.0008071660995483398,0.04946521032814214,True,0.0008071660995483398,PASS,30,Rain should not significantly affect prediction,Consistent
RainRelation,0.25,-1.631784439086914,-1.6325451135635376,0.0007606744766235352,0.04661608434557304,True,0.0007606744766235352,PASS,30,Rain should not significantly affect prediction,Consistent
RainRelation,0.5,-1.631784439086914,-1.6325181722640991,0.0007337331771850586,0.04496505236593042,True,0.0007337331771850586,PASS,30,Rain should not significantly affect prediction,Consistent
RainRelation,0.75,-1.631784439086914,-1.6327009201049805,0.0009164810180664062,0.05616430911279823,True,0.0009164810180664062,PASS,30,Rain should not significantly affect prediction,Consistent
RainRelation,1.0,-1.631784439086914,-1.6325719356536865,0.0007874965667724609,0.04825981087397829,True,0.0007874965667724609,PASS,30,Rain should not significantly affect prediction,Consistent
SnowRelation,0.0,-1.631784439086914,-1.631784439086914,0.0,0.0,True,0.0,PASS,30,Snow should not significantly affect prediction,Consistent
SnowRelation,0.25,-1.631784439086914,-1.6316863298416138,9.810924530029297e-05,0.006012386368344556,True,9.810924530029297e-05,PASS,30,Snow should not significantly affect prediction,Consistent
SnowRelation,0.5,-1.631784439086914,-1.631295084953308,0.000489354133605957,0.02998887732934921,True,0.000489354133605957,PASS,30,Snow should not significantly affect prediction,Consistent
SnowRelation,0.75,-1.631784439086914,-1.6323238611221313,0.0005394220352172852,0.03305716684903902,True,0.0005394220352172852,PASS,30,Snow should not significantly affect prediction,Consistent
SnowRelation,1.0,-1.631784439086914,-1.6320452690124512,0.0002608299255371094,0.015984327307336437,True,0.0002608299255371094,PASS,30,Snow should not significantly affect prediction,Consistent
FogRelation,0.0,-1.631784439086914,-1.631784439086914,0.0,0.0,True,0.0,PASS,30,Fog should not significantly affect prediction,Consistent
FogRelation,0.25,-1.631784439086914,-1.6308592557907104,0.0009251832962036133,0.056697607053125265,True,0.0009251832962036133,PASS,30,Fog should not significantly affect prediction,Consistent
FogRelation,0.5,-1.631784439086914,-1.6299320459365845,0.0018523931503295898,0.11351940677728561,True,0.0018523931503295898,PASS,30,Fog should not significantly affect prediction,Consistent
FogRelation,0.75,-1.631784439086914,-1.629000186920166,0.002784252166748047,0.17062611909970285,True,0.002784252166748047,PASS,30,Fog should not significantly affect prediction,Consistent
FogRelation,1.0,-1.631784439086914,-1.6280711889266968,0.003713250160217285,0.22755750059242352,True,0.003713250160217285,PASS,30,Fog should not significantly affect prediction,Consistent
TemporalSmoothnessRelation,0.0,-1.6304875612258911,-1.6305943727493286,0.0001068115234375,0.0,True,0.0001068115234375,PASS,30,Predictions should change smoothly across consecutive frames,Consistent
TemporalSmoothnessRelation,25.0,-1.6301090717315674,-1.6323829889297485,0.0022739171981811523,0.0,True,0.0022739171981811523,PASS,30,Predictions should change smoothly across consecutive frames,Consistent
TemporalSmoothnessRelation,50.0,-1.637676477432251,-1.6349196434020996,0.002756834030151367,0.0,True,0.002756834030151367,PASS,30,Predictions should change smoothly across consecutive frames,Consistent
TemporalSmoothnessRelation,75.0,-1.6374915838241577,-1.6324806213378906,0.00501096248626709,0.0,True,0.00501096248626709,PASS,30,Predictions should change smoothly across consecutive frames,Consistent
TemporalSmoothnessRelation,100.0,-1.632336974143982,-1.63276207447052,0.00042510032653808594,0.0,True,0.00042510032653808594,PASS,30,Predictions should change smoothly across consecutive frames,Consistent
BrightnessRelation,0.2,-1.6342676877975464,-1.6355278491973877,0.0012601613998413086,0.07710858130308973,True,0.0012601613998413086,PASS,31,Output should remain approximately same under brightness change,Consistent
BrightnessRelation,0.7749999999999999,-1.6342676877975464,-1.6346323490142822,0.00036466121673583984,0.022313418806749735,True,0.00036466121673583984,PASS,31,Output should remain approximately same under brightness change,Consistent
BrightnessRelation,1.3499999999999999,-1.6342676877975464,-1.6336636543273926,0.0006040334701538086,0.036960475022491314,True,0.0006040334701538086,PASS,31,Output should remain approximately same under brightness change,Consistent
BrightnessRelation,1.9249999999999998,-1.6342676877975464,-1.6324379444122314,0.0018297433853149414,0.11196098897182141,True,0.0018297433853149414,PASS,31,Output should remain approximately same under brightness change,Consistent
BrightnessRelation,2.5,-1.6342676877975464,-1.63142728805542,0.002840399742126465,0.17380249424924027,True,0.002840399742126465,PASS,31,Output should remain approximately same under brightness change,Consistent
RotationRelation,-25.0,-1.6342676877975464,-1.6332263946533203,0.0010412931442260742,0.06371615340861686,True,0.0010412931442260742,PASS,31,Small rotation should not significantly change output,Consistent
RotationRelation,-12.5,-1.6342676877975464,-1.632605791091919,0.0016618967056274414,0.10169054317911021,True,0.0016618967056274414,PASS,31,Small rotation should not significantly change output,Consistent
RotationRelation,0.0,-1.6342676877975464,-1.6342676877975464,0.0,0.0,True,0.0,PASS,31,Small rotation should not significantly change output,Consistent
RotationRelation,12.5,-1.6342676877975464,-1.6390656232833862,0.004797935485839844,0.2935830271768759,True,0.004797935485839844,PASS,31,Small rotation should not significantly change output,Consistent
RotationRelation,25.0,-1.6342676877975464,-1.6368179321289062,0.0025502443313598633,0.15604804463314714,True,0.0025502443313598633,PASS,31,Small rotation should not significantly change output,Consistent
TranslationRelation,0.0,-1.6342676877975464,-1.6342676877975464,0.0,0.0,True,0.0,PASS,31,Small translation should preserve prediction consistency,Consistent
TranslationRelation,10.0,-1.6342676877975464,-1.633503794670105,0.0007638931274414062,0.046742199317964146,True,0.0007638931274414062,PASS,31,Small translation should preserve prediction consistency,Consistent
TranslationRelation,20.0,-1.6342676877975464,-1.6332190036773682,0.0010486841201782227,0.06416840315233,True,0.0010486841201782227,PASS,31,Small translation should preserve prediction consistency,Consistent
TranslationRelation,30.0,-1.6342676877975464,-1.633318543434143,0.0009491443634033203,0.05807762031361274,True,0.0009491443634033203,PASS,31,Small translation should preserve prediction consistency,Consistent
TranslationRelation,40.0,-1.6342676877975464,-1.6321065425872803,0.0021611452102661133,0.13223928393186204,True,0.0021611452102661133,PASS,31,Small translation should preserve prediction consistency,Consistent
NoiseRelation,0.0,-1.6342676877975464,-1.6342676877975464,0.0,0.0,True,0.0,PASS,31,Noise should not significantly affect prediction,Consistent
NoiseRelation,25.0,-1.6342676877975464,-1.6343045234680176,3.6835670471191406e-05,0.0022539543678606303,True,3.6835670471191406e-05,PASS,31,Noise should not significantly affect prediction,Consistent
NoiseRelation,50.0,-1.6342676877975464,-1.634246826171875,2.086162567138672e-05,0.0012765113733838522,True,2.086162567138672e-05,PASS,31,Noise should not significantly affect prediction,Consistent
NoiseRelation,75.0,-1.6342676877975464,-1.634088397026062,0.000179290771484375,0.010970703460396079,True,0.000179290771484375,PASS,31,Noise should not significantly affect prediction,Consistent
NoiseRelation,100.0,-1.6342676877975464,-1.634194016456604,7.367134094238281e-05,0.0045079087357212605,True,7.367134094238281e-05,PASS,31,Noise should not significantly affect prediction,Consistent
BlurRelation,1.0,-1.6342676877975464,-1.6342676877975464,0.0,0.0,True,0.0,PASS,31,Blur should not significantly change output,Consistent
BlurRelation,4.5,-1.6342676877975464,-1.6342315673828125,3.612041473388672e-05,0.002210188263630327,True,3.612041473388672e-05,PASS,31,Blur should not significantly change output,Consistent
BlurRelation,8.0,-1.6342676877975464,-1.6342592239379883,8.463859558105469e-06,0.0005178989000585915,True,8.463859558105469e-06,PASS,31,Blur should not significantly change output,Consistent
BlurRelation,11.5,-1.6342676877975464,-1.6342813968658447,1.3709068298339844e-05,0.0008388503310808172,True,1.3709068298339844e-05,PASS,31,Blur should not significantly change output,Consistent
BlurRelation,15.0,-1.6342676877975464,-1.634333610534668,6.592273712158203e-05,0.004033775939892973,True,6.592273712158203e-05,PASS,31,Blur should not significantly change output,Consistent
ContrastRelation,0.2,-1.6342676877975464,-1.6355278491973877,0.0012601613998413086,0.07710858130308973,True,0.0012601613998413086,PASS,31,Contrast change should not significantly affect output,Consistent
ContrastRelation,0.8999999999999999,-1.6342676877975464,-1.634438157081604,0.0001704692840576172,0.010430921508222337,True,0.0001704692840576172,PASS,31,Contrast change should not significantly affect output,Consistent
ContrastRelation,1.5999999999999999,-1.6342676877975464,-1.6330796480178833,0.001188039779663086,0.07269549912653413,True,0.001188039779663086,PASS,31,Contrast change should not significantly affect output,Consistent
ContrastRelation,2.3,-1.6342676877975464,-1.6317651271820068,0.0025025606155395508,0.15313030435112693,True,0.0025025606155395508,PASS,31,Contrast change should not significantly affect output,Consistent
ContrastRelation,3.0,-1.6342676877975464,-1.6308811902999878,0.0033864974975585938,0.20721791482907698,True,0.0033864974975585938,PASS,31,Contrast change should not significantly affect output,Consistent
WeatherRelation,0.0,-1.6342676877975464,-1.6342676877975464,0.0,0.0,True,0.0,PASS,31,Weather changes should not significantly affect output,Consistent
WeatherRelation,0.25,-1.6342676877975464,-1.632720947265625,0.0015467405319213867,0.09464420039803133,True,0.0015467405319213867,PASS,31,Weather changes should not significantly affect output,Consistent
WeatherRelation,0.5,-1.6342676877975464,-1.631173014640808,0.0030946731567382812,0.18936134430311316,True,0.0030946731567382812,PASS,31,Weather changes should not significantly affect output,Consistent
WeatherRelation,0.75,-1.6342676877975464,-1.6296226978302002,0.004644989967346191,0.284224375222296,True,0.004644989967346191,PASS,31,Weather changes should not significantly affect output,Consistent
WeatherRelation,1.0,-1.6342676877975464,-1.6280711889266968,0.006196498870849609,0.37916034964852935,True,0.006196498870849609,PASS,31,Weather changes should not significantly affect output,Consistent
LessSensitiveRelation,0.1,-1.6342676877975464,-1.6336512565612793,0.0006164312362670898,0.037719087495816574,True,0.0006164312362670898,PASS,31,Output should not change drastically under degradation,Consistent
LessSensitiveRelation,0.325,-1.6342676877975464,-1.632256031036377,0.0020116567611694336,0.12309216814772861,True,0.0020116567611694336,PASS,31,Output should not change drastically under degradation,Consistent
LessSensitiveRelation,0.55,-1.6342676877975464,-1.6308612823486328,0.0034064054489135742,0.20843607139682044,True,0.0034064054489135742,PASS,31,Output should not change drastically under degradation,Consistent
LessSensitiveRelation,0.775,-1.6342676877975464,-1.6294664144515991,0.004801273345947266,0.29378726899661733,True,0.004801273345947266,PASS,31,Output should not change drastically under degradation,Consistent
LessSensitiveRelation,1.0,-1.6342676877975464,-1.6280711889266968,0.006196498870849609,0.37916034964852935,True,0.006196498870849609,PASS,31,Output should not change drastically under degradation,Consistent
LessSensitiveRelation,0.1,-1.6342676877975464,-1.6356840133666992,0.001416325569152832,0.08666418072670598,True,0.001416325569152832,PASS,31,Output should not change drastically under degradation,Consistent
LessSensitiveRelation,0.325,-1.6342676877975464,-1.6353340148925781,0.0010663270950317383,0.06524796705667747,True,0.0010663270950317383,PASS,31,Output should not change drastically under degradation,Consistent
LessSensitiveRelation,0.55,-1.6342676877975464,-1.6349865198135376,0.0007188320159912109,0.043984934751455027,True,0.0007188320159912109,PASS,31,Output should not change drastically under degradation,Consistent
LessSensitiveRelation,0.775,-1.6342676877975464,-1.6346323490142822,0.00036466121673583984,0.022313418806749735,True,0.00036466121673583984,PASS,31,Output should not change drastically under degradation,Consistent
LessSensitiveRelation,1.0,-1.6342676877975464,-1.6342676877975464,0.0,0.0,True,0.0,PASS,31,Output should not change drastically under degradation,Consistent
RainRelation,0.0,-1.6342676877975464,-1.634577751159668,0.00031006336212158203,0.01897260618383657,True,0.00031006336212158203,PASS,31,Rain should not significantly affect prediction,Consistent
RainRelation,0.25,-1.6342676877975464,-1.634596824645996,0.00032913684844970703,0.020139702296644663,True,0.00032913684844970703,PASS,31,Rain should not significantly affect prediction,Consistent
RainRelation,0.5,-1.6342676877975464,-1.6346025466918945,0.00033485889434814453,0.020489831130487093,True,0.00033485889434814453,PASS,31,Rain should not significantly affect prediction,Consistent
RainRelation,0.75,-1.6342676877975464,-1.63455331325531,0.0002856254577636719,0.0174772642893012,True,0.0002856254577636719,PASS,31,Rain should not significantly affect prediction,Consistent
RainRelation,1.0,-1.6342676877975464,-1.6345854997634888,0.0003178119659423828,0.019446738979664858,True,0.0003178119659423828,PASS,31,Rain should not significantly affect prediction,Consistent
SnowRelation,0.0,-1.6342676877975464,-1.6342676877975464,0.0,0.0,True,0.0,PASS,31,Snow should not significantly affect prediction,Consistent
SnowRelation,0.25,-1.6342676877975464,-1.6337052583694458,0.0005624294281005859,0.034414746626428655,True,0.0005624294281005859,PASS,31,Snow should not significantly affect prediction,Consistent
SnowRelation,0.5,-1.6342676877975464,-1.6337727308273315,0.0004949569702148438,0.03028614412737003,True,0.0004949569702148438,PASS,31,Snow should not significantly affect prediction,Consistent
SnowRelation,0.75,-1.6342676877975464,-1.6329076290130615,0.0013600587844848633,0.08322124719392211,True,0.0013600587844848633,PASS,31,Snow should not significantly affect prediction,Consistent
SnowRelation,1.0,-1.6342676877975464,-1.633325219154358,0.0009424686431884766,0.057669136674129914,True,0.0009424686431884766,PASS,31,Snow should not significantly affect prediction,Consistent
FogRelation,0.0,-1.6342676877975464,-1.6342676877975464,0.0,0.0,True,0.0,PASS,31,Fog should not significantly affect prediction,Consistent
FogRelation,0.25,-1.6342676877975464,-1.632720947265625,0.0015467405319213867,0.09464420039803133,True,0.0015467405319213867,PASS,31,Fog should not significantly affect prediction,Consistent
FogRelation,0.5,-1.6342676877975464,-1.631173014640808,0.0030946731567382812,0.18936134430311316,True,0.0030946731567382812,PASS,31,Fog should not significantly affect prediction,Consistent
FogRelation,0.75,-1.6342676877975464,-1.6296226978302002,0.004644989967346191,0.284224375222296,True,0.004644989967346191,PASS,31,Fog should not significantly affect prediction,Consistent
FogRelation,1.0,-1.6342676877975464,-1.6280711889266968,0.006196498870849609,0.37916034964852935,True,0.006196498870849609,PASS,31,Fog should not significantly affect prediction,Consistent
TemporalSmoothnessRelation,0.0,-1.6304875612258911,-1.6305943727493286,0.0001068115234375,0.0,True,0.0001068115234375,PASS,31,Predictions should change smoothly across consecutive frames,Consistent
TemporalSmoothnessRelation,25.0,-1.6301090717315674,-1.6323829889297485,0.0022739171981811523,0.0,True,0.0022739171981811523,PASS,31,Predictions should change smoothly across consecutive frames,Consistent
TemporalSmoothnessRelation,50.0,-1.637676477432251,-1.6349196434020996,0.002756834030151367,0.0,True,0.002756834030151367,PASS,31,Predictions should change smoothly across consecutive frames,Consistent
TemporalSmoothnessRelation,75.0,-1.6374915838241577,-1.6324806213378906,0.00501096248626709,0.0,True,0.00501096248626709,PASS,31,Predictions should change smoothly across consecutive frames,Consistent
TemporalSmoothnessRelation,100.0,-1.632336974143982,-1.63276207447052,0.00042510032653808594,0.0,True,0.00042510032653808594,PASS,31,Predictions should change smoothly across consecutive frames,Consistent
BrightnessRelation,0.2,-1.6321132183074951,-1.6350942850112915,0.0029810667037963867,0.18265061785245384,True,0.0029810667037963867,PASS,32,Output should remain approximately same under brightness change,Consistent
BrightnessRelation,0.7749999999999999,-1.6321132183074951,-1.6329636573791504,0.0008504390716552734,0.05210659046504602,True,0.0008504390716552734,PASS,32,Output should remain approximately same under brightness change,Consistent
BrightnessRelation,1.3499999999999999,-1.6321132183074951,-1.6309231519699097,0.0011900663375854492,0.07291562834490528,True,0.0011900663375854492,PASS,32,Output should remain approximately same under brightness change,Consistent
BrightnessRelation,1.9249999999999998,-1.6321132183074951,-1.6288343667984009,0.0032788515090942383,0.2008959588927797,True,0.0032788515090942383,PASS,32,Output should remain approximately same under brightness change,Consistent
BrightnessRelation,2.5,-1.6321132183074951,-1.6280694007873535,0.0040438175201416016,0.2477655959847618,True,0.0040438175201416016,PASS,32,Output should remain approximately same under brightness change,Consistent
RotationRelation,-25.0,-1.6321132183074951,-1.63401198387146,0.0018987655639648438,0.11633778706577695,True,0.0018987655639648438,PASS,32,Small rotation should not significantly change output,Consistent
RotationRelation,-12.5,-1.6321132183074951,-1.633232593536377,0.001119375228881836,0.06858436844221784,True,0.001119375228881836,PASS,32,Small rotation should not significantly change output,Consistent
RotationRelation,0.0,-1.6321132183074951,-1.6321132183074951,0.0,0.0,True,0.0,PASS,32,Small rotation should not significantly change output,Consistent
RotationRelation,12.5,-1.6321132183074951,-1.6358294486999512,0.0037162303924560547,0.22769426004448337,True,0.0037162303924560547,PASS,32,Small rotation should not significantly change output,Consistent
RotationRelation,25.0,-1.6321132183074951,-1.6336086988449097,0.0014954805374145508,0.09162842407961903,True,0.0014954805374145508,PASS,32,Small rotation should not significantly change output,Consistent
TranslationRelation,0.0,-1.6321132183074951,-1.6321132183074951,0.0,0.0,True,0.0,PASS,32,Small translation should preserve prediction consistency,Consistent
TranslationRelation,10.0,-1.6321132183074951,-1.6323524713516235,0.00023925304412841797,0.014659087056819085,True,0.00023925304412841797,PASS,32,Small translation should preserve prediction consistency,Consistent
TranslationRelation,20.0,-1.6321132183074951,-1.6323449611663818,0.00023174285888671875,0.014198936342031041,True,0.00023174285888671875,PASS,32,Small translation should preserve prediction consistency,Consistent
TranslationRelation,30.0,-1.6321132183074951,-1.632371425628662,0.0002582073211669922,0.015820419813188907,True,0.0002582073211669922,PASS,32,Small translation should preserve prediction consistency,Consistent
TranslationRelation,40.0,-1.6321132183074951,-1.6310452222824097,0.0010679960250854492,0.06543635323469964,True,0.0010679960250854492,PASS,32,Small translation should preserve prediction consistency,Consistent
NoiseRelation,0.0,-1.6321132183074951,-1.6321132183074951,0.0,0.0,True,0.0,PASS,32,Noise should not significantly affect prediction,Consistent
NoiseRelation,25.0,-1.6321132183074951,-1.6320679187774658,4.5299530029296875e-05,0.0027755122479278783,True,4.5299530029296875e-05,PASS,32,Noise should not significantly affect prediction,Consistent
NoiseRelation,50.0,-1.6321132183074951,-1.6321123838424683,8.344650268554688e-07,5.112785719867145e-05,True,8.344650268554688e-07,PASS,32,Noise should not significantly affect prediction,Consistent
NoiseRelation,75.0,-1.6321132183074951,-1.6321793794631958,6.61611557006836e-05,0.0040537086778946645,True,6.61611557006836e-05,PASS,32,Noise should not significantly affect prediction,Consistent
NoiseRelation,100.0,-1.6321132183074951,-1.632331132888794,0.00021791458129882812,0.013351674708453058,True,0.00021791458129882812,PASS,32,Noise should not significantly affect prediction,Consistent
BlurRelation,1.0,-1.6321132183074951,-1.6321132183074951,0.0,0.0,True,0.0,PASS,32,Blur should not significantly change output,Consistent
BlurRelation,4.5,-1.6321132183074951,-1.6321640014648438,5.078315734863281e-05,0.0031114953095191483,True,5.078315734863281e-05,PASS,32,Blur should not significantly change output,Consistent
BlurRelation,8.0,-1.6321132183074951,-1.6321938037872314,8.058547973632812e-05,0.0049374902094717,True,8.058547973632812e-05,PASS,32,Blur should not significantly change output,Consistent
BlurRelation,11.5,-1.6321132183074951,-1.6322181224822998,0.0001049041748046875,0.006427502047832981,True,0.0001049041748046875,PASS,32,Blur should not significantly change output,Consistent
BlurRelation,15.0,-1.6321132183074951,-1.6322940587997437,0.00018084049224853516,0.011080137052912083,True,0.00018084049224853516,PASS,32,Blur should not significantly change output,Consistent
ContrastRelation,0.2,-1.6321132183074951,-1.6350942850112915,0.0029810667037963867,0.18265061785245384,True,0.0029810667037963867,PASS,32,Contrast change should not significantly affect output,Consistent
ContrastRelation,0.8999999999999999,-1.6321132183074951,-1.6324981451034546,0.00038492679595947266,0.023584550127787155,True,0.00038492679595947266,PASS,32,Contrast change should not significantly affect output,Consistent
ContrastRelation,1.5999999999999999,-1.6321132183074951,-1.6301559209823608,0.0019572973251342773,0.11992404104928377,True,0.0019572973251342773,PASS,32,Contrast change should not significantly affect output,Consistent
ContrastRelation,2.3,-1.6321132183074951,-1.6280611753463745,0.0040520429611206055,0.24826957057714874,True,0.0040520429611206055,PASS,32,Contrast change should not significantly affect output,Consistent
ContrastRelation,3.0,-1.6321132183074951,-1.6280083656311035,0.0041048526763916016,0.2515052335398646,True,0.0041048526763916016,PASS,32,Contrast change should not significantly affect output,Consistent
WeatherRelation,0.0,-1.6321132183074951,-1.6321132183074951,0.0,0.0,True,0.0,PASS,32,Weather changes should not significantly affect output,Consistent
WeatherRelation,0.25,-1.6321132183074951,-1.6311043500900269,0.0010088682174682617,0.06181357935319377,True,0.0010088682174682617,PASS,32,Weather changes should not significantly affect output,Consistent
WeatherRelation,0.5,-1.6321132183074951,-1.630092978477478,0.00202023983001709,0.12378054227798357,True,0.00202023983001709,PASS,32,Weather changes should not significantly affect output,Consistent
WeatherRelation,0.75,-1.6321132183074951,-1.6290844678878784,0.0030287504196166992,0.18557220969237792,True,0.0030287504196166992,PASS,32,Weather changes should not significantly affect output,Consistent
WeatherRelation,1.0,-1.6321132183074951,-1.6280711889266968,0.00404202938079834,0.24765603629076466,True,0.00404202938079834,PASS,32,Weather changes should not significantly affect output,Consistent
LessSensitiveRelation,0.1,-1.6321132183074951,-1.631709098815918,0.00040411949157714844,0.024760490843356603,True,0.00040411949157714844,PASS,32,Output should not change drastically under degradation,Consistent
LessSensitiveRelation,0.325,-1.6321132183074951,-1.63079833984375,0.0013148784637451172,0.08056289498590657,True,0.0013148784637451172,PASS,32,Output should not change drastically under degradation,Consistent
LessSensitiveRelation,0.55,-1.6321132183074951,-1.6298953294754028,0.002217888832092285,0.13589054045446888,True,0.002217888832092285,PASS,32,Output should not change drastically under degradation,Consistent
LessSensitiveRelation,0.775,-1.6321132183074951,-1.6289823055267334,0.0031309127807617188,0.19183172020941525,True,0.0031309127807617188,PASS,32,Output should not change drastically under degradation,Consistent
LessSensitiveRelation,1.0,-1.6321132183074951,-1.6280711889266968,0.00404202938079834,0.24765603629076466,True,0.00404202938079834,PASS,32,Output should not change drastically under degradation,Consistent
LessSensitiveRelation,0.1,-1.6321132183074951,-1.635467529296875,0.003354310989379883,0.2055193779794596,True,0.003354310989379883,PASS,32,Output should not change drastically under degradation,Consistent
LessSensitiveRelation,0.325,-1.6321132183074951,-1.634636640548706,0.0025234222412109375,0.15461064016878245,True,0.0025234222412109375,PASS,32,Output should not change drastically under degradation,Consistent
LessSensitiveRelation,0.55,-1.6321132183074951,-1.6337964534759521,0.0016832351684570312,0.10313219194932012,True,0.0016832351684570312,PASS,32,Output should not change drastically under degradation,Consistent
LessSensitiveRelation,0.775,-1.6321132183074951,-1.6329636573791504,0.0008504390716552734,0.05210659046504602,True,0.0008504390716552734,PASS,32,Output should not change drastically under degradation,Consistent
LessSensitiveRelation,1.0,-1.6321132183074951,-1.6321132183074951,0.0,0.0,True,0.0,PASS,32,Output should not change drastically under degradation,Consistent
RainRelation,0.0,-1.6321132183074951,-1.6328579187393188,0.0007447004318237305,0.045627960560014356,True,0.0007447004318237305,PASS,32,Rain should not significantly affect prediction,Consistent
RainRelation,0.25,-1.6321132183074951,-1.632845163345337,0.0007319450378417969,0.044846434742834666,True,0.0007319450378417969,PASS,32,Rain should not significantly affect prediction,Consistent
RainRelation,0.5,-1.6321132183074951,-1.6328412294387817,0.0007280111312866211,0.044605403416040926,True,0.0007280111312866211,PASS,32,Rain should not significantly affect prediction,Consistent
RainRelation,0.75,-1.6321132183074951,-1.6329185962677002,0.0008053779602050781,0.04934568617631775,True,0.0008053779602050781,PASS,32,Rain should not significantly affect prediction,Consistent
RainRelation,1.0,-1.6321132183074951,-1.6328749656677246,0.0007617473602294922,0.046672429642787214,True,0.0007617473602294922,PASS,32,Rain should not significantly affect prediction,Consistent
SnowRelation,0.0,-1.6321132183074951,-1.6321132183074951,0.0,0.0,True,0.0,PASS,32,Snow should not significantly affect prediction,Consistent
SnowRelation,0.25,-1.6321132183074951,-1.6319390535354614,0.0001741647720336914,0.010671114195322712,True,0.0001741647720336914,PASS,32,Snow should not significantly affect prediction,Consistent
SnowRelation,0.5,-1.6321132183074951,-1.6313692331314087,0.0007439851760864258,0.045584136682415496,True,0.0007439851760864258,PASS,32,Snow should not significantly affect prediction,Consistent
SnowRelation,0.75,-1.6321132183074951,-1.63230299949646,0.00018978118896484375,0.011627935522897847,True,0.00018978118896484375,PASS,32,Snow should not significantly affect prediction,Consistent
SnowRelation,1.0,-1.6321132183074951,-1.6317014694213867,0.00041174888610839844,0.02522794553774445,True,0.00041174888610839844,PASS,32,Snow should not significantly affect prediction,Consistent
FogRelation,0.0,-1.6321132183074951,-1.6321132183074951,0.0,0.0,True,0.0,PASS,32,Fog should not significantly affect prediction,Consistent
FogRelation,0.25,-1.6321132183074951,-1.6311043500900269,0.0010088682174682617,0.06181357935319377,True,0.0010088682174682617,PASS,32,Fog should not significantly affect prediction,Consistent
FogRelation,0.5,-1.6321132183074951,-1.630092978477478,0.00202023983001709,0.12378054227798357,True,0.00202023983001709,PASS,32,Fog should not significantly affect prediction,Consistent
FogRelation,0.75,-1.6321132183074951,-1.6290844678878784,0.0030287504196166992,0.18557220969237792,True,0.0030287504196166992,PASS,32,Fog should not significantly affect prediction,Consistent
FogRelation,1.0,-1.6321132183074951,-1.6280711889266968,0.00404202938079834,0.24765603629076466,True,0.00404202938079834,PASS,32,Fog should not significantly affect prediction,Consistent
TemporalSmoothnessRelation,0.0,-1.6304875612258911,-1.6305943727493286,0.0001068115234375,0.0,True,0.0001068115234375,PASS,32,Predictions should change smoothly across consecutive frames,Consistent
TemporalSmoothnessRelation,25.0,-1.6301090717315674,-1.6323829889297485,0.0022739171981811523,0.0,True,0.0022739171981811523,PASS,32,Predictions should change smoothly across consecutive frames,Consistent
TemporalSmoothnessRelation,50.0,-1.637676477432251,-1.6349196434020996,0.002756834030151367,0.0,True,0.002756834030151367,PASS,32,Predictions should change smoothly across consecutive frames,Consistent
TemporalSmoothnessRelation,75.0,-1.6374915838241577,-1.6324806213378906,0.00501096248626709,0.0,True,0.00501096248626709,PASS,32,Predictions should change smoothly across consecutive frames,Consistent
TemporalSmoothnessRelation,100.0,-1.632336974143982,-1.63276207447052,0.00042510032653808594,0.0,True,0.00042510032653808594,PASS,32,Predictions should change smoothly across consecutive frames,Consistent
BrightnessRelation,0.2,-1.6327521800994873,-1.6352213621139526,0.002469182014465332,0.15122812465230534,True,0.002469182014465332,PASS,33,Output should remain approximately same under brightness change,Consistent
BrightnessRelation,0.7749999999999999,-1.6327521800994873,-1.633457899093628,0.000705718994140625,0.043222637857463796,True,0.000705718994140625,PASS,33,Output should remain approximately same under brightness change,Consistent
BrightnessRelation,1.3499999999999999,-1.6327521800994873,-1.6316852569580078,0.0010669231414794922,0.06534503527437516,True,0.0010669231414794922,PASS,33,Output should remain approximately same under brightness change,Consistent
BrightnessRelation,1.9249999999999998,-1.6327521800994873,-1.6293774843215942,0.0033746957778930664,0.2066874417410376,True,0.0033746957778930664,PASS,33,Output should remain approximately same under brightness change,Consistent
BrightnessRelation,2.5,-1.6327521800994873,-1.6287964582443237,0.003955721855163574,0.24227310676084818,True,0.003955721855163574,PASS,33,Output should remain approximately same under brightness change,Consistent
RotationRelation,-25.0,-1.6327521800994873,-1.636082649230957,0.0033304691314697266,0.20397872575368642,True,0.0033304691314697266,PASS,33,Small rotation should not significantly change output,Consistent
RotationRelation,-12.5,-1.6327521800994873,-1.6359916925430298,0.0032395124435424805,0.19840797023253018,True,0.0032395124435424805,PASS,33,Small rotation should not significantly change output,Consistent
RotationRelation,0.0,-1.6327521800994873,-1.6327521800994873,0.0,0.0,True,0.0,PASS,33,Small rotation should not significantly change output,Consistent
RotationRelation,12.5,-1.6327521800994873,-1.6321227550506592,0.000629425048828125,0.03854992025125149,True,0.000629425048828125,PASS,33,Small rotation should not significantly change output,Consistent
RotationRelation,25.0,-1.6327521800994873,-1.6300889253616333,0.002663254737854004,0.16311435006310787,True,0.002663254737854004,PASS,33,Small rotation should not significantly change output,Consistent
TranslationRelation,0.0,-1.6327521800994873,-1.6327521800994873,0.0,0.0,True,0.0,PASS,33,Small translation should preserve prediction consistency,Consistent
TranslationRelation,10.0,-1.6327521800994873,-1.632388710975647,0.00036346912384033203,0.022261118720845796,True,0.00036346912384033203,PASS,33,Small translation should preserve prediction consistency,Consistent
TranslationRelation,20.0,-1.6327521800994873,-1.6320754289627075,0.0006767511367797852,0.04144846539135506,True,0.0006767511367797852,PASS,33,Small translation should preserve prediction consistency,Consistent
TranslationRelation,30.0,-1.6327521800994873,-1.6312624216079712,0.0014897584915161133,0.0912421123825549,True,0.0014897584915161133,PASS,33,Small translation should preserve prediction consistency,Consistent
TranslationRelation,40.0,-1.6327521800994873,-1.6290682554244995,0.003683924674987793,0.22562655028871684,True,0.003683924674987793,PASS,33,Small translation should preserve prediction consistency,Consistent
NoiseRelation,0.0,-1.6327521800994873,-1.6327521800994873,0.0,0.0,True,0.0,PASS,33,Noise should not significantly affect prediction,Consistent
NoiseRelation,25.0,-1.6327521800994873,-1.6327768564224243,2.467632293701172e-05,0.0015113321007592915,True,2.467632293701172e-05,PASS,33,Noise should not significantly affect prediction,Consistent
NoiseRelation,50.0,-1.6327521800994873,-1.6328176259994507,6.54458999633789e-05,0.004008315571578991,True,6.54458999633789e-05,PASS,33,Noise should not significantly affect prediction,Consistent
NoiseRelation,75.0,-1.6327521800994873,-1.632845401763916,9.322166442871094e-05,0.005709476825090657,True,9.322166442871094e-05,PASS,33,Noise should not significantly affect prediction,Consistent
NoiseRelation,100.0,-1.6327521800994873,-1.632800579071045,4.839897155761719e-05,0.0029642552314409296,True,4.839897155761719e-05,PASS,33,Noise should not significantly affect prediction,Consistent
BlurRelation,1.0,-1.6327521800994873,-1.6327521800994873,0.0,0.0,True,0.0,PASS,33,Blur should not significantly change output,Consistent
BlurRelation,4.5,-1.6327521800994873,-1.632645606994629,0.00010657310485839844,0.00652720240617781,True,0.00010657310485839844,PASS,33,Blur should not significantly change output,Consistent
BlurRelation,8.0,-1.6327521800994873,-1.6326634883880615,8.869171142578125e-05,0.005432034217221801,True,8.869171142578125e-05,PASS,33,Blur should not significantly change output,Consistent
BlurRelation,11.5,-1.6327521800994873,-1.632678747177124,7.343292236328125e-05,0.004497490695979341,True,7.343292236328125e-05,PASS,33,Blur should not significantly change output,Consistent
BlurRelation,15.0,-1.6327521800994873,-1.632723331451416,2.8848648071289062e-05,0.0017668713448490269,True,2.8848648071289062e-05,PASS,33,Blur should not significantly change output,Consistent
ContrastRelation,0.2,-1.6327521800994873,-1.6352213621139526,0.002469182014465332,0.15122812465230534,True,0.002469182014465332,PASS,33,Contrast change should not significantly affect output,Consistent
ContrastRelation,0.8999999999999999,-1.6327521800994873,-1.6330740451812744,0.0003218650817871094,0.01971302740120815,True,0.0003218650817871094,PASS,33,Contrast change should not significantly affect output,Consistent
ContrastRelation,1.5999999999999999,-1.6327521800994873,-1.6305749416351318,0.0021772384643554688,0.13334767868728356,True,0.0021772384643554688,PASS,33,Contrast change should not significantly affect output,Consistent
ContrastRelation,2.3,-1.6327521800994873,-1.6288524866104126,0.003899693489074707,0.23884157976878603,True,0.003899693489074707,PASS,33,Contrast change should not significantly affect output,Consistent
ContrastRelation,3.0,-1.6327521800994873,-1.6286929845809937,0.004059195518493652,0.2486104800142736,True,0.004059195518493652,PASS,33,Contrast change should not significantly affect output,Consistent
WeatherRelation,0.0,-1.6327521800994873,-1.6327521800994873,0.0,0.0,True,0.0,PASS,33,Weather changes should not significantly affect output,Consistent
WeatherRelation,0.25,-1.6327521800994873,-1.63158118724823,0.0011709928512573242,0.07171891413409913,True,0.0011709928512573242,PASS,33,Weather changes should not significantly affect output,Consistent
WeatherRelation,0.5,-1.6327521800994873,-1.630414366722107,0.002337813377380371,0.14318228902410854,True,0.002337813377380371,PASS,33,Weather changes should not significantly affect output,Consistent
WeatherRelation,0.75,-1.6327521800994873,-1.6292439699172974,0.0035082101821899414,0.21486469755190915,True,0.0035082101821899414,PASS,33,Weather changes should not significantly affect output,Consistent
WeatherRelation,1.0,-1.6327521800994873,-1.6280711889266968,0.004680991172790527,0.28669312850490386,True,0.004680991172790527,PASS,33,Weather changes should not significantly affect output,Consistent
LessSensitiveRelation,0.1,-1.6327521800994873,-1.6322883367538452,0.00046384334564208984,0.028408662821518854,True,0.00046384334564208984,PASS,33,Output should not change drastically under degradation,Consistent
LessSensitiveRelation,0.325,-1.6327521800994873,-1.6312336921691895,0.0015184879302978516,0.09300168260614423,True,0.0015184879302978516,PASS,33,Output should not change drastically under degradation,Consistent
LessSensitiveRelation,0.55,-1.6327521800994873,-1.6301782131195068,0.0025739669799804688,0.15764581023958754,True,0.0025739669799804688,PASS,33,Output should not change drastically under degradation,Consistent
LessSensitiveRelation,0.775,-1.6327521800994873,-1.629124641418457,0.0036275386810302734,0.22217311993287556,True,0.0036275386810302734,PASS,33,Output should not change drastically under degradation,Consistent
LessSensitiveRelation,1.0,-1.6327521800994873,-1.6280711889266968,0.004680991172790527,0.28669312850490386,True,0.004680991172790527,PASS,33,Output should not change drastically under degradation,Consistent
LessSensitiveRelation,0.1,-1.6327521800994873,-1.6355297565460205,0.002777576446533203,0.17011612535116663,True,0.002777576446533203,PASS,33,Output should not change drastically under degradation,Consistent
LessSensitiveRelation,0.325,-1.6327521800994873,-1.6348416805267334,0.0020895004272460938,0.12797405344013943,True,0.0020895004272460938,PASS,33,Output should not change drastically under degradation,Consistent
LessSensitiveRelation,0.55,-1.6327521800994873,-1.6341499090194702,0.0013977289199829102,0.08560564677006131,True,0.0013977289199829102,PASS,33,Output should not change drastically under degradation,Consistent
LessSensitiveRelation,0.775,-1.6327521800994873,-1.633457899093628,0.000705718994140625,0.043222637857463796,True,0.000705718994140625,PASS,33,Output should not change drastically under degradation,Consistent
LessSensitiveRelation,1.0,-1.6327521800994873,-1.6327521800994873,0.0,0.0,True,0.0,PASS,33,Output should not change drastically under degradation,Consistent
RainRelation,0.0,-1.6327521800994873,-1.6333683729171753,0.0006161928176879883,0.03773949579142405,True,0.0006161928176879883,PASS,33,Rain should not significantly affect prediction,Consistent
RainRelation,0.25,-1.6327521800994873,-1.6333701610565186,0.00061798095703125,0.03784901261031965,True,0.00061798095703125,PASS,33,Rain should not significantly affect prediction,Consistent
RainRelation,0.5,-1.6327521800994873,-1.6333537101745605,0.0006015300750732422,0.036841457876480126,True,0.0006015300750732422,PASS,33,Rain should not significantly affect prediction,Consistent
RainRelation,0.75,-1.6327521800994873,-1.6334680318832397,0.0007158517837524414,0.043843233164538864,True,0.0007158517837524414,PASS,33,Rain should not significantly affect prediction,Consistent
RainRelation,1.0,-1.6327521800994873,-1.6333560943603516,0.0006039142608642578,0.03698748030167425,True,0.0006039142608642578,PASS,33,Rain should not significantly affect prediction,Consistent
SnowRelation,0.0,-1.6327521800994873,-1.6327521800994873,0.0,0.0,True,0.0,PASS,33,Snow should not significantly affect prediction,Consistent
SnowRelation,0.25,-1.6327521800994873,-1.6324570178985596,0.0002951622009277344,0.018077576239033843,True,0.0002951622009277344,PASS,33,Snow should not significantly affect prediction,Consistent
SnowRelation,0.5,-1.6327521800994873,-1.6325254440307617,0.00022673606872558594,0.013886732635962185,True,0.00022673606872558594,PASS,33,Snow should not significantly affect prediction,Consistent
SnowRelation,0.75,-1.6327521800994873,-1.632676362991333,7.581710815429688e-05,0.004643513121173475,True,7.581710815429688e-05,PASS,33,Snow should not significantly affect prediction,Consistent
SnowRelation,1.0,-1.6327521800994873,-1.6326029300689697,0.00014925003051757812,0.009141003817152816,True,0.00014925003051757812,PASS,33,Snow should not significantly affect prediction,Consistent
FogRelation,0.0,-1.6327521800994873,-1.6327521800994873,0.0,0.0,True,0.0,PASS,33,Fog should not significantly affect prediction,Consistent
FogRelation,0.25,-1.6327521800994873,-1.63158118724823,0.0011709928512573242,0.07171891413409913,True,0.0011709928512573242,PASS,33,Fog should not significantly affect prediction,Consistent
FogRelation,0.5,-1.6327521800994873,-1.630414366722107,0.002337813377380371,0.14318228902410854,True,0.002337813377380371,PASS,33,Fog should not significantly affect prediction,Consistent
FogRelation,0.75,-1.6327521800994873,-1.6292439699172974,0.0035082101821899414,0.21486469755190915,True,0.0035082101821899414,PASS,33,Fog should not significantly affect prediction,Consistent
FogRelation,1.0,-1.6327521800994873,-1.6280711889266968,0.004680991172790527,0.28669312850490386,True,0.004680991172790527,PASS,33,Fog should not significantly affect prediction,Consistent
TemporalSmoothnessRelation,0.0,-1.6304875612258911,-1.6305943727493286,0.0001068115234375,0.0,True,0.0001068115234375,PASS,33,Predictions should change smoothly across consecutive frames,Consistent
TemporalSmoothnessRelation,25.0,-1.6301090717315674,-1.6323829889297485,0.0022739171981811523,0.0,True,0.0022739171981811523,PASS,33,Predictions should change smoothly across consecutive frames,Consistent
TemporalSmoothnessRelation,50.0,-1.637676477432251,-1.6349196434020996,0.002756834030151367,0.0,True,0.002756834030151367,PASS,33,Predictions should change smoothly across consecutive frames,Consistent
TemporalSmoothnessRelation,75.0,-1.6374915838241577,-1.6324806213378906,0.00501096248626709,0.0,True,0.00501096248626709,PASS,33,Predictions should change smoothly across consecutive frames,Consistent
TemporalSmoothnessRelation,100.0,-1.632336974143982,-1.63276207447052,0.00042510032653808594,0.0,True,0.00042510032653808594,PASS,33,Predictions should change smoothly across consecutive frames,Consistent
BrightnessRelation,0.2,-1.6324652433395386,-1.6351650953292847,0.0026998519897460938,0.16538485869226935,True,0.0026998519897460938,PASS,34,Output should remain approximately same under brightness change,Consistent
BrightnessRelation,0.7749999999999999,-1.6324652433395386,-1.6332335472106934,0.0007683038711547852,0.04706399745106305,True,0.0007683038711547852,PASS,34,Output should remain approximately same under brightness change,Consistent
BrightnessRelation,1.3499999999999999,-1.6324652433395386,-1.6310447454452515,0.0014204978942871094,0.08701545285133706,True,0.0014204978942871094,PASS,34,Output should remain approximately same under brightness change,Consistent
BrightnessRelation,1.9249999999999998,-1.6324652433395386,-1.6316204071044922,0.0008448362350463867,0.05175214118474535,True,0.0008448362350463867,PASS,34,Output should remain approximately same under brightness change,Consistent
BrightnessRelation,2.5,-1.6324652433395386,-1.6305805444717407,0.0018846988677978516,0.11545101624535405,True,0.0018846988677978516,PASS,34,Output should remain approximately same under brightness change,Consistent
RotationRelation,-25.0,-1.6324652433395386,-1.6409075260162354,0.008442282676696777,0.5171489892144041,True,0.008442282676696777,PASS,34,Small rotation should not significantly change output,Consistent
RotationRelation,-12.5,-1.6324652433395386,-1.6374342441558838,0.004969000816345215,0.3043861296745789,True,0.004969000816345215,PASS,34,Small rotation should not significantly change output,Consistent
RotationRelation,0.0,-1.6324652433395386,-1.6324652433395386,0.0,0.0,True,0.0,PASS,34,Small rotation should not significantly change output,Consistent
RotationRelation,12.5,-1.6324652433395386,-1.633800745010376,0.0013355016708374023,0.08180883839321323,True,0.0013355016708374023,PASS,34,Small rotation should not significantly change output,Consistent
RotationRelation,25.0,-1.6324652433395386,-1.629417061805725,0.0030481815338134766,0.1867224848446365,True,0.0030481815338134766,PASS,34,Small rotation should not significantly change output,Consistent
TranslationRelation,0.0,-1.6324652433395386,-1.6324652433395386,0.0,0.0,True,0.0,PASS,34,Small translation should preserve prediction consistency,Consistent
TranslationRelation,10.0,-1.6324652433395386,-1.6330420970916748,0.0005768537521362305,0.035336335712287684,True,0.0005768537521362305,PASS,34,Small translation should preserve prediction consistency,Consistent
TranslationRelation,20.0,-1.6324652433395386,-1.6333422660827637,0.0008770227432250977,0.05372379041853699,True,0.0008770227432250977,PASS,34,Small translation should preserve prediction consistency,Consistent
TranslationRelation,30.0,-1.6324652433395386,-1.6328870058059692,0.00042176246643066406,0.025835907367239886,True,0.00042176246643066406,PASS,34,Small translation should preserve prediction consistency,Consistent
TranslationRelation,40.0,-1.6324652433395386,-1.6305254697799683,0.0019397735595703125,0.1188247271565086,True,0.0019397735595703125,PASS,34,Small translation should preserve prediction consistency,Consistent
NoiseRelation,0.0,-1.6324652433395386,-1.6324652433395386,0.0,0.0,True,0.0,PASS,34,Noise should not significantly affect prediction,Consistent
NoiseRelation,25.0,-1.6324652433395386,-1.6324448585510254,2.0384788513183594e-05,0.0012487111814013625,True,2.0384788513183594e-05,PASS,34,Noise should not significantly affect prediction,Consistent
NoiseRelation,50.0,-1.6324652433395386,-1.6323773860931396,8.785724639892578e-05,0.005381872167794177,True,8.785724639892578e-05,PASS,34,Noise should not significantly affect prediction,Consistent
NoiseRelation,75.0,-1.6324652433395386,-1.632254958152771,0.00021028518676757812,0.01288144166077195,True,0.00021028518676757812,PASS,34,Noise should not significantly affect prediction,Consistent
NoiseRelation,100.0,-1.6324652433395386,-1.6323716640472412,9.357929229736328e-05,0.00573238758713491,True,9.357929229736328e-05,PASS,34,Noise should not significantly affect prediction,Consistent
BlurRelation,1.0,-1.6324652433395386,-1.6324652433395386,0.0,0.0,True,0.0,PASS,34,Blur should not significantly change output,Consistent
BlurRelation,4.5,-1.6324652433395386,-1.6324996948242188,3.445148468017578e-05,0.0021103949206139985,True,3.445148468017578e-05,PASS,34,Blur should not significantly change output,Consistent
BlurRelation,8.0,-1.6324652433395386,-1.632572054862976,0.0001068115234375,0.006542954494360356,True,0.0001068115234375,PASS,34,Blur should not significantly change output,Consistent
BlurRelation,11.5,-1.6324652433395386,-1.6326110363006592,0.00014579296112060547,0.008930840788619101,True,0.00014579296112060547,PASS,34,Blur should not significantly change output,Consistent
BlurRelation,15.0,-1.6324652433395386,-1.6327005624771118,0.0002353191375732422,0.01441494662038766,True,0.0002353191375732422,PASS,34,Blur should not significantly change output,Consistent
ContrastRelation,0.2,-1.6324652433395386,-1.6351650953292847,0.0026998519897460938,0.16538485869226935,True,0.0026998519897460938,PASS,34,Contrast change should not significantly affect output,Consistent
ContrastRelation,0.8999999999999999,-1.6324652433395386,-1.6328157186508179,0.0003504753112792969,0.021469069434619917,True,0.0003504753112792969,PASS,34,Contrast change should not significantly affect output,Consistent
ContrastRelation,1.5999999999999999,-1.6324652433395386,-1.6316375732421875,0.0008276700973510742,0.05070059492672316,True,0.0008276700973510742,PASS,34,Contrast change should not significantly affect output,Consistent
ContrastRelation,2.3,-1.6324652433395386,-1.6310224533081055,0.0014427900314331055,0.088381002505852,True,0.0014427900314331055,PASS,34,Contrast change should not significantly affect output,Consistent
ContrastRelation,3.0,-1.6324652433395386,-1.6294236183166504,0.0030416250228881836,0.18632085259330858,True,0.0030416250228881836,PASS,34,Contrast change should not significantly affect output,Consistent
WeatherRelation,0.0,-1.6324652433395386,-1.6324652433395386,0.0,0.0,True,0.0,PASS,34,Weather changes should not significantly affect output,Consistent
WeatherRelation,0.25,-1.6324652433395386,-1.6313711404800415,0.0010941028594970703,0.06702146913977605,True,0.0010941028594970703,PASS,34,Weather changes should not significantly affect output,Consistent
WeatherRelation,0.5,-1.6324652433395386,-1.6302754878997803,0.0021897554397583008,0.1341378695389569,True,0.0021897554397583008,PASS,34,Weather changes should not significantly affect output,Consistent
WeatherRelation,0.75,-1.6324652433395386,-1.6291718482971191,0.0032933950424194336,0.20174353104430082,True,0.0032933950424194336,PASS,34,Weather changes should not significantly affect output,Consistent
WeatherRelation,1.0,-1.6324652433395386,-1.6280711889266968,0.004394054412841797,0.2691666324354048,True,0.004394054412841797,PASS,34,Weather changes should not significantly affect output,Consistent
LessSensitiveRelation,0.1,-1.6324652433395386,-1.6320257186889648,0.00043952465057373047,0.02692396564811008,True,0.00043952465057373047,PASS,34,Output should not change drastically under degradation,Consistent
LessSensitiveRelation,0.325,-1.6324652433395386,-1.6310399770736694,0.0014252662658691406,0.087307549034121,True,0.0014252662658691406,PASS,34,Output should not change drastically under degradation,Consistent
LessSensitiveRelation,0.55,-1.6324652433395386,-1.630053162574768,0.002412080764770508,0.1477568540612583,True,0.002412080764770508,PASS,34,Output should not change drastically under degradation,Consistent
LessSensitiveRelation,0.775,-1.6324652433395386,-1.6290624141693115,0.0034028291702270508,0.20844713843919238,True,0.0034028291702270508,PASS,34,Output should not change drastically under degradation,Consistent
LessSensitiveRelation,1.0,-1.6324652433395386,-1.6280711889266968,0.004394054412841797,0.2691666324354048,True,0.004394054412841797,PASS,34,Output should not change drastically under degradation,Consistent
LessSensitiveRelation,0.1,-1.6324652433395386,-1.6355046033859253,0.0030393600463867188,0.1861821069064862,True,0.0030393600463867188,PASS,34,Output should not change drastically under degradation,Consistent
LessSensitiveRelation,0.325,-1.6324652433395386,-1.6347483396530151,0.0022830963134765625,0.13985565231695263,True,0.0022830963134765625,PASS,34,Output should not change drastically under degradation,Consistent
LessSensitiveRelation,0.55,-1.6324652433395386,-1.6339935064315796,0.0015282630920410156,0.0936168265822542,True,0.0015282630920410156,PASS,34,Output should not change drastically under degradation,Consistent
LessSensitiveRelation,0.775,-1.6324652433395386,-1.6332335472106934,0.0007683038711547852,0.04706399745106305,True,0.0007683038711547852,PASS,34,Output should not change drastically under degradation,Consistent
LessSensitiveRelation,1.0,-1.6324652433395386,-1.6324652433395386,0.0,0.0,True,0.0,PASS,34,Output should not change drastically under degradation,Consistent
RainRelation,0.0,-1.6324652433395386,-1.6331392526626587,0.0006740093231201172,0.04128779543651055,True,0.0006740093231201172,PASS,34,Rain should not significantly affect prediction,Consistent
RainRelation,0.25,-1.6324652433395386,-1.6331665515899658,0.0007013082504272461,0.04296004608294863,True,0.0007013082504272461,PASS,34,Rain should not significantly affect prediction,Consistent
RainRelation,0.5,-1.6324652433395386,-1.6331136226654053,0.0006483793258666992,0.03971777845404685,True,0.0006483793258666992,PASS,34,Rain should not significantly affect prediction,Consistent
RainRelation,0.75,-1.6324652433395386,-1.6331185102462769,0.0006532669067382812,0.04001717704140039,True,0.0006532669067382812,PASS,34,Rain should not significantly affect prediction,Consistent
RainRelation,1.0,-1.6324652433395386,-1.6330517530441284,0.0005865097045898438,0.03592783048242517,True,0.0005865097045898438,PASS,34,Rain should not significantly affect prediction,Consistent
SnowRelation,0.0,-1.6324652433395386,-1.6324652433395386,0.0,0.0,True,0.0,PASS,34,Snow should not significantly affect prediction,Consistent
SnowRelation,0.25,-1.6324652433395386,-1.6323920488357544,7.319450378417969e-05,0.004483676405733547,True,7.319450378417969e-05,PASS,34,Snow should not significantly affect prediction,Consistent
SnowRelation,0.5,-1.6324652433395386,-1.6323661804199219,9.906291961669922e-05,0.006068298197336446,True,9.906291961669922e-05,PASS,34,Snow should not significantly affect prediction,Consistent
SnowRelation,0.75,-1.6324652433395386,-1.632081151008606,0.0003840923309326172,0.023528347523246725,True,0.0003840923309326172,PASS,34,Snow should not significantly affect prediction,Consistent
SnowRelation,1.0,-1.6324652433395386,-1.6330691576004028,0.0006039142608642578,0.036993981549586566,True,0.0006039142608642578,PASS,34,Snow should not significantly affect prediction,Consistent
FogRelation,0.0,-1.6324652433395386,-1.6324652433395386,0.0,0.0,True,0.0,PASS,34,Fog should not significantly affect prediction,Consistent
FogRelation,0.25,-1.6324652433395386,-1.6313711404800415,0.0010941028594970703,0.06702146913977605,True,0.0010941028594970703,PASS,34,Fog should not significantly affect prediction,Consistent
FogRelation,0.5,-1.6324652433395386,-1.6302754878997803,0.0021897554397583008,0.1341378695389569,True,0.0021897554397583008,PASS,34,Fog should not significantly affect prediction,Consistent
FogRelation,0.75,-1.6324652433395386,-1.6291718482971191,0.0032933950424194336,0.20174353104430082,True,0.0032933950424194336,PASS,34,Fog should not significantly affect prediction,Consistent
FogRelation,1.0,-1.6324652433395386,-1.6280711889266968,0.004394054412841797,0.2691666324354048,True,0.004394054412841797,PASS,34,Fog should not significantly affect prediction,Consistent
TemporalSmoothnessRelation,0.0,-1.6304875612258911,-1.6305943727493286,0.0001068115234375,0.0,True,0.0001068115234375,PASS,34,Predictions should change smoothly across consecutive frames,Consistent
TemporalSmoothnessRelation,25.0,-1.6301090717315674,-1.6323829889297485,0.0022739171981811523,0.0,True,0.0022739171981811523,PASS,34,Predictions should change smoothly across consecutive frames,Consistent
TemporalSmoothnessRelation,50.0,-1.637676477432251,-1.6349196434020996,0.002756834030151367,0.0,True,0.002756834030151367,PASS,34,Predictions should change smoothly across consecutive frames,Consistent
TemporalSmoothnessRelation,75.0,-1.6374915838241577,-1.6324806213378906,0.00501096248626709,0.0,True,0.00501096248626709,PASS,34,Predictions should change smoothly across consecutive frames,Consistent
TemporalSmoothnessRelation,100.0,-1.632336974143982,-1.63276207447052,0.00042510032653808594,0.0,True,0.00042510032653808594,PASS,34,Predictions should change smoothly across consecutive frames,Consistent
BrightnessRelation,0.2,-1.6325680017471313,-1.635184407234192,0.002616405487060547,0.16026308745667353,True,0.002616405487060547,PASS,35,Output should remain approximately same under brightness change,Consistent
BrightnessRelation,0.7749999999999999,-1.6325680017471313,-1.633313775062561,0.0007457733154296875,0.045680967519999525,True,0.0007457733154296875,PASS,35,Output should remain approximately same under brightness change,Consistent
BrightnessRelation,1.3499999999999999,-1.6325680017471313,-1.6313139200210571,0.0012540817260742188,0.07681646072736494,True,0.0012540817260742188,PASS,35,Output should remain approximately same under brightness change,Consistent
BrightnessRelation,1.9249999999999998,-1.6325680017471313,-1.6288739442825317,0.0036940574645996094,0.22627266967866771,True,0.0036940574645996094,PASS,35,Output should remain approximately same under brightness change,Consistent
BrightnessRelation,2.5,-1.6325680017471313,-1.6274795532226562,0.005088448524475098,0.3116835195957768,True,0.005088448524475098,PASS,35,Output should remain approximately same under brightness change,Consistent
RotationRelation,-25.0,-1.6325680017471313,-1.632283091545105,0.0002849102020263672,0.01745164839718652,True,0.0002849102020263672,PASS,35,Small rotation should not significantly change output,Consistent
RotationRelation,-12.5,-1.6325680017471313,-1.629888892173767,0.002679109573364258,0.16410391049304177,True,0.002679109573364258,PASS,35,Small rotation should not significantly change output,Consistent
RotationRelation,0.0,-1.6325680017471313,-1.6325680017471313,0.0,0.0,True,0.0,PASS,35,Small rotation should not significantly change output,Consistent
RotationRelation,12.5,-1.6325680017471313,-1.6396301984786987,0.007062196731567383,0.43258182190214384,True,0.007062196731567383,PASS,35,Small rotation should not significantly change output,Consistent
RotationRelation,25.0,-1.6325680017471313,-1.635604977607727,0.003036975860595703,0.1860243491910978,True,0.003036975860595703,PASS,35,Small rotation should not significantly change output,Consistent
TranslationRelation,0.0,-1.6325680017471313,-1.6325680017471313,0.0,0.0,True,0.0,PASS,35,Small translation should preserve prediction consistency,Consistent
TranslationRelation,10.0,-1.6325680017471313,-1.6331170797348022,0.0005490779876708984,0.033632758375498374,True,0.0005490779876708984,PASS,35,Small translation should preserve prediction consistency,Consistent
TranslationRelation,20.0,-1.6325680017471313,-1.6335585117340088,0.0009905099868774414,0.06067186047373338,True,0.0009905099868774414,PASS,35,Small translation should preserve prediction consistency,Consistent
TranslationRelation,30.0,-1.6325680017471313,-1.633730173110962,0.0011621713638305664,0.07118666118166166,True,0.0011621713638305664,PASS,35,Small translation should preserve prediction consistency,Consistent
TranslationRelation,40.0,-1.6325680017471313,-1.6326229572296143,5.4955482482910156e-05,0.003366196615524262,True,5.4955482482910156e-05,PASS,35,Small translation should preserve prediction consistency,Consistent
NoiseRelation,0.0,-1.6325680017471313,-1.6325680017471313,0.0,0.0,True,0.0,PASS,35,Noise should not significantly affect prediction,Consistent
NoiseRelation,25.0,-1.6325680017471313,-1.632601022720337,3.3020973205566406e-05,0.0020226387472889813,True,3.3020973205566406e-05,PASS,35,Noise should not significantly affect prediction,Consistent
NoiseRelation,50.0,-1.6325680017471313,-1.6325017213821411,6.628036499023438e-05,0.004059881384450086,True,6.628036499023438e-05,PASS,35,Noise should not significantly affect prediction,Consistent
NoiseRelation,75.0,-1.6325680017471313,-1.632449984550476,0.00011801719665527344,0.007228925486700692,True,0.00011801719665527344,PASS,35,Noise should not significantly affect prediction,Consistent
NoiseRelation,100.0,-1.6325680017471313,-1.6328045129776,0.00023651123046875,0.014487058753145628,True,0.00023651123046875,PASS,35,Noise should not significantly affect prediction,Consistent
BlurRelation,1.0,-1.6325680017471313,-1.6325680017471313,0.0,0.0,True,0.0,PASS,35,Blur should not significantly change output,Consistent
BlurRelation,4.5,-1.6325680017471313,-1.6327029466629028,0.00013494491577148438,0.008265801667621397,True,0.00013494491577148438,PASS,35,Blur should not significantly change output,Consistent
BlurRelation,8.0,-1.6325680017471313,-1.6327393054962158,0.00017130374908447266,0.010492894873120094,True,0.00017130374908447266,PASS,35,Blur should not significantly change output,Consistent
BlurRelation,11.5,-1.6325680017471313,-1.6327530145645142,0.0001850128173828125,0.011332618540767146,True,0.0001850128173828125,PASS,35,Blur should not significantly change output,Consistent
BlurRelation,15.0,-1.6325680017471313,-1.6327881813049316,0.00022017955780029297,0.01348669229690523,True,0.00022017955780029297,PASS,35,Blur should not significantly change output,Consistent
ContrastRelation,0.2,-1.6325680017471313,-1.635184407234192,0.002616405487060547,0.16026308745667353,True,0.002616405487060547,PASS,35,Contrast change should not significantly affect output,Consistent
ContrastRelation,0.8999999999999999,-1.6325680017471313,-1.6329058408737183,0.00033783912658691406,0.02069371194879774,True,0.00033783912658691406,PASS,35,Contrast change should not significantly affect output,Consistent
ContrastRelation,1.5999999999999999,-1.6325680017471313,-1.6302012205123901,0.002366781234741211,0.14497281476056115,True,0.002366781234741211,PASS,35,Contrast change should not significantly affect output,Consistent
ContrastRelation,2.3,-1.6325680017471313,-1.6276805400848389,0.0048874616622924805,0.29937244043357747,True,0.0048874616622924805,PASS,35,Contrast change should not significantly affect output,Consistent
ContrastRelation,3.0,-1.6325680017471313,-1.6278138160705566,0.004754185676574707,0.2912088659950609,True,0.004754185676574707,PASS,35,Contrast change should not significantly affect output,Consistent
WeatherRelation,0.0,-1.6325680017471313,-1.6325680017471313,0.0,0.0,True,0.0,PASS,35,Weather changes should not significantly affect output,Consistent
WeatherRelation,0.25,-1.6325680017471313,-1.6314462423324585,0.0011217594146728516,0.06871130184833689,True,0.0011217594146728516,PASS,35,Weather changes should not significantly affect output,Consistent
WeatherRelation,0.5,-1.6325680017471313,-1.6303218603134155,0.0022461414337158203,0.13758324648526712,True,0.0022461414337158203,PASS,35,Weather changes should not significantly affect output,Consistent
WeatherRelation,0.75,-1.6325680017471313,-1.6291999816894531,0.0033680200576782227,0.20630185027854003,True,0.0033680200576782227,PASS,35,Weather changes should not significantly affect output,Consistent
WeatherRelation,1.0,-1.6325680017471313,-1.6280711889266968,0.00449681282043457,0.2754439668781045,True,0.00449681282043457,PASS,35,Weather changes should not significantly affect output,Consistent
LessSensitiveRelation,0.1,-1.6325680017471313,-1.6321179866790771,0.0004500150680541992,0.027564842133631428,True,0.0004500150680541992,PASS,35,Output should not change drastically under degradation,Consistent
LessSensitiveRelation,0.325,-1.6325680017471313,-1.6311129331588745,0.001455068588256836,0.08912753988956429,True,0.001455068588256836,PASS,35,Output should not change drastically under degradation,Consistent
LessSensitiveRelation,0.55,-1.6325680017471313,-1.630096197128296,0.0024718046188354492,0.15140582824923116,True,0.0024718046188354492,PASS,35,Output should not change drastically under degradation,Consistent
LessSensitiveRelation,0.775,-1.6325680017471313,-1.6290853023529053,0.0034826993942260742,0.21332632130703102,True,0.0034826993942260742,PASS,35,Output should not change drastically under degradation,Consistent
LessSensitiveRelation,1.0,-1.6325680017471313,-1.6280711889266968,0.00449681282043457,0.2754439668781045,True,0.00449681282043457,PASS,35,Output should not change drastically under degradation,Consistent
LessSensitiveRelation,0.1,-1.6325680017471313,-1.6355133056640625,0.0029453039169311523,0.18040915353526665,True,0.0029453039169311523,PASS,35,Output should not change drastically under degradation,Consistent
LessSensitiveRelation,0.325,-1.6325680017471313,-1.6347777843475342,0.002209782600402832,0.1353561532797684,True,0.002209782600402832,PASS,35,Output should not change drastically under degradation,Consistent
LessSensitiveRelation,0.55,-1.6325680017471313,-1.634048581123352,0.0014805793762207031,0.09069015610588141,True,0.0014805793762207031,PASS,35,Output should not change drastically under degradation,Consistent
LessSensitiveRelation,0.775,-1.6325680017471313,-1.633313775062561,0.0007457733154296875,0.045680967519999525,True,0.0007457733154296875,PASS,35,Output should not change drastically under degradation,Consistent
LessSensitiveRelation,1.0,-1.6325680017471313,-1.6325680017471313,0.0,0.0,True,0.0,PASS,35,Output should not change drastically under degradation,Consistent
RainRelation,0.0,-1.6325680017471313,-1.633219838142395,0.0006518363952636719,0.03992703491038322,True,0.0006518363952636719,PASS,35,Rain should not significantly affect prediction,Consistent
RainRelation,0.25,-1.6325680017471313,-1.6331843137741089,0.0006163120269775391,0.03775105531943695,True,0.0006163120269775391,PASS,35,Rain should not significantly affect prediction,Consistent
RainRelation,0.5,-1.6325680017471313,-1.6331994533538818,0.0006314516067504883,0.03867840232631673,True,0.0006314516067504883,PASS,35,Rain should not significantly affect prediction,Consistent
RainRelation,0.75,-1.6325680017471313,-1.6332409381866455,0.0006729364395141602,0.04121947916406607,True,0.0006729364395141602,PASS,35,Rain should not significantly affect prediction,Consistent
RainRelation,1.0,-1.6325680017471313,-1.6332937479019165,0.0007257461547851562,0.04445424077074123,True,0.0007257461547851562,PASS,35,Rain should not significantly affect prediction,Consistent
SnowRelation,0.0,-1.6325680017471313,-1.6325680017471313,0.0,0.0,True,0.0,PASS,35,Snow should not significantly affect prediction,Consistent
SnowRelation,0.25,-1.6325680017471313,-1.6324836015701294,8.440017700195312e-05,0.005169777014731404,True,8.440017700195312e-05,PASS,35,Snow should not significantly affect prediction,Consistent
SnowRelation,0.5,-1.6325680017471313,-1.6319910287857056,0.0005769729614257812,0.03534141349053672,True,0.0005769729614257812,PASS,35,Snow should not significantly affect prediction,Consistent
SnowRelation,0.75,-1.6325680017471313,-1.6329782009124756,0.0004101991653442383,0.02512599252498695,True,0.0004101991653442383,PASS,35,Snow should not significantly affect prediction,Consistent
SnowRelation,1.0,-1.6325680017471313,-1.6323801279067993,0.00018787384033203125,0.011507865219232617,True,0.00018787384033203125,PASS,35,Snow should not significantly affect prediction,Consistent
FogRelation,0.0,-1.6325680017471313,-1.6325680017471313,0.0,0.0,True,0.0,PASS,35,Fog should not significantly affect prediction,Consistent
FogRelation,0.25,-1.6325680017471313,-1.6314462423324585,0.0011217594146728516,0.06871130184833689,True,0.0011217594146728516,PASS,35,Fog should not significantly affect prediction,Consistent
FogRelation,0.5,-1.6325680017471313,-1.6303218603134155,0.0022461414337158203,0.13758324648526712,True,0.0022461414337158203,PASS,35,Fog should not significantly affect prediction,Consistent
FogRelation,0.75,-1.6325680017471313,-1.6291999816894531,0.0033680200576782227,0.20630185027854003,True,0.0033680200576782227,PASS,35,Fog should not significantly affect prediction,Consistent
FogRelation,1.0,-1.6325680017471313,-1.6280711889266968,0.00449681282043457,0.2754439668781045,True,0.00449681282043457,PASS,35,Fog should not significantly affect prediction,Consistent
TemporalSmoothnessRelation,0.0,-1.6304875612258911,-1.6305943727493286,0.0001068115234375,0.0,True,0.0001068115234375,PASS,35,Predictions should change smoothly across consecutive frames,Consistent
TemporalSmoothnessRelation,25.0,-1.6301090717315674,-1.6323829889297485,0.0022739171981811523,0.0,True,0.0022739171981811523,PASS,35,Predictions should change smoothly across consecutive frames,Consistent
TemporalSmoothnessRelation,50.0,-1.637676477432251,-1.6349196434020996,0.002756834030151367,0.0,True,0.002756834030151367,PASS,35,Predictions should change smoothly across consecutive frames,Consistent
TemporalSmoothnessRelation,75.0,-1.6374915838241577,-1.6324806213378906,0.00501096248626709,0.0,True,0.00501096248626709,PASS,35,Predictions should change smoothly across consecutive frames,Consistent
TemporalSmoothnessRelation,100.0,-1.632336974143982,-1.63276207447052,0.00042510032653808594,0.0,True,0.00042510032653808594,PASS,35,Predictions should change smoothly across consecutive frames,Consistent
BrightnessRelation,0.2,-1.6353195905685425,-1.635737657546997,0.00041806697845458984,0.025564833028198033,True,0.00041806697845458984,PASS,36,Output should remain approximately same under brightness change,Consistent
BrightnessRelation,0.7749999999999999,-1.6353195905685425,-1.6354491710662842,0.00012958049774169922,0.007923858996763976,True,0.00012958049774169922,PASS,36,Output should remain approximately same under brightness change,Consistent
BrightnessRelation,1.3499999999999999,-1.6353195905685425,-1.6348212957382202,0.0004982948303222656,0.030470773327022464,True,0.0004982948303222656,PASS,36,Output should remain approximately same under brightness change,Consistent
BrightnessRelation,1.9249999999999998,-1.6353195905685425,-1.6328521966934204,0.0024673938751220703,0.15088135557959592,True,0.0024673938751220703,PASS,36,Output should remain approximately same under brightness change,Consistent
BrightnessRelation,2.5,-1.6353195905685425,-1.6314587593078613,0.0038608312606811523,0.23609017601489865,True,0.0038608312606811523,PASS,36,Output should remain approximately same under brightness change,Consistent
RotationRelation,-25.0,-1.6353195905685425,-1.6352893114089966,3.0279159545898438e-05,0.0018515733074315087,True,3.0279159545898438e-05,PASS,36,Small rotation should not significantly change output,Consistent
RotationRelation,-12.5,-1.6353195905685425,-1.6343353986740112,0.00098419189453125,0.0601834221502147,True,0.00098419189453125,PASS,36,Small rotation should not significantly change output,Consistent
RotationRelation,0.0,-1.6353195905685425,-1.6353195905685425,0.0,0.0,True,0.0,PASS,36,Small rotation should not significantly change output,Consistent
RotationRelation,12.5,-1.6353195905685425,-1.6394057273864746,0.004086136817932129,0.24986763094027487,True,0.004086136817932129,PASS,36,Small rotation should not significantly change output,Consistent
RotationRelation,25.0,-1.6353195905685425,-1.6347858905792236,0.0005336999893188477,0.032635801958153,True,0.0005336999893188477,PASS,36,Small rotation should not significantly change output,Consistent
TranslationRelation,0.0,-1.6353195905685425,-1.6353195905685425,0.0,0.0,True,0.0,PASS,36,Small translation should preserve prediction consistency,Consistent
TranslationRelation,10.0,-1.6353195905685425,-1.6352155208587646,0.00010406970977783203,0.006363872036959476,True,0.00010406970977783203,PASS,36,Small translation should preserve prediction consistency,Consistent
TranslationRelation,20.0,-1.6353195905685425,-1.6351737976074219,0.00014579296112060547,0.008915252578695807,True,0.00014579296112060547,PASS,36,Small translation should preserve prediction consistency,Consistent
TranslationRelation,30.0,-1.6353195905685425,-1.6346933841705322,0.0006262063980102539,0.03829257710211699,True,0.0006262063980102539,PASS,36,Small translation should preserve prediction consistency,Consistent
TranslationRelation,40.0,-1.6353195905685425,-1.6323620080947876,0.002957582473754883,0.18085643211565247,True,0.002957582473754883,PASS,36,Small translation should preserve prediction consistency,Consistent
NoiseRelation,0.0,-1.6353195905685425,-1.6353195905685425,0.0,0.0,True,0.0,PASS,36,Noise should not significantly affect prediction,Consistent
NoiseRelation,25.0,-1.6353195905685425,-1.6352792978286743,4.029273986816406e-05,0.0024639046374482277,True,4.029273986816406e-05,PASS,36,Noise should not significantly affect prediction,Consistent
NoiseRelation,50.0,-1.6353195905685425,-1.6353904008865356,7.081031799316406e-05,0.004330057262261087,True,7.081031799316406e-05,PASS,36,Noise should not significantly affect prediction,Consistent
NoiseRelation,75.0,-1.6353195905685425,-1.635542392730713,0.00022280216217041016,0.013624372092872004,True,0.00022280216217041016,PASS,36,Noise should not significantly affect prediction,Consistent
NoiseRelation,100.0,-1.6353195905685425,-1.6351442337036133,0.00017535686492919922,0.010723087933983263,True,0.00017535686492919922,PASS,36,Noise should not significantly affect prediction,Consistent
BlurRelation,1.0,-1.6353195905685425,-1.6353195905685425,0.0,0.0,True,0.0,PASS,36,Blur should not significantly change output,Consistent
BlurRelation,4.5,-1.6353195905685425,-1.6352620124816895,5.7578086853027344e-05,0.003520905147596136,True,5.7578086853027344e-05,PASS,36,Blur should not significantly change output,Consistent
BlurRelation,8.0,-1.6353195905685425,-1.635274052619934,4.553794860839844e-05,0.002784649619837938,True,4.553794860839844e-05,PASS,36,Blur should not significantly change output,Consistent
BlurRelation,11.5,-1.6353195905685425,-1.6352792978286743,4.029273986816406e-05,0.0024639046374482277,True,4.029273986816406e-05,PASS,36,Blur should not significantly change output,Consistent
BlurRelation,15.0,-1.6353195905685425,-1.635293960571289,2.562999725341797e-05,0.0015672766184951746,True,2.562999725341797e-05,PASS,36,Blur should not significantly change output,Consistent
ContrastRelation,0.2,-1.6353195905685425,-1.635737657546997,0.00041806697845458984,0.025564833028198033,True,0.00041806697845458984,PASS,36,Contrast change should not significantly affect output,Consistent
ContrastRelation,0.8999999999999999,-1.6353195905685425,-1.6353849172592163,6.532669067382812e-05,0.003994732962490026,True,6.532669067382812e-05,PASS,36,Contrast change should not significantly affect output,Consistent
ContrastRelation,1.5999999999999999,-1.6353195905685425,-1.6339417695999146,0.0013778209686279297,0.08425387514682431,True,0.0013778209686279297,PASS,36,Contrast change should not significantly affect output,Consistent
ContrastRelation,2.3,-1.6353195905685425,-1.6318318843841553,0.003487706184387207,0.2132735443130852,True,0.003487706184387207,PASS,36,Contrast change should not significantly affect output,Consistent
ContrastRelation,3.0,-1.6353195905685425,-1.6307389736175537,0.0045806169509887695,0.2801051351891957,True,0.0045806169509887695,PASS,36,Contrast change should not significantly affect output,Consistent
WeatherRelation,0.0,-1.6353195905685425,-1.6353195905685425,0.0,0.0,True,0.0,PASS,36,Weather changes should not significantly affect output,Consistent
WeatherRelation,0.25,-1.6353195905685425,-1.6335080862045288,0.0018115043640136719,0.11077365346350079,True,0.0018115043640136719,PASS,36,Weather changes should not significantly affect output,Consistent
WeatherRelation,0.5,-1.6353195905685425,-1.6317013502120972,0.0036182403564453125,0.22125572057937457,True,0.0036182403564453125,PASS,36,Weather changes should not significantly affect output,Consistent
WeatherRelation,0.75,-1.6353195905685425,-1.6298856735229492,0.005433917045593262,0.332284512097049,True,0.005433917045593262,PASS,36,Weather changes should not significantly affect output,Consistent
WeatherRelation,1.0,-1.6353195905685425,-1.6280711889266968,0.007248401641845703,0.4432404070278167,True,0.007248401641845703,PASS,36,Weather changes should not significantly affect output,Consistent
LessSensitiveRelation,0.1,-1.6353195905685425,-1.6345959901809692,0.0007236003875732422,0.044248228252398644,True,0.0007236003875732422,PASS,36,Output should not change drastically under degradation,Consistent
LessSensitiveRelation,0.325,-1.6353195905685425,-1.6329631805419922,0.002356410026550293,0.14409468333857728,True,0.002356410026550293,PASS,36,Output should not change drastically under degradation,Consistent
LessSensitiveRelation,0.55,-1.6353195905685425,-1.6313382387161255,0.003981351852416992,0.24346002095117134,True,0.003981351852416992,PASS,36,Output should not change drastically under degradation,Consistent
LessSensitiveRelation,0.775,-1.6353195905685425,-1.6297036409378052,0.005615949630737305,0.3434158209177101,True,0.005615949630737305,PASS,36,Output should not change drastically under degradation,Consistent
LessSensitiveRelation,1.0,-1.6353195905685425,-1.6280711889266968,0.007248401641845703,0.4432404070278167,True,0.007248401641845703,PASS,36,Output should not change drastically under degradation,Consistent
LessSensitiveRelation,0.1,-1.6353195905685425,-1.635791540145874,0.00047194957733154297,0.028859758756383237,True,0.00047194957733154297,PASS,36,Output should not change drastically under degradation,Consistent
LessSensitiveRelation,0.325,-1.6353195905685425,-1.6356803178787231,0.00036072731018066406,0.022058507197983246,True,0.00036072731018066406,PASS,36,Output should not change drastically under degradation,Consistent
LessSensitiveRelation,0.55,-1.6353195905685425,-1.6355637311935425,0.000244140625,0.014929220998502872,True,0.000244140625,PASS,36,Output should not change drastically under degradation,Consistent
LessSensitiveRelation,0.775,-1.6353195905685425,-1.6354491710662842,0.00012958049774169922,0.007923858996763976,True,0.00012958049774169922,PASS,36,Output should not change drastically under degradation,Consistent
LessSensitiveRelation,1.0,-1.6353195905685425,-1.6353195905685425,0.0,0.0,True,0.0,PASS,36,Output should not change drastically under degradation,Consistent
RainRelation,0.0,-1.6353195905685425,-1.6354215145111084,0.00010192394256591797,0.006232658180527322,True,0.00010192394256591797,PASS,36,Rain should not significantly affect prediction,Consistent
RainRelation,0.25,-1.6353195905685425,-1.6354081630706787,8.857250213623047e-05,0.005416216407171696,True,8.857250213623047e-05,PASS,36,Rain should not significantly affect prediction,Consistent
RainRelation,0.5,-1.6353195905685425,-1.6353657245635986,4.6133995056152344e-05,0.002821097913291314,True,4.6133995056152344e-05,PASS,36,Rain should not significantly affect prediction,Consistent
RainRelation,0.75,-1.6353195905685425,-1.6353400945663452,2.0503997802734375e-05,0.0012538212947961396,True,2.0503997802734375e-05,PASS,36,Rain should not significantly affect prediction,Consistent
RainRelation,1.0,-1.6353195905685425,-1.6353797912597656,6.020069122314453e-05,0.0036812776387909916,True,6.020069122314453e-05,PASS,36,Rain should not significantly affect prediction,Consistent
SnowRelation,0.0,-1.6353195905685425,-1.6353195905685425,0.0,0.0,True,0.0,PASS,36,Snow should not significantly affect prediction,Consistent
SnowRelation,0.25,-1.6353195905685425,-1.6352773904800415,4.220008850097656e-05,0.0025805391764990317,True,4.220008850097656e-05,PASS,36,Snow should not significantly affect prediction,Consistent
SnowRelation,0.5,-1.6353195905685425,-1.633353590965271,0.0019659996032714844,0.1202210511266159,True,0.0019659996032714844,PASS,36,Snow should not significantly affect prediction,Consistent
SnowRelation,0.75,-1.6353195905685425,-1.6336477994918823,0.0016717910766601562,0.10223017347802943,True,0.0016717910766601562,PASS,36,Snow should not significantly affect prediction,Consistent
SnowRelation,1.0,-1.6353195905685425,-1.6329071521759033,0.00241243839263916,0.14752082292319463,True,0.00241243839263916,PASS,36,Snow should not significantly affect prediction,Consistent
FogRelation,0.0,-1.6353195905685425,-1.6353195905685425,0.0,0.0,True,0.0,PASS,36,Fog should not significantly affect prediction,Consistent
FogRelation,0.25,-1.6353195905685425,-1.6335080862045288,0.0018115043640136719,0.11077365346350079,True,0.0018115043640136719,PASS,36,Fog should not significantly affect prediction,Consistent
FogRelation,0.5,-1.6353195905685425,-1.6317013502120972,0.0036182403564453125,0.22125572057937457,True,0.0036182403564453125,PASS,36,Fog should not significantly affect prediction,Consistent
FogRelation,0.75,-1.6353195905685425,-1.6298856735229492,0.005433917045593262,0.332284512097049,True,0.005433917045593262,PASS,36,Fog should not significantly affect prediction,Consistent
FogRelation,1.0,-1.6353195905685425,-1.6280711889266968,0.007248401641845703,0.4432404070278167,True,0.007248401641845703,PASS,36,Fog should not significantly affect prediction,Consistent
TemporalSmoothnessRelation,0.0,-1.6304875612258911,-1.6305943727493286,0.0001068115234375,0.0,True,0.0001068115234375,PASS,36,Predictions should change smoothly across consecutive frames,Consistent
TemporalSmoothnessRelation,25.0,-1.6301090717315674,-1.6323829889297485,0.0022739171981811523,0.0,True,0.0022739171981811523,PASS,36,Predictions should change smoothly across consecutive frames,Consistent
TemporalSmoothnessRelation,50.0,-1.637676477432251,-1.6349196434020996,0.002756834030151367,0.0,True,0.002756834030151367,PASS,36,Predictions should change smoothly across consecutive frames,Consistent
TemporalSmoothnessRelation,75.0,-1.6374915838241577,-1.6324806213378906,0.00501096248626709,0.0,True,0.00501096248626709,PASS,36,Predictions should change smoothly across consecutive frames,Consistent
TemporalSmoothnessRelation,100.0,-1.632336974143982,-1.63276207447052,0.00042510032653808594,0.0,True,0.00042510032653808594,PASS,36,Predictions should change smoothly across consecutive frames,Consistent
BrightnessRelation,0.2,-1.6363378763198853,-1.6359416246414185,0.0003962516784667969,0.024215746762551053,True,0.0003962516784667969,PASS,37,Output should remain approximately same under brightness change,Consistent
BrightnessRelation,0.7749999999999999,-1.6363378763198853,-1.6362347602844238,0.00010311603546142578,0.0063016308512655415,True,0.00010311603546142578,PASS,37,Output should remain approximately same under brightness change,Consistent
BrightnessRelation,1.3499999999999999,-1.6363378763198853,-1.6351559162139893,0.001181960105895996,0.07223198831248305,True,0.001181960105895996,PASS,37,Output should remain approximately same under brightness change,Consistent
BrightnessRelation,1.9249999999999998,-1.6363378763198853,-1.6333073377609253,0.003030538558959961,0.1852023809258643,True,0.003030538558959961,PASS,37,Output should remain approximately same under brightness change,Consistent
BrightnessRelation,2.5,-1.6363378763198853,-1.6313272714614868,0.0050106048583984375,0.3062082635149055,True,0.0050106048583984375,PASS,37,Output should remain approximately same under brightness change,Consistent
RotationRelation,-25.0,-1.6363378763198853,-1.640809416770935,0.004471540451049805,0.27326494015141095,True,0.004471540451049805,PASS,37,Small rotation should not significantly change output,Consistent
RotationRelation,-12.5,-1.6363378763198853,-1.6366453170776367,0.00030744075775146484,0.018788330595854143,True,0.00030744075775146484,PASS,37,Small rotation should not significantly change output,Consistent
RotationRelation,0.0,-1.6363378763198853,-1.6363378763198853,0.0,0.0,True,0.0,PASS,37,Small rotation should not significantly change output,Consistent
RotationRelation,12.5,-1.6363378763198853,-1.6389585733413696,0.002620697021484375,0.16015613021297304,True,0.002620697021484375,PASS,37,Small rotation should not significantly change output,Consistent
RotationRelation,25.0,-1.6363378763198853,-1.6311309337615967,0.005206942558288574,0.31820686006060994,True,0.005206942558288574,PASS,37,Small rotation should not significantly change output,Consistent
TranslationRelation,0.0,-1.6363378763198853,-1.6363378763198853,0.0,0.0,True,0.0,PASS,37,Small translation should preserve prediction consistency,Consistent
TranslationRelation,10.0,-1.6363378763198853,-1.6352262496948242,0.0011116266250610352,0.06793376611335396,True,0.0011116266250610352,PASS,37,Small translation should preserve prediction consistency,Consistent
TranslationRelation,20.0,-1.6363378763198853,-1.6344324350357056,0.0019054412841796875,0.11644539598454154,True,0.0019054412841796875,PASS,37,Small translation should preserve prediction consistency,Consistent
TranslationRelation,30.0,-1.6363378763198853,-1.6330732107162476,0.0032646656036376953,0.19951036126330418,True,0.0032646656036376953,PASS,37,Small translation should preserve prediction consistency,Consistent
TranslationRelation,40.0,-1.6363378763198853,-1.6304579973220825,0.005879878997802734,0.3593313758471926,True,0.005879878997802734,PASS,37,Small translation should preserve prediction consistency,Consistent
NoiseRelation,0.0,-1.6363378763198853,-1.6363378763198853,0.0,0.0,True,0.0,PASS,37,Noise should not significantly affect prediction,Consistent
NoiseRelation,25.0,-1.6363378763198853,-1.6362102031707764,0.00012767314910888672,0.007802366059775023,True,0.00012767314910888672,PASS,37,Noise should not significantly affect prediction,Consistent
NoiseRelation,50.0,-1.6363378763198853,-1.6363537311553955,1.5854835510253906e-05,0.0009689212753968983,True,1.5854835510253906e-05,PASS,37,Noise should not significantly affect prediction,Consistent
NoiseRelation,75.0,-1.6363378763198853,-1.6360098123550415,0.00032806396484375,0.02004865676610725,True,0.00032806396484375,PASS,37,Noise should not significantly affect prediction,Consistent
NoiseRelation,100.0,-1.6363378763198853,-1.6357074975967407,0.0006303787231445312,0.03852372709999097,True,0.0006303787231445312,PASS,37,Noise should not significantly affect prediction,Consistent
BlurRelation,1.0,-1.6363378763198853,-1.6363378763198853,0.0,0.0,True,0.0,PASS,37,Blur should not significantly change output,Consistent
BlurRelation,4.5,-1.6363378763198853,-1.636349081993103,1.1205673217773438e-05,0.0006848015029120936,True,1.1205673217773438e-05,PASS,37,Blur should not significantly change output,Consistent
BlurRelation,8.0,-1.6363378763198853,-1.636350154876709,1.2278556823730469e-05,0.0007503676042547409,True,1.2278556823730469e-05,PASS,37,Blur should not significantly change output,Consistent
BlurRelation,11.5,-1.6363378763198853,-1.636365532875061,2.765655517578125e-05,0.001690148390166018,True,2.765655517578125e-05,PASS,37,Blur should not significantly change output,Consistent
BlurRelation,15.0,-1.6363378763198853,-1.6363917589187622,5.3882598876953125e-05,0.0032928753118751735,True,5.3882598876953125e-05,PASS,37,Blur should not significantly change output,Consistent
ContrastRelation,0.2,-1.6363378763198853,-1.6359416246414185,0.0003962516784667969,0.024215746762551053,True,0.0003962516784667969,PASS,37,Contrast change should not significantly affect output,Consistent
ContrastRelation,0.8999999999999999,-1.6363378763198853,-1.636297345161438,4.0531158447265625e-05,0.0024769416062777852,True,4.0531158447265625e-05,PASS,37,Contrast change should not significantly affect output,Consistent
ContrastRelation,1.5999999999999999,-1.6363378763198853,-1.6341619491577148,0.00217592716217041,0.13297533864526004,True,0.00217592716217041,PASS,37,Contrast change should not significantly affect output,Consistent
ContrastRelation,2.3,-1.6363378763198853,-1.6319700479507446,0.004367828369140625,0.2669268836882884,True,0.004367828369140625,PASS,37,Contrast change should not significantly affect output,Consistent
ContrastRelation,3.0,-1.6363378763198853,-1.6301031112670898,0.00623476505279541,0.381019185146866,True,0.00623476505279541,PASS,37,Contrast change should not significantly affect output,Consistent
WeatherRelation,0.0,-1.6363378763198853,-1.6363378763198853,0.0,0.0,True,0.0,PASS,37,Weather changes should not significantly affect output,Consistent
WeatherRelation,0.25,-1.6363378763198853,-1.6342697143554688,0.002068161964416504,0.12638958802150968,True,0.002068161964416504,PASS,37,Weather changes should not significantly affect output,Consistent
WeatherRelation,0.5,-1.6363378763198853,-1.6322083473205566,0.004129528999328613,0.2523639240678493,True,0.004129528999328613,PASS,37,Weather changes should not significantly affect output,Consistent
WeatherRelation,0.75,-1.6363378763198853,-1.6301387548446655,0.0061991214752197266,0.37884093355781584,True,0.0061991214752197266,PASS,37,Weather changes should not significantly affect output,Consistent
WeatherRelation,1.0,-1.6363378763198853,-1.6280711889266968,0.008266687393188477,0.5051940959674684,True,0.008266687393188477,PASS,37,Weather changes should not significantly affect output,Consistent
LessSensitiveRelation,0.1,-1.6363378763198853,-1.635507583618164,0.0008302927017211914,0.05074087731683757,True,0.0008302927017211914,PASS,37,Output should not change drastically under degradation,Consistent
LessSensitiveRelation,0.325,-1.6363378763198853,-1.633650541305542,0.0026873350143432617,0.1642285136185886,True,0.0026873350143432617,PASS,37,Output should not change drastically under degradation,Consistent
LessSensitiveRelation,0.55,-1.6363378763198853,-1.631793737411499,0.0045441389083862305,0.2777015796755967,True,0.0045441389083862305,PASS,37,Output should not change drastically under degradation,Consistent
LessSensitiveRelation,0.775,-1.6363378763198853,-1.629934549331665,0.006403326988220215,0.39132034818003303,True,0.006403326988220215,PASS,37,Output should not change drastically under degradation,Consistent
LessSensitiveRelation,1.0,-1.6363378763198853,-1.6280711889266968,0.008266687393188477,0.5051940959674684,True,0.008266687393188477,PASS,37,Output should not change drastically under degradation,Consistent
LessSensitiveRelation,0.1,-1.6363378763198853,-1.6358929872512817,0.0004448890686035156,0.027188076690084394,True,0.0004448890686035156,PASS,37,Output should not change drastically under degradation,Consistent
LessSensitiveRelation,0.325,-1.6363378763198853,-1.6360087394714355,0.00032913684844970703,0.020114222867449898,True,0.00032913684844970703,PASS,37,Output should not change drastically under degradation,Consistent
LessSensitiveRelation,0.55,-1.6363378763198853,-1.6361215114593506,0.00021636486053466797,0.01322249710410053,True,0.00021636486053466797,PASS,37,Output should not change drastically under degradation,Consistent
LessSensitiveRelation,0.775,-1.6363378763198853,-1.6362347602844238,0.00010311603546142578,0.0063016308512655415,True,0.00010311603546142578,PASS,37,Output should not change drastically under degradation,Consistent
LessSensitiveRelation,1.0,-1.6363378763198853,-1.6363378763198853,0.0,0.0,True,0.0,PASS,37,Output should not change drastically under degradation,Consistent
RainRelation,0.0,-1.6363378763198853,-1.636233925819397,0.00010395050048828125,0.006352626707865379,True,0.00010395050048828125,PASS,37,Rain should not significantly affect prediction,Consistent
RainRelation,0.25,-1.6363378763198853,-1.6362273693084717,0.00011050701141357422,0.006753308438292667,True,0.00011050701141357422,PASS,37,Rain should not significantly affect prediction,Consistent
RainRelation,0.5,-1.6363378763198853,-1.636200189590454,0.00013768672943115234,0.008414316338973065,True,0.00013768672943115234,PASS,37,Rain should not significantly affect prediction,Consistent
RainRelation,0.75,-1.6363378763198853,-1.6361509561538696,0.000186920166015625,0.011423071878363434,True,0.000186920166015625,PASS,37,Rain should not significantly affect prediction,Consistent
RainRelation,1.0,-1.6363378763198853,-1.6361944675445557,0.00014340877532958984,0.008764002212800517,True,0.00014340877532958984,PASS,37,Rain should not significantly affect prediction,Consistent
SnowRelation,0.0,-1.6363378763198853,-1.6363378763198853,0.0,0.0,True,0.0,PASS,37,Snow should not significantly affect prediction,Consistent
SnowRelation,0.25,-1.6363378763198853,-1.6361665725708008,0.00017130374908447266,0.010468720847709344,True,0.00017130374908447266,PASS,37,Snow should not significantly affect prediction,Consistent
SnowRelation,0.5,-1.6363378763198853,-1.634772777557373,0.001565098762512207,0.09564637161417953,True,0.001565098762512207,PASS,37,Snow should not significantly affect prediction,Consistent
SnowRelation,0.75,-1.6363378763198853,-1.6337106227874756,0.002627253532409668,0.16055681194340032,True,0.002627253532409668,PASS,37,Snow should not significantly affect prediction,Consistent
SnowRelation,1.0,-1.6363378763198853,-1.6333962678909302,0.002941608428955078,0.17976767963679596,True,0.002941608428955078,PASS,37,Snow should not significantly affect prediction,Consistent
FogRelation,0.0,-1.6363378763198853,-1.6363378763198853,0.0,0.0,True,0.0,PASS,37,Fog should not significantly affect prediction,Consistent
FogRelation,0.25,-1.6363378763198853,-1.6342697143554688,0.002068161964416504,0.12638958802150968,True,0.002068161964416504,PASS,37,Fog should not significantly affect prediction,Consistent
FogRelation,0.5,-1.6363378763198853,-1.6322083473205566,0.004129528999328613,0.2523639240678493,True,0.004129528999328613,PASS,37,Fog should not significantly affect prediction,Consistent
FogRelation,0.75,-1.6363378763198853,-1.6301387548446655,0.0061991214752197266,0.37884093355781584,True,0.0061991214752197266,PASS,37,Fog should not significantly affect prediction,Consistent
FogRelation,1.0,-1.6363378763198853,-1.6280711889266968,0.008266687393188477,0.5051940959674684,True,0.008266687393188477,PASS,37,Fog should not significantly affect prediction,Consistent
TemporalSmoothnessRelation,0.0,-1.6304875612258911,-1.6305943727493286,0.0001068115234375,0.0,True,0.0001068115234375,PASS,37,Predictions should change smoothly across consecutive frames,Consistent
TemporalSmoothnessRelation,25.0,-1.6301090717315674,-1.6323829889297485,0.0022739171981811523,0.0,True,0.0022739171981811523,PASS,37,Predictions should change smoothly across consecutive frames,Consistent
TemporalSmoothnessRelation,50.0,-1.637676477432251,-1.6349196434020996,0.002756834030151367,0.0,True,0.002756834030151367,PASS,37,Predictions should change smoothly across consecutive frames,Consistent
TemporalSmoothnessRelation,75.0,-1.6374915838241577,-1.6324806213378906,0.00501096248626709,0.0,True,0.00501096248626709,PASS,37,Predictions should change smoothly across consecutive frames,Consistent
TemporalSmoothnessRelation,100.0,-1.632336974143982,-1.63276207447052,0.00042510032653808594,0.0,True,0.00042510032653808594,PASS,37,Predictions should change smoothly across consecutive frames,Consistent
BrightnessRelation,0.2,-1.632542610168457,-1.6351821422576904,0.0026395320892333984,0.16168217944028054,True,0.0026395320892333984,PASS,38,Output should remain approximately same under brightness change,Consistent
BrightnessRelation,0.7749999999999999,-1.632542610168457,-1.6332972049713135,0.0007545948028564453,0.04622203034310251,True,0.0007545948028564453,PASS,38,Output should remain approximately same under brightness change,Consistent
BrightnessRelation,1.3499999999999999,-1.632542610168457,-1.631329894065857,0.0012127161026000977,0.0742838411817349,True,0.0012127161026000977,PASS,38,Output should remain approximately same under brightness change,Consistent
BrightnessRelation,1.9249999999999998,-1.632542610168457,-1.630368947982788,0.0021736621856689453,0.1331457347987569,True,0.0021736621856689453,PASS,38,Output should remain approximately same under brightness change,Consistent
BrightnessRelation,2.5,-1.632542610168457,-1.6301155090332031,0.0024271011352539062,0.14866991118255404,True,0.0024271011352539062,PASS,38,Output should remain approximately same under brightness change,Consistent
RotationRelation,-25.0,-1.632542610168457,-1.6362954378128052,0.0037528276443481445,0.22987610382799528,True,0.0037528276443481445,PASS,38,Small rotation should not significantly change output,Consistent
RotationRelation,-12.5,-1.632542610168457,-1.634624719619751,0.0020821094512939453,0.12753775386613403,True,0.0020821094512939453,PASS,38,Small rotation should not significantly change output,Consistent
RotationRelation,0.0,-1.632542610168457,-1.632542610168457,0.0,0.0,True,0.0,PASS,38,Small rotation should not significantly change output,Consistent
RotationRelation,12.5,-1.632542610168457,-1.6376899480819702,0.005147337913513184,0.3152955842314097,True,0.005147337913513184,PASS,38,Small rotation should not significantly change output,Consistent
RotationRelation,25.0,-1.632542610168457,-1.634939432144165,0.002396821975708008,0.14681518832202511,True,0.002396821975708008,PASS,38,Small rotation should not significantly change output,Consistent
TranslationRelation,0.0,-1.632542610168457,-1.632542610168457,0.0,0.0,True,0.0,PASS,38,Small translation should preserve prediction consistency,Consistent
TranslationRelation,10.0,-1.632542610168457,-1.6323851346969604,0.00015747547149658203,0.009646019286451566,True,0.00015747547149658203,PASS,38,Small translation should preserve prediction consistency,Consistent
TranslationRelation,20.0,-1.632542610168457,-1.6326510906219482,0.00010848045349121094,0.006644873240477612,True,0.00010848045349121094,PASS,38,Small translation should preserve prediction consistency,Consistent
TranslationRelation,30.0,-1.632542610168457,-1.632615327835083,7.271766662597656e-05,0.004454255688671805,True,7.271766662597656e-05,PASS,38,Small translation should preserve prediction consistency,Consistent
TranslationRelation,40.0,-1.632542610168457,-1.6310749053955078,0.0014677047729492188,0.08990294432611028,True,0.0014677047729492188,PASS,38,Small translation should preserve prediction consistency,Consistent
NoiseRelation,0.0,-1.632542610168457,-1.632542610168457,0.0,0.0,True,0.0,PASS,38,Noise should not significantly affect prediction,Consistent
NoiseRelation,25.0,-1.632542610168457,-1.6325993537902832,5.6743621826171875e-05,0.0034757798488652125,True,5.6743621826171875e-05,PASS,38,Noise should not significantly affect prediction,Consistent
NoiseRelation,50.0,-1.632542610168457,-1.632293939590454,0.0002486705780029297,0.015232094043556372,True,0.0002486705780029297,PASS,38,Noise should not significantly affect prediction,Consistent
NoiseRelation,75.0,-1.632542610168457,-1.6323881149291992,0.0001544952392578125,0.009463467823801083,True,0.0001544952392578125,PASS,38,Noise should not significantly affect prediction,Consistent
NoiseRelation,100.0,-1.632542610168457,-1.63248610496521,5.650520324707031e-05,0.0034611757318531735,True,5.650520324707031e-05,PASS,38,Noise should not significantly affect prediction,Consistent
BlurRelation,1.0,-1.632542610168457,-1.632542610168457,0.0,0.0,True,0.0,PASS,38,Blur should not significantly change output,Consistent
BlurRelation,4.5,-1.632542610168457,-1.6326147317886353,7.212162017822266e-05,0.004417745396141709,True,7.212162017822266e-05,PASS,38,Blur should not significantly change output,Consistent
BlurRelation,8.0,-1.632542610168457,-1.63270103931427,0.00015842914581298828,0.00970443575449972,True,0.00015842914581298828,PASS,38,Blur should not significantly change output,Consistent
BlurRelation,11.5,-1.632542610168457,-1.6327491998672485,0.0002065896987915039,0.01265446739093154,True,0.0002065896987915039,PASS,38,Blur should not significantly change output,Consistent
BlurRelation,15.0,-1.632542610168457,-1.6328606605529785,0.0003180503845214844,0.019481892094059636,True,0.0003180503845214844,PASS,38,Blur should not significantly change output,Consistent
ContrastRelation,0.2,-1.632542610168457,-1.6351821422576904,0.0026395320892333984,0.16168217944028054,True,0.0026395320892333984,PASS,38,Contrast change should not significantly affect output,Consistent
ContrastRelation,0.8999999999999999,-1.632542610168457,-1.6328872442245483,0.0003446340560913086,0.021110251140901953,True,0.0003446340560913086,PASS,38,Contrast change should not significantly affect output,Consistent
ContrastRelation,1.5999999999999999,-1.632542610168457,-1.6303592920303345,0.0021833181381225586,0.13373720153774446,True,0.0021833181381225586,PASS,38,Contrast change should not significantly affect output,Consistent
ContrastRelation,2.3,-1.632542610168457,-1.6302481889724731,0.0022944211959838867,0.1405427200653545,True,0.0022944211959838867,PASS,38,Contrast change should not significantly affect output,Consistent
ContrastRelation,3.0,-1.632542610168457,-1.6295619010925293,0.0029807090759277344,0.1825806708845079,True,0.0029807090759277344,PASS,38,Contrast change should not significantly affect output,Consistent
WeatherRelation,0.0,-1.632542610168457,-1.632542610168457,0.0,0.0,True,0.0,PASS,38,Weather changes should not significantly affect output,Consistent
WeatherRelation,0.25,-1.632542610168457,-1.631430983543396,0.0011116266250610352,0.06809169556863048,True,0.0011116266250610352,PASS,38,Weather changes should not significantly affect output,Consistent
WeatherRelation,0.5,-1.632542610168457,-1.6303128004074097,0.0022298097610473633,0.13658500435509202,True,0.0022298097610473633,PASS,38,Weather changes should not significantly affect output,Consistent
WeatherRelation,0.75,-1.632542610168457,-1.6291890144348145,0.003353595733642578,0.20542150989133648,True,0.003353595733642578,PASS,38,Weather changes should not significantly affect output,Consistent
WeatherRelation,1.0,-1.632542610168457,-1.6280711889266968,0.004471421241760254,0.27389291250228,True,0.004471421241760254,PASS,38,Weather changes should not significantly affect output,Consistent
LessSensitiveRelation,0.1,-1.632542610168457,-1.632097840309143,0.00044476985931396484,0.027243980285958206,True,0.00044476985931396484,PASS,38,Output should not change drastically under degradation,Consistent
LessSensitiveRelation,0.325,-1.632542610168457,-1.6310895681381226,0.0014530420303344727,0.08900479112986989,True,0.0014530420303344727,PASS,38,Output should not change drastically under degradation,Consistent
LessSensitiveRelation,0.55,-1.632542610168457,-1.630086064338684,0.0024565458297729492,0.15047351963354083,True,0.0024565458297729492,PASS,38,Output should not change drastically under degradation,Consistent
LessSensitiveRelation,0.775,-1.632542610168457,-1.6290819644927979,0.0034606456756591797,0.21197875842974184,True,0.0034606456756591797,PASS,38,Output should not change drastically under degradation,Consistent
LessSensitiveRelation,1.0,-1.632542610168457,-1.6280711889266968,0.004471421241760254,0.27389291250228,True,0.004471421241760254,PASS,38,Output should not change drastically under degradation,Consistent
LessSensitiveRelation,0.1,-1.632542610168457,-1.635512113571167,0.002969503402709961,0.1818942773849421,True,0.002969503402709961,PASS,38,Output should not change drastically under degradation,Consistent
LessSensitiveRelation,0.325,-1.632542610168457,-1.6347774267196655,0.002234816551208496,0.1368916908123448,True,0.002234816551208496,PASS,38,Output should not change drastically under degradation,Consistent
LessSensitiveRelation,0.55,-1.632542610168457,-1.6340361833572388,0.0014935731887817383,0.09148749102191647,True,0.0014935731887817383,PASS,38,Output should not change drastically under degradation,Consistent
LessSensitiveRelation,0.775,-1.632542610168457,-1.6332972049713135,0.0007545948028564453,0.04622203034310251,True,0.0007545948028564453,PASS,38,Output should not change drastically under degradation,Consistent
LessSensitiveRelation,1.0,-1.632542610168457,-1.632542610168457,0.0,0.0,True,0.0,PASS,38,Output should not change drastically under degradation,Consistent
RainRelation,0.0,-1.632542610168457,-1.6332000494003296,0.0006574392318725586,0.040270852660696736,True,0.0006574392318725586,PASS,38,Rain should not significantly affect prediction,Consistent
RainRelation,0.25,-1.632542610168457,-1.6331952810287476,0.0006526708602905273,0.03997877032045596,True,0.0006526708602905273,PASS,38,Rain should not significantly affect prediction,Consistent
RainRelation,0.5,-1.632542610168457,-1.6331759691238403,0.0006333589553833008,0.03879583684248083,True,0.0006333589553833008,PASS,38,Rain should not significantly affect prediction,Consistent
RainRelation,0.75,-1.632542610168457,-1.6331439018249512,0.0006012916564941406,0.036831583104361625,True,0.0006012916564941406,PASS,38,Rain should not significantly affect prediction,Consistent
RainRelation,1.0,-1.632542610168457,-1.6331462860107422,0.0006036758422851562,0.03697762427448201,True,0.0006036758422851562,PASS,38,Rain should not significantly affect prediction,Consistent
SnowRelation,0.0,-1.632542610168457,-1.632542610168457,0.0,0.0,True,0.0,PASS,38,Snow should not significantly affect prediction,Consistent
SnowRelation,0.25,-1.632542610168457,-1.6332136392593384,0.0006710290908813477,0.04110328733038294,True,0.0006710290908813477,PASS,38,Snow should not significantly affect prediction,Consistent
SnowRelation,0.5,-1.632542610168457,-1.6324955224990845,4.7087669372558594e-05,0.002884313109877645,True,4.7087669372558594e-05,PASS,38,Snow should not significantly affect prediction,Consistent
SnowRelation,0.75,-1.632542610168457,-1.6322956085205078,0.00024700164794921875,0.0151298652244721,True,0.00024700164794921875,PASS,38,Snow should not significantly affect prediction,Consistent
SnowRelation,1.0,-1.632542610168457,-1.6323670148849487,0.00017559528350830078,0.010755932179366509,True,0.00017559528350830078,PASS,38,Snow should not significantly affect prediction,Consistent
FogRelation,0.0,-1.632542610168457,-1.632542610168457,0.0,0.0,True,0.0,PASS,38,Fog should not significantly affect prediction,Consistent
FogRelation,0.25,-1.632542610168457,-1.631430983543396,0.0011116266250610352,0.06809169556863048,True,0.0011116266250610352,PASS,38,Fog should not significantly affect prediction,Consistent
FogRelation,0.5,-1.632542610168457,-1.6303128004074097,0.0022298097610473633,0.13658500435509202,True,0.0022298097610473633,PASS,38,Fog should not significantly affect prediction,Consistent
FogRelation,0.75,-1.632542610168457,-1.6291890144348145,0.003353595733642578,0.20542150989133648,True,0.003353595733642578,PASS,38,Fog should not significantly affect prediction,Consistent
FogRelation,1.0,-1.632542610168457,-1.6280711889266968,0.004471421241760254,0.27389291250228,True,0.004471421241760254,PASS,38,Fog should not significantly affect prediction,Consistent
TemporalSmoothnessRelation,0.0,-1.6304875612258911,-1.6305943727493286,0.0001068115234375,0.0,True,0.0001068115234375,PASS,38,Predictions should change smoothly across consecutive frames,Consistent
TemporalSmoothnessRelation,25.0,-1.6301090717315674,-1.6323829889297485,0.0022739171981811523,0.0,True,0.0022739171981811523,PASS,38,Predictions should change smoothly across consecutive frames,Consistent
TemporalSmoothnessRelation,50.0,-1.637676477432251,-1.6349196434020996,0.002756834030151367,0.0,True,0.002756834030151367,PASS,38,Predictions should change smoothly across consecutive frames,Consistent
TemporalSmoothnessRelation,75.0,-1.6374915838241577,-1.6324806213378906,0.00501096248626709,0.0,True,0.00501096248626709,PASS,38,Predictions should change smoothly across consecutive frames,Consistent
TemporalSmoothnessRelation,100.0,-1.632336974143982,-1.63276207447052,0.00042510032653808594,0.0,True,0.00042510032653808594,PASS,38,Predictions should change smoothly across consecutive frames,Consistent
BrightnessRelation,0.2,-1.632503867149353,-1.6351757049560547,0.00267183780670166,0.16366492134061256,True,0.00267183780670166,PASS,39,Output should remain approximately same under brightness change,Consistent
BrightnessRelation,0.7749999999999999,-1.632503867149353,-1.633271336555481,0.0007674694061279297,0.04701176833047176,True,0.0007674694061279297,PASS,39,Output should remain approximately same under brightness change,Consistent
BrightnessRelation,1.3499999999999999,-1.632503867149353,-1.6309512853622437,0.001552581787109375,0.09510426696739116,True,0.001552581787109375,PASS,39,Output should remain approximately same under brightness change,Consistent
BrightnessRelation,1.9249999999999998,-1.632503867149353,-1.6280267238616943,0.004477143287658691,0.27424991972468593,True,0.004477143287658691,PASS,39,Output should remain approximately same under brightness change,Consistent
BrightnessRelation,2.5,-1.632503867149353,-1.6284489631652832,0.004054903984069824,0.24838541468794612,True,0.004054903984069824,PASS,39,Output should remain approximately same under brightness change,Consistent
RotationRelation,-25.0,-1.632503867149353,-1.6334471702575684,0.000943303108215332,0.05778256023594643,True,0.000943303108215332,PASS,39,Small rotation should not significantly change output,Consistent
RotationRelation,-12.5,-1.632503867149353,-1.6329342126846313,0.0004303455352783203,0.026361056799161706,True,0.0004303455352783203,PASS,39,Small rotation should not significantly change output,Consistent
RotationRelation,0.0,-1.632503867149353,-1.632503867149353,0.0,0.0,True,0.0,PASS,39,Small rotation should not significantly change output,Consistent
RotationRelation,12.5,-1.632503867149353,-1.6376991271972656,0.005195260047912598,0.3182385640898245,True,0.005195260047912598,PASS,39,Small rotation should not significantly change output,Consistent
RotationRelation,25.0,-1.632503867149353,-1.634443759918213,0.0019398927688598633,0.11882921808663668,True,0.0019398927688598633,PASS,39,Small rotation should not significantly change output,Consistent
TranslationRelation,0.0,-1.632503867149353,-1.632503867149353,0.0,0.0,True,0.0,PASS,39,Small translation should preserve prediction consistency,Consistent
TranslationRelation,10.0,-1.632503867149353,-1.6313424110412598,0.0011614561080932617,0.07114564443053532,True,0.0011614561080932617,PASS,39,Small translation should preserve prediction consistency,Consistent
TranslationRelation,20.0,-1.632503867149353,-1.6306108236312866,0.0018930435180664062,0.11595944098911024,True,0.0018930435180664062,PASS,39,Small translation should preserve prediction consistency,Consistent
TranslationRelation,30.0,-1.632503867149353,-1.630033254623413,0.0024706125259399414,0.15133875406166938,True,0.0024706125259399414,PASS,39,Small translation should preserve prediction consistency,Consistent
TranslationRelation,40.0,-1.632503867149353,-1.6286410093307495,0.0038628578186035156,0.2366215192576277,True,0.0038628578186035156,PASS,39,Small translation should preserve prediction consistency,Consistent
NoiseRelation,0.0,-1.632503867149353,-1.632503867149353,0.0,0.0,True,0.0,PASS,39,Noise should not significantly affect prediction,Consistent
NoiseRelation,25.0,-1.632503867149353,-1.6325702667236328,6.639957427978516e-05,0.0040673431127792445,True,6.639957427978516e-05,PASS,39,Noise should not significantly affect prediction,Consistent
NoiseRelation,50.0,-1.632503867149353,-1.6324280500411987,7.581710815429688e-05,0.004644219425004667,True,7.581710815429688e-05,PASS,39,Noise should not significantly affect prediction,Consistent
NoiseRelation,75.0,-1.632503867149353,-1.6321136951446533,0.00039017200469970703,0.02390020468245326,True,0.00039017200469970703,PASS,39,Noise should not significantly affect prediction,Consistent
NoiseRelation,100.0,-1.632503867149353,-1.6324187517166138,8.511543273925781e-05,0.005213793505429768,True,8.511543273925781e-05,PASS,39,Noise should not significantly affect prediction,Consistent
BlurRelation,1.0,-1.632503867149353,-1.632503867149353,0.0,0.0,True,0.0,PASS,39,Blur should not significantly change output,Consistent
BlurRelation,4.5,-1.632503867149353,-1.6324445009231567,5.936622619628906e-05,0.0036365114365602574,True,5.936622619628906e-05,PASS,39,Blur should not significantly change output,Consistent
BlurRelation,8.0,-1.632503867149353,-1.632503867149353,0.0,0.0,True,0.0,PASS,39,Blur should not significantly change output,Consistent
BlurRelation,11.5,-1.632503867149353,-1.632542371749878,3.8504600524902344e-05,0.0023586208715039424,True,3.8504600524902344e-05,PASS,39,Blur should not significantly change output,Consistent
BlurRelation,15.0,-1.632503867149353,-1.6326364278793335,0.00013256072998046875,0.008120081761957844,True,0.00013256072998046875,PASS,39,Blur should not significantly change output,Consistent
ContrastRelation,0.2,-1.632503867149353,-1.6351757049560547,0.00267183780670166,0.16366492134061256,True,0.00267183780670166,PASS,39,Contrast change should not significantly affect output,Consistent
ContrastRelation,0.8999999999999999,-1.632503867149353,-1.632851243019104,0.00034737586975097656,0.021278703466137736,True,0.00034737586975097656,PASS,39,Contrast change should not significantly affect output,Consistent
ContrastRelation,1.5999999999999999,-1.632503867149353,-1.629712462425232,0.0027914047241210938,0.17098905983633533,True,0.0027914047241210938,PASS,39,Contrast change should not significantly affect output,Consistent
ContrastRelation,2.3,-1.632503867149353,-1.6282721757888794,0.004231691360473633,0.2592146244478234,True,0.004231691360473633,PASS,39,Contrast change should not significantly affect output,Consistent
ContrastRelation,3.0,-1.632503867149353,-1.6285016536712646,0.004002213478088379,0.2451578282322039,True,0.004002213478088379,PASS,39,Contrast change should not significantly affect output,Consistent
WeatherRelation,0.0,-1.632503867149353,-1.632503867149353,0.0,0.0,True,0.0,PASS,39,Weather changes should not significantly affect output,Consistent
WeatherRelation,0.25,-1.632503867149353,-1.631393551826477,0.0011103153228759766,0.06801298698819727,True,0.0011103153228759766,PASS,39,Weather changes should not significantly affect output,Consistent
WeatherRelation,0.5,-1.632503867149353,-1.6302865743637085,0.0022172927856445312,0.1358215114859855,True,0.0022172927856445312,PASS,39,Weather changes should not significantly affect output,Consistent
WeatherRelation,0.75,-1.632503867149353,-1.6291826963424683,0.0033211708068847656,0.20344017795696545,True,0.0033211708068847656,PASS,39,Weather changes should not significantly affect output,Consistent
WeatherRelation,1.0,-1.632503867149353,-1.6280711889266968,0.00443267822265625,0.2715261872631659,True,0.00443267822265625,PASS,39,Weather changes should not significantly affect output,Consistent
LessSensitiveRelation,0.1,-1.632503867149353,-1.6320627927780151,0.0004410743713378906,0.027018257661190672,True,0.0004410743713378906,PASS,39,Output should not change drastically under degradation,Consistent
LessSensitiveRelation,0.325,-1.632503867149353,-1.631058692932129,0.001445174217224121,0.08852495611530121,True,0.001445174217224121,PASS,39,Output should not change drastically under degradation,Consistent
LessSensitiveRelation,0.55,-1.632503867149353,-1.6300692558288574,0.0024346113204956055,0.1491334800579722,True,0.0024346113204956055,PASS,39,Output should not change drastically under degradation,Consistent
LessSensitiveRelation,0.775,-1.632503867149353,-1.6290651559829712,0.003438711166381836,0.21064017851208272,True,0.003438711166381836,PASS,39,Output should not change drastically under degradation,Consistent
LessSensitiveRelation,1.0,-1.632503867149353,-1.6280711889266968,0.00443267822265625,0.2715261872631659,True,0.00443267822265625,PASS,39,Output should not change drastically under degradation,Consistent
LessSensitiveRelation,0.1,-1.632503867149353,-1.635506272315979,0.0030024051666259766,0.18391401012290493,True,0.0030024051666259766,PASS,39,Output should not change drastically under degradation,Consistent
LessSensitiveRelation,0.325,-1.632503867149353,-1.6347702741622925,0.002266407012939453,0.1388300309877181,True,0.002266407012939453,PASS,39,Output should not change drastically under degradation,Consistent
LessSensitiveRelation,0.55,-1.632503867149353,-1.6340161561965942,0.001512289047241211,0.0926361126188824,True,0.001512289047241211,PASS,39,Output should not change drastically under degradation,Consistent
LessSensitiveRelation,0.775,-1.632503867149353,-1.633271336555481,0.0007674694061279297,0.04701176833047176,True,0.0007674694061279297,PASS,39,Output should not change drastically under degradation,Consistent
LessSensitiveRelation,1.0,-1.632503867149353,-1.632503867149353,0.0,0.0,True,0.0,PASS,39,Output should not change drastically under degradation,Consistent
RainRelation,0.0,-1.632503867149353,-1.6331678628921509,0.0006639957427978516,0.04067343112779244,True,0.0006639957427978516,PASS,39,Rain should not significantly affect prediction,Consistent
RainRelation,0.25,-1.632503867149353,-1.633175015449524,0.0006711483001708984,0.04111156503581175,True,0.0006711483001708984,PASS,39,Rain should not significantly affect prediction,Consistent
RainRelation,0.5,-1.632503867149353,-1.6331417560577393,0.0006378889083862305,0.039074242363521965,True,0.0006378889083862305,PASS,39,Rain should not significantly affect prediction,Consistent
RainRelation,0.75,-1.632503867149353,-1.6331857442855835,0.0006818771362304688,0.04176876589784071,True,0.0006818771362304688,PASS,39,Rain should not significantly affect prediction,Consistent
RainRelation,1.0,-1.632503867149353,-1.6331801414489746,0.000676274299621582,0.041425561003225586,True,0.000676274299621582,PASS,39,Rain should not significantly affect prediction,Consistent
SnowRelation,0.0,-1.632503867149353,-1.632503867149353,0.0,0.0,True,0.0,PASS,39,Snow should not significantly affect prediction,Consistent
SnowRelation,0.25,-1.632503867149353,-1.6325963735580444,9.250640869140625e-05,0.005666531877049719,True,9.250640869140625e-05,PASS,39,Snow should not significantly affect prediction,Consistent
SnowRelation,0.5,-1.632503867149353,-1.6321419477462769,0.0003619194030761719,0.022169575745776993,True,0.0003619194030761719,PASS,39,Snow should not significantly affect prediction,Consistent
SnowRelation,0.75,-1.632503867149353,-1.63198983669281,0.0005140304565429688,0.03148722352298761,True,0.0005140304565429688,PASS,39,Snow should not significantly affect prediction,Consistent
SnowRelation,1.0,-1.632503867149353,-1.6324704885482788,3.337860107421875e-05,0.002044624904090105,True,3.337860107421875e-05,PASS,39,Snow should not significantly affect prediction,Consistent
FogRelation,0.0,-1.632503867149353,-1.632503867149353,0.0,0.0,True,0.0,PASS,39,Fog should not significantly affect prediction,Consistent
FogRelation,0.25,-1.632503867149353,-1.631393551826477,0.0011103153228759766,0.06801298698819727,True,0.0011103153228759766,PASS,39,Fog should not significantly affect prediction,Consistent
FogRelation,0.5,-1.632503867149353,-1.6302865743637085,0.0022172927856445312,0.1358215114859855,True,0.0022172927856445312,PASS,39,Fog should not significantly affect prediction,Consistent
FogRelation,0.75,-1.632503867149353,-1.6291826963424683,0.0033211708068847656,0.20344017795696545,True,0.0033211708068847656,PASS,39,Fog should not significantly affect prediction,Consistent
FogRelation,1.0,-1.632503867149353,-1.6280711889266968,0.00443267822265625,0.2715261872631659,True,0.00443267822265625,PASS,39,Fog should not significantly affect prediction,Consistent
TemporalSmoothnessRelation,0.0,-1.6304875612258911,-1.6305943727493286,0.0001068115234375,0.0,True,0.0001068115234375,PASS,39,Predictions should change smoothly across consecutive frames,Consistent
TemporalSmoothnessRelation,25.0,-1.6301090717315674,-1.6323829889297485,0.0022739171981811523,0.0,True,0.0022739171981811523,PASS,39,Predictions should change smoothly across consecutive frames,Consistent
TemporalSmoothnessRelation,50.0,-1.637676477432251,-1.6349196434020996,0.002756834030151367,0.0,True,0.002756834030151367,PASS,39,Predictions should change smoothly across consecutive frames,Consistent
TemporalSmoothnessRelation,75.0,-1.6374915838241577,-1.6324806213378906,0.00501096248626709,0.0,True,0.00501096248626709,PASS,39,Predictions should change smoothly across consecutive frames,Consistent
TemporalSmoothnessRelation,100.0,-1.632336974143982,-1.63276207447052,0.00042510032653808594,0.0,True,0.00042510032653808594,PASS,39,Predictions should change smoothly across consecutive frames,Consistent
BrightnessRelation,0.2,-1.6321958303451538,-1.6351112127304077,0.0029153823852539062,0.1786170841072766,True,0.0029153823852539062,PASS,40,Output should remain approximately same under brightness change,Consistent
BrightnessRelation,0.7749999999999999,-1.6321958303451538,-1.6330273151397705,0.0008314847946166992,0.0509426791645508,True,0.0008314847946166992,PASS,40,Output should remain approximately same under brightness change,Consistent
BrightnessRelation,1.3499999999999999,-1.6321958303451538,-1.630855679512024,0.0013401508331298828,0.08210718267639859,True,0.0013401508331298828,PASS,40,Output should remain approximately same under brightness change,Consistent
BrightnessRelation,1.9249999999999998,-1.6321958303451538,-1.6288701295852661,0.0033257007598876953,0.20375610943837108,True,0.0033257007598876953,PASS,40,Output should remain approximately same under brightness change,Consistent
BrightnessRelation,2.5,-1.6321958303451538,-1.6282269954681396,0.00396883487701416,0.24315908493553975,True,0.00396883487701416,PASS,40,Output should remain approximately same under brightness change,Consistent
RotationRelation,-25.0,-1.6321958303451538,-1.633910059928894,0.0017142295837402344,0.10502591059300939,True,0.0017142295837402344,PASS,40,Small rotation should not significantly change output,Consistent
RotationRelation,-12.5,-1.6321958303451538,-1.6325689554214478,0.0003731250762939453,0.022860299037282296,True,0.0003731250762939453,PASS,40,Small rotation should not significantly change output,Consistent
RotationRelation,0.0,-1.6321958303451538,-1.6321958303451538,0.0,0.0,True,0.0,PASS,40,Small rotation should not significantly change output,Consistent
RotationRelation,12.5,-1.6321958303451538,-1.636353850364685,0.00415802001953125,0.2547499138723343,True,0.00415802001953125,PASS,40,Small rotation should not significantly change output,Consistent
RotationRelation,25.0,-1.6321958303451538,-1.633270263671875,0.0010744333267211914,0.06582743617349052,True,0.0010744333267211914,PASS,40,Small rotation should not significantly change output,Consistent
TranslationRelation,0.0,-1.6321958303451538,-1.6321958303451538,0.0,0.0,True,0.0,PASS,40,Small translation should preserve prediction consistency,Consistent
TranslationRelation,10.0,-1.6321958303451538,-1.6321364641189575,5.936622619628906e-05,0.0036371977382001863,True,5.936622619628906e-05,PASS,40,Small translation should preserve prediction consistency,Consistent
TranslationRelation,20.0,-1.6321958303451538,-1.6322215795516968,2.574920654296875e-05,0.0015775797418699602,True,2.574920654296875e-05,PASS,40,Small translation should preserve prediction consistency,Consistent
TranslationRelation,30.0,-1.6321958303451538,-1.6319525241851807,0.00024330615997314453,0.014906667838687911,True,0.00024330615997314453,PASS,40,Small translation should preserve prediction consistency,Consistent
TranslationRelation,40.0,-1.6321958303451538,-1.630234718322754,0.0019611120223999023,0.12015168672917925,True,0.0019611120223999023,PASS,40,Small translation should preserve prediction consistency,Consistent
NoiseRelation,0.0,-1.6321958303451538,-1.6321958303451538,0.0,0.0,True,0.0,PASS,40,Noise should not significantly affect prediction,Consistent
NoiseRelation,25.0,-1.6321958303451538,-1.6321078538894653,8.797645568847656e-05,0.005390064118055697,True,8.797645568847656e-05,PASS,40,Noise should not significantly affect prediction,Consistent
NoiseRelation,50.0,-1.6321958303451538,-1.6322473287582397,5.14984130859375e-05,0.0031551594837399203,True,5.14984130859375e-05,PASS,40,Noise should not significantly affect prediction,Consistent
NoiseRelation,75.0,-1.6321958303451538,-1.6322654485702515,6.961822509765625e-05,0.004265308190981744,True,6.961822509765625e-05,PASS,40,Noise should not significantly affect prediction,Consistent
NoiseRelation,100.0,-1.6321958303451538,-1.6321064233779907,8.940696716308594e-05,0.005477707437048473,True,8.940696716308594e-05,PASS,40,Noise should not significantly affect prediction,Consistent
BlurRelation,1.0,-1.6321958303451538,-1.6321958303451538,0.0,0.0,True,0.0,PASS,40,Blur should not significantly change output,Consistent
BlurRelation,4.5,-1.6321958303451538,-1.6322360038757324,4.017353057861328e-05,0.0024613165417137805,True,4.017353057861328e-05,PASS,40,Blur should not significantly change output,Consistent
BlurRelation,8.0,-1.6321958303451538,-1.632304072380066,0.00010824203491210938,0.006631677803786685,True,0.00010824203491210938,PASS,40,Blur should not significantly change output,Consistent
BlurRelation,11.5,-1.6321958303451538,-1.6323381662368774,0.0001423358917236328,0.00872051023978117,True,0.0001423358917236328,PASS,40,Blur should not significantly change output,Consistent
BlurRelation,15.0,-1.6321958303451538,-1.6324102878570557,0.00021445751190185547,0.013139194239000273,True,0.00021445751190185547,PASS,40,Blur should not significantly change output,Consistent
ContrastRelation,0.2,-1.6321958303451538,-1.6351112127304077,0.0029153823852539062,0.1786170841072766,True,0.0029153823852539062,PASS,40,Contrast change should not significantly affect output,Consistent
ContrastRelation,0.8999999999999999,-1.6321958303451538,-1.632571816444397,0.00037598609924316406,0.023035585675267846,True,0.00037598609924316406,PASS,40,Contrast change should not significantly affect output,Consistent
ContrastRelation,1.5999999999999999,-1.6321958303451538,-1.6299371719360352,0.0022586584091186523,0.13838149707967656,True,0.0022586584091186523,PASS,40,Contrast change should not significantly affect output,Consistent
ContrastRelation,2.3,-1.6321958303451538,-1.6283599138259888,0.003835916519165039,0.2350155598791277,True,0.003835916519165039,PASS,40,Contrast change should not significantly affect output,Consistent
ContrastRelation,3.0,-1.6321958303451538,-1.628132700920105,0.004063129425048828,0.24893624037914688,True,0.004063129425048828,PASS,40,Contrast change should not significantly affect output,Consistent
WeatherRelation,0.0,-1.6321958303451538,-1.6321958303451538,0.0,0.0,True,0.0,PASS,40,Weather changes should not significantly affect output,Consistent
WeatherRelation,0.25,-1.6321958303451538,-1.6311653852462769,0.0010304450988769531,0.06313240411446266,True,0.0010304450988769531,PASS,40,Weather changes should not significantly affect output,Consistent
WeatherRelation,0.5,-1.6321958303451538,-1.6301360130310059,0.0020598173141479492,0.12619907573968075,True,0.0020598173141479492,PASS,40,Weather changes should not significantly affect output,Consistent
WeatherRelation,0.75,-1.6321958303451538,-1.6291040182113647,0.0030918121337890625,0.18942642678305227,True,0.0030918121337890625,PASS,40,Weather changes should not significantly affect output,Consistent
WeatherRelation,1.0,-1.6321958303451538,-1.6280711889266968,0.004124641418457031,0.2527049030958362,True,0.004124641418457031,PASS,40,Weather changes should not significantly affect output,Consistent
LessSensitiveRelation,0.1,-1.6321958303451538,-1.6317846775054932,0.00041115283966064453,0.025190150600506913,True,0.00041115283966064453,PASS,40,Output should not change drastically under degradation,Consistent
LessSensitiveRelation,0.325,-1.6321958303451538,-1.6308561563491821,0.0013396739959716797,0.08207796823673431,True,0.0013396739959716797,PASS,40,Output should not change drastically under degradation,Consistent
LessSensitiveRelation,0.55,-1.6321958303451538,-1.6299320459365845,0.002263784408569336,0.13869555230606734,True,0.002263784408569336,PASS,40,Output should not change drastically under degradation,Consistent
LessSensitiveRelation,0.775,-1.6321958303451538,-1.6290016174316406,0.0031942129135131836,0.1957002277009518,True,0.0031942129135131836,PASS,40,Output should not change drastically under degradation,Consistent
LessSensitiveRelation,1.0,-1.6321958303451538,-1.6280711889266968,0.004124641418457031,0.2527049030958362,True,0.004124641418457031,PASS,40,Output should not change drastically under degradation,Consistent
LessSensitiveRelation,0.1,-1.6321958303451538,-1.635475516319275,0.0032796859741210938,0.20093691601077013,True,0.0032796859741210938,PASS,40,Output should not change drastically under degradation,Consistent
LessSensitiveRelation,0.325,-1.6321958303451538,-1.6346627473831177,0.002466917037963867,0.15114090360304147,True,0.002466917037963867,PASS,40,Output should not change drastically under degradation,Consistent
LessSensitiveRelation,0.55,-1.6321958303451538,-1.6338462829589844,0.0016504526138305664,0.10111847928791483,True,0.0016504526138305664,PASS,40,Output should not change drastically under degradation,Consistent
LessSensitiveRelation,0.775,-1.6321958303451538,-1.6330273151397705,0.0008314847946166992,0.0509426791645508,True,0.0008314847946166992,PASS,40,Output should not change drastically under degradation,Consistent
LessSensitiveRelation,1.0,-1.6321958303451538,-1.6321958303451538,0.0,0.0,True,0.0,PASS,40,Output should not change drastically under degradation,Consistent
RainRelation,0.0,-1.6321958303451538,-1.6329230070114136,0.0007271766662597656,0.04455202048799425,True,0.0007271766662597656,PASS,40,Rain should not significantly affect prediction,Consistent
RainRelation,0.25,-1.6321958303451538,-1.6328964233398438,0.0007005929946899414,0.04292331547671183,True,0.0007005929946899414,PASS,40,Rain should not significantly affect prediction,Consistent
RainRelation,0.5,-1.6321958303451538,-1.63287353515625,0.0006777048110961914,0.041521022372827426,True,0.0006777048110961914,PASS,40,Rain should not significantly affect prediction,Consistent
RainRelation,0.75,-1.6321958303451538,-1.6327849626541138,0.0005891323089599609,0.036094440205191404,True,0.0005891323089599609,PASS,40,Rain should not significantly affect prediction,Consistent
RainRelation,1.0,-1.6321958303451538,-1.6329048871994019,0.0007090568542480469,0.04344187178075243,True,0.0007090568542480469,PASS,40,Rain should not significantly affect prediction,Consistent
SnowRelation,0.0,-1.6321958303451538,-1.6321958303451538,0.0,0.0,True,0.0,PASS,40,Snow should not significantly affect prediction,Consistent
SnowRelation,0.25,-1.6321958303451538,-1.632096529006958,9.930133819580078e-05,0.0060839070600818375,True,9.930133819580078e-05,PASS,40,Snow should not significantly affect prediction,Consistent
SnowRelation,0.5,-1.6321958303451538,-1.6320350170135498,0.0001608133316040039,0.009852569776771188,True,0.0001608133316040039,PASS,40,Snow should not significantly affect prediction,Consistent
SnowRelation,0.75,-1.6321958303451538,-1.6323626041412354,0.00016677379608154297,0.010217750272574419,True,0.00016677379608154297,PASS,40,Snow should not significantly affect prediction,Consistent
SnowRelation,1.0,-1.6321958303451538,-1.631807804107666,0.00038802623748779297,0.023773250276790375,True,0.00038802623748779297,PASS,40,Snow should not significantly affect prediction,Consistent
FogRelation,0.0,-1.6321958303451538,-1.6321958303451538,0.0,0.0,True,0.0,PASS,40,Fog should not significantly affect prediction,Consistent
FogRelation,0.25,-1.6321958303451538,-1.6311653852462769,0.0010304450988769531,0.06313240411446266,True,0.0010304450988769531,PASS,40,Fog should not significantly affect prediction,Consistent
FogRelation,0.5,-1.6321958303451538,-1.6301360130310059,0.0020598173141479492,0.12619907573968075,True,0.0020598173141479492,PASS,40,Fog should not significantly affect prediction,Consistent
FogRelation,0.75,-1.6321958303451538,-1.6291040182113647,0.0030918121337890625,0.18942642678305227,True,0.0030918121337890625,PASS,40,Fog should not significantly affect prediction,Consistent
FogRelation,1.0,-1.6321958303451538,-1.6280711889266968,0.004124641418457031,0.2527049030958362,True,0.004124641418457031,PASS,40,Fog should not significantly affect prediction,Consistent
TemporalSmoothnessRelation,0.0,-1.6304875612258911,-1.6305943727493286,0.0001068115234375,0.0,True,0.0001068115234375,PASS,40,Predictions should change smoothly across consecutive frames,Consistent
TemporalSmoothnessRelation,25.0,-1.6301090717315674,-1.6323829889297485,0.0022739171981811523,0.0,True,0.0022739171981811523,PASS,40,Predictions should change smoothly across consecutive frames,Consistent
TemporalSmoothnessRelation,50.0,-1.637676477432251,-1.6349196434020996,0.002756834030151367,0.0,True,0.002756834030151367,PASS,40,Predictions should change smoothly across consecutive frames,Consistent
TemporalSmoothnessRelation,75.0,-1.6374915838241577,-1.6324806213378906,0.00501096248626709,0.0,True,0.00501096248626709,PASS,40,Predictions should change smoothly across consecutive frames,Consistent
TemporalSmoothnessRelation,100.0,-1.632336974143982,-1.63276207447052,0.00042510032653808594,0.0,True,0.00042510032653808594,PASS,40,Predictions should change smoothly across consecutive frames,Consistent
BrightnessRelation,0.2,-1.6347509622573853,-1.6356230974197388,0.0008721351623535156,0.053349693561413905,True,0.0008721351623535156,PASS,41,Output should remain approximately same under brightness change,Consistent
BrightnessRelation,0.7749999999999999,-1.6347509622573853,-1.6350078582763672,0.0002568960189819336,0.015714678734943543,True,0.0002568960189819336,PASS,41,Output should remain approximately same under brightness change,Consistent
BrightnessRelation,1.3499999999999999,-1.6347509622573853,-1.634319543838501,0.00043141841888427734,0.02639045120267317,True,0.00043141841888427734,PASS,41,Output should remain approximately same under brightness change,Consistent
BrightnessRelation,1.9249999999999998,-1.6347509622573853,-1.6333686113357544,0.0013823509216308594,0.08456028520204424,True,0.0013823509216308594,PASS,41,Output should remain approximately same under brightness change,Consistent
BrightnessRelation,2.5,-1.6347509622573853,-1.6316437721252441,0.0031071901321411133,0.19007104465257701,True,0.0031071901321411133,PASS,41,Output should remain approximately same under brightness change,Consistent
RotationRelation,-25.0,-1.6347509622573853,-1.6345183849334717,0.00023257732391357422,0.014227071095997612,True,0.00023257732391357422,PASS,41,Small rotation should not significantly change output,Consistent
RotationRelation,-12.5,-1.6347509622573853,-1.6343202590942383,0.00043070316314697266,0.02634669803682182,True,0.00043070316314697266,PASS,41,Small rotation should not significantly change output,Consistent
RotationRelation,0.0,-1.6347509622573853,-1.6347509622573853,0.0,0.0,True,0.0,PASS,41,Small rotation should not significantly change output,Consistent
RotationRelation,12.5,-1.6347509622573853,-1.6381219625473022,0.003371000289916992,0.20620867065741694,True,0.003371000289916992,PASS,41,Small rotation should not significantly change output,Consistent
RotationRelation,25.0,-1.6347509622573853,-1.6377395391464233,0.002988576889038086,0.1828153113155613,True,0.002988576889038086,PASS,41,Small rotation should not significantly change output,Consistent
TranslationRelation,0.0,-1.6347509622573853,-1.6347509622573853,0.0,0.0,True,0.0,PASS,41,Small translation should preserve prediction consistency,Consistent
TranslationRelation,10.0,-1.6347509622573853,-1.6340824365615845,0.0006685256958007812,0.040894625682396005,True,0.0006685256958007812,PASS,41,Small translation should preserve prediction consistency,Consistent
TranslationRelation,20.0,-1.6347509622573853,-1.6338965892791748,0.0008543729782104492,0.052263156609438685,True,0.0008543729782104492,PASS,41,Small translation should preserve prediction consistency,Consistent
TranslationRelation,30.0,-1.6347509622573853,-1.633289098739624,0.0014618635177612305,0.08942417880585274,True,0.0014618635177612305,PASS,41,Small translation should preserve prediction consistency,Consistent
TranslationRelation,40.0,-1.6347509622573853,-1.6317126750946045,0.0030382871627807617,0.1858561563422302,True,0.0030382871627807617,PASS,41,Small translation should preserve prediction consistency,Consistent
NoiseRelation,0.0,-1.6347509622573853,-1.6347509622573853,0.0,0.0,True,0.0,PASS,41,Noise should not significantly affect prediction,Consistent
NoiseRelation,25.0,-1.6347509622573853,-1.6347630023956299,1.2040138244628906e-05,0.0007365116251644074,True,1.2040138244628906e-05,PASS,41,Noise should not significantly affect prediction,Consistent
NoiseRelation,50.0,-1.6347509622573853,-1.634684681892395,6.628036499023438e-05,0.00405446003555852,True,6.628036499023438e-05,PASS,41,Noise should not significantly affect prediction,Consistent
NoiseRelation,75.0,-1.6347509622573853,-1.6346948146820068,5.614757537841797e-05,0.0034346235193310477,True,5.614757537841797e-05,PASS,41,Noise should not significantly affect prediction,Consistent
NoiseRelation,100.0,-1.6347509622573853,-1.6341662406921387,0.000584721565246582,0.03576821308347938,True,0.000584721565246582,PASS,41,Noise should not significantly affect prediction,Consistent
BlurRelation,1.0,-1.6347509622573853,-1.6347509622573853,0.0,0.0,True,0.0,PASS,41,Blur should not significantly change output,Consistent
BlurRelation,4.5,-1.6347509622573853,-1.6347421407699585,8.821487426757812e-06,0.0005396223788333281,True,8.821487426757812e-06,PASS,41,Blur should not significantly change output,Consistent
BlurRelation,8.0,-1.6347509622573853,-1.6347755193710327,2.4557113647460938e-05,0.0015021920275630487,True,2.4557113647460938e-05,PASS,41,Blur should not significantly change output,Consistent
BlurRelation,11.5,-1.6347509622573853,-1.634795904159546,4.494190216064453e-05,0.00274915725432655,True,4.494190216064453e-05,PASS,41,Blur should not significantly change output,Consistent
BlurRelation,15.0,-1.6347509622573853,-1.6348375082015991,8.654594421386719e-05,0.005294133068013463,True,8.654594421386719e-05,PASS,41,Blur should not significantly change output,Consistent
ContrastRelation,0.2,-1.6347509622573853,-1.6356230974197388,0.0008721351623535156,0.053349693561413905,True,0.0008721351623535156,PASS,41,Contrast change should not significantly affect output,Consistent
ContrastRelation,0.8999999999999999,-1.6347509622573853,-1.6348731517791748,0.00012218952178955078,0.0074744991662724514,True,0.00012218952178955078,PASS,41,Contrast change should not significantly affect output,Consistent
ContrastRelation,1.5999999999999999,-1.6347509622573853,-1.6339566707611084,0.0007942914962768555,0.04858789067792521,True,0.0007942914962768555,PASS,41,Contrast change should not significantly affect output,Consistent
ContrastRelation,2.3,-1.6347509622573853,-1.6323344707489014,0.0024164915084838867,0.14782007082878912,True,0.0024164915084838867,PASS,41,Contrast change should not significantly affect output,Consistent
ContrastRelation,3.0,-1.6347509622573853,-1.6302001476287842,0.004550814628601074,0.2783795177292203,True,0.004550814628601074,PASS,41,Contrast change should not significantly affect output,Consistent
WeatherRelation,0.0,-1.6347509622573853,-1.6347509622573853,0.0,0.0,True,0.0,PASS,41,Weather changes should not significantly affect output,Consistent
WeatherRelation,0.25,-1.6347509622573853,-1.6330853700637817,0.0016655921936035156,0.1018865388791792,True,0.0016655921936035156,PASS,41,Weather changes should not significantly affect output,Consistent
WeatherRelation,0.5,-1.6347509622573853,-1.6314128637313843,0.0033380985260009766,0.2041960250282548,True,0.0033380985260009766,PASS,41,Weather changes should not significantly affect output,Consistent
WeatherRelation,0.75,-1.6347509622573853,-1.6297423839569092,0.005008578300476074,0.3063815438740849,True,0.005008578300476074,PASS,41,Weather changes should not significantly affect output,Consistent
WeatherRelation,1.0,-1.6347509622573853,-1.6280711889266968,0.0066797733306884766,0.40861081588576637,True,0.0066797733306884766,PASS,41,Weather changes should not significantly affect output,Consistent
LessSensitiveRelation,0.1,-1.6347509622573853,-1.6340841054916382,0.0006668567657470703,0.04079253496207618,True,0.0006668567657470703,PASS,41,Output should not change drastically under degradation,Consistent
LessSensitiveRelation,0.325,-1.6347509622573853,-1.632578730583191,0.002172231674194336,0.13287836469055278,True,0.002172231674194336,PASS,41,Output should not change drastically under degradation,Consistent
LessSensitiveRelation,0.55,-1.6347509622573853,-1.6310795545578003,0.003671407699584961,0.22458500031498435,True,0.003671407699584961,PASS,41,Output should not change drastically under degradation,Consistent
LessSensitiveRelation,0.775,-1.6347509622573853,-1.6295746564865112,0.0051763057708740234,0.31664166126622667,True,0.0051763057708740234,PASS,41,Output should not change drastically under degradation,Consistent
LessSensitiveRelation,1.0,-1.6347509622573853,-1.6280711889266968,0.0066797733306884766,0.40861081588576637,True,0.0066797733306884766,PASS,41,Output should not change drastically under degradation,Consistent
LessSensitiveRelation,0.1,-1.6347509622573853,-1.6357324123382568,0.000981450080871582,0.06003663574236204,True,0.000981450080871582,PASS,41,Output should not change drastically under degradation,Consistent
LessSensitiveRelation,0.325,-1.6347509622573853,-1.6354926824569702,0.0007417201995849609,0.04537203298785091,True,0.0007417201995849609,PASS,41,Output should not change drastically under degradation,Consistent
LessSensitiveRelation,0.55,-1.6347509622573853,-1.6352488994598389,0.0004979372024536133,0.030459495626848805,True,0.0004979372024536133,PASS,41,Output should not change drastically under degradation,Consistent
LessSensitiveRelation,0.775,-1.6347509622573853,-1.6350078582763672,0.0002568960189819336,0.015714678734943543,True,0.0002568960189819336,PASS,41,Output should not change drastically under degradation,Consistent
LessSensitiveRelation,1.0,-1.6347509622573853,-1.6347509622573853,0.0,0.0,True,0.0,PASS,41,Output should not change drastically under degradation,Consistent
RainRelation,0.0,-1.6347509622573853,-1.6349657773971558,0.0002148151397705078,0.013140534144022395,True,0.0002148151397705078,PASS,41,Rain should not significantly affect prediction,Consistent
RainRelation,0.25,-1.6347509622573853,-1.634994626045227,0.00024366378784179688,0.01490524516669355,True,0.00024366378784179688,PASS,41,Rain should not significantly affect prediction,Consistent
RainRelation,0.5,-1.6347509622573853,-1.6349127292633057,0.00016176700592041016,0.009895507676713869,True,0.00016176700592041016,PASS,41,Rain should not significantly affect prediction,Consistent
RainRelation,0.75,-1.6347509622573853,-1.6349965333938599,0.0002455711364746094,0.015021920275630485,True,0.0002455711364746094,PASS,41,Rain should not significantly affect prediction,Consistent
RainRelation,1.0,-1.6347509622573853,-1.6349201202392578,0.0001691579818725586,0.010347623723844495,True,0.0001691579818725586,PASS,41,Rain should not significantly affect prediction,Consistent
SnowRelation,0.0,-1.6347509622573853,-1.6347509622573853,0.0,0.0,True,0.0,PASS,41,Snow should not significantly affect prediction,Consistent
SnowRelation,0.25,-1.6347509622573853,-1.6348779201507568,0.00012695789337158203,0.00776618693861479,True,0.00012695789337158203,PASS,41,Snow should not significantly affect prediction,Consistent
SnowRelation,0.5,-1.6347509622573853,-1.6334646940231323,0.0012862682342529297,0.07868277658934608,True,0.0012862682342529297,PASS,41,Snow should not significantly affect prediction,Consistent
SnowRelation,0.75,-1.6347509622573853,-1.633451223373413,0.001299738883972168,0.07950679454621319,True,0.001299738883972168,PASS,41,Snow should not significantly affect prediction,Consistent
SnowRelation,1.0,-1.6347509622573853,-1.63327157497406,0.0014793872833251953,0.09049613136921085,True,0.0014793872833251953,PASS,41,Snow should not significantly affect prediction,Consistent
FogRelation,0.0,-1.6347509622573853,-1.6347509622573853,0.0,0.0,True,0.0,PASS,41,Fog should not significantly affect prediction,Consistent
FogRelation,0.25,-1.6347509622573853,-1.6330853700637817,0.0016655921936035156,0.1018865388791792,True,0.0016655921936035156,PASS,41,Fog should not significantly affect prediction,Consistent
FogRelation,0.5,-1.6347509622573853,-1.6314128637313843,0.0033380985260009766,0.2041960250282548,True,0.0033380985260009766,PASS,41,Fog should not significantly affect prediction,Consistent
FogRelation,0.75,-1.6347509622573853,-1.6297423839569092,0.005008578300476074,0.3063815438740849,True,0.005008578300476074,PASS,41,Fog should not significantly affect prediction,Consistent
FogRelation,1.0,-1.6347509622573853,-1.6280711889266968,0.0066797733306884766,0.40861081588576637,True,0.0066797733306884766,PASS,41,Fog should not significantly affect prediction,Consistent
TemporalSmoothnessRelation,0.0,-1.6304875612258911,-1.6305943727493286,0.0001068115234375,0.0,True,0.0001068115234375,PASS,41,Predictions should change smoothly across consecutive frames,Consistent
TemporalSmoothnessRelation,25.0,-1.6301090717315674,-1.6323829889297485,0.0022739171981811523,0.0,True,0.0022739171981811523,PASS,41,Predictions should change smoothly across consecutive frames,Consistent
TemporalSmoothnessRelation,50.0,-1.637676477432251,-1.6349196434020996,0.002756834030151367,0.0,True,0.002756834030151367,PASS,41,Predictions should change smoothly across consecutive frames,Consistent
TemporalSmoothnessRelation,75.0,-1.6374915838241577,-1.6324806213378906,0.00501096248626709,0.0,True,0.00501096248626709,PASS,41,Predictions should change smoothly across consecutive frames,Consistent
TemporalSmoothnessRelation,100.0,-1.632336974143982,-1.63276207447052,0.00042510032653808594,0.0,True,0.00042510032653808594,PASS,41,Predictions should change smoothly across consecutive frames,Consistent
BrightnessRelation,0.2,-1.6310819387435913,-1.6348904371261597,0.0038084983825683594,0.23349507815353718,True,0.0038084983825683594,PASS,42,Output should remain approximately same under brightness change,Consistent
BrightnessRelation,0.7749999999999999,-1.6310819387435913,-1.6321678161621094,0.0010858774185180664,0.06657401611683267,True,0.0010858774185180664,PASS,42,Output should remain approximately same under brightness change,Consistent
BrightnessRelation,1.3499999999999999,-1.6310819387435913,-1.6291630268096924,0.0019189119338989258,0.11764649658937923,True,0.0019189119338989258,PASS,42,Output should remain approximately same under brightness change,Consistent
BrightnessRelation,1.9249999999999998,-1.6310819387435913,-1.6285761594772339,0.002505779266357422,0.15362672288679577,True,0.002505779266357422,PASS,42,Output should remain approximately same under brightness change,Consistent
BrightnessRelation,2.5,-1.6310819387435913,-1.628555417060852,0.002526521682739258,0.154898418880245,True,0.002526521682739258,PASS,42,Output should remain approximately same under brightness change,Consistent
RotationRelation,-25.0,-1.6310819387435913,-1.6352466344833374,0.004164695739746094,0.25533316797207883,True,0.004164695739746094,PASS,42,Small rotation should not significantly change output,Consistent
RotationRelation,-12.5,-1.6310819387435913,-1.6330811977386475,0.0019992589950561523,0.12257249141457906,True,0.0019992589950561523,PASS,42,Small rotation should not significantly change output,Consistent
RotationRelation,0.0,-1.6310819387435913,-1.6310819387435913,0.0,0.0,True,0.0,PASS,42,Small rotation should not significantly change output,Consistent
RotationRelation,12.5,-1.6310819387435913,-1.6350312232971191,0.003949284553527832,0.24212653199413214,True,0.003949284553527832,PASS,42,Small rotation should not significantly change output,Consistent
RotationRelation,25.0,-1.6310819387435913,-1.6320703029632568,0.0009883642196655273,0.060595583228088674,True,0.0009883642196655273,PASS,42,Small rotation should not significantly change output,Consistent
TranslationRelation,0.0,-1.6310819387435913,-1.6310819387435913,0.0,0.0,True,0.0,PASS,42,Small translation should preserve prediction consistency,Consistent
TranslationRelation,10.0,-1.6310819387435913,-1.6311578750610352,7.593631744384766e-05,0.004655576711650281,True,7.593631744384766e-05,PASS,42,Small translation should preserve prediction consistency,Consistent
TranslationRelation,20.0,-1.6310819387435913,-1.6313388347625732,0.0002568960189819336,0.015750027964845145,True,0.0002568960189819336,PASS,42,Small translation should preserve prediction consistency,Consistent
TranslationRelation,30.0,-1.6310819387435913,-1.6312978267669678,0.00021588802337646484,0.01323587036860072,True,0.00021588802337646484,PASS,42,Small translation should preserve prediction consistency,Consistent
TranslationRelation,40.0,-1.6310819387435913,-1.6295627355575562,0.0015192031860351562,0.09314076862365962,True,0.0015192031860351562,PASS,42,Small translation should preserve prediction consistency,Consistent
NoiseRelation,0.0,-1.6310819387435913,-1.6310819387435913,0.0,0.0,True,0.0,PASS,42,Noise should not significantly affect prediction,Consistent
NoiseRelation,25.0,-1.6310819387435913,-1.6310689449310303,1.2993812561035156e-05,0.0007966371453216336,True,1.2993812561035156e-05,PASS,42,Noise should not significantly affect prediction,Consistent
NoiseRelation,50.0,-1.6310819387435913,-1.6310218572616577,6.008148193359375e-05,0.0036835332224046183,True,6.008148193359375e-05,PASS,42,Noise should not significantly affect prediction,Consistent
NoiseRelation,75.0,-1.6310819387435913,-1.6314527988433838,0.00037086009979248047,0.022737047331152314,True,0.00037086009979248047,PASS,42,Noise should not significantly affect prediction,Consistent
NoiseRelation,100.0,-1.6310819387435913,-1.6307536363601685,0.00032830238342285156,0.020127877965282377,True,0.00032830238342285156,PASS,42,Noise should not significantly affect prediction,Consistent
BlurRelation,1.0,-1.6310819387435913,-1.6310819387435913,0.0,0.0,True,0.0,PASS,42,Blur should not significantly change output,Consistent
BlurRelation,4.5,-1.6310819387435913,-1.6311744451522827,9.250640869140625e-05,0.005671471786876952,True,9.250640869140625e-05,PASS,42,Blur should not significantly change output,Consistent
BlurRelation,8.0,-1.6310819387435913,-1.6312211751937866,0.0001392364501953125,0.008536442070969433,True,0.0001392364501953125,PASS,42,Blur should not significantly change output,Consistent
BlurRelation,11.5,-1.6310819387435913,-1.6312466859817505,0.0001647472381591797,0.010100481970958695,True,0.0001647472381591797,PASS,42,Blur should not significantly change output,Consistent
BlurRelation,15.0,-1.6310819387435913,-1.6312956809997559,0.00021374225616455078,0.0131043156106577,True,0.00021374225616455078,PASS,42,Blur should not significantly change output,Consistent
ContrastRelation,0.2,-1.6310819387435913,-1.6348904371261597,0.0038084983825683594,0.23349507815353718,True,0.0038084983825683594,PASS,42,Contrast change should not significantly affect output,Consistent
ContrastRelation,0.8999999999999999,-1.6310819387435913,-1.6315655708312988,0.00048363208770751953,0.029650980720824477,True,0.00048363208770751953,PASS,42,Contrast change should not significantly affect output,Consistent
ContrastRelation,1.5999999999999999,-1.6310819387435913,-1.628272294998169,0.0028096437454223633,0.1722563383310604,True,0.0028096437454223633,PASS,42,Contrast change should not significantly affect output,Consistent
ContrastRelation,2.3,-1.6310819387435913,-1.6287270784378052,0.002354860305786133,0.14437403824480322,True,0.002354860305786133,PASS,42,Contrast change should not significantly affect output,Consistent
ContrastRelation,3.0,-1.6310819387435913,-1.6281851530075073,0.0028967857360839844,0.17759892322307982,True,0.0028967857360839844,PASS,42,Contrast change should not significantly affect output,Consistent
WeatherRelation,0.0,-1.6310819387435913,-1.6310819387435913,0.0,0.0,True,0.0,PASS,42,Weather changes should not significantly affect output,Consistent
WeatherRelation,0.25,-1.6310819387435913,-1.6303272247314453,0.0007547140121459961,0.04627073180762627,True,0.0007547140121459961,PASS,42,Weather changes should not significantly affect output,Consistent
WeatherRelation,0.5,-1.6310819387435913,-1.629577398300171,0.0015045404434204102,0.09224181111104898,True,0.0015045404434204102,PASS,42,Weather changes should not significantly affect output,Consistent
WeatherRelation,0.75,-1.6310819387435913,-1.6288267374038696,0.0022552013397216797,0.1382640505981162,True,0.0022552013397216797,PASS,42,Weather changes should not significantly affect output,Consistent
WeatherRelation,1.0,-1.6310819387435913,-1.6280711889266968,0.0030107498168945312,0.18458594258938696,True,0.0030107498168945312,PASS,42,Weather changes should not significantly affect output,Consistent
LessSensitiveRelation,0.1,-1.6310819387435913,-1.6307764053344727,0.00030553340911865234,0.018731935811553645,True,0.00030553340911865234,PASS,42,Output should not change drastically under degradation,Consistent
LessSensitiveRelation,0.325,-1.6310819387435913,-1.6300992965698242,0.0009826421737670898,0.060244770540240605,True,0.0009826421737670898,PASS,42,Output should not change drastically under degradation,Consistent
LessSensitiveRelation,0.55,-1.6310819387435913,-1.6294283866882324,0.0016535520553588867,0.10137755819042552,True,0.0016535520553588867,PASS,42,Output should not change drastically under degradation,Consistent
LessSensitiveRelation,0.775,-1.6310819387435913,-1.6287494897842407,0.002332448959350586,0.143000021884065,True,0.002332448959350586,PASS,42,Output should not change drastically under degradation,Consistent
LessSensitiveRelation,1.0,-1.6310819387435913,-1.6280711889266968,0.0030107498168945312,0.18458594258938696,True,0.0030107498168945312,PASS,42,Output should not change drastically under degradation,Consistent
LessSensitiveRelation,0.1,-1.6310819387435913,-1.6353685855865479,0.004286646842956543,0.2628098633818406,True,0.004286646842956543,PASS,42,Output should not change drastically under degradation,Consistent
LessSensitiveRelation,0.325,-1.6310819387435913,-1.634304404258728,0.0032224655151367188,0.19756601203976518,True,0.0032224655151367188,PASS,42,Output should not change drastically under degradation,Consistent
LessSensitiveRelation,0.55,-1.6310819387435913,-1.6332337856292725,0.0021518468856811523,0.13192749642386065,True,0.0021518468856811523,PASS,42,Output should not change drastically under degradation,Consistent
LessSensitiveRelation,0.775,-1.6310819387435913,-1.6321678161621094,0.0010858774185180664,0.06657401611683267,True,0.0010858774185180664,PASS,42,Output should not change drastically under degradation,Consistent
LessSensitiveRelation,1.0,-1.6310819387435913,-1.6310819387435913,0.0,0.0,True,0.0,PASS,42,Output should not change drastically under degradation,Consistent
RainRelation,0.0,-1.6310819387435913,-1.6320288181304932,0.0009468793869018555,0.05805219124119024,True,0.0009468793869018555,PASS,42,Rain should not significantly affect prediction,Consistent
RainRelation,0.25,-1.6310819387435913,-1.632015347480774,0.0009334087371826172,0.0572263197052146,True,0.0009334087371826172,PASS,42,Rain should not significantly affect prediction,Consistent
RainRelation,0.5,-1.6310819387435913,-1.6320037841796875,0.0009218454360961914,0.05651738573185499,True,0.0009218454360961914,PASS,42,Rain should not significantly affect prediction,Consistent
RainRelation,0.75,-1.6310819387435913,-1.6319594383239746,0.0008774995803833008,0.05379858740103253,True,0.0008774995803833008,PASS,42,Rain should not significantly affect prediction,Consistent
RainRelation,1.0,-1.6310819387435913,-1.6320513486862183,0.0009694099426269531,0.05943351619959197,True,0.0009694099426269531,PASS,42,Rain should not significantly affect prediction,Consistent
SnowRelation,0.0,-1.6310819387435913,-1.6310819387435913,0.0,0.0,True,0.0,PASS,42,Snow should not significantly affect prediction,Consistent
SnowRelation,0.25,-1.6310819387435913,-1.63117253780365,9.059906005859375e-05,0.005554534224260933,True,9.059906005859375e-05,PASS,42,Snow should not significantly affect prediction,Consistent
SnowRelation,0.5,-1.6310819387435913,-1.6312191486358643,0.00013720989227294922,0.008412195910689911,True,0.00013720989227294922,PASS,42,Snow should not significantly affect prediction,Consistent
SnowRelation,0.75,-1.6310819387435913,-1.6321700811386108,0.0010881423950195312,0.0667128794724392,True,0.0010881423950195312,PASS,42,Snow should not significantly affect prediction,Consistent
SnowRelation,1.0,-1.6310819387435913,-1.6315006017684937,0.00041866302490234375,0.02566779499421631,True,0.00041866302490234375,PASS,42,Snow should not significantly affect prediction,Consistent
FogRelation,0.0,-1.6310819387435913,-1.6310819387435913,0.0,0.0,True,0.0,PASS,42,Fog should not significantly affect prediction,Consistent
FogRelation,0.25,-1.6310819387435913,-1.6303272247314453,0.0007547140121459961,0.04627073180762627,True,0.0007547140121459961,PASS,42,Fog should not significantly affect prediction,Consistent
FogRelation,0.5,-1.6310819387435913,-1.629577398300171,0.0015045404434204102,0.09224181111104898,True,0.0015045404434204102,PASS,42,Fog should not significantly affect prediction,Consistent
FogRelation,0.75,-1.6310819387435913,-1.6288267374038696,0.0022552013397216797,0.1382640505981162,True,0.0022552013397216797,PASS,42,Fog should not significantly affect prediction,Consistent
FogRelation,1.0,-1.6310819387435913,-1.6280711889266968,0.0030107498168945312,0.18458594258938696,True,0.0030107498168945312,PASS,42,Fog should not significantly affect prediction,Consistent
TemporalSmoothnessRelation,0.0,-1.6304875612258911,-1.6305943727493286,0.0001068115234375,0.0,True,0.0001068115234375,PASS,42,Predictions should change smoothly across consecutive frames,Consistent
TemporalSmoothnessRelation,25.0,-1.6301090717315674,-1.6323829889297485,0.0022739171981811523,0.0,True,0.0022739171981811523,PASS,42,Predictions should change smoothly across consecutive frames,Consistent
TemporalSmoothnessRelation,50.0,-1.637676477432251,-1.6349196434020996,0.002756834030151367,0.0,True,0.002756834030151367,PASS,42,Predictions should change smoothly across consecutive frames,Consistent
TemporalSmoothnessRelation,75.0,-1.6374915838241577,-1.6324806213378906,0.00501096248626709,0.0,True,0.00501096248626709,PASS,42,Predictions should change smoothly across consecutive frames,Consistent
TemporalSmoothnessRelation,100.0,-1.632336974143982,-1.63276207447052,0.00042510032653808594,0.0,True,0.00042510032653808594,PASS,42,Predictions should change smoothly across consecutive frames,Consistent
BrightnessRelation,0.2,-1.633051872253418,-1.6352837085723877,0.0022318363189697266,0.13666650706110078,True,0.0022318363189697266,PASS,43,Output should remain approximately same under brightness change,Consistent
BrightnessRelation,0.7749999999999999,-1.633051872253418,-1.6336932182312012,0.0006413459777832031,0.03927282384300407,True,0.0006413459777832031,PASS,43,Output should remain approximately same under brightness change,Consistent
BrightnessRelation,1.3499999999999999,-1.633051872253418,-1.6321468353271484,0.0009050369262695312,0.05541994026321319,True,0.0009050369262695312,PASS,43,Output should remain approximately same under brightness change,Consistent
BrightnessRelation,1.9249999999999998,-1.633051872253418,-1.6312716007232666,0.0017802715301513672,0.10901493518056186,True,0.0017802715301513672,PASS,43,Output should remain approximately same under brightness change,Consistent
BrightnessRelation,2.5,-1.633051872253418,-1.6305495500564575,0.0025023221969604492,0.153229711020167,True,0.0025023221969604492,PASS,43,Output should remain approximately same under brightness change,Consistent
RotationRelation,-25.0,-1.633051872253418,-1.637468934059143,0.004417061805725098,0.27047879960126947,True,0.004417061805725098,PASS,43,Small rotation should not significantly change output,Consistent
RotationRelation,-12.5,-1.633051872253418,-1.6342828273773193,0.0012309551239013672,0.07537754256558736,True,0.0012309551239013672,PASS,43,Small rotation should not significantly change output,Consistent
RotationRelation,0.0,-1.633051872253418,-1.633051872253418,0.0,0.0,True,0.0,PASS,43,Small rotation should not significantly change output,Consistent
RotationRelation,12.5,-1.633051872253418,-1.6370606422424316,0.004008769989013672,0.24547704836292583,True,0.004008769989013672,PASS,43,Small rotation should not significantly change output,Consistent
RotationRelation,25.0,-1.633051872253418,-1.63382887840271,0.0007770061492919922,0.047579975057379285,True,0.0007770061492919922,PASS,43,Small rotation should not significantly change output,Consistent
TranslationRelation,0.0,-1.633051872253418,-1.633051872253418,0.0,0.0,True,0.0,PASS,43,Small translation should preserve prediction consistency,Consistent
TranslationRelation,10.0,-1.633051872253418,-1.633366346359253,0.00031447410583496094,0.01925682328956222,True,0.00031447410583496094,PASS,43,Small translation should preserve prediction consistency,Consistent
TranslationRelation,20.0,-1.633051872253418,-1.6335115432739258,0.0004596710205078125,0.02814795701461407,True,0.0004596710205078125,PASS,43,Small translation should preserve prediction consistency,Consistent
TranslationRelation,30.0,-1.633051872253418,-1.633835792541504,0.0007839202880859375,0.048003362377619846,True,0.0007839202880859375,PASS,43,Small translation should preserve prediction consistency,Consistent
TranslationRelation,40.0,-1.633051872253418,-1.632848858833313,0.00020301342010498047,0.012431527696028982,True,0.00020301342010498047,PASS,43,Small translation should preserve prediction consistency,Consistent
NoiseRelation,0.0,-1.633051872253418,-1.633051872253418,0.0,0.0,True,0.0,PASS,43,Noise should not significantly affect prediction,Consistent
NoiseRelation,25.0,-1.633051872253418,-1.6330419778823853,9.894371032714844e-06,0.0006058818548270145,True,9.894371032714844e-06,PASS,43,Noise should not significantly affect prediction,Consistent
NoiseRelation,50.0,-1.633051872253418,-1.633059024810791,7.152557373046875e-06,0.0004379868830074803,True,7.152557373046875e-06,PASS,43,Noise should not significantly affect prediction,Consistent
NoiseRelation,75.0,-1.633051872253418,-1.6329960823059082,5.5789947509765625e-05,0.0034162976874583468,True,5.5789947509765625e-05,PASS,43,Noise should not significantly affect prediction,Consistent
NoiseRelation,100.0,-1.633051872253418,-1.6331626176834106,0.00011074542999267578,0.006781496905232488,True,0.00011074542999267578,PASS,43,Noise should not significantly affect prediction,Consistent
BlurRelation,1.0,-1.633051872253418,-1.633051872253418,0.0,0.0,True,0.0,PASS,43,Blur should not significantly change output,Consistent
BlurRelation,4.5,-1.633051872253418,-1.6331110000610352,5.91278076171875e-05,0.003620691566195171,True,5.91278076171875e-05,PASS,43,Blur should not significantly change output,Consistent
BlurRelation,8.0,-1.633051872253418,-1.6331346035003662,8.273124694824219e-05,0.005066048280119856,True,8.273124694824219e-05,PASS,43,Blur should not significantly change output,Consistent
BlurRelation,11.5,-1.633051872253418,-1.633150339126587,9.846687316894531e-05,0.006029619422736313,True,9.846687316894531e-05,PASS,43,Blur should not significantly change output,Consistent
BlurRelation,15.0,-1.633051872253418,-1.6331897974014282,0.0001379251480102539,0.008445847060660913,True,0.0001379251480102539,PASS,43,Blur should not significantly change output,Consistent
ContrastRelation,0.2,-1.633051872253418,-1.6352837085723877,0.0022318363189697266,0.13666650706110078,True,0.0022318363189697266,PASS,43,Contrast change should not significantly affect output,Consistent
ContrastRelation,0.8999999999999999,-1.633051872253418,-1.633342981338501,0.0002911090850830078,0.01782606613840445,True,0.0002911090850830078,PASS,43,Contrast change should not significantly affect output,Consistent
ContrastRelation,1.5999999999999999,-1.633051872253418,-1.6315845251083374,0.0014673471450805664,0.08985300904898459,True,0.0014673471450805664,PASS,43,Contrast change should not significantly affect output,Consistent
ContrastRelation,2.3,-1.633051872253418,-1.6307438611984253,0.0023080110549926758,0.14133106736513046,True,0.0023080110549926758,PASS,43,Contrast change should not significantly affect output,Consistent
ContrastRelation,3.0,-1.633051872253418,-1.6301873922348022,0.0028644800186157227,0.1754064468631124,True,0.0028644800186157227,PASS,43,Contrast change should not significantly affect output,Consistent
WeatherRelation,0.0,-1.633051872253418,-1.633051872253418,0.0,0.0,True,0.0,PASS,43,Weather changes should not significantly affect output,Consistent
WeatherRelation,0.25,-1.633051872253418,-1.631809115409851,0.0012427568435668945,0.07610022092254971,True,0.0012427568435668945,PASS,43,Weather changes should not significantly affect output,Consistent
WeatherRelation,0.5,-1.633051872253418,-1.6305655241012573,0.0024863481521606445,0.1522515403147836,True,0.0024863481521606445,PASS,43,Weather changes should not significantly affect output,Consistent
WeatherRelation,0.75,-1.633051872253418,-1.6293197870254517,0.0037320852279663086,0.22853425577191977,True,0.0037320852279663086,PASS,43,Weather changes should not significantly affect output,Consistent
WeatherRelation,1.0,-1.633051872253418,-1.6280711889266968,0.004980683326721191,0.304992165982259,True,0.004980683326721191,PASS,43,Weather changes should not significantly affect output,Consistent
LessSensitiveRelation,0.1,-1.633051872253418,-1.6325531005859375,0.0004987716674804688,0.030542285308388296,True,0.0004987716674804688,PASS,43,Output should not change drastically under degradation,Consistent
LessSensitiveRelation,0.325,-1.633051872253418,-1.6314352750778198,0.0016165971755981445,0.09899233534107402,True,0.0016165971755981445,PASS,43,Output should not change drastically under degradation,Consistent
LessSensitiveRelation,0.55,-1.633051872253418,-1.6303156614303589,0.002736210823059082,0.1675518820945116,True,0.002736210823059082,PASS,43,Output should not change drastically under degradation,Consistent
LessSensitiveRelation,0.775,-1.633051872253418,-1.6291970014572144,0.0038548707962036133,0.23605303059688154,True,0.0038548707962036133,PASS,43,Output should not change drastically under degradation,Consistent
LessSensitiveRelation,1.0,-1.633051872253418,-1.6280711889266968,0.004980683326721191,0.304992165982259,True,0.004980683326721191,PASS,43,Output should not change drastically under degradation,Consistent
LessSensitiveRelation,0.1,-1.633051872253418,-1.6355632543563843,0.0025113821029663086,0.1537844944053098,True,0.0025113821029663086,PASS,43,Output should not change drastically under degradation,Consistent
LessSensitiveRelation,0.325,-1.633051872253418,-1.6349389553070068,0.0018870830535888672,0.11555553930014024,True,0.0018870830535888672,PASS,43,Output should not change drastically under degradation,Consistent
LessSensitiveRelation,0.55,-1.633051872253418,-1.6343146562576294,0.0012627840042114258,0.07732658419497065,True,0.0012627840042114258,PASS,43,Output should not change drastically under degradation,Consistent
LessSensitiveRelation,0.775,-1.633051872253418,-1.6336932182312012,0.0006413459777832031,0.03927282384300407,True,0.0006413459777832031,PASS,43,Output should not change drastically under degradation,Consistent
LessSensitiveRelation,1.0,-1.633051872253418,-1.633051872253418,0.0,0.0,True,0.0,PASS,43,Output should not change drastically under degradation,Consistent
RainRelation,0.0,-1.633051872253418,-1.633607268333435,0.0005553960800170898,0.03400968146553085,True,0.0005553960800170898,PASS,43,Rain should not significantly affect prediction,Consistent
RainRelation,0.25,-1.633051872253418,-1.6335798501968384,0.0005279779434204102,0.03233073174733551,True,0.0005279779434204102,PASS,43,Rain should not significantly affect prediction,Consistent
RainRelation,0.5,-1.633051872253418,-1.633522629737854,0.00047075748443603516,0.028826836683275667,True,0.00047075748443603516,PASS,43,Rain should not significantly affect prediction,Consistent
RainRelation,0.75,-1.633051872253418,-1.633603811264038,0.0005519390106201172,0.033797987805410566,True,0.0005519390106201172,PASS,43,Rain should not significantly affect prediction,Consistent
RainRelation,1.0,-1.633051872253418,-1.6335265636444092,0.00047469139099121094,0.02906772946892978,True,0.00047469139099121094,PASS,43,Rain should not significantly affect prediction,Consistent
SnowRelation,0.0,-1.633051872253418,-1.633051872253418,0.0,0.0,True,0.0,PASS,43,Snow should not significantly affect prediction,Consistent
SnowRelation,0.25,-1.633051872253418,-1.6330833435058594,3.147125244140625e-05,0.0019271422852329136,True,3.147125244140625e-05,PASS,43,Snow should not significantly affect prediction,Consistent
SnowRelation,0.5,-1.633051872253418,-1.632548213005066,0.0005036592483520508,0.030841576345110075,True,0.0005036592483520508,PASS,43,Snow should not significantly affect prediction,Consistent
SnowRelation,0.75,-1.633051872253418,-1.6327838897705078,0.00026798248291015625,0.016409908550013598,True,0.00026798248291015625,PASS,43,Snow should not significantly affect prediction,Consistent
SnowRelation,1.0,-1.633051872253418,-1.6326382160186768,0.00041365623474121094,0.02533024140059928,True,0.00041365623474121094,PASS,43,Snow should not significantly affect prediction,Consistent
FogRelation,0.0,-1.633051872253418,-1.633051872253418,0.0,0.0,True,0.0,PASS,43,Fog should not significantly affect prediction,Consistent
FogRelation,0.25,-1.633051872253418,-1.631809115409851,0.0012427568435668945,0.07610022092254971,True,0.0012427568435668945,PASS,43,Fog should not significantly affect prediction,Consistent
FogRelation,0.5,-1.633051872253418,-1.6305655241012573,0.0024863481521606445,0.1522515403147836,True,0.0024863481521606445,PASS,43,Fog should not significantly affect prediction,Consistent
FogRelation,0.75,-1.633051872253418,-1.6293197870254517,0.0037320852279663086,0.22853425577191977,True,0.0037320852279663086,PASS,43,Fog should not significantly affect prediction,Consistent
FogRelation,1.0,-1.633051872253418,-1.6280711889266968,0.004980683326721191,0.304992165982259,True,0.004980683326721191,PASS,43,Fog should not significantly affect prediction,Consistent
TemporalSmoothnessRelation,0.0,-1.6304875612258911,-1.6305943727493286,0.0001068115234375,0.0,True,0.0001068115234375,PASS,43,Predictions should change smoothly across consecutive frames,Consistent
TemporalSmoothnessRelation,25.0,-1.6301090717315674,-1.6323829889297485,0.0022739171981811523,0.0,True,0.0022739171981811523,PASS,43,Predictions should change smoothly across consecutive frames,Consistent
TemporalSmoothnessRelation,50.0,-1.637676477432251,-1.6349196434020996,0.002756834030151367,0.0,True,0.002756834030151367,PASS,43,Predictions should change smoothly across consecutive frames,Consistent
TemporalSmoothnessRelation,75.0,-1.6374915838241577,-1.6324806213378906,0.00501096248626709,0.0,True,0.00501096248626709,PASS,43,Predictions should change smoothly across consecutive frames,Consistent
TemporalSmoothnessRelation,100.0,-1.632336974143982,-1.63276207447052,0.00042510032653808594,0.0,True,0.00042510032653808594,PASS,43,Predictions should change smoothly across consecutive frames,Consistent
BrightnessRelation,0.2,-1.6318174600601196,-1.6350377798080444,0.0032203197479248047,0.1973454662233789,True,0.0032203197479248047,PASS,44,Output should remain approximately same under brightness change,Consistent
BrightnessRelation,0.7749999999999999,-1.6318174600601196,-1.6327356100082397,0.0009181499481201172,0.056265446836916574,True,0.0009181499481201172,PASS,44,Output should remain approximately same under brightness change,Consistent
BrightnessRelation,1.3499999999999999,-1.6318174600601196,-1.6299062967300415,0.001911163330078125,0.11711862421311951,True,0.001911163330078125,PASS,44,Output should remain approximately same under brightness change,Consistent
BrightnessRelation,1.9249999999999998,-1.6318174600601196,-1.629097819328308,0.0027196407318115234,0.16666319191604967,True,0.0027196407318115234,PASS,44,Output should remain approximately same under brightness change,Consistent
BrightnessRelation,2.5,-1.6318174600601196,-1.6288427114486694,0.0029747486114501953,0.18229654120597458,True,0.0029747486114501953,PASS,44,Output should remain approximately same under brightness change,Consistent
RotationRelation,-25.0,-1.6318174600601196,-1.6358436346054077,0.004026174545288086,0.2467293172513659,True,0.004026174545288086,PASS,44,Small rotation should not significantly change output,Consistent
RotationRelation,-12.5,-1.6318174600601196,-1.6330022811889648,0.0011848211288452148,0.07260741055727263,True,0.0011848211288452148,PASS,44,Small rotation should not significantly change output,Consistent
RotationRelation,0.0,-1.6318174600601196,-1.6318174600601196,0.0,0.0,True,0.0,PASS,44,Small rotation should not significantly change output,Consistent
RotationRelation,12.5,-1.6318174600601196,-1.6358380317687988,0.004020571708679199,0.24638596799126006,True,0.004020571708679199,PASS,44,Small rotation should not significantly change output,Consistent
RotationRelation,25.0,-1.6318174600601196,-1.6311653852462769,0.0006520748138427734,0.039960009633593044,True,0.0006520748138427734,PASS,44,Small rotation should not significantly change output,Consistent
TranslationRelation,0.0,-1.6318174600601196,-1.6318174600601196,0.0,0.0,True,0.0,PASS,44,Small translation should preserve prediction consistency,Consistent
TranslationRelation,10.0,-1.6318174600601196,-1.6317131519317627,0.0001043081283569336,0.006392140480693586,True,0.0001043081283569336,PASS,44,Small translation should preserve prediction consistency,Consistent
TranslationRelation,20.0,-1.6318174600601196,-1.6318113803863525,6.079673767089844e-06,0.0003725704737318547,True,6.079673767089844e-06,PASS,44,Small translation should preserve prediction consistency,Consistent
TranslationRelation,30.0,-1.6318174600601196,-1.6316367387771606,0.00018072128295898438,0.011074839964264544,True,0.00018072128295898438,PASS,44,Small translation should preserve prediction consistency,Consistent
TranslationRelation,40.0,-1.6318174600601196,-1.629868507385254,0.0019489526748657227,0.11943440539298221,True,0.0019489526748657227,PASS,44,Small translation should preserve prediction consistency,Consistent
NoiseRelation,0.0,-1.6318174600601196,-1.6318174600601196,0.0,0.0,True,0.0,PASS,44,Noise should not significantly affect prediction,Consistent
NoiseRelation,25.0,-1.6318174600601196,-1.6318331956863403,1.5735626220703125e-05,0.000964300049658918,True,1.5735626220703125e-05,PASS,44,Noise should not significantly affect prediction,Consistent
NoiseRelation,50.0,-1.6318174600601196,-1.6318528652191162,3.540515899658203e-05,0.0021696751117325657,True,3.540515899658203e-05,PASS,44,Noise should not significantly affect prediction,Consistent
NoiseRelation,75.0,-1.6318174600601196,-1.6318421363830566,2.467632293701172e-05,0.0015121978051469396,True,2.467632293701172e-05,PASS,44,Noise should not significantly affect prediction,Consistent
NoiseRelation,100.0,-1.6318174600601196,-1.6319307088851929,0.00011324882507324219,0.006940038236181607,True,0.00011324882507324219,PASS,44,Noise should not significantly affect prediction,Consistent
BlurRelation,1.0,-1.6318174600601196,-1.6318174600601196,0.0,0.0,True,0.0,PASS,44,Blur should not significantly change output,Consistent
BlurRelation,4.5,-1.6318174600601196,-1.6317522525787354,6.520748138427734e-05,0.003996000963359305,True,6.520748138427734e-05,PASS,44,Blur should not significantly change output,Consistent
BlurRelation,8.0,-1.6318174600601196,-1.6317813396453857,3.612041473388672e-05,0.0022135069321716073,True,3.612041473388672e-05,PASS,44,Blur should not significantly change output,Consistent
BlurRelation,11.5,-1.6318174600601196,-1.6317909955978394,2.6464462280273438e-05,0.001621777356244544,True,2.6464462280273438e-05,PASS,44,Blur should not significantly change output,Consistent
BlurRelation,15.0,-1.6318174600601196,-1.631818175315857,7.152557373046875e-07,4.383182043904173e-05,True,7.152557373046875e-07,PASS,44,Blur should not significantly change output,Consistent
ContrastRelation,0.2,-1.6318174600601196,-1.6350377798080444,0.0032203197479248047,0.1973454662233789,True,0.0032203197479248047,PASS,44,Contrast change should not significantly affect output,Consistent
ContrastRelation,0.8999999999999999,-1.6318174600601196,-1.63223397731781,0.0004165172576904297,0.0255247301023353,True,0.0004165172576904297,PASS,44,Contrast change should not significantly affect output,Consistent
ContrastRelation,1.5999999999999999,-1.6318174600601196,-1.6288573741912842,0.0029600858688354492,0.1813979888869742,True,0.0029600858688354492,PASS,44,Contrast change should not significantly affect output,Consistent
ContrastRelation,2.3,-1.6318174600601196,-1.6290781497955322,0.0027393102645874023,0.1678685669781233,True,0.0027393102645874023,PASS,44,Contrast change should not significantly affect output,Consistent
ContrastRelation,3.0,-1.6318174600601196,-1.628245234489441,0.003572225570678711,0.2189107218793874,True,0.003572225570678711,PASS,44,Contrast change should not significantly affect output,Consistent
WeatherRelation,0.0,-1.6318174600601196,-1.6318174600601196,0.0,0.0,True,0.0,PASS,44,Weather changes should not significantly affect output,Consistent
WeatherRelation,0.25,-1.6318174600601196,-1.630881905555725,0.0009355545043945312,0.05733202113426658,True,0.0009355545043945312,PASS,44,Weather changes should not significantly affect output,Consistent
WeatherRelation,0.5,-1.6318174600601196,-1.629943609237671,0.0018738508224487305,0.11483206424688283,True,0.0018738508224487305,PASS,44,Weather changes should not significantly affect output,Consistent
WeatherRelation,0.75,-1.6318174600601196,-1.6290111541748047,0.0028063058853149414,0.17197414749258025,True,0.0028063058853149414,PASS,44,Weather changes should not significantly affect output,Consistent
WeatherRelation,1.0,-1.6318174600601196,-1.6280711889266968,0.0037462711334228516,0.22957646485288757,True,0.0037462711334228516,PASS,44,Weather changes should not significantly affect output,Consistent
LessSensitiveRelation,0.1,-1.6318174600601196,-1.6314456462860107,0.0003718137741088867,0.022785241324895192,True,0.0003718137741088867,PASS,44,Output should not change drastically under degradation,Consistent
LessSensitiveRelation,0.325,-1.6318174600601196,-1.630595088005066,0.001222372055053711,0.07490858113032232,True,0.001222372055053711,PASS,44,Output should not change drastically under degradation,Consistent
LessSensitiveRelation,0.55,-1.6318174600601196,-1.6297613382339478,0.002056121826171875,0.12600187315543196,True,0.002056121826171875,PASS,44,Output should not change drastically under degradation,Consistent
LessSensitiveRelation,0.775,-1.6318174600601196,-1.6289161443710327,0.002901315689086914,0.1777964743075663,True,0.002901315689086914,PASS,44,Output should not change drastically under degradation,Consistent
LessSensitiveRelation,1.0,-1.6318174600601196,-1.6280711889266968,0.0037462711334228516,0.22957646485288757,True,0.0037462711334228516,PASS,44,Output should not change drastically under degradation,Consistent
LessSensitiveRelation,0.1,-1.6318174600601196,-1.6354374885559082,0.0036200284957885742,0.2218401485453967,True,0.0036200284957885742,PASS,44,Output should not change drastically under degradation,Consistent
LessSensitiveRelation,0.325,-1.6318174600601196,-1.6345423460006714,0.002724885940551758,0.166984625265936,True,0.002724885940551758,PASS,44,Output should not change drastically under degradation,Consistent
LessSensitiveRelation,0.55,-1.6318174600601196,-1.6336369514465332,0.0018194913864135742,0.11150084589351567,True,0.0018194913864135742,PASS,44,Output should not change drastically under degradation,Consistent
LessSensitiveRelation,0.775,-1.6318174600601196,-1.6327356100082397,0.0009181499481201172,0.056265446836916574,True,0.0009181499481201172,PASS,44,Output should not change drastically under degradation,Consistent
LessSensitiveRelation,1.0,-1.6318174600601196,-1.6318174600601196,0.0,0.0,True,0.0,PASS,44,Output should not change drastically under degradation,Consistent
RainRelation,0.0,-1.6318174600601196,-1.6326184272766113,0.0008009672164916992,0.049084333588320234,True,0.0008009672164916992,PASS,44,Rain should not significantly affect prediction,Consistent
RainRelation,0.25,-1.6318174600601196,-1.632604956626892,0.0007874965667724609,0.04825883430338495,True,0.0007874965667724609,PASS,44,Rain should not significantly affect prediction,Consistent
RainRelation,0.5,-1.6318174600601196,-1.6325777769088745,0.0007603168487548828,0.04659322512670136,True,0.0007603168487548828,PASS,44,Rain should not significantly affect prediction,Consistent
RainRelation,0.75,-1.6318174600601196,-1.6325989961624146,0.0007815361022949219,0.047893569133059595,True,0.0007815361022949219,PASS,44,Rain should not significantly affect prediction,Consistent
RainRelation,1.0,-1.6318174600601196,-1.6326285600662231,0.0008111000061035156,0.04970528437787332,True,0.0008111000061035156,PASS,44,Rain should not significantly affect prediction,Consistent
SnowRelation,0.0,-1.6318174600601196,-1.6318174600601196,0.0,0.0,True,0.0,PASS,44,Snow should not significantly affect prediction,Consistent
SnowRelation,0.25,-1.6318174600601196,-1.631655216217041,0.00016224384307861328,0.009942517936255965,True,0.00016224384307861328,PASS,44,Snow should not significantly affect prediction,Consistent
SnowRelation,0.5,-1.6318174600601196,-1.63239324092865,0.0005757808685302734,0.03528461545342859,True,0.0005757808685302734,PASS,44,Snow should not significantly affect prediction,Consistent
SnowRelation,0.75,-1.6318174600601196,-1.6317940950393677,2.3365020751953125e-05,0.0014318394676753631,True,2.3365020751953125e-05,PASS,44,Snow should not significantly affect prediction,Consistent
SnowRelation,1.0,-1.6318174600601196,-1.6315910816192627,0.0002263784408569336,0.013872771168956709,True,0.0002263784408569336,PASS,44,Snow should not significantly affect prediction,Consistent
FogRelation,0.0,-1.6318174600601196,-1.6318174600601196,0.0,0.0,True,0.0,PASS,44,Fog should not significantly affect prediction,Consistent
FogRelation,0.25,-1.6318174600601196,-1.630881905555725,0.0009355545043945312,0.05733202113426658,True,0.0009355545043945312,PASS,44,Fog should not significantly affect prediction,Consistent
FogRelation,0.5,-1.6318174600601196,-1.629943609237671,0.0018738508224487305,0.11483206424688283,True,0.0018738508224487305,PASS,44,Fog should not significantly affect prediction,Consistent
FogRelation,0.75,-1.6318174600601196,-1.6290111541748047,0.0028063058853149414,0.17197414749258025,True,0.0028063058853149414,PASS,44,Fog should not significantly affect prediction,Consistent
FogRelation,1.0,-1.6318174600601196,-1.6280711889266968,0.0037462711334228516,0.22957646485288757,True,0.0037462711334228516,PASS,44,Fog should not significantly affect prediction,Consistent
TemporalSmoothnessRelation,0.0,-1.6304875612258911,-1.6305943727493286,0.0001068115234375,0.0,True,0.0001068115234375,PASS,44,Predictions should change smoothly across consecutive frames,Consistent
TemporalSmoothnessRelation,25.0,-1.6301090717315674,-1.6323829889297485,0.0022739171981811523,0.0,True,0.0022739171981811523,PASS,44,Predictions should change smoothly across consecutive frames,Consistent
TemporalSmoothnessRelation,50.0,-1.637676477432251,-1.6349196434020996,0.002756834030151367,0.0,True,0.002756834030151367,PASS,44,Predictions should change smoothly across consecutive frames,Consistent
TemporalSmoothnessRelation,75.0,-1.6374915838241577,-1.6324806213378906,0.00501096248626709,0.0,True,0.00501096248626709,PASS,44,Predictions should change smoothly across consecutive frames,Consistent
TemporalSmoothnessRelation,100.0,-1.632336974143982,-1.63276207447052,0.00042510032653808594,0.0,True,0.00042510032653808594,PASS,44,Predictions should change smoothly across consecutive frames,Consistent
BrightnessRelation,0.2,-1.6331156492233276,-1.6352968215942383,0.0021811723709106445,0.13355888398712729,True,0.0021811723709106445,PASS,45,Output should remain approximately same under brightness change,Consistent
BrightnessRelation,0.7749999999999999,-1.6331156492233276,-1.6337403059005737,0.0006246566772460938,0.03824936066527556,True,0.0006246566772460938,PASS,45,Output should remain approximately same under brightness change,Consistent
BrightnessRelation,1.3499999999999999,-1.6331156492233276,-1.6321375370025635,0.0009781122207641602,0.059892367224920987,True,0.0009781122207641602,PASS,45,Output should remain approximately same under brightness change,Consistent
BrightnessRelation,1.9249999999999998,-1.6331156492233276,-1.630194902420044,0.0029207468032836914,0.17884495909540393,True,0.0029207468032836914,PASS,45,Output should remain approximately same under brightness change,Consistent
BrightnessRelation,2.5,-1.6331156492233276,-1.6293587684631348,0.003756880760192871,0.2300436262149159,True,0.003756880760192871,PASS,45,Output should remain approximately same under brightness change,Consistent
RotationRelation,-25.0,-1.6331156492233276,-1.6395777463912964,0.00646209716796875,0.39569109598153773,True,0.00646209716796875,PASS,45,Small rotation should not significantly change output,Consistent
RotationRelation,-12.5,-1.6331156492233276,-1.6374839544296265,0.004368305206298828,0.267482742789763,True,0.004368305206298828,PASS,45,Small rotation should not significantly change output,Consistent
RotationRelation,0.0,-1.6331156492233276,-1.6331156492233276,0.0,0.0,True,0.0,PASS,45,Small rotation should not significantly change output,Consistent
RotationRelation,12.5,-1.6331156492233276,-1.6352381706237793,0.00212252140045166,0.12996753180252507,True,0.00212252140045166,PASS,45,Small rotation should not significantly change output,Consistent
RotationRelation,25.0,-1.6331156492233276,-1.6344897747039795,0.0013741254806518555,0.08414129396729607,True,0.0013741254806518555,PASS,45,Small rotation should not significantly change output,Consistent
TranslationRelation,0.0,-1.6331156492233276,-1.6331156492233276,0.0,0.0,True,0.0,PASS,45,Small translation should preserve prediction consistency,Consistent
TranslationRelation,10.0,-1.6331156492233276,-1.6336805820465088,0.0005649328231811523,0.03459231301388185,True,0.0005649328231811523,PASS,45,Small translation should preserve prediction consistency,Consistent
TranslationRelation,20.0,-1.6331156492233276,-1.6339740753173828,0.0008584260940551758,0.05256367292951323,True,0.0008584260940551758,PASS,45,Small translation should preserve prediction consistency,Consistent
TranslationRelation,30.0,-1.6331156492233276,-1.6335399150848389,0.00042426586151123047,0.025978907367884684,True,0.00042426586151123047,PASS,45,Small translation should preserve prediction consistency,Consistent
TranslationRelation,40.0,-1.6331156492233276,-1.6316148042678833,0.001500844955444336,0.09190065854500369,True,0.001500844955444336,PASS,45,Small translation should preserve prediction consistency,Consistent
NoiseRelation,0.0,-1.6331156492233276,-1.6331156492233276,0.0,0.0,True,0.0,PASS,45,Noise should not significantly affect prediction,Consistent
NoiseRelation,25.0,-1.6331156492233276,-1.633091926574707,2.372264862060547e-05,0.0014525997657232512,True,2.372264862060547e-05,PASS,45,Noise should not significantly affect prediction,Consistent
NoiseRelation,50.0,-1.6331156492233276,-1.6333128213882446,0.0001971721649169922,0.012073366897016371,True,0.0001971721649169922,PASS,45,Noise should not significantly affect prediction,Consistent
NoiseRelation,75.0,-1.6331156492233276,-1.6328849792480469,0.00023066997528076172,0.014124525360173324,True,0.00023066997528076172,PASS,45,Noise should not significantly affect prediction,Consistent
NoiseRelation,100.0,-1.6331156492233276,-1.6331677436828613,5.2094459533691406e-05,0.0031898798875430196,True,5.2094459533691406e-05,PASS,45,Noise should not significantly affect prediction,Consistent
BlurRelation,1.0,-1.6331156492233276,-1.6331156492233276,0.0,0.0,True,0.0,PASS,45,Blur should not significantly change output,Consistent
BlurRelation,4.5,-1.6331156492233276,-1.63333261013031,0.00021696090698242188,0.013285083284504109,True,0.00021696090698242188,PASS,45,Blur should not significantly change output,Consistent
BlurRelation,8.0,-1.6331156492233276,-1.6334245204925537,0.0003088712692260742,0.018912994939642935,True,0.0003088712692260742,PASS,45,Blur should not significantly change output,Consistent
BlurRelation,11.5,-1.6331156492233276,-1.633467197418213,0.0003515481948852539,0.021526214618682756,True,0.0003515481948852539,PASS,45,Blur should not significantly change output,Consistent
BlurRelation,15.0,-1.6331156492233276,-1.633569598197937,0.000453948974609375,0.027796481949116287,True,0.000453948974609375,PASS,45,Blur should not significantly change output,Consistent
ContrastRelation,0.2,-1.6331156492233276,-1.6352968215942383,0.0021811723709106445,0.13355888398712729,True,0.0021811723709106445,PASS,45,Contrast change should not significantly affect output,Consistent
ContrastRelation,0.8999999999999999,-1.6331156492233276,-1.6334031820297241,0.0002875328063964844,0.017606385100123027,True,0.0002875328063964844,PASS,45,Contrast change should not significantly affect output,Consistent
ContrastRelation,1.5999999999999999,-1.6331156492233276,-1.6311452388763428,0.0019704103469848633,0.12065337451075188,True,0.0019704103469848633,PASS,45,Contrast change should not significantly affect output,Consistent
ContrastRelation,2.3,-1.6331156492233276,-1.6295967102050781,0.0035189390182495117,0.21547383157982242,True,0.0035189390182495117,PASS,45,Contrast change should not significantly affect output,Consistent
ContrastRelation,3.0,-1.6331156492233276,-1.6288717985153198,0.0042438507080078125,0.2598620686419485,True,0.0042438507080078125,PASS,45,Contrast change should not significantly affect output,Consistent
WeatherRelation,0.0,-1.6331156492233276,-1.6331156492233276,0.0,0.0,True,0.0,PASS,45,Weather changes should not significantly affect output,Consistent
WeatherRelation,0.25,-1.6331156492233276,-1.6318535804748535,0.001262068748474121,0.077279767435739,True,0.001262068748474121,PASS,45,Weather changes should not significantly affect output,Consistent
WeatherRelation,0.5,-1.6331156492233276,-1.6305919885635376,0.002523660659790039,0.15453033688623735,True,0.002523660659790039,PASS,45,Weather changes should not significantly affect output,Consistent
WeatherRelation,0.75,-1.6331156492233276,-1.6293349266052246,0.0037807226181030273,0.23150352547694933,True,0.0037807226181030273,PASS,45,Weather changes should not significantly affect output,Consistent
WeatherRelation,1.0,-1.6331156492233276,-1.6280711889266968,0.005044460296630859,0.3088854858610307,True,0.005044460296630859,PASS,45,Weather changes should not significantly affect output,Consistent
LessSensitiveRelation,0.1,-1.6331156492233276,-1.63261079788208,0.0005048513412475586,0.030913366873557637,True,0.0005048513412475586,PASS,45,Output should not change drastically under degradation,Consistent
LessSensitiveRelation,0.325,-1.6331156492233276,-1.6314748525619507,0.0016407966613769531,0.10047026721313985,True,0.0016407966613769531,PASS,45,Output should not change drastically under degradation,Consistent
LessSensitiveRelation,0.55,-1.6331156492233276,-1.6303396224975586,0.002776026725769043,0.16998337057486107,True,0.002776026725769043,PASS,45,Output should not change drastically under degradation,Consistent
LessSensitiveRelation,0.775,-1.6331156492233276,-1.6292058229446411,0.0039098262786865234,0.2394088799808603,True,0.0039098262786865234,PASS,45,Output should not change drastically under degradation,Consistent
LessSensitiveRelation,1.0,-1.6331156492233276,-1.6280711889266968,0.005044460296630859,0.3088854858610307,True,0.005044460296630859,PASS,45,Output should not change drastically under degradation,Consistent
LessSensitiveRelation,0.1,-1.6331156492233276,-1.6355681419372559,0.0024524927139282227,0.1501725375890676,True,0.0024524927139282227,PASS,45,Output should not change drastically under degradation,Consistent
LessSensitiveRelation,0.325,-1.6331156492233276,-1.6349602937698364,0.001844644546508789,0.1129524059035256,True,0.001844644546508789,PASS,45,Output should not change drastically under degradation,Consistent
LessSensitiveRelation,0.55,-1.6331156492233276,-1.6343495845794678,0.0012339353561401367,0.07555708630653957,True,0.0012339353561401367,PASS,45,Output should not change drastically under degradation,Consistent
LessSensitiveRelation,0.775,-1.6331156492233276,-1.6337403059005737,0.0006246566772460938,0.03824936066527556,True,0.0006246566772460938,PASS,45,Output should not change drastically under degradation,Consistent
LessSensitiveRelation,1.0,-1.6331156492233276,-1.6331156492233276,0.0,0.0,True,0.0,PASS,45,Output should not change drastically under degradation,Consistent
RainRelation,0.0,-1.6331156492233276,-1.6336565017700195,0.0005408525466918945,0.03311781475922809,True,0.0005408525466918945,PASS,45,Rain should not significantly affect prediction,Consistent
RainRelation,0.25,-1.6331156492233276,-1.63362455368042,0.0005089044570922852,0.031161549748103316,True,0.0005089044570922852,PASS,45,Rain should not significantly affect prediction,Consistent
RainRelation,0.5,-1.6331156492233276,-1.6336727142333984,0.0005570650100708008,0.03411054625741082,True,0.0005570650100708008,PASS,45,Rain should not significantly affect prediction,Consistent
RainRelation,0.75,-1.6331156492233276,-1.6336151361465454,0.0004994869232177734,0.030584889539600115,True,0.0004994869232177734,PASS,45,Rain should not significantly affect prediction,Consistent
RainRelation,1.0,-1.6331156492233276,-1.6335495710372925,0.00043392181396484375,0.026570166569008218,True,0.00043392181396484375,PASS,45,Rain should not significantly affect prediction,Consistent
SnowRelation,0.0,-1.6331156492233276,-1.6331156492233276,0.0,0.0,True,0.0,PASS,45,Snow should not significantly affect prediction,Consistent
SnowRelation,0.25,-1.6331156492233276,-1.6329132318496704,0.00020241737365722656,0.012394544734663723,True,0.00020241737365722656,PASS,45,Snow should not significantly affect prediction,Consistent
SnowRelation,0.5,-1.6331156492233276,-1.6325347423553467,0.000580906867980957,0.03557044551944424,True,0.000580906867980957,PASS,45,Snow should not significantly affect prediction,Consistent
SnowRelation,0.75,-1.6331156492233276,-1.631940245628357,0.0011754035949707031,0.07197303361824753,True,0.0011754035949707031,PASS,45,Snow should not significantly affect prediction,Consistent
SnowRelation,1.0,-1.6331156492233276,-1.6321526765823364,0.0009629726409912109,0.058965331193529764,True,0.0009629726409912109,PASS,45,Snow should not significantly affect prediction,Consistent
FogRelation,0.0,-1.6331156492233276,-1.6331156492233276,0.0,0.0,True,0.0,PASS,45,Fog should not significantly affect prediction,Consistent
FogRelation,0.25,-1.6331156492233276,-1.6318535804748535,0.001262068748474121,0.077279767435739,True,0.001262068748474121,PASS,45,Fog should not significantly affect prediction,Consistent
FogRelation,0.5,-1.6331156492233276,-1.6305919885635376,0.002523660659790039,0.15453033688623735,True,0.002523660659790039,PASS,45,Fog should not significantly affect prediction,Consistent
FogRelation,0.75,-1.6331156492233276,-1.6293349266052246,0.0037807226181030273,0.23150352547694933,True,0.0037807226181030273,PASS,45,Fog should not significantly affect prediction,Consistent
FogRelation,1.0,-1.6331156492233276,-1.6280711889266968,0.005044460296630859,0.3088854858610307,True,0.005044460296630859,PASS,45,Fog should not significantly affect prediction,Consistent
TemporalSmoothnessRelation,0.0,-1.6304875612258911,-1.6305943727493286,0.0001068115234375,0.0,True,0.0001068115234375,PASS,45,Predictions should change smoothly across consecutive frames,Consistent
TemporalSmoothnessRelation,25.0,-1.6301090717315674,-1.6323829889297485,0.0022739171981811523,0.0,True,0.0022739171981811523,PASS,45,Predictions should change smoothly across consecutive frames,Consistent
TemporalSmoothnessRelation,50.0,-1.637676477432251,-1.6349196434020996,0.002756834030151367,0.0,True,0.002756834030151367,PASS,45,Predictions should change smoothly across consecutive frames,Consistent
TemporalSmoothnessRelation,75.0,-1.6374915838241577,-1.6324806213378906,0.00501096248626709,0.0,True,0.00501096248626709,PASS,45,Predictions should change smoothly across consecutive frames,Consistent
TemporalSmoothnessRelation,100.0,-1.632336974143982,-1.63276207447052,0.00042510032653808594,0.0,True,0.00042510032653808594,PASS,45,Predictions should change smoothly across consecutive frames,Consistent
BrightnessRelation,0.2,-1.6329011917114258,-1.6352512836456299,0.0023500919342041016,0.1439211696899615,True,0.0023500919342041016,PASS,46,Output should remain approximately same under brightness change,Consistent
BrightnessRelation,0.7749999999999999,-1.6329011917114258,-1.6335729360580444,0.0006717443466186523,0.04113806387353826,True,0.0006717443466186523,PASS,46,Output should remain approximately same under brightness change,Consistent
BrightnessRelation,1.3499999999999999,-1.6329011917114258,-1.631665825843811,0.001235365867614746,0.0756546150703597,True,0.001235365867614746,PASS,46,Output should remain approximately same under brightness change,Consistent
BrightnessRelation,1.9249999999999998,-1.6329011917114258,-1.6294360160827637,0.0034651756286621094,0.21220962567453594,True,0.0034651756286621094,PASS,46,Output should remain approximately same under brightness change,Consistent
BrightnessRelation,2.5,-1.6329011917114258,-1.628814935684204,0.00408625602722168,0.2502449961769555,True,0.00408625602722168,PASS,46,Output should remain approximately same under brightness change,Consistent
RotationRelation,-25.0,-1.6329011917114258,-1.6355541944503784,0.0026530027389526367,0.16247162582175578,True,0.0026530027389526367,PASS,46,Small rotation should not significantly change output,Consistent
RotationRelation,-12.5,-1.6329011917114258,-1.6355929374694824,0.0026917457580566406,0.1648442736937877,True,0.0026917457580566406,PASS,46,Small rotation should not significantly change output,Consistent
RotationRelation,0.0,-1.6329011917114258,-1.6329011917114258,0.0,0.0,True,0.0,PASS,46,Small rotation should not significantly change output,Consistent
RotationRelation,12.5,-1.6329011917114258,-1.6357704401016235,0.002869248390197754,0.1757146511751894,True,0.002869248390197754,PASS,46,Small rotation should not significantly change output,Consistent
RotationRelation,25.0,-1.6329011917114258,-1.634345293045044,0.001444101333618164,0.08843771175936867,True,0.001444101333618164,PASS,46,Small rotation should not significantly change output,Consistent
TranslationRelation,0.0,-1.6329011917114258,-1.6329011917114258,0.0,0.0,True,0.0,PASS,46,Small translation should preserve prediction consistency,Consistent
TranslationRelation,10.0,-1.6329011917114258,-1.632445216178894,0.0004559755325317383,0.02792424034006811,True,0.0004559755325317383,PASS,46,Small translation should preserve prediction consistency,Consistent
TranslationRelation,20.0,-1.6329011917114258,-1.6323515176773071,0.0005496740341186523,0.03366239796288995,True,0.0005496740341186523,PASS,46,Small translation should preserve prediction consistency,Consistent
TranslationRelation,30.0,-1.6329011917114258,-1.6319116353988647,0.0009895563125610352,0.06060107687919095,True,0.0009895563125610352,PASS,46,Small translation should preserve prediction consistency,Consistent
TranslationRelation,40.0,-1.6329011917114258,-1.6299545764923096,0.002946615219116211,0.18045264646426237,True,0.002946615219116211,PASS,46,Small translation should preserve prediction consistency,Consistent
NoiseRelation,0.0,-1.6329011917114258,-1.6329011917114258,0.0,0.0,True,0.0,PASS,46,Noise should not significantly affect prediction,Consistent
NoiseRelation,25.0,-1.6329011917114258,-1.632865309715271,3.5881996154785156e-05,0.0021974369522511114,True,3.5881996154785156e-05,PASS,46,Noise should not significantly affect prediction,Consistent
NoiseRelation,50.0,-1.6329011917114258,-1.6331197023391724,0.00021851062774658203,0.01338173399826009,True,0.00021851062774658203,PASS,46,Noise should not significantly affect prediction,Consistent
NoiseRelation,75.0,-1.6329011917114258,-1.632772445678711,0.00012874603271484375,0.007884491390136878,True,0.00012874603271484375,PASS,46,Noise should not significantly affect prediction,Consistent
NoiseRelation,100.0,-1.6329011917114258,-1.632720708847046,0.0001804828643798828,0.011052888856173365,True,0.0001804828643798828,PASS,46,Noise should not significantly affect prediction,Consistent
BlurRelation,1.0,-1.6329011917114258,-1.6329011917114258,0.0,0.0,True,0.0,PASS,46,Blur should not significantly change output,Consistent
BlurRelation,4.5,-1.6329011917114258,-1.6329210996627808,1.990795135498047e-05,0.0012191759834748693,True,1.990795135498047e-05,PASS,46,Blur should not significantly change output,Consistent
BlurRelation,8.0,-1.6329011917114258,-1.6330126523971558,0.00011146068572998047,0.006825925416461095,True,0.00011146068572998047,PASS,46,Blur should not significantly change output,Consistent
BlurRelation,11.5,-1.6329011917114258,-1.6330616474151611,0.00016045570373535156,0.009826412417707629,True,0.00016045570373535156,PASS,46,Blur should not significantly change output,Consistent
BlurRelation,15.0,-1.6329011917114258,-1.6331771612167358,0.0002759695053100586,0.01690055330385822,True,0.0002759695053100586,PASS,46,Blur should not significantly change output,Consistent
ContrastRelation,0.2,-1.6329011917114258,-1.6352512836456299,0.0023500919342041016,0.1439211696899615,True,0.0023500919342041016,PASS,46,Contrast change should not significantly affect output,Consistent
ContrastRelation,0.8999999999999999,-1.6329011917114258,-1.633205771446228,0.0003045797348022461,0.01865266250166641,True,0.0003045797348022461,PASS,46,Contrast change should not significantly affect output,Consistent
ContrastRelation,1.5999999999999999,-1.6329011917114258,-1.6305162906646729,0.0023849010467529297,0.1460529025472948,True,0.0023849010467529297,PASS,46,Contrast change should not significantly affect output,Consistent
ContrastRelation,2.3,-1.6329011917114258,-1.6289128065109253,0.003988385200500488,0.2442513226294533,True,0.003988385200500488,PASS,46,Contrast change should not significantly affect output,Consistent
ContrastRelation,3.0,-1.6329011917114258,-1.6286696195602417,0.004231572151184082,0.25914425081082293,True,0.004231572151184082,PASS,46,Contrast change should not significantly affect output,Consistent
WeatherRelation,0.0,-1.6329011917114258,-1.6329011917114258,0.0,0.0,True,0.0,PASS,46,Weather changes should not significantly affect output,Consistent
WeatherRelation,0.25,-1.6329011917114258,-1.6316914558410645,0.0012097358703613281,0.07408501724732319,True,0.0012097358703613281,PASS,46,Weather changes should not significantly affect output,Consistent
WeatherRelation,0.5,-1.6329011917114258,-1.6304843425750732,0.002416849136352539,0.1480094244848473,True,0.002416849136352539,PASS,46,Weather changes should not significantly affect output,Consistent
WeatherRelation,0.75,-1.6329011917114258,-1.629280686378479,0.0036205053329467773,0.22172211852763626,True,0.0036205053329467773,PASS,46,Weather changes should not significantly affect output,Consistent
WeatherRelation,1.0,-1.6329011917114258,-1.6280711889266968,0.004830002784729004,0.2957925348649777,True,0.004830002784729004,PASS,46,Weather changes should not significantly affect output,Consistent
LessSensitiveRelation,0.1,-1.6329011917114258,-1.6324189901351929,0.00048220157623291016,0.02953034043805896,True,0.00048220157623291016,PASS,46,Output should not change drastically under degradation,Consistent
LessSensitiveRelation,0.325,-1.6329011917114258,-1.6313343048095703,0.0015668869018554688,0.09595718039996216,True,0.0015668869018554688,PASS,46,Output should not change drastically under degradation,Consistent
LessSensitiveRelation,0.55,-1.6329011917114258,-1.6302436590194702,0.0026575326919555664,0.16274904311140875,True,0.0026575326919555664,PASS,46,Output should not change drastically under degradation,Consistent
LessSensitiveRelation,0.775,-1.6329011917114258,-1.629160761833191,0.0037404298782348633,0.22906637624844892,True,0.0037404298782348633,PASS,46,Output should not change drastically under degradation,Consistent
LessSensitiveRelation,1.0,-1.6329011917114258,-1.6280711889266968,0.004830002784729004,0.2957925348649777,True,0.004830002784729004,PASS,46,Output should not change drastically under degradation,Consistent
LessSensitiveRelation,0.1,-1.6329011917114258,-1.6355470418930054,0.00264585018157959,0.16203359852230373,True,0.00264585018157959,PASS,46,Output should not change drastically under degradation,Consistent
LessSensitiveRelation,0.325,-1.6329011917114258,-1.6348912715911865,0.001990079879760742,0.12187379561754172,True,0.001990079879760742,PASS,46,Output should not change drastically under degradation,Consistent
LessSensitiveRelation,0.55,-1.6329011917114258,-1.6342339515686035,0.0013327598571777344,0.08161908679789844,True,0.0013327598571777344,PASS,46,Output should not change drastically under degradation,Consistent
LessSensitiveRelation,0.775,-1.6329011917114258,-1.6335729360580444,0.0006717443466186523,0.04113806387353826,True,0.0006717443466186523,PASS,46,Output should not change drastically under degradation,Consistent
LessSensitiveRelation,1.0,-1.6329011917114258,-1.6329011917114258,0.0,0.0,True,0.0,PASS,46,Output should not change drastically under degradation,Consistent
RainRelation,0.0,-1.6329011917114258,-1.6334871053695679,0.0005859136581420898,0.035881736280113666,True,0.0005859136581420898,PASS,46,Rain should not significantly affect prediction,Consistent
RainRelation,0.25,-1.6329011917114258,-1.6334807872772217,0.0005795955657958984,0.03549481216559769,True,0.0005795955657958984,PASS,46,Rain should not significantly affect prediction,Consistent
RainRelation,0.5,-1.6329011917114258,-1.6334642171859741,0.0005630254745483398,0.03448004892186711,True,0.0005630254745483398,PASS,46,Rain should not significantly affect prediction,Consistent
RainRelation,0.75,-1.6329011917114258,-1.63346266746521,0.0005614757537841797,0.03438514300698583,True,0.0005614757537841797,PASS,46,Rain should not significantly affect prediction,Consistent
RainRelation,1.0,-1.6329011917114258,-1.6334608793258667,0.000559687614440918,0.03427563618212282,True,0.000559687614440918,PASS,46,Rain should not significantly affect prediction,Consistent
SnowRelation,0.0,-1.6329011917114258,-1.6329011917114258,0.0,0.0,True,0.0,PASS,46,Snow should not significantly affect prediction,Consistent
SnowRelation,0.25,-1.6329011917114258,-1.632803201675415,9.799003601074219e-05,0.006000974002493069,True,9.799003601074219e-05,PASS,46,Snow should not significantly affect prediction,Consistent
SnowRelation,0.5,-1.6329011917114258,-1.6321896314620972,0.0007115602493286133,0.04357641584048799,True,0.0007115602493286133,PASS,46,Snow should not significantly affect prediction,Consistent
SnowRelation,0.75,-1.6329011917114258,-1.6327393054962158,0.00016188621520996094,0.009914017877598038,True,0.00016188621520996094,PASS,46,Snow should not significantly affect prediction,Consistent
SnowRelation,1.0,-1.6329011917114258,-1.6317461729049683,0.0011550188064575195,0.07073410840651502,True,0.0011550188064575195,PASS,46,Snow should not significantly affect prediction,Consistent
FogRelation,0.0,-1.6329011917114258,-1.6329011917114258,0.0,0.0,True,0.0,PASS,46,Fog should not significantly affect prediction,Consistent
FogRelation,0.25,-1.6329011917114258,-1.6316914558410645,0.0012097358703613281,0.07408501724732319,True,0.0012097358703613281,PASS,46,Fog should not significantly affect prediction,Consistent
FogRelation,0.5,-1.6329011917114258,-1.6304843425750732,0.002416849136352539,0.1480094244848473,True,0.002416849136352539,PASS,46,Fog should not significantly affect prediction,Consistent
FogRelation,0.75,-1.6329011917114258,-1.629280686378479,0.0036205053329467773,0.22172211852763626,True,0.0036205053329467773,PASS,46,Fog should not significantly affect prediction,Consistent
FogRelation,1.0,-1.6329011917114258,-1.6280711889266968,0.004830002784729004,0.2957925348649777,True,0.004830002784729004,PASS,46,Fog should not significantly affect prediction,Consistent
TemporalSmoothnessRelation,0.0,-1.6304875612258911,-1.6305943727493286,0.0001068115234375,0.0,True,0.0001068115234375,PASS,46,Predictions should change smoothly across consecutive frames,Consistent
TemporalSmoothnessRelation,25.0,-1.6301090717315674,-1.6323829889297485,0.0022739171981811523,0.0,True,0.0022739171981811523,PASS,46,Predictions should change smoothly across consecutive frames,Consistent
TemporalSmoothnessRelation,50.0,-1.637676477432251,-1.6349196434020996,0.002756834030151367,0.0,True,0.002756834030151367,PASS,46,Predictions should change smoothly across consecutive frames,Consistent
TemporalSmoothnessRelation,75.0,-1.6374915838241577,-1.6324806213378906,0.00501096248626709,0.0,True,0.00501096248626709,PASS,46,Predictions should change smoothly across consecutive frames,Consistent
TemporalSmoothnessRelation,100.0,-1.632336974143982,-1.63276207447052,0.00042510032653808594,0.0,True,0.00042510032653808594,PASS,46,Predictions should change smoothly across consecutive frames,Consistent
BrightnessRelation,0.2,-1.6335898637771606,-1.6353923082351685,0.0018024444580078125,0.11033634540782333,True,0.0018024444580078125,PASS,47,Output should remain approximately same under brightness change,Consistent
BrightnessRelation,0.7749999999999999,-1.6335898637771606,-1.6341049671173096,0.0005151033401489258,0.031531967493862736,True,0.0005151033401489258,PASS,47,Output should remain approximately same under brightness change,Consistent
BrightnessRelation,1.3499999999999999,-1.6335898637771606,-1.6327649354934692,0.0008249282836914062,0.05049785120516782,True,0.0008249282836914062,PASS,47,Output should remain approximately same under brightness change,Consistent
BrightnessRelation,1.9249999999999998,-1.6335898637771606,-1.6306926012039185,0.0028972625732421875,0.17735545891479748,True,0.0028972625732421875,PASS,47,Output should remain approximately same under brightness change,Consistent
BrightnessRelation,2.5,-1.6335898637771606,-1.6297671794891357,0.0038226842880249023,0.23400499921909196,True,0.0038226842880249023,PASS,47,Output should remain approximately same under brightness change,Consistent
RotationRelation,-25.0,-1.6335898637771606,-1.632810115814209,0.0007797479629516602,0.04773214519263045,True,0.0007797479629516602,PASS,47,Small rotation should not significantly change output,Consistent
RotationRelation,-12.5,-1.6335898637771606,-1.632894515991211,0.000695347785949707,0.04256560203464507,True,0.000695347785949707,PASS,47,Small rotation should not significantly change output,Consistent
RotationRelation,0.0,-1.6335898637771606,-1.6335898637771606,0.0,0.0,True,0.0,PASS,47,Small rotation should not significantly change output,Consistent
RotationRelation,12.5,-1.6335898637771606,-1.6383451223373413,0.004755258560180664,0.29109238216389366,True,0.004755258560180664,PASS,47,Small rotation should not significantly change output,Consistent
RotationRelation,25.0,-1.6335898637771606,-1.6347464323043823,0.0011565685272216797,0.07079915497001997,True,0.0011565685272216797,PASS,47,Small rotation should not significantly change output,Consistent
TranslationRelation,0.0,-1.6335898637771606,-1.6335898637771606,0.0,0.0,True,0.0,PASS,47,Small translation should preserve prediction consistency,Consistent
TranslationRelation,10.0,-1.6335898637771606,-1.6331331729888916,0.00045669078826904297,0.027956252596386982,True,0.00045669078826904297,PASS,47,Small translation should preserve prediction consistency,Consistent
TranslationRelation,20.0,-1.6335898637771606,-1.6330245733261108,0.0005652904510498047,0.03460416335475517,True,0.0005652904510498047,PASS,47,Small translation should preserve prediction consistency,Consistent
TranslationRelation,30.0,-1.6335898637771606,-1.6329364776611328,0.000653386116027832,0.03999692521033596,True,0.000653386116027832,PASS,47,Small translation should preserve prediction consistency,Consistent
TranslationRelation,40.0,-1.6335898637771606,-1.6314446926116943,0.0021451711654663086,0.1313163052654617,True,0.0021451711654663086,PASS,47,Small translation should preserve prediction consistency,Consistent
NoiseRelation,0.0,-1.6335898637771606,-1.6335898637771606,0.0,0.0,True,0.0,PASS,47,Noise should not significantly affect prediction,Consistent
NoiseRelation,25.0,-1.6335898637771606,-1.6335574388504028,3.24249267578125e-05,0.001984886636966134,True,3.24249267578125e-05,PASS,47,Noise should not significantly affect prediction,Consistent
NoiseRelation,50.0,-1.6335898637771606,-1.633355736732483,0.00023412704467773438,0.014332049099270175,True,0.00023412704467773438,PASS,47,Noise should not significantly affect prediction,Consistent
NoiseRelation,75.0,-1.6335898637771606,-1.6335264444351196,6.341934204101562e-05,0.0038822047458308205,True,6.341934204101562e-05,PASS,47,Noise should not significantly affect prediction,Consistent
NoiseRelation,100.0,-1.6335898637771606,-1.6335331201553345,5.6743621826171875e-05,0.0034735516146907346,True,5.6743621826171875e-05,PASS,47,Noise should not significantly affect prediction,Consistent
BlurRelation,1.0,-1.6335898637771606,-1.6335898637771606,0.0,0.0,True,0.0,PASS,47,Blur should not significantly change output,Consistent
BlurRelation,4.5,-1.6335898637771606,-1.6336150169372559,2.5153160095214844e-05,0.0015397466191171111,True,2.5153160095214844e-05,PASS,47,Blur should not significantly change output,Consistent
BlurRelation,8.0,-1.6335898637771606,-1.6336805820465088,9.071826934814453e-05,0.005553304157100103,True,9.071826934814453e-05,PASS,47,Blur should not significantly change output,Consistent
BlurRelation,11.5,-1.6335898637771606,-1.6337099075317383,0.00012004375457763672,0.007348458983179768,True,0.00012004375457763672,PASS,47,Blur should not significantly change output,Consistent
BlurRelation,15.0,-1.6335898637771606,-1.633776307106018,0.00018644332885742188,0.01141309816255527,True,0.00018644332885742188,PASS,47,Blur should not significantly change output,Consistent
ContrastRelation,0.2,-1.6335898637771606,-1.6353923082351685,0.0018024444580078125,0.11033634540782333,True,0.0018024444580078125,PASS,47,Contrast change should not significantly affect output,Consistent
ContrastRelation,0.8999999999999999,-1.6335898637771606,-1.633827567100525,0.0002377033233642578,0.014550970419523789,True,0.0002377033233642578,PASS,47,Contrast change should not significantly affect output,Consistent
ContrastRelation,1.5999999999999999,-1.6335898637771606,-1.631941795349121,0.0016480684280395508,0.10088624175020884,True,0.0016480684280395508,PASS,47,Contrast change should not significantly affect output,Consistent
ContrastRelation,2.3,-1.6335898637771606,-1.6300339698791504,0.003555893898010254,0.21767346872817206,True,0.003555893898010254,PASS,47,Contrast change should not significantly affect output,Consistent
ContrastRelation,3.0,-1.6335898637771606,-1.629152774810791,0.004437088966369629,0.2716156820386635,True,0.004437088966369629,PASS,47,Contrast change should not significantly affect output,Consistent
WeatherRelation,0.0,-1.6335898637771606,-1.6335898637771606,0.0,0.0,True,0.0,PASS,47,Weather changes should not significantly affect output,Consistent
WeatherRelation,0.25,-1.6335898637771606,-1.6322110891342163,0.001378774642944336,0.08440146633511142,True,0.001378774642944336,PASS,47,Weather changes should not significantly affect output,Consistent
WeatherRelation,0.5,-1.6335898637771606,-1.630834698677063,0.0027551651000976562,0.1686569851233871,True,0.0027551651000976562,PASS,47,Weather changes should not significantly affect output,Consistent
WeatherRelation,0.75,-1.6335898637771606,-1.6294556856155396,0.004134178161621094,0.25307304621318205,True,0.004134178161621094,PASS,47,Weather changes should not significantly affect output,Consistent
WeatherRelation,1.0,-1.6335898637771606,-1.6280711889266968,0.005518674850463867,0.33782478666069926,True,0.005518674850463867,PASS,47,Weather changes should not significantly affect output,Consistent
LessSensitiveRelation,0.1,-1.6335898637771606,-1.633039951324463,0.0005499124526977539,0.03366280167766462,True,0.0005499124526977539,PASS,47,Output should not change drastically under degradation,Consistent
LessSensitiveRelation,0.325,-1.6335898637771606,-1.6317992210388184,0.0017906427383422852,0.1096139050509864,True,0.0017906427383422852,PASS,47,Output should not change drastically under degradation,Consistent
LessSensitiveRelation,0.55,-1.6335898637771606,-1.630557656288147,0.003032207489013672,0.18561609006570065,True,0.003032207489013672,PASS,47,Output should not change drastically under degradation,Consistent
LessSensitiveRelation,0.775,-1.6335898637771606,-1.6293184757232666,0.004271388053894043,0.26147232753357924,True,0.004271388053894043,PASS,47,Output should not change drastically under degradation,Consistent
LessSensitiveRelation,1.0,-1.6335898637771606,-1.6280711889266968,0.005518674850463867,0.33782478666069926,True,0.005518674850463867,PASS,47,Output should not change drastically under degradation,Consistent
LessSensitiveRelation,0.1,-1.6335898637771606,-1.6356172561645508,0.0020273923873901367,0.12410649645177589,True,0.0020273923873901367,PASS,47,Output should not change drastically under degradation,Consistent
LessSensitiveRelation,0.325,-1.6335898637771606,-1.6351146697998047,0.001524806022644043,0.09334075357880081,True,0.001524806022644043,PASS,47,Output should not change drastically under degradation,Consistent
LessSensitiveRelation,0.55,-1.6335898637771606,-1.6346122026443481,0.0010223388671875,0.06258230808316752,True,0.0010223388671875,PASS,47,Output should not change drastically under degradation,Consistent
LessSensitiveRelation,0.775,-1.6335898637771606,-1.6341049671173096,0.0005151033401489258,0.031531967493862736,True,0.0005151033401489258,PASS,47,Output should not change drastically under degradation,Consistent
LessSensitiveRelation,1.0,-1.6335898637771606,-1.6335898637771606,0.0,0.0,True,0.0,PASS,47,Output should not change drastically under degradation,Consistent
RainRelation,0.0,-1.6335898637771606,-1.6340367794036865,0.0004469156265258789,0.027357867654360424,True,0.0004469156265258789,PASS,47,Rain should not significantly affect prediction,Consistent
RainRelation,0.25,-1.6335898637771606,-1.634000301361084,0.00041043758392333984,0.025124870187773526,True,0.00041043758392333984,PASS,47,Rain should not significantly affect prediction,Consistent
RainRelation,0.5,-1.6335898637771606,-1.6341211795806885,0.000531315803527832,0.032524410812345805,True,0.000531315803527832,PASS,47,Rain should not significantly affect prediction,Consistent
RainRelation,0.75,-1.6335898637771606,-1.6340194940567017,0.0004296302795410156,0.026299747939801273,True,0.0004296302795410156,PASS,47,Rain should not significantly affect prediction,Consistent
RainRelation,1.0,-1.6335898637771606,-1.633945345878601,0.0003554821014404297,0.021760779233209602,True,0.0003554821014404297,PASS,47,Rain should not significantly affect prediction,Consistent
SnowRelation,0.0,-1.6335898637771606,-1.6335898637771606,0.0,0.0,True,0.0,PASS,47,Snow should not significantly affect prediction,Consistent
SnowRelation,0.25,-1.6335898637771606,-1.6334152221679688,0.00017464160919189453,0.010690657805718332,True,0.00017464160919189453,PASS,47,Snow should not significantly affect prediction,Consistent
SnowRelation,0.5,-1.6335898637771606,-1.6333247423171997,0.0002651214599609375,0.016229367208134858,True,0.0002651214599609375,PASS,47,Snow should not significantly affect prediction,Consistent
SnowRelation,0.75,-1.6335898637771606,-1.6323882341384888,0.001201629638671875,0.07355756360521555,True,0.001201629638671875,PASS,47,Snow should not significantly affect prediction,Consistent
SnowRelation,1.0,-1.6335898637771606,-1.633363962173462,0.00022590160369873047,0.01382853006268685,True,0.00022590160369873047,PASS,47,Snow should not significantly affect prediction,Consistent
FogRelation,0.0,-1.6335898637771606,-1.6335898637771606,0.0,0.0,True,0.0,PASS,47,Fog should not significantly affect prediction,Consistent
FogRelation,0.25,-1.6335898637771606,-1.6322110891342163,0.001378774642944336,0.08440146633511142,True,0.001378774642944336,PASS,47,Fog should not significantly affect prediction,Consistent
FogRelation,0.5,-1.6335898637771606,-1.630834698677063,0.0027551651000976562,0.1686569851233871,True,0.0027551651000976562,PASS,47,Fog should not significantly affect prediction,Consistent
FogRelation,0.75,-1.6335898637771606,-1.6294556856155396,0.004134178161621094,0.25307304621318205,True,0.004134178161621094,PASS,47,Fog should not significantly affect prediction,Consistent
FogRelation,1.0,-1.6335898637771606,-1.6280711889266968,0.005518674850463867,0.33782478666069926,True,0.005518674850463867,PASS,47,Fog should not significantly affect prediction,Consistent
TemporalSmoothnessRelation,0.0,-1.6304875612258911,-1.6305943727493286,0.0001068115234375,0.0,True,0.0001068115234375,PASS,47,Predictions should change smoothly across consecutive frames,Consistent
TemporalSmoothnessRelation,25.0,-1.6301090717315674,-1.6323829889297485,0.0022739171981811523,0.0,True,0.0022739171981811523,PASS,47,Predictions should change smoothly across consecutive frames,Consistent
TemporalSmoothnessRelation,50.0,-1.637676477432251,-1.6349196434020996,0.002756834030151367,0.0,True,0.002756834030151367,PASS,47,Predictions should change smoothly across consecutive frames,Consistent
TemporalSmoothnessRelation,75.0,-1.6374915838241577,-1.6324806213378906,0.00501096248626709,0.0,True,0.00501096248626709,PASS,47,Predictions should change smoothly across consecutive frames,Consistent
TemporalSmoothnessRelation,100.0,-1.632336974143982,-1.63276207447052,0.00042510032653808594,0.0,True,0.00042510032653808594,PASS,47,Predictions should change smoothly across consecutive frames,Consistent
BrightnessRelation,0.2,-1.6352908611297607,-1.6357330083847046,0.00044214725494384766,0.027037819086214065,True,0.00044214725494384766,PASS,48,Output should remain approximately same under brightness change,Consistent
BrightnessRelation,0.7749999999999999,-1.6352908611297607,-1.6354256868362427,0.0001348257064819336,0.008244748823539528,True,0.0001348257064819336,PASS,48,Output should remain approximately same under brightness change,Consistent
BrightnessRelation,1.3499999999999999,-1.6352908611297607,-1.6344510316848755,0.0008398294448852539,0.05135654771161448,True,0.0008398294448852539,PASS,48,Output should remain approximately same under brightness change,Consistent
BrightnessRelation,1.9249999999999998,-1.6352908611297607,-1.6326743364334106,0.0026165246963500977,0.16000352955602926,True,0.0026165246963500977,PASS,48,Output should remain approximately same under brightness change,Consistent
BrightnessRelation,2.5,-1.6352908611297607,-1.6312505006790161,0.004040360450744629,0.24707274259613193,True,0.004040360450744629,PASS,48,Output should remain approximately same under brightness change,Consistent
RotationRelation,-25.0,-1.6352908611297607,-1.6351594924926758,0.00013136863708496094,0.008033345007551335,True,0.00013136863708496094,PASS,48,Small rotation should not significantly change output,Consistent
RotationRelation,-12.5,-1.6352908611297607,-1.6335934400558472,0.0016974210739135742,0.10379927365020278,True,0.0016974210739135742,PASS,48,Small rotation should not significantly change output,Consistent
RotationRelation,0.0,-1.6352908611297607,-1.6352908611297607,0.0,0.0,True,0.0,PASS,48,Small rotation should not significantly change output,Consistent
RotationRelation,12.5,-1.6352908611297607,-1.639335036277771,0.004044175148010254,0.24730601577239475,True,0.004044175148010254,PASS,48,Small rotation should not significantly change output,Consistent
RotationRelation,25.0,-1.6352908611297607,-1.6345001459121704,0.000790715217590332,0.048353155567230494,True,0.000790715217590332,PASS,48,Small rotation should not significantly change output,Consistent
TranslationRelation,0.0,-1.6352908611297607,-1.6352908611297607,0.0,0.0,True,0.0,PASS,48,Small translation should preserve prediction consistency,Consistent
TranslationRelation,10.0,-1.6352908611297607,-1.6355867385864258,0.00029587745666503906,0.018093250733886037,True,0.00029587745666503906,PASS,48,Small translation should preserve prediction consistency,Consistent
TranslationRelation,20.0,-1.6352908611297607,-1.636025071144104,0.0007342100143432617,0.04489779664383727,True,0.0007342100143432617,PASS,48,Small translation should preserve prediction consistency,Consistent
TranslationRelation,30.0,-1.6352908611297607,-1.6355925798416138,0.00030171871185302734,0.018450450285038503,True,0.00030171871185302734,PASS,48,Small translation should preserve prediction consistency,Consistent
TranslationRelation,40.0,-1.6352908611297607,-1.6335575580596924,0.0017333030700683594,0.10599349946442506,True,0.0017333030700683594,PASS,48,Small translation should preserve prediction consistency,Consistent
NoiseRelation,0.0,-1.6352908611297607,-1.6352908611297607,0.0,0.0,True,0.0,PASS,48,Noise should not significantly affect prediction,Consistent
NoiseRelation,25.0,-1.6352908611297607,-1.6353470087051392,5.614757537841797e-05,0.0034334895631185835,True,5.614757537841797e-05,PASS,48,Noise should not significantly affect prediction,Consistent
NoiseRelation,50.0,-1.6352908611297607,-1.635296106338501,5.245208740234375e-06,0.0003207506173613963,True,5.245208740234375e-06,PASS,48,Noise should not significantly affect prediction,Consistent
NoiseRelation,75.0,-1.6352908611297607,-1.6350561380386353,0.00023472309112548828,0.014353590126922486,True,0.00023472309112548828,PASS,48,Noise should not significantly affect prediction,Consistent
NoiseRelation,100.0,-1.6352908611297607,-1.6348092555999756,0.00048160552978515625,0.029450738503182756,True,0.00048160552978515625,PASS,48,Noise should not significantly affect prediction,Consistent
BlurRelation,1.0,-1.6352908611297607,-1.6352908611297607,0.0,0.0,True,0.0,PASS,48,Blur should not significantly change output,Consistent
BlurRelation,4.5,-1.6352908611297607,-1.6352559328079224,3.4928321838378906e-05,0.002135907520156571,True,3.4928321838378906e-05,PASS,48,Blur should not significantly change output,Consistent
BlurRelation,8.0,-1.6352908611297607,-1.6352256536483765,6.520748138427734e-05,0.003987513356742813,True,6.520748138427734e-05,PASS,48,Blur should not significantly change output,Consistent
BlurRelation,11.5,-1.6352908611297607,-1.6352043151855469,8.654594421386719e-05,0.005292385186463039,True,8.654594421386719e-05,PASS,48,Blur should not significantly change output,Consistent
BlurRelation,15.0,-1.6352908611297607,-1.6351640224456787,0.00012683868408203125,0.00775633311073922,True,0.00012683868408203125,PASS,48,Blur should not significantly change output,Consistent
ContrastRelation,0.2,-1.6352908611297607,-1.6357330083847046,0.00044214725494384766,0.027037819086214065,True,0.00044214725494384766,PASS,48,Contrast change should not significantly affect output,Consistent
ContrastRelation,0.8999999999999999,-1.6352908611297607,-1.6353626251220703,7.176399230957031e-05,0.004388451628444558,True,7.176399230957031e-05,PASS,48,Contrast change should not significantly affect output,Consistent
ContrastRelation,1.5999999999999999,-1.6352908611297607,-1.6333134174346924,0.0019774436950683594,0.1209229827452464,True,0.0019774436950683594,PASS,48,Contrast change should not significantly affect output,Consistent
ContrastRelation,2.3,-1.6352908611297607,-1.6317834854125977,0.003507375717163086,0.21448010600015913,True,0.003507375717163086,PASS,48,Contrast change should not significantly affect output,Consistent
ContrastRelation,3.0,-1.6352908611297607,-1.630165934562683,0.005124926567077637,0.3133952225223588,True,0.005124926567077637,PASS,48,Contrast change should not significantly affect output,Consistent
WeatherRelation,0.0,-1.6352908611297607,-1.6352908611297607,0.0,0.0,True,0.0,PASS,48,Weather changes should not significantly affect output,Consistent
WeatherRelation,0.25,-1.6352908611297607,-1.633484959602356,0.0018059015274047852,0.1104329796001771,True,0.0018059015274047852,PASS,48,Weather changes should not significantly affect output,Consistent
WeatherRelation,0.5,-1.6352908611297607,-1.631681203842163,0.0036096572875976562,0.22073474303870638,True,0.0036096572875976562,PASS,48,Weather changes should not significantly affect output,Consistent
WeatherRelation,0.75,-1.6352908611297607,-1.6298785209655762,0.00541234016418457,0.3309708983964117,True,0.00541234016418457,PASS,48,Weather changes should not significantly affect output,Consistent
WeatherRelation,1.0,-1.6352908611297607,-1.6280711889266968,0.007219672203063965,0.44149135543768736,True,0.007219672203063965,PASS,48,Weather changes should not significantly affect output,Consistent
LessSensitiveRelation,0.1,-1.6352908611297607,-1.6345688104629517,0.000722050666809082,0.04415423839449949,True,0.000722050666809082,PASS,48,Output should not change drastically under degradation,Consistent
LessSensitiveRelation,0.325,-1.6352908611297607,-1.632946252822876,0.0023446083068847656,0.14337552596054418,True,0.0023446083068847656,PASS,48,Output should not change drastically under degradation,Consistent
LessSensitiveRelation,0.55,-1.6352908611297607,-1.631323218345642,0.003967642784118652,0.24262597267362168,True,0.003967642784118652,PASS,48,Output should not change drastically under degradation,Consistent
LessSensitiveRelation,0.775,-1.6352908611297607,-1.6297005414962769,0.005590319633483887,0.34185455002642456,True,0.005590319633483887,PASS,48,Output should not change drastically under degradation,Consistent
LessSensitiveRelation,1.0,-1.6352908611297607,-1.6280711889266968,0.007219672203063965,0.44149135543768736,True,0.007219672203063965,PASS,48,Output should not change drastically under degradation,Consistent
LessSensitiveRelation,0.1,-1.6352908611297607,-1.6357862949371338,0.0004954338073730469,0.030296353767135527,True,0.0004954338073730469,PASS,48,Output should not change drastically under degradation,Consistent
LessSensitiveRelation,0.325,-1.6352908611297607,-1.6356720924377441,0.00038123130798339844,0.02331273805276694,True,0.00038123130798339844,PASS,48,Output should not change drastically under degradation,Consistent
LessSensitiveRelation,0.55,-1.6352908611297607,-1.635547161102295,0.0002562999725341797,0.015673041530159137,True,0.0002562999725341797,PASS,48,Output should not change drastically under degradation,Consistent
LessSensitiveRelation,0.775,-1.6352908611297607,-1.6354256868362427,0.0001348257064819336,0.008244748823539528,True,0.0001348257064819336,PASS,48,Output should not change drastically under degradation,Consistent
LessSensitiveRelation,1.0,-1.6352908611297607,-1.6352908611297607,0.0,0.0,True,0.0,PASS,48,Output should not change drastically under degradation,Consistent
RainRelation,0.0,-1.6352908611297607,-1.635400652885437,0.00010979175567626953,0.006713893604314682,True,0.00010979175567626953,PASS,48,Rain should not significantly affect prediction,Consistent
RainRelation,0.25,-1.6352908611297607,-1.6353890895843506,9.822845458984375e-05,0.006006784288767967,True,9.822845458984375e-05,PASS,48,Rain should not significantly affect prediction,Consistent
RainRelation,0.5,-1.6352908611297607,-1.6353946924209595,0.00010383129119873047,0.006349404266404004,True,0.00010383129119873047,PASS,48,Rain should not significantly affect prediction,Consistent
RainRelation,0.75,-1.6352908611297607,-1.6353721618652344,8.130073547363281e-05,0.004971634569101643,True,8.130073547363281e-05,PASS,48,Rain should not significantly affect prediction,Consistent
RainRelation,1.0,-1.6352908611297607,-1.6352778673171997,1.2993812561035156e-05,0.0007945867566452773,True,1.2993812561035156e-05,PASS,48,Rain should not significantly affect prediction,Consistent
SnowRelation,0.0,-1.6352908611297607,-1.6352908611297607,0.0,0.0,True,0.0,PASS,48,Snow should not significantly affect prediction,Consistent
SnowRelation,0.25,-1.6352908611297607,-1.634871244430542,0.00041961669921875,0.025660049388911706,True,0.00041961669921875,PASS,48,Snow should not significantly affect prediction,Consistent
SnowRelation,0.5,-1.6352908611297607,-1.6344045400619507,0.0008863210678100586,0.05419956454731776,True,0.0008863210678100586,PASS,48,Snow should not significantly affect prediction,Consistent
SnowRelation,0.75,-1.6352908611297607,-1.633303165435791,0.0019876956939697266,0.12154990440645277,True,0.0019876956939697266,PASS,48,Snow should not significantly affect prediction,Consistent
SnowRelation,1.0,-1.6352908611297607,-1.633333444595337,0.001957416534423828,0.11969829856986654,True,0.001957416534423828,PASS,48,Snow should not significantly affect prediction,Consistent
FogRelation,0.0,-1.6352908611297607,-1.6352908611297607,0.0,0.0,True,0.0,PASS,48,Fog should not significantly affect prediction,Consistent
FogRelation,0.25,-1.6352908611297607,-1.633484959602356,0.0018059015274047852,0.1104329796001771,True,0.0018059015274047852,PASS,48,Fog should not significantly affect prediction,Consistent
FogRelation,0.5,-1.6352908611297607,-1.631681203842163,0.0036096572875976562,0.22073474303870638,True,0.0036096572875976562,PASS,48,Fog should not significantly affect prediction,Consistent
FogRelation,0.75,-1.6352908611297607,-1.6298785209655762,0.00541234016418457,0.3309708983964117,True,0.00541234016418457,PASS,48,Fog should not significantly affect prediction,Consistent
FogRelation,1.0,-1.6352908611297607,-1.6280711889266968,0.007219672203063965,0.44149135543768736,True,0.007219672203063965,PASS,48,Fog should not significantly affect prediction,Consistent
TemporalSmoothnessRelation,0.0,-1.6304875612258911,-1.6305943727493286,0.0001068115234375,0.0,True,0.0001068115234375,PASS,48,Predictions should change smoothly across consecutive frames,Consistent
TemporalSmoothnessRelation,25.0,-1.6301090717315674,-1.6323829889297485,0.0022739171981811523,0.0,True,0.0022739171981811523,PASS,48,Predictions should change smoothly across consecutive frames,Consistent
TemporalSmoothnessRelation,50.0,-1.637676477432251,-1.6349196434020996,0.002756834030151367,0.0,True,0.002756834030151367,PASS,48,Predictions should change smoothly across consecutive frames,Consistent
TemporalSmoothnessRelation,75.0,-1.6374915838241577,-1.6324806213378906,0.00501096248626709,0.0,True,0.00501096248626709,PASS,48,Predictions should change smoothly across consecutive frames,Consistent
TemporalSmoothnessRelation,100.0,-1.632336974143982,-1.63276207447052,0.00042510032653808594,0.0,True,0.00042510032653808594,PASS,48,Predictions should change smoothly across consecutive frames,Consistent
BrightnessRelation,0.2,-1.6321426630020142,-1.6351045370101929,0.002961874008178711,0.18147140324221914,True,0.002961874008178711,PASS,49,Output should remain approximately same under brightness change,Consistent
BrightnessRelation,0.7749999999999999,-1.6321426630020142,-1.6329917907714844,0.0008491277694702148,0.052025308109729,True,0.0008491277694702148,PASS,49,Output should remain approximately same under brightness change,Consistent
BrightnessRelation,1.3499999999999999,-1.6321426630020142,-1.630590558052063,0.0015521049499511719,0.09509609877701412,True,0.0015521049499511719,PASS,49,Output should remain approximately same under brightness change,Consistent
BrightnessRelation,1.9249999999999998,-1.6321426630020142,-1.6295033693313599,0.002639293670654297,0.16170719100791803,True,0.002639293670654297,PASS,49,Output should remain approximately same under brightness change,Consistent
BrightnessRelation,2.5,-1.6321426630020142,-1.6296459436416626,0.0024967193603515625,0.15297178900044422,True,0.0024967193603515625,PASS,49,Output should remain approximately same under brightness change,Consistent
RotationRelation,-25.0,-1.6321426630020142,-1.6381258964538574,0.005983233451843262,0.36658742655277393,True,0.005983233451843262,PASS,49,Small rotation should not significantly change output,Consistent
RotationRelation,-12.5,-1.6321426630020142,-1.636941909790039,0.004799246788024902,0.29404560988201317,True,0.004799246788024902,PASS,49,Small rotation should not significantly change output,Consistent
RotationRelation,0.0,-1.6321426630020142,-1.6321426630020142,0.0,0.0,True,0.0,PASS,49,Small rotation should not significantly change output,Consistent
RotationRelation,12.5,-1.6321426630020142,-1.6330465078353882,0.0009038448333740234,0.05537777426477121,True,0.0009038448333740234,PASS,49,Small rotation should not significantly change output,Consistent
RotationRelation,25.0,-1.6321426630020142,-1.6341904401779175,0.0020477771759033203,0.12546549806386703,True,0.0020477771759033203,PASS,49,Small rotation should not significantly change output,Consistent
TranslationRelation,0.0,-1.6321426630020142,-1.6321426630020142,0.0,0.0,True,0.0,PASS,49,Small translation should preserve prediction consistency,Consistent
TranslationRelation,10.0,-1.6321426630020142,-1.630805492401123,0.0013371706008911133,0.0819272611353124,True,0.0013371706008911133,PASS,49,Small translation should preserve prediction consistency,Consistent
TranslationRelation,20.0,-1.6321426630020142,-1.6298747062683105,0.0022679567337036133,0.13895570501019153,True,0.0022679567337036133,PASS,49,Small translation should preserve prediction consistency,Consistent
TranslationRelation,30.0,-1.6321426630020142,-1.6297361850738525,0.002406477928161621,0.1474427761913659,True,0.002406477928161621,PASS,49,Small translation should preserve prediction consistency,Consistent
TranslationRelation,40.0,-1.6321426630020142,-1.6282098293304443,0.003932833671569824,0.24096124383659548,True,0.003932833671569824,PASS,49,Small translation should preserve prediction consistency,Consistent
NoiseRelation,0.0,-1.6321426630020142,-1.6321426630020142,0.0,0.0,True,0.0,PASS,49,Noise should not significantly affect prediction,Consistent
NoiseRelation,25.0,-1.6321426630020142,-1.6321207284927368,2.193450927734375e-05,0.0013439080011498155,True,2.193450927734375e-05,PASS,49,Noise should not significantly affect prediction,Consistent
NoiseRelation,50.0,-1.6321426630020142,-1.631928563117981,0.00021409988403320312,0.013117710706875375,True,0.00021409988403320312,PASS,49,Noise should not significantly affect prediction,Consistent
NoiseRelation,75.0,-1.6321426630020142,-1.6323068141937256,0.00016415119171142578,0.01005739846512661,True,0.00016415119171142578,PASS,49,Noise should not significantly affect prediction,Consistent
NoiseRelation,100.0,-1.6321426630020142,-1.6315829753875732,0.000559687614440918,0.034291565572817304,True,0.000559687614440918,PASS,49,Noise should not significantly affect prediction,Consistent
BlurRelation,1.0,-1.6321426630020142,-1.6321426630020142,0.0,0.0,True,0.0,PASS,49,Blur should not significantly change output,Consistent
BlurRelation,4.5,-1.6321426630020142,-1.632370948791504,0.0002282857894897461,0.013986868598923355,True,0.0002282857894897461,PASS,49,Blur should not significantly change output,Consistent
BlurRelation,8.0,-1.6321426630020142,-1.6324145793914795,0.00027191638946533203,0.01666007690555831,True,0.00027191638946533203,PASS,49,Blur should not significantly change output,Consistent
BlurRelation,11.5,-1.6321426630020142,-1.6324188709259033,0.00027620792388916016,0.016923015427522406,True,0.00027620792388916016,PASS,49,Blur should not significantly change output,Consistent
BlurRelation,15.0,-1.6321426630020142,-1.6324337720870972,0.0002911090850830078,0.0178359964065644,True,0.0002911090850830078,PASS,49,Blur should not significantly change output,Consistent
ContrastRelation,0.2,-1.6321426630020142,-1.6351045370101929,0.002961874008178711,0.18147140324221914,True,0.002961874008178711,PASS,49,Contrast change should not significantly affect output,Consistent
ContrastRelation,0.8999999999999999,-1.6321426630020142,-1.632525086402893,0.00038242340087890625,0.023430743846133743,True,0.00038242340087890625,PASS,49,Contrast change should not significantly affect output,Consistent
ContrastRelation,1.5999999999999999,-1.6321426630020142,-1.6298201084136963,0.002322554588317871,0.1423008673174014,True,0.002322554588317871,PASS,49,Contrast change should not significantly affect output,Consistent
ContrastRelation,2.3,-1.6321426630020142,-1.629600167274475,0.0025424957275390625,0.15577646656806124,True,0.0025424957275390625,PASS,49,Contrast change should not significantly affect output,Consistent
ContrastRelation,3.0,-1.6321426630020142,-1.6294963359832764,0.002646327018737793,0.16213811803002584,True,0.002646327018737793,PASS,49,Contrast change should not significantly affect output,Consistent
WeatherRelation,0.0,-1.6321426630020142,-1.6321426630020142,0.0,0.0,True,0.0,PASS,49,Weather changes should not significantly affect output,Consistent
WeatherRelation,0.25,-1.6321426630020142,-1.63112473487854,0.001017928123474121,0.06236755664031672,True,0.001017928123474121,PASS,49,Weather changes should not significantly affect output,Consistent
WeatherRelation,0.5,-1.6321426630020142,-1.6301110982894897,0.002031564712524414,0.12447217475866934,True,0.002031564712524414,PASS,49,Weather changes should not significantly affect output,Consistent
WeatherRelation,0.75,-1.6321426630020142,-1.6290948390960693,0.0030478239059448242,0.18673747752933334,True,0.0030478239059448242,PASS,49,Weather changes should not significantly affect output,Consistent
WeatherRelation,1.0,-1.6321426630020142,-1.6280711889266968,0.004071474075317383,0.2494556188656022,True,0.004071474075317383,PASS,49,Weather changes should not significantly affect output,Consistent
LessSensitiveRelation,0.1,-1.6321426630020142,-1.6317360401153564,0.00040662288665771484,0.02491342495609794,True,0.00040662288665771484,PASS,49,Output should not change drastically under degradation,Consistent
LessSensitiveRelation,0.325,-1.6321426630020142,-1.6308194398880005,0.0013232231140136719,0.0810727109389291,True,0.0013232231140136719,PASS,49,Output should not change drastically under degradation,Consistent
LessSensitiveRelation,0.55,-1.6321426630020142,-1.6299079656600952,0.0022346973419189453,0.1369179314649698,True,0.0022346973419189453,PASS,49,Output should not change drastically under degradation,Consistent
LessSensitiveRelation,0.775,-1.6321426630020142,-1.6289896965026855,0.0031529664993286133,0.19317947131745364,True,0.0031529664993286133,PASS,49,Output should not change drastically under degradation,Consistent
LessSensitiveRelation,1.0,-1.6321426630020142,-1.6280711889266968,0.004071474075317383,0.2494556188656022,True,0.004071474075317383,PASS,49,Output should not change drastically under degradation,Consistent
LessSensitiveRelation,0.1,-1.6321426630020142,-1.6354745626449585,0.003331899642944336,0.20414254691378994,True,0.003331899642944336,PASS,49,Output should not change drastically under degradation,Consistent
LessSensitiveRelation,0.325,-1.6321426630020142,-1.6346497535705566,0.0025070905685424805,0.15360722376185745,True,0.0025070905685424805,PASS,49,Output should not change drastically under degradation,Consistent
LessSensitiveRelation,0.55,-1.6321426630020142,-1.6338216066360474,0.0016789436340332031,0.10286739287061958,True,0.0016789436340332031,PASS,49,Output should not change drastically under degradation,Consistent
LessSensitiveRelation,0.775,-1.6321426630020142,-1.6329917907714844,0.0008491277694702148,0.052025308109729,True,0.0008491277694702148,PASS,49,Output should not change drastically under degradation,Consistent
LessSensitiveRelation,1.0,-1.6321426630020142,-1.6321426630020142,0.0,0.0,True,0.0,PASS,49,Output should not change drastically under degradation,Consistent
RainRelation,0.0,-1.6321426630020142,-1.6328834295272827,0.0007407665252685547,0.04538611043013562,True,0.0007407665252685547,PASS,49,Rain should not significantly affect prediction,Consistent
RainRelation,0.25,-1.6321426630020142,-1.6329083442687988,0.000765681266784668,0.046912614627093834,True,0.000765681266784668,PASS,49,Rain should not significantly affect prediction,Consistent
RainRelation,0.5,-1.6321426630020142,-1.6329015493392944,0.0007588863372802734,0.046496295300650685,True,0.0007588863372802734,PASS,49,Rain should not significantly affect prediction,Consistent
RainRelation,0.75,-1.6321426630020142,-1.632885456085205,0.000742793083190918,0.04551027584328533,True,0.000742793083190918,PASS,49,Rain should not significantly affect prediction,Consistent
RainRelation,1.0,-1.6321426630020142,-1.632825255393982,0.0006825923919677734,0.041821832687955675,True,0.0006825923919677734,PASS,49,Rain should not significantly affect prediction,Consistent
SnowRelation,0.0,-1.6321426630020142,-1.6321426630020142,0.0,0.0,True,0.0,PASS,49,Snow should not significantly affect prediction,Consistent
SnowRelation,0.25,-1.6321426630020142,-1.631995439529419,0.00014722347259521484,0.009020252072934904,True,0.00014722347259521484,PASS,49,Snow should not significantly affect prediction,Consistent
SnowRelation,0.5,-1.6321426630020142,-1.6320335865020752,0.00010907649993896484,0.006683020766587398,True,0.00010907649993896484,PASS,49,Snow should not significantly affect prediction,Consistent
SnowRelation,0.75,-1.6321426630020142,-1.6316146850585938,0.0005279779434204102,0.03234874204941594,True,0.0005279779434204102,PASS,49,Snow should not significantly affect prediction,Consistent
SnowRelation,1.0,-1.6321426630020142,-1.6329337358474731,0.0007910728454589844,0.048468334215381395,True,0.0007910728454589844,PASS,49,Snow should not significantly affect prediction,Consistent
FogRelation,0.0,-1.6321426630020142,-1.6321426630020142,0.0,0.0,True,0.0,PASS,49,Fog should not significantly affect prediction,Consistent
FogRelation,0.25,-1.6321426630020142,-1.63112473487854,0.001017928123474121,0.06236755664031672,True,0.001017928123474121,PASS,49,Fog should not significantly affect prediction,Consistent
FogRelation,0.5,-1.6321426630020142,-1.6301110982894897,0.002031564712524414,0.12447217475866934,True,0.002031564712524414,PASS,49,Fog should not significantly affect prediction,Consistent
FogRelation,0.75,-1.6321426630020142,-1.6290948390960693,0.0030478239059448242,0.18673747752933334,True,0.0030478239059448242,PASS,49,Fog should not significantly affect prediction,Consistent
FogRelation,1.0,-1.6321426630020142,-1.6280711889266968,0.004071474075317383,0.2494556188656022,True,0.004071474075317383,PASS,49,Fog should not significantly affect prediction,Consistent
TemporalSmoothnessRelation,0.0,-1.6304875612258911,-1.6305943727493286,0.0001068115234375,0.0,True,0.0001068115234375,PASS,49,Predictions should change smoothly across consecutive frames,Consistent
TemporalSmoothnessRelation,25.0,-1.6301090717315674,-1.6323829889297485,0.0022739171981811523,0.0,True,0.0022739171981811523,PASS,49,Predictions should change smoothly across consecutive frames,Consistent
TemporalSmoothnessRelation,50.0,-1.637676477432251,-1.6349196434020996,0.002756834030151367,0.0,True,0.002756834030151367,PASS,49,Predictions should change smoothly across consecutive frames,Consistent
TemporalSmoothnessRelation,75.0,-1.6374915838241577,-1.6324806213378906,0.00501096248626709,0.0,True,0.00501096248626709,PASS,49,Predictions should change smoothly across consecutive frames,Consistent
TemporalSmoothnessRelation,100.0,-1.632336974143982,-1.63276207447052,0.00042510032653808594,0.0,True,0.00042510032653808594,PASS,49,Predictions should change smoothly across consecutive frames,Consistent
