mr,param,original,transformed,difference,percent_change,passed,range_change,range_percent_change,range_passed,severity,status,sample_id,expected_behavior,actual_behavior,epsilon
BrightnessRelation,0.1,-1.630487322807312,-1.6353074312210083,0.004820108413696289,0.2956236083553921,True,0.007866978645324707,0.48249217950728074,True,0.004820108413696289,PASS,0,Output should remain approximately same under brightness change,Consistent,0.07333333333333333
BrightnessRelation,0.825,-1.630487322807312,-1.6314377784729004,0.0009504556655883789,0.05829269994107783,True,0.007866978645324707,0.48249217950728074,True,0.0009504556655883789,PASS,0,Output should remain approximately same under brightness change,Consistent,0.07333333333333333
BrightnessRelation,1.55,-1.630487322807312,-1.627966046333313,0.0025212764739990234,0.15463321256162,True,0.007866978645324707,0.48249217950728074,True,0.0025212764739990234,PASS,0,Output should remain approximately same under brightness change,Consistent,0.07333333333333333
BrightnessRelation,2.275,-1.630487322807312,-1.6274404525756836,0.003046870231628418,0.18686857115188868,True,0.007866978645324707,0.48249217950728074,True,0.003046870231628418,PASS,0,Output should remain approximately same under brightness change,Consistent,0.07333333333333333
BrightnessRelation,3.0,-1.630487322807312,-1.627862811088562,0.00262451171875,0.16096476632419035,True,0.007866978645324707,0.48249217950728074,True,0.00262451171875,PASS,0,Output should remain approximately same under brightness change,Consistent,0.07333333333333333
RotationRelation,-60.0,-1.630487322807312,-1.6316978931427002,0.0012105703353881836,0.07424587581859343,True,0.0065604448318481445,0.4023607369694389,True,0.0012105703353881836,PASS,0,Small rotation should not significantly change output,Consistent,0.07333333333333333
RotationRelation,-30.0,-1.630487322807312,-1.6337192058563232,0.0032318830490112305,0.1982156513360794,True,0.0065604448318481445,0.4023607369694389,True,0.0032318830490112305,PASS,0,Small rotation should not significantly change output,Consistent,0.07333333333333333
RotationRelation,0.0,-1.630487322807312,-1.630487322807312,0.0,0.0,True,0.0065604448318481445,0.4023607369694389,True,0.0,PASS,0,Small rotation should not significantly change output,Consistent,0.07333333333333333
RotationRelation,30.0,-1.630487322807312,-1.627158761024475,0.003328561782836914,0.2041450856333595,True,0.0065604448318481445,0.4023607369694389,True,0.003328561782836914,PASS,0,Small rotation should not significantly change output,Consistent,0.07333333333333333
RotationRelation,60.0,-1.630487322807312,-1.6294382810592651,0.001049041748046875,0.06433911444644236,True,0.0065604448318481445,0.4023607369694389,True,0.001049041748046875,PASS,0,Small rotation should not significantly change output,Consistent,0.07333333333333333
TranslationRelation,0.0,-1.630487322807312,-1.630487322807312,0.0,0.0,True,0.00196993350982666,0.12081862116221137,True,0.0,PASS,0,Small translation should preserve prediction consistency,Consistent,0.07333333333333333
TranslationRelation,20.0,-1.630487322807312,-1.6311399936676025,0.0006526708602905273,0.04002916495389454,True,0.00196993350982666,0.12081862116221137,True,0.0006526708602905273,PASS,0,Small translation should preserve prediction consistency,Consistent,0.07333333333333333
TranslationRelation,40.0,-1.630487322807312,-1.6315436363220215,0.0010563135147094727,0.06478510148976428,True,0.00196993350982666,0.12081862116221137,True,0.0010563135147094727,PASS,0,Small translation should preserve prediction consistency,Consistent,0.07333333333333333
TranslationRelation,60.0,-1.630487322807312,-1.6297998428344727,0.0006874799728393555,0.04216405375143558,True,0.00196993350982666,0.12081862116221137,True,0.0006874799728393555,PASS,0,Small translation should preserve prediction consistency,Consistent,0.07333333333333333
TranslationRelation,80.0,-1.630487322807312,-1.6295737028121948,0.0009136199951171875,0.056033519672447074,True,0.00196993350982666,0.12081862116221137,True,0.0009136199951171875,PASS,0,Small translation should preserve prediction consistency,Consistent,0.07333333333333333
NoiseRelation,0.0,-1.630487322807312,-1.630487322807312,0.0,0.0,True,0.0006704330444335938,0.04111854314168089,True,0.0,PASS,0,Noise should not significantly affect prediction,Consistent,0.07333333333333333
NoiseRelation,37.5,-1.630487322807312,-1.6303555965423584,0.00013172626495361328,0.008078945620831682,True,0.0006704330444335938,0.04111854314168089,True,0.00013172626495361328,PASS,0,Noise should not significantly affect prediction,Consistent,0.07333333333333333
NoiseRelation,75.0,-1.630487322807312,-1.6305447816848755,5.745887756347656e-05,0.003524028768543775,True,0.0006704330444335938,0.04111854314168089,True,5.745887756347656e-05,PASS,0,Noise should not significantly affect prediction,Consistent,0.07333333333333333
NoiseRelation,112.5,-1.630487322807312,-1.6310163736343384,0.0005290508270263672,0.03244738521742173,True,0.0006704330444335938,0.04111854314168089,True,0.0005290508270263672,PASS,0,Noise should not significantly affect prediction,Consistent,0.07333333333333333
NoiseRelation,150.0,-1.630487322807312,-1.631026029586792,0.0005387067794799805,0.03303959752084921,True,0.0006704330444335938,0.04111854314168089,True,0.0005387067794799805,PASS,0,Noise should not significantly affect prediction,Consistent,0.07333333333333333
BlurRelation,1.0,-1.630487322807312,-1.630487322807312,0.0,0.0,True,7.319450378417969e-05,0.0044891154852404105,True,0.0,PASS,0,Blur should not significantly change output,Consistent,0.07333333333333333
BlurRelation,8.5,-1.630487322807312,-1.6304142475128174,7.30752944946289e-05,0.004481804222235132,True,7.319450378417969e-05,0.0044891154852404105,True,7.30752944946289e-05,PASS,0,Blur should not significantly change output,Consistent,0.07333333333333333
BlurRelation,16.0,-1.630487322807312,-1.6304141283035278,7.319450378417969e-05,0.0044891154852404105,True,7.319450378417969e-05,0.0044891154852404105,True,7.319450378417969e-05,PASS,0,Blur should not significantly change output,Consistent,0.07333333333333333
BlurRelation,23.5,-1.630487322807312,-1.630414605140686,7.271766662597656e-05,0.0044598704332193,True,7.319450378417969e-05,0.0044891154852404105,True,7.271766662597656e-05,PASS,0,Blur should not significantly change output,Consistent,0.07333333333333333
BlurRelation,31.0,-1.630487322807312,-1.63042151927948,6.580352783203125e-05,0.0040358171789132025,True,7.319450378417969e-05,0.0044891154852404105,True,6.580352783203125e-05,PASS,0,Blur should not significantly change output,Consistent,0.07333333333333333
ContrastRelation,0.1,-1.630487322807312,-1.6353074312210083,0.004820108413696289,0.2956236083553921,True,0.007915019989013672,0.48543861849840764,True,0.004820108413696289,PASS,0,Contrast change should not significantly affect output,Consistent,0.07333333333333333
ContrastRelation,1.075,-1.630487322807312,-1.6300936937332153,0.0003936290740966797,0.02414179044342644,True,0.007915019989013672,0.48543861849840764,True,0.0003936290740966797,PASS,0,Contrast change should not significantly affect output,Consistent,0.07333333333333333
ContrastRelation,2.05,-1.630487322807312,-1.6273924112319946,0.003094911575317383,0.18981501014301552,True,0.007915019989013672,0.48543861849840764,True,0.003094911575317383,PASS,0,Contrast change should not significantly affect output,Consistent,0.07333333333333333
ContrastRelation,3.025,-1.630487322807312,-1.6278725862503052,0.002614736557006836,0.1603652427577576,True,0.007915019989013672,0.48543861849840764,True,0.002614736557006836,PASS,0,Contrast change should not significantly affect output,Consistent,0.07333333333333333
ContrastRelation,4.0,-1.630487322807312,-1.628121018409729,0.002366304397583008,0.1451285706547592,True,0.007915019989013672,0.48543861849840764,True,0.002366304397583008,PASS,0,Contrast change should not significantly affect output,Consistent,0.07333333333333333
RainRelation,0.0,-1.630487322807312,-1.632623314857483,0.0021359920501708984,0.13100321052856298,True,0.0012590885162353516,0.0772215598617414,True,0.0021359920501708984,PASS,0,Rain should not significantly affect prediction,Consistent,0.07333333333333333
RainRelation,0.375,-1.630487322807312,-1.6328098773956299,0.002322554588317871,0.14244533713182234,True,0.0012590885162353516,0.0772215598617414,True,0.002322554588317871,PASS,0,Rain should not significantly affect prediction,Consistent,0.07333333333333333
RainRelation,0.75,-1.630487322807312,-1.6320021152496338,0.0015147924423217773,0.09290421900806171,True,0.0012590885162353516,0.0772215598617414,True,0.0015147924423217773,PASS,0,Rain should not significantly affect prediction,Consistent,0.07333333333333333
RainRelation,1.125,-1.630487322807312,-1.6322147846221924,0.001727461814880371,0.10594751220947686,True,0.0012590885162353516,0.0772215598617414,True,0.001727461814880371,PASS,0,Rain should not significantly affect prediction,Consistent,0.07333333333333333
RainRelation,1.5,-1.630487322807312,-1.6315507888793945,0.0010634660720825195,0.06522377727008094,True,0.0012590885162353516,0.0772215598617414,True,0.0010634660720825195,PASS,0,Rain should not significantly affect prediction,Consistent,0.07333333333333333
SnowRelation,0.0,-1.630487322807312,-1.6321063041687012,0.0016189813613891602,0.0992942628746743,True,0.003999590873718262,0.2453001850900668,True,0.0016189813613891602,PASS,0,Snow should not significantly affect prediction,Consistent,0.07333333333333333
SnowRelation,0.375,-1.630487322807312,-1.6309016942977905,0.0004143714904785156,0.02541395020634473,True,0.003999590873718262,0.2453001850900668,True,0.0004143714904785156,PASS,0,Snow should not significantly affect prediction,Consistent,0.07333333333333333
SnowRelation,0.75,-1.630487322807312,-1.6296641826629639,0.0008231401443481445,0.050484271051441425,True,0.003999590873718262,0.2453001850900668,True,0.0008231401443481445,PASS,0,Snow should not significantly affect prediction,Consistent,0.07333333333333333
SnowRelation,1.125,-1.630487322807312,-1.628772497177124,0.0017148256301879883,0.10517251833091744,True,0.003999590873718262,0.2453001850900668,True,0.0017148256301879883,PASS,0,Snow should not significantly affect prediction,Consistent,0.07333333333333333
SnowRelation,1.5,-1.630487322807312,-1.628106713294983,0.0023806095123291016,0.1460059222153925,True,0.003999590873718262,0.2453001850900668,True,0.0023806095123291016,PASS,0,Snow should not significantly affect prediction,Consistent,0.07333333333333333
FogRelation,0.0,-1.630487322807312,-1.630428433418274,5.888938903808594e-05,0.0036117639246071053,True,0.0023573637008666992,0.14458022592936337,True,5.888938903808594e-05,PASS,0,Fog should not significantly affect prediction,Consistent,0.07333333333333333
FogRelation,0.375,-1.630487322807312,-1.628853440284729,0.0016338825225830078,0.10020817075033397,True,0.0023573637008666992,0.14458022592936337,True,0.0016338825225830078,PASS,0,Fog should not significantly affect prediction,Consistent,0.07333333333333333
FogRelation,0.75,-1.630487322807312,-1.6280710697174072,0.002416253089904785,0.14819198985397047,True,0.0023573637008666992,0.14458022592936337,True,0.002416253089904785,PASS,0,Fog should not significantly affect prediction,Consistent,0.07333333333333333
FogRelation,1.125,-1.630487322807312,-1.6280710697174072,0.002416253089904785,0.14819198985397047,True,0.0023573637008666992,0.14458022592936337,True,0.002416253089904785,PASS,0,Fog should not significantly affect prediction,Consistent,0.07333333333333333
FogRelation,1.5,-1.630487322807312,-1.6280710697174072,0.002416253089904785,0.14819198985397047,True,0.0023573637008666992,0.14458022592936337,True,0.002416253089904785,PASS,0,Fog should not significantly affect prediction,Consistent,0.07333333333333333
DarkVisibiltyRelation,0.05,-1.630487322807312,-1.6303831338882446,0.00010418891906738281,0.0063900438666125705,True,0.0023120641708374023,0.1418019459873579,True,0.00010418891906738281,PASS,0,Output should not change drastically under degradation,Consistent,0.07333333333333333
DarkVisibiltyRelation,0.4125,-1.630487322807312,-1.6295100450515747,0.0009772777557373047,0.05993773411726529,True,0.0023120641708374023,0.1418019459873579,True,0.0009772777557373047,PASS,0,Output should not change drastically under degradation,Consistent,0.07333333333333333
DarkVisibiltyRelation,0.775,-1.630487322807312,-1.6286375522613525,0.0018497705459594727,0.11344886805289162,True,0.0023120641708374023,0.1418019459873579,True,0.0018497705459594727,PASS,0,Output should not change drastically under degradation,Consistent,0.07333333333333333
DarkVisibiltyRelation,1.1375,-1.630487322807312,-1.6280710697174072,0.002416253089904785,0.14819198985397047,True,0.0023120641708374023,0.1418019459873579,True,0.002416253089904785,PASS,0,Output should not change drastically under degradation,Consistent,0.07333333333333333
DarkVisibiltyRelation,1.5,-1.630487322807312,-1.6280710697174072,0.002416253089904785,0.14819198985397047,True,0.0023120641708374023,0.1418019459873579,True,0.002416253089904785,PASS,0,Output should not change drastically under degradation,Consistent,0.07333333333333333
DarkVisibiltyRelation,0.05,-1.630487322807312,-1.6355782747268677,0.005090951919555664,0.31223479790338265,True,0.007448911666870117,0.4568515801477724,True,0.005090951919555664,PASS,0,Output should not change drastically under degradation,Consistent,0.07333333333333333
DarkVisibiltyRelation,0.4125,-1.630487322807312,-1.6336398124694824,0.00315248966217041,0.19334635017456459,True,0.007448911666870117,0.4568515801477724,True,0.00315248966217041,PASS,0,Output should not change drastically under degradation,Consistent,0.07333333333333333
DarkVisibiltyRelation,0.775,-1.630487322807312,-1.631705641746521,0.0012183189392089844,0.07472110791393646,True,0.007448911666870117,0.4568515801477724,True,0.0012183189392089844,PASS,0,Output should not change drastically under degradation,Consistent,0.07333333333333333
DarkVisibiltyRelation,1.1375,-1.630487322807312,-1.6297578811645508,0.0007294416427612305,0.04473761832929327,True,0.007448911666870117,0.4568515801477724,True,0.0007294416427612305,PASS,0,Output should not change drastically under degradation,Consistent,0.07333333333333333
DarkVisibiltyRelation,1.5,-1.630487322807312,-1.6281293630599976,0.002357959747314453,0.14461678224438976,True,0.007448911666870117,0.4568515801477724,True,0.002357959747314453,PASS,0,Output should not change drastically under degradation,Consistent,0.07333333333333333
TemporalSmoothnessRelation,0.0,-1.630487322807312,-1.63059401512146,0.00010669231414794922,0.0,True,,,,0.00010669231414794922,PASS,0,Predictions should change smoothly across consecutive frames,Consistent,0.07333333333333333
BrightnessRelation,0.1,-1.63059401512146,-1.6353185176849365,0.0047245025634765625,0.28974101598885627,True,0.006794929504394531,0.4167147232379089,True,0.0047245025634765625,PASS,1,Output should remain approximately same under brightness change,Consistent,0.07333333333333333
BrightnessRelation,0.825,-1.63059401512146,-1.6315220594406128,0.000928044319152832,0.05691445825275651,True,0.006794929504394531,0.4167147232379089,True,0.000928044319152832,PASS,1,Output should remain approximately same under brightness change,Consistent,0.07333333333333333
BrightnessRelation,1.55,-1.63059401512146,-1.6285982131958008,0.0019958019256591797,0.12239715607805389,True,0.006794929504394531,0.4167147232379089,True,0.0019958019256591797,PASS,1,Output should remain approximately same under brightness change,Consistent,0.07333333333333333
BrightnessRelation,2.275,-1.63059401512146,-1.628523588180542,0.0020704269409179688,0.1269737072490527,True,0.006794929504394531,0.4167147232379089,True,0.0020704269409179688,PASS,1,Output should remain approximately same under brightness change,Consistent,0.07333333333333333
BrightnessRelation,3.0,-1.63059401512146,-1.6285922527313232,0.0020017623901367188,0.12276269530896433,True,0.006794929504394531,0.4167147232379089,True,0.0020017623901367188,PASS,1,Output should remain approximately same under brightness change,Consistent,0.07333333333333333
RotationRelation,-60.0,-1.63059401512146,-1.6324286460876465,0.0018346309661865234,0.11251297527423543,True,0.007318615913391113,0.4488310000657008,True,0.0018346309661865234,PASS,1,Small rotation should not significantly change output,Consistent,0.07333333333333333
RotationRelation,-30.0,-1.63059401512146,-1.6350775957107544,0.004483580589294434,0.274965920275456,True,0.007318615913391113,0.4488310000657008,True,0.004483580589294434,PASS,1,Small rotation should not significantly change output,Consistent,0.07333333333333333
RotationRelation,0.0,-1.63059401512146,-1.63059401512146,0.0,0.0,True,0.007318615913391113,0.4488310000657008,True,0.0,PASS,1,Small rotation should not significantly change output,Consistent,0.07333333333333333
RotationRelation,30.0,-1.63059401512146,-1.6308833360671997,0.0002893209457397461,0.01774327426839307,True,0.007318615913391113,0.4488310000657008,True,0.0002893209457397461,PASS,1,Small rotation should not significantly change output,Consistent,0.07333333333333333
RotationRelation,60.0,-1.63059401512146,-1.6277589797973633,0.0028350353240966797,0.17386507979024474,True,0.007318615913391113,0.4488310000657008,True,0.0028350353240966797,PASS,1,Small rotation should not significantly change output,Consistent,0.07333333333333333
TranslationRelation,0.0,-1.63059401512146,-1.63059401512146,0.0,0.0,True,0.0028113126754760742,0.17241023365122116,True,0.0,PASS,1,Small translation should preserve prediction consistency,Consistent,0.07333333333333333
TranslationRelation,20.0,-1.63059401512146,-1.6282697916030884,0.002324223518371582,0.1425383677012195,True,0.0028113126754760742,0.17241023365122116,True,0.002324223518371582,PASS,1,Small translation should preserve prediction consistency,Consistent,0.07333333333333333
TranslationRelation,40.0,-1.63059401512146,-1.6277827024459839,0.0028113126754760742,0.17241023365122116,True,0.0028113126754760742,0.17241023365122116,True,0.0028113126754760742,PASS,1,Small translation should preserve prediction consistency,Consistent,0.07333333333333333
TranslationRelation,60.0,-1.63059401512146,-1.6279454231262207,0.002648591995239258,0.16243101264736598,True,0.0028113126754760742,0.17241023365122116,True,0.002648591995239258,PASS,1,Small translation should preserve prediction consistency,Consistent,0.07333333333333333
TranslationRelation,80.0,-1.63059401512146,-1.6290428638458252,0.0015511512756347656,0.09512792945213458,True,0.0028113126754760742,0.17241023365122116,True,0.0015511512756347656,PASS,1,Small translation should preserve prediction consistency,Consistent,0.07333333333333333
NoiseRelation,0.0,-1.63059401512146,-1.63059401512146,0.0,0.0,True,0.0002638101577758789,0.01617876636009636,True,0.0,PASS,1,Noise should not significantly affect prediction,Consistent,0.07333333333333333
NoiseRelation,37.5,-1.63059401512146,-1.6305676698684692,2.6345252990722656e-05,0.0016156834006241733,True,0.0002638101577758789,0.01617876636009636,True,2.6345252990722656e-05,PASS,1,Noise should not significantly affect prediction,Consistent,0.07333333333333333
NoiseRelation,75.0,-1.63059401512146,-1.6305572986602783,3.6716461181640625e-05,0.00225172166240835,True,0.0002638101577758789,0.01617876636009636,True,3.6716461181640625e-05,PASS,1,Noise should not significantly affect prediction,Consistent,0.07333333333333333
NoiseRelation,112.5,-1.63059401512146,-1.6306413412094116,4.7326087951660156e-05,0.002902381493428945,True,0.0002638101577758789,0.01617876636009636,True,4.7326087951660156e-05,PASS,1,Noise should not significantly affect prediction,Consistent,0.07333333333333333
NoiseRelation,150.0,-1.63059401512146,-1.6308211088180542,0.00022709369659423828,0.013927044697688011,True,0.0002638101577758789,0.01617876636009636,True,0.00022709369659423828,PASS,1,Noise should not significantly affect prediction,Consistent,0.07333333333333333
BlurRelation,1.0,-1.63059401512146,-1.63059401512146,0.0,0.0,True,0.00014901161193847656,0.009138480772761162,True,0.0,PASS,1,Blur should not significantly change output,Consistent,0.07333333333333333
BlurRelation,8.5,-1.63059401512146,-1.6306190490722656,2.5033950805664062e-05,0.001535264769823875,True,0.00014901161193847656,0.009138480772761162,True,2.5033950805664062e-05,PASS,1,Blur should not significantly change output,Consistent,0.07333333333333333
BlurRelation,16.0,-1.63059401512146,-1.6306557655334473,6.175041198730469e-05,0.003786986432232225,True,0.00014901161193847656,0.009138480772761162,True,6.175041198730469e-05,PASS,1,Blur should not significantly change output,Consistent,0.07333333333333333
BlurRelation,23.5,-1.63059401512146,-1.6306878328323364,9.381771087646484e-05,0.005753587494530427,True,0.00014901161193847656,0.009138480772761162,True,9.381771087646484e-05,PASS,1,Blur should not significantly change output,Consistent,0.07333333333333333
BlurRelation,31.0,-1.63059401512146,-1.6307430267333984,0.00014901161193847656,0.009138480772761162,True,0.00014901161193847656,0.009138480772761162,True,0.00014901161193847656,PASS,1,Blur should not significantly change output,Consistent,0.07333333333333333
ContrastRelation,0.1,-1.63059401512146,-1.6353185176849365,0.0047245025634765625,0.28974101598885627,True,0.0068852901458740234,0.42225629797851133,True,0.0047245025634765625,PASS,1,Contrast change should not significantly affect output,Consistent,0.07333333333333333
ContrastRelation,1.075,-1.63059401512146,-1.630243182182312,0.0003508329391479492,0.02151563913138888,True,0.0068852901458740234,0.42225629797851133,True,0.0003508329391479492,PASS,1,Contrast change should not significantly affect output,Consistent,0.07333333333333333
ContrastRelation,2.05,-1.63059401512146,-1.6284332275390625,0.002160787582397461,0.13251528198965504,True,0.0068852901458740234,0.42225629797851133,True,0.002160787582397461,PASS,1,Contrast change should not significantly affect output,Consistent,0.07333333333333333
ContrastRelation,3.025,-1.63059401512146,-1.628596544265747,0.0019974708557128906,0.12249950706270882,True,0.0068852901458740234,0.42225629797851133,True,0.0019974708557128906,PASS,1,Contrast change should not significantly affect output,Consistent,0.07333333333333333
ContrastRelation,4.0,-1.63059401512146,-1.6286144256591797,0.0019795894622802734,0.12140288936997748,True,0.0068852901458740234,0.42225629797851133,True,0.0019795894622802734,PASS,1,Contrast change should not significantly affect output,Consistent,0.07333333333333333
RainRelation,0.0,-1.63059401512146,-1.6326868534088135,0.0020928382873535156,0.12834813475727597,True,0.0019186735153198242,0.11766707843007271,True,0.0020928382873535156,PASS,1,Rain should not significantly affect prediction,Consistent,0.07333333333333333
RainRelation,0.375,-1.63059401512146,-1.632673740386963,0.0020797252655029297,0.12754394844927297,True,0.0019186735153198242,0.11766707843007271,True,0.0020797252655029297,PASS,1,Rain should not significantly affect prediction,Consistent,0.07333333333333333
RainRelation,0.75,-1.63059401512146,-1.6316479444503784,0.001053929328918457,0.06463464680958514,True,0.0019186735153198242,0.11766707843007271,True,0.001053929328918457,PASS,1,Rain should not significantly affect prediction,Consistent,0.07333333333333333
RainRelation,1.125,-1.63059401512146,-1.6307681798934937,0.0001741647720336914,0.010681056327203245,True,0.0019186735153198242,0.11766707843007271,True,0.0001741647720336914,PASS,1,Rain should not significantly affect prediction,Consistent,0.07333333333333333
RainRelation,1.5,-1.63059401512146,-1.6309447288513184,0.00035071372985839844,0.021508328346770668,True,0.0019186735153198242,0.11766707843007271,True,0.00035071372985839844,PASS,1,Rain should not significantly affect prediction,Consistent,0.07333333333333333
SnowRelation,0.0,-1.63059401512146,-1.632178783416748,0.001584768295288086,0.09718957071446951,True,0.0037817955017089844,0.23192733122806009,True,0.001584768295288086,PASS,1,Snow should not significantly affect prediction,Consistent,0.07333333333333333
SnowRelation,0.375,-1.63059401512146,-1.630969762802124,0.0003757476806640625,0.023043593116594544,True,0.0037817955017089844,0.23192733122806009,True,0.0003757476806640625,PASS,1,Snow should not significantly affect prediction,Consistent,0.07333333333333333
SnowRelation,0.75,-1.63059401512146,-1.6297200918197632,0.0008739233016967773,0.05359536203608966,True,0.0037817955017089844,0.23192733122806009,True,0.0008739233016967773,PASS,1,Snow should not significantly affect prediction,Consistent,0.07333333333333333
SnowRelation,1.125,-1.63059401512146,-1.6293551921844482,0.0012388229370117188,0.0759736737524272,True,0.0037817955017089844,0.23192733122806009,True,0.0012388229370117188,PASS,1,Snow should not significantly affect prediction,Consistent,0.07333333333333333
SnowRelation,1.5,-1.63059401512146,-1.628396987915039,0.0021970272064208984,0.13473776051359057,True,0.0037817955017089844,0.23192733122806009,True,0.0021970272064208984,PASS,1,Snow should not significantly affect prediction,Consistent,0.07333333333333333
FogRelation,0.0,-1.63059401512146,-1.6306612491607666,6.723403930664062e-05,0.004123282524669836,True,0.002590179443359375,0.15884872818444362,True,6.723403930664062e-05,PASS,1,Fog should not significantly affect prediction,Consistent,0.07333333333333333
FogRelation,0.375,-1.63059401512146,-1.628924012184143,0.0016700029373168945,0.10241678171648888,True,0.002590179443359375,0.15884872818444362,True,0.0016700029373168945,PASS,1,Fog should not significantly affect prediction,Consistent,0.07333333333333333
FogRelation,0.75,-1.63059401512146,-1.6280710697174072,0.0025229454040527344,0.15472544565977378,True,0.002590179443359375,0.15884872818444362,True,0.0025229454040527344,PASS,1,Fog should not significantly affect prediction,Consistent,0.07333333333333333
FogRelation,1.125,-1.63059401512146,-1.6280710697174072,0.0025229454040527344,0.15472544565977378,True,0.002590179443359375,0.15884872818444362,True,0.0025229454040527344,PASS,1,Fog should not significantly affect prediction,Consistent,0.07333333333333333
FogRelation,1.5,-1.63059401512146,-1.6280710697174072,0.0025229454040527344,0.15472544565977378,True,0.002590179443359375,0.15884872818444362,True,0.0025229454040527344,PASS,1,Fog should not significantly affect prediction,Consistent,0.07333333333333333
DarkVisibiltyRelation,0.05,-1.63059401512146,-1.63048255443573,0.00011146068572998047,0.006835583618025349,True,0.002411484718322754,0.14788986204174842,True,0.00011146068572998047,PASS,1,Output should not change drastically under degradation,Consistent,0.07333333333333333
DarkVisibiltyRelation,0.4125,-1.63059401512146,-1.629571795463562,0.0010222196578979492,0.06268997810114157,True,0.002411484718322754,0.14788986204174842,True,0.0010222196578979492,PASS,1,Output should not change drastically under degradation,Consistent,0.07333333333333333
DarkVisibiltyRelation,0.775,-1.63059401512146,-1.6286563873291016,0.0019376277923583984,0.11882949318436793,True,0.002411484718322754,0.14788986204174842,True,0.0019376277923583984,PASS,1,Output should not change drastically under degradation,Consistent,0.07333333333333333
DarkVisibiltyRelation,1.1375,-1.63059401512146,-1.6280710697174072,0.0025229454040527344,0.15472544565977378,True,0.002411484718322754,0.14788986204174842,True,0.0025229454040527344,PASS,1,Output should not change drastically under degradation,Consistent,0.07333333333333333
DarkVisibiltyRelation,1.5,-1.63059401512146,-1.6280710697174072,0.0025229454040527344,0.15472544565977378,True,0.002411484718322754,0.14788986204174842,True,0.0025229454040527344,PASS,1,Output should not change drastically under degradation,Consistent,0.07333333333333333
DarkVisibiltyRelation,0.05,-1.63059401512146,-1.6355783939361572,0.004984378814697266,0.30567852645655175,True,0.006848692893981934,0.4200118871007212,True,0.004984378814697266,PASS,1,Output should not change drastically under degradation,Consistent,0.07333333333333333
DarkVisibiltyRelation,0.4125,-1.63059401512146,-1.6336833238601685,0.003089308738708496,0.1894589833808844,True,0.006848692893981934,0.4200118871007212,True,0.003089308738708496,PASS,1,Output should not change drastically under degradation,Consistent,0.07333333333333333
DarkVisibiltyRelation,0.775,-1.63059401512146,-1.6317843198776245,0.0011903047561645508,0.07299818441281615,True,0.006848692893981934,0.4200118871007212,True,0.0011903047561645508,PASS,1,Output should not change drastically under degradation,Consistent,0.07333333333333333
DarkVisibiltyRelation,1.1375,-1.63059401512146,-1.6299599409103394,0.0006340742111206055,0.038886063384253294,True,0.006848692893981934,0.4200118871007212,True,0.0006340742111206055,PASS,1,Output should not change drastically under degradation,Consistent,0.07333333333333333
DarkVisibiltyRelation,1.5,-1.63059401512146,-1.6287297010421753,0.001864314079284668,0.11433336064416945,True,0.006848692893981934,0.4200118871007212,True,0.001864314079284668,PASS,1,Output should not change drastically under degradation,Consistent,0.07333333333333333
TemporalSmoothnessRelation,0.0,-1.630487322807312,-1.63059401512146,0.00010669231414794922,0.0,True,,,,0.00010669231414794922,PASS,1,Predictions should change smoothly across consecutive frames,Consistent,0.07333333333333333
BrightnessRelation,0.1,-1.6306160688400269,-1.6353182792663574,0.004702210426330566,0.28836999907498706,True,0.008539199829101562,0.5236790410378875,True,0.004702210426330566,PASS,2,Output should remain approximately same under brightness change,Consistent,0.07333333333333333
BrightnessRelation,0.825,-1.6306160688400269,-1.6315407752990723,0.0009247064590454102,0.056708989297114334,True,0.008539199829101562,0.5236790410378875,True,0.0009247064590454102,PASS,2,Output should remain approximately same under brightness change,Consistent,0.07333333333333333
BrightnessRelation,1.55,-1.6306160688400269,-1.6284916400909424,0.0021244287490844727,0.13028373059995804,True,0.008539199829101562,0.5236790410378875,True,0.0021244287490844727,PASS,2,Output should remain approximately same under brightness change,Consistent,0.07333333333333333
BrightnessRelation,2.275,-1.6306160688400269,-1.6267790794372559,0.003836989402770996,0.23530904196290048,True,0.008539199829101562,0.5236790410378875,True,0.003836989402770996,PASS,2,Output should remain approximately same under brightness change,Consistent,0.07333333333333333
BrightnessRelation,3.0,-1.6306160688400269,-1.6270911693572998,0.0035248994827270508,0.2161696666915526,True,0.008539199829101562,0.5236790410378875,True,0.0035248994827270508,PASS,2,Output should remain approximately same under brightness change,Consistent,0.07333333333333333
RotationRelation,-60.0,-1.6306160688400269,-1.6345678567886353,0.0039517879486083984,0.24234923233200206,True,0.006540536880493164,0.40110808389525265,True,0.0039517879486083984,PASS,2,Small rotation should not significantly change output,Consistent,0.07333333333333333
RotationRelation,-30.0,-1.6306160688400269,-1.6359890699386597,0.0053730010986328125,0.32950722774262436,True,0.006540536880493164,0.40110808389525265,True,0.0053730010986328125,PASS,2,Small rotation should not significantly change output,Consistent,0.07333333333333333
RotationRelation,0.0,-1.6306160688400269,-1.6306160688400269,0.0,0.0,True,0.006540536880493164,0.40110808389525265,True,0.0,PASS,2,Small rotation should not significantly change output,Consistent,0.07333333333333333
RotationRelation,30.0,-1.6306160688400269,-1.6294485330581665,0.0011675357818603516,0.0716008561526283,True,0.006540536880493164,0.40110808389525265,True,0.0011675357818603516,PASS,2,Small rotation should not significantly change output,Consistent,0.07333333333333333
RotationRelation,60.0,-1.6306160688400269,-1.630885124206543,0.0002690553665161133,0.016500217718652448,True,0.006540536880493164,0.40110808389525265,True,0.0002690553665161133,PASS,2,Small rotation should not significantly change output,Consistent,0.07333333333333333
TranslationRelation,0.0,-1.6306160688400269,-1.6306160688400269,0.0,0.0,True,0.0010249614715576172,0.06285727600574822,True,0.0,PASS,2,Small translation should preserve prediction consistency,Consistent,0.07333333333333333
TranslationRelation,20.0,-1.6306160688400269,-1.6295911073684692,0.0010249614715576172,0.06285727600574822,True,0.0010249614715576172,0.06285727600574822,True,0.0010249614715576172,PASS,2,Small translation should preserve prediction consistency,Consistent,0.07333333333333333
TranslationRelation,40.0,-1.6306160688400269,-1.629960536956787,0.0006555318832397461,0.04020146089272034,True,0.0010249614715576172,0.06285727600574822,True,0.0006555318832397461,PASS,2,Small translation should preserve prediction consistency,Consistent,0.07333333333333333
TranslationRelation,60.0,-1.6306160688400269,-1.6296474933624268,0.0009685754776000977,0.0593993216500005,True,0.0010249614715576172,0.06285727600574822,True,0.0009685754776000977,PASS,2,Small translation should preserve prediction consistency,Consistent,0.07333333333333333
TranslationRelation,80.0,-1.6306160688400269,-1.6301391124725342,0.0004769563674926758,0.029250053651895633,True,0.0010249614715576172,0.06285727600574822,True,0.0004769563674926758,PASS,2,Small translation should preserve prediction consistency,Consistent,0.07333333333333333
NoiseRelation,0.0,-1.6306160688400269,-1.6306160688400269,0.0,0.0,True,0.0004210472106933594,0.025821342039114067,True,0.0,PASS,2,Noise should not significantly affect prediction,Consistent,0.07333333333333333
NoiseRelation,37.5,-1.6306160688400269,-1.6304959058761597,0.0001201629638671875,0.007369171227470831,True,0.0004210472106933594,0.025821342039114067,True,0.0001201629638671875,PASS,2,Noise should not significantly affect prediction,Consistent,0.07333333333333333
NoiseRelation,75.0,-1.6306160688400269,-1.6307426691055298,0.0001266002655029297,0.007763948257513912,True,0.0004210472106933594,0.025821342039114067,True,0.0001266002655029297,PASS,2,Noise should not significantly affect prediction,Consistent,0.07333333333333333
NoiseRelation,112.5,-1.6306160688400269,-1.630916953086853,0.0003008842468261719,0.018452170811643236,True,0.0004210472106933594,0.025821342039114067,True,0.0003008842468261719,PASS,2,Noise should not significantly affect prediction,Consistent,0.07333333333333333
NoiseRelation,150.0,-1.6306160688400269,-1.6307086944580078,9.262561798095703e-05,0.005680402821175433,True,0.0004210472106933594,0.025821342039114067,True,9.262561798095703e-05,PASS,2,Noise should not significantly affect prediction,Consistent,0.07333333333333333
BlurRelation,1.0,-1.6306160688400269,-1.6306160688400269,0.0,0.0,True,0.0001112222671508789,0.006820869796855442,True,0.0,PASS,2,Blur should not significantly change output,Consistent,0.07333333333333333
BlurRelation,8.5,-1.6306160688400269,-1.6306263208389282,1.0251998901367188e-05,0.0006287189737723131,True,0.0001112222671508789,0.006820869796855442,True,1.0251998901367188e-05,PASS,2,Blur should not significantly change output,Consistent,0.07333333333333333
BlurRelation,16.0,-1.6306160688400269,-1.630627989768982,1.1920928955078125e-05,0.0007310685741538524,True,0.0001112222671508789,0.006820869796855442,True,1.1920928955078125e-05,PASS,2,Blur should not significantly change output,Consistent,0.07333333333333333
BlurRelation,23.5,-1.6306160688400269,-1.6306568384170532,4.076957702636719e-05,0.002500254523606175,True,0.0001112222671508789,0.006820869796855442,True,4.076957702636719e-05,PASS,2,Blur should not significantly change output,Consistent,0.07333333333333333
BlurRelation,31.0,-1.6306160688400269,-1.6307272911071777,0.0001112222671508789,0.006820869796855442,True,0.0001112222671508789,0.006820869796855442,True,0.0001112222671508789,PASS,2,Blur should not significantly change output,Consistent,0.07333333333333333
ContrastRelation,0.1,-1.6306160688400269,-1.6353182792663574,0.004702210426330566,0.28836999907498706,True,0.008217453956604004,0.503947500221475,True,0.004702210426330566,PASS,2,Contrast change should not significantly affect output,Consistent,0.07333333333333333
ContrastRelation,1.075,-1.6306160688400269,-1.6302584409713745,0.00035762786865234375,0.02193205722461557,True,0.008217453956604004,0.503947500221475,True,0.00035762786865234375,PASS,2,Contrast change should not significantly affect output,Consistent,0.07333333333333333
ContrastRelation,2.05,-1.6306160688400269,-1.62721586227417,0.0034002065658569336,0.2085226894059033,True,0.008217453956604004,0.503947500221475,True,0.0034002065658569336,PASS,2,Contrast change should not significantly affect output,Consistent,0.07333333333333333
ContrastRelation,3.025,-1.6306160688400269,-1.6271008253097534,0.0035152435302734375,0.215577501146488,True,0.008217453956604004,0.503947500221475,True,0.0035152435302734375,PASS,2,Contrast change should not significantly affect output,Consistent,0.07333333333333333
ContrastRelation,4.0,-1.6306160688400269,-1.6277945041656494,0.0028215646743774414,0.1730366208164753,True,0.008217453956604004,0.503947500221475,True,0.0028215646743774414,PASS,2,Contrast change should not significantly affect output,Consistent,0.07333333333333333
RainRelation,0.0,-1.6306160688400269,-1.6327012777328491,0.0020852088928222656,0.12787851499099187,True,0.001246809959411621,0.07646246217075142,True,0.0020852088928222656,PASS,2,Rain should not significantly affect prediction,Consistent,0.07333333333333333
RainRelation,0.375,-1.6306160688400269,-1.632615566253662,0.001999497413635254,0.12262213194282566,True,0.001246809959411621,0.07646246217075142,True,0.001999497413635254,PASS,2,Rain should not significantly affect prediction,Consistent,0.07333333333333333
RainRelation,0.75,-1.6306160688400269,-1.6326103210449219,0.0019942522048950195,0.12230046177019796,True,0.001246809959411621,0.07646246217075142,True,0.0019942522048950195,PASS,2,Rain should not significantly affect prediction,Consistent,0.07333333333333333
RainRelation,1.125,-1.6306160688400269,-1.6318073272705078,0.001191258430480957,0.07305568261519446,True,0.001246809959411621,0.07646246217075142,True,0.001191258430480957,PASS,2,Rain should not significantly affect prediction,Consistent,0.07333333333333333
RainRelation,1.5,-1.6306160688400269,-1.6330541372299194,0.002438068389892578,0.14951814478594588,True,0.001246809959411621,0.07646246217075142,True,0.002438068389892578,PASS,2,Rain should not significantly affect prediction,Consistent,0.07333333333333333
SnowRelation,0.0,-1.6306160688400269,-1.632190227508545,0.0015741586685180664,0.09653760521701621,True,0.003957033157348633,0.24267090250462975,True,0.0015741586685180664,PASS,2,Snow should not significantly affect prediction,Consistent,0.07333333333333333
SnowRelation,0.375,-1.6306160688400269,-1.6309242248535156,0.00030815601348876953,0.018898122641877083,True,0.003957033157348633,0.24267090250462975,True,0.00030815601348876953,PASS,2,Snow should not significantly affect prediction,Consistent,0.07333333333333333
SnowRelation,0.75,-1.6306160688400269,-1.6298364400863647,0.0007796287536621094,0.04781188474966195,True,0.003957033157348633,0.24267090250462975,True,0.0007796287536621094,PASS,2,Snow should not significantly affect prediction,Consistent,0.07333333333333333
SnowRelation,1.125,-1.6306160688400269,-1.6292833089828491,0.0013327598571777344,0.08173346659040069,True,0.003957033157348633,0.24267090250462975,True,0.0013327598571777344,PASS,2,Snow should not significantly affect prediction,Consistent,0.07333333333333333
SnowRelation,1.5,-1.6306160688400269,-1.6282331943511963,0.0023828744888305664,0.14613329728761354,True,0.003957033157348633,0.24267090250462975,True,0.0023828744888305664,PASS,2,Snow should not significantly affect prediction,Consistent,0.07333333333333333
FogRelation,0.0,-1.6306160688400269,-1.6306414604187012,2.5391578674316406e-05,0.0015571760629477054,True,0.0025703907012939453,0.15763300595905363,True,2.5391578674316406e-05,PASS,2,Fog should not significantly affect prediction,Consistent,0.07333333333333333
FogRelation,0.375,-1.6306160688400269,-1.6289221048355103,0.0016939640045166016,0.10388484438726242,True,0.0025703907012939453,0.15763300595905363,True,0.0016939640045166016,PASS,2,Fog should not significantly affect prediction,Consistent,0.07333333333333333
FogRelation,0.75,-1.6306160688400269,-1.6280710697174072,0.002544999122619629,0.15607582989610594,True,0.0025703907012939453,0.15763300595905363,True,0.002544999122619629,PASS,2,Fog should not significantly affect prediction,Consistent,0.07333333333333333
FogRelation,1.125,-1.6306160688400269,-1.6280710697174072,0.002544999122619629,0.15607582989610594,True,0.0025703907012939453,0.15763300595905363,True,0.002544999122619629,PASS,2,Fog should not significantly affect prediction,Consistent,0.07333333333333333
FogRelation,1.5,-1.6306160688400269,-1.6280710697174072,0.002544999122619629,0.15607582989610594,True,0.0025703907012939453,0.15763300595905363,True,0.002544999122619629,PASS,2,Fog should not significantly affect prediction,Consistent,0.07333333333333333
DarkVisibiltyRelation,0.05,-1.6306160688400269,-1.6305029392242432,0.0001131296157836914,0.00693784076872006,True,0.0024318695068359375,0.14913798912738588,True,0.0001131296157836914,PASS,2,Output should not change drastically under degradation,Consistent,0.07333333333333333
DarkVisibiltyRelation,0.4125,-1.6306160688400269,-1.6295852661132812,0.0010308027267456055,0.06321549960708361,True,0.0024318695068359375,0.14913798912738588,True,0.0010308027267456055,PASS,2,Output should not change drastically under degradation,Consistent,0.07333333333333333
DarkVisibiltyRelation,0.775,-1.6306160688400269,-1.6286643743515015,0.0019516944885253906,0.1196905469604687,True,0.0024318695068359375,0.14913798912738588,True,0.0019516944885253906,PASS,2,Output should not change drastically under degradation,Consistent,0.07333333333333333
DarkVisibiltyRelation,1.1375,-1.6306160688400269,-1.6280710697174072,0.002544999122619629,0.15607582989610594,True,0.0024318695068359375,0.14913798912738588,True,0.002544999122619629,PASS,2,Output should not change drastically under degradation,Consistent,0.07333333333333333
DarkVisibiltyRelation,1.5,-1.6306160688400269,-1.6280710697174072,0.002544999122619629,0.15607582989610594,True,0.0024318695068359375,0.14913798912738588,True,0.002544999122619629,PASS,2,Output should not change drastically under degradation,Consistent,0.07333333333333333
DarkVisibiltyRelation,0.05,-1.6306160688400269,-1.6355769634246826,0.004960894584655762,0.30423418713412564,True,0.006951093673706055,0.42628608558911135,True,0.004960894584655762,PASS,2,Output should not change drastically under degradation,Consistent,0.07333333333333333
DarkVisibiltyRelation,0.4125,-1.6306160688400269,-1.6336932182312012,0.0030771493911743164,0.1887107310463339,True,0.006951093673706055,0.42628608558911135,True,0.0030771493911743164,PASS,2,Output should not change drastically under degradation,Consistent,0.07333333333333333
DarkVisibiltyRelation,0.775,-1.6306160688400269,-1.6318022012710571,0.0011861324310302734,0.0727413231283083,True,0.006951093673706055,0.42628608558911135,True,0.0011861324310302734,PASS,2,Output should not change drastically under degradation,Consistent,0.07333333333333333
DarkVisibiltyRelation,1.1375,-1.6306160688400269,-1.6299679279327393,0.0006481409072875977,0.03974819837674495,True,0.006951093673706055,0.42628608558911135,True,0.0006481409072875977,PASS,2,Output should not change drastically under degradation,Consistent,0.07333333333333333
DarkVisibiltyRelation,1.5,-1.6306160688400269,-1.6286258697509766,0.001990199089050293,0.12205189845498564,True,0.006951093673706055,0.42628608558911135,True,0.001990199089050293,PASS,2,Output should not change drastically under degradation,Consistent,0.07333333333333333
TemporalSmoothnessRelation,0.0,-1.630487322807312,-1.63059401512146,0.00010669231414794922,0.0,True,,,,0.00010669231414794922,PASS,2,Predictions should change smoothly across consecutive frames,Consistent,0.07333333333333333
BrightnessRelation,0.1,-1.6298954486846924,-1.6352465152740479,0.005351066589355469,0.3283071506581733,True,0.0061637163162231445,0.3781661295843176,True,0.005351066589355469,PASS,3,Output should remain approximately same under brightness change,Consistent,0.07333333333333333
BrightnessRelation,0.825,-1.6298954486846924,-1.63094961643219,0.0010541677474975586,0.06467697677041138,True,0.0061637163162231445,0.3781661295843176,True,0.0010541677474975586,PASS,3,Output should remain approximately same under brightness change,Consistent,0.07333333333333333
BrightnessRelation,1.55,-1.6298954486846924,-1.6293309926986694,0.0005644559860229492,0.034631401674533296,True,0.0061637163162231445,0.3781661295843176,True,0.0005644559860229492,PASS,3,Output should remain approximately same under brightness change,Consistent,0.07333333333333333
BrightnessRelation,2.275,-1.6298954486846924,-1.629502773284912,0.00039267539978027344,0.024092045853413447,True,0.0061637163162231445,0.3781661295843176,True,0.00039267539978027344,PASS,3,Output should remain approximately same under brightness change,Consistent,0.07333333333333333
BrightnessRelation,3.0,-1.6298954486846924,-1.6290827989578247,0.0008126497268676758,0.04985897892614435,True,0.0061637163162231445,0.3781661295843176,True,0.0008126497268676758,PASS,3,Output should remain approximately same under brightness change,Consistent,0.07333333333333333
RotationRelation,-60.0,-1.6298954486846924,-1.631862759590149,0.001967310905456543,0.12070158856068067,True,0.011371731758117676,0.6976965786565479,True,0.001967310905456543,PASS,3,Small rotation should not significantly change output,Consistent,0.07333333333333333
RotationRelation,-30.0,-1.6298954486846924,-1.637929916381836,0.008034467697143555,0.4929434445744868,True,0.011371731758117676,0.6976965786565479,True,0.008034467697143555,PASS,3,Small rotation should not significantly change output,Consistent,0.07333333333333333
RotationRelation,0.0,-1.6298954486846924,-1.6298954486846924,0.0,0.0,True,0.011371731758117676,0.6976965786565479,True,0.0,PASS,3,Small rotation should not significantly change output,Consistent,0.07333333333333333
RotationRelation,30.0,-1.6298954486846924,-1.6265581846237183,0.003337264060974121,0.20475313408206117,True,0.011371731758117676,0.6976965786565479,True,0.003337264060974121,PASS,3,Small rotation should not significantly change output,Consistent,0.07333333333333333
RotationRelation,60.0,-1.6298954486846924,-1.628807783126831,0.0010876655578613281,0.0667321877251197,True,0.011371731758117676,0.6976965786565479,True,0.0010876655578613281,PASS,3,Small rotation should not significantly change output,Consistent,0.07333333333333333
TranslationRelation,0.0,-1.6298954486846924,-1.6298954486846924,0.0,0.0,True,0.004462480545043945,0.2737892059734909,True,0.0,PASS,3,Small translation should preserve prediction consistency,Consistent,0.07333333333333333
TranslationRelation,20.0,-1.6298954486846924,-1.6285319328308105,0.001363515853881836,0.08365659395001306,True,0.004462480545043945,0.2737892059734909,True,0.001363515853881836,PASS,3,Small translation should preserve prediction consistency,Consistent,0.07333333333333333
TranslationRelation,40.0,-1.6298954486846924,-1.6276359558105469,0.002259492874145508,0.13862800154996918,True,0.004462480545043945,0.2737892059734909,True,0.002259492874145508,PASS,3,Small translation should preserve prediction consistency,Consistent,0.07333333333333333
TranslationRelation,60.0,-1.6298954486846924,-1.6254329681396484,0.004462480545043945,0.2737892059734909,True,0.004462480545043945,0.2737892059734909,True,0.004462480545043945,PASS,3,Small translation should preserve prediction consistency,Consistent,0.07333333333333333
TranslationRelation,80.0,-1.6298954486846924,-1.6261875629425049,0.0037078857421875,0.22749210510764176,True,0.004462480545043945,0.2737892059734909,True,0.0037078857421875,PASS,3,Small translation should preserve prediction consistency,Consistent,0.07333333333333333
NoiseRelation,0.0,-1.6298954486846924,-1.6298954486846924,0.0,0.0,True,0.0004419088363647461,0.027112693982575483,True,0.0,PASS,3,Noise should not significantly affect prediction,Consistent,0.07333333333333333
NoiseRelation,37.5,-1.6298954486846924,-1.6298973560333252,1.9073486328125e-06,0.00011702268781257291,True,0.0004419088363647461,0.027112693982575483,True,1.9073486328125e-06,PASS,3,Noise should not significantly affect prediction,Consistent,0.07333333333333333
NoiseRelation,75.0,-1.6298954486846924,-1.6299726963043213,7.724761962890625e-05,0.004739418856409203,True,0.0004419088363647461,0.027112693982575483,True,7.724761962890625e-05,PASS,3,Noise should not significantly affect prediction,Consistent,0.07333333333333333
NoiseRelation,112.5,-1.6298954486846924,-1.6302584409713745,0.0003629922866821289,0.02227088027433028,True,0.0004419088363647461,0.027112693982575483,True,0.0003629922866821289,PASS,3,Noise should not significantly affect prediction,Consistent,0.07333333333333333
NoiseRelation,150.0,-1.6298954486846924,-1.6303373575210571,0.0004419088363647461,0.027112693982575483,True,0.0004419088363647461,0.027112693982575483,True,0.0004419088363647461,PASS,3,Noise should not significantly affect prediction,Consistent,0.07333333333333333
BlurRelation,1.0,-1.6298954486846924,-1.6298954486846924,0.0,0.0,True,0.0004178285598754883,0.02563528254894175,True,0.0,PASS,3,Blur should not significantly change output,Consistent,0.07333333333333333
BlurRelation,8.5,-1.6298954486846924,-1.6297733783721924,0.0001220703125,0.007489452020004666,True,0.0004178285598754883,0.02563528254894175,True,0.0001220703125,PASS,3,Blur should not significantly change output,Consistent,0.07333333333333333
BlurRelation,16.0,-1.6298954486846924,-1.629902720451355,7.271766662597656e-06,0.0004461489972854342,True,0.0004178285598754883,0.02563528254894175,True,7.271766662597656e-06,PASS,3,Blur should not significantly change output,Consistent,0.07333333333333333
BlurRelation,23.5,-1.6298954486846924,-1.6300297975540161,0.00013434886932373047,0.008242785572798105,True,0.0004178285598754883,0.02563528254894175,True,0.00013434886932373047,PASS,3,Blur should not significantly change output,Consistent,0.07333333333333333
BlurRelation,31.0,-1.6298954486846924,-1.6301912069320679,0.0002957582473754883,0.018145830528937087,True,0.0004178285598754883,0.02563528254894175,True,0.0002957582473754883,PASS,3,Blur should not significantly change output,Consistent,0.07333333333333333
ContrastRelation,0.1,-1.6298954486846924,-1.6352465152740479,0.005351066589355469,0.3283071506581733,True,0.006767988204956055,0.4152403798669384,True,0.005351066589355469,PASS,3,Contrast change should not significantly affect output,Consistent,0.07333333333333333
ContrastRelation,1.075,-1.6298954486846924,-1.629582166671753,0.0003132820129394531,0.0192209764732151,True,0.006767988204956055,0.4152403798669384,True,0.0003132820129394531,PASS,3,Contrast change should not significantly affect output,Consistent,0.07333333333333333
ContrastRelation,2.05,-1.6298954486846924,-1.6295336484909058,0.0003618001937866211,0.022197741094447422,True,0.006767988204956055,0.4152403798669384,True,0.0003618001937866211,PASS,3,Contrast change should not significantly affect output,Consistent,0.07333333333333333
ContrastRelation,3.025,-1.6298954486846924,-1.6290735006332397,0.0008219480514526367,0.05042946452923063,True,0.006767988204956055,0.4152403798669384,True,0.0008219480514526367,PASS,3,Contrast change should not significantly affect output,Consistent,0.07333333333333333
ContrastRelation,4.0,-1.6298954486846924,-1.6284785270690918,0.001416921615600586,0.08693322920876509,True,0.006767988204956055,0.4152403798669384,True,0.001416921615600586,PASS,3,Contrast change should not significantly affect output,Consistent,0.07333333333333333
RainRelation,0.0,-1.6298954486846924,-1.6322731971740723,0.002377748489379883,0.1458834081943487,True,0.0014268159866333008,0.08754028440179282,True,0.002377748489379883,PASS,3,Rain should not significantly affect prediction,Consistent,0.07333333333333333
RainRelation,0.375,-1.6298954486846924,-1.6322563886642456,0.0023609399795532227,0.1448521457580004,True,0.0014268159866333008,0.08754028440179282,True,0.0023609399795532227,PASS,3,Rain should not significantly affect prediction,Consistent,0.07333333333333333
RainRelation,0.75,-1.6298954486846924,-1.6316704750061035,0.0017750263214111328,0.10890423884557567,True,0.0014268159866333008,0.08754028440179282,True,0.0017750263214111328,PASS,3,Rain should not significantly affect prediction,Consistent,0.07333333333333333
RainRelation,1.125,-1.6298954486846924,-1.6319053173065186,0.002009868621826172,0.12331265728249871,True,0.0014268159866333008,0.08754028440179282,True,0.002009868621826172,PASS,3,Rain should not significantly affect prediction,Consistent,0.07333333333333333
RainRelation,1.5,-1.6298954486846924,-1.630846381187439,0.000950932502746582,0.05834312379255587,True,0.0014268159866333008,0.08754028440179282,True,0.000950932502746582,PASS,3,Rain should not significantly affect prediction,Consistent,0.07333333333333333
SnowRelation,0.0,-1.6298954486846924,-1.6316930055618286,0.0017975568771362305,0.11028656934536167,True,0.0024607181549072266,0.15097389511419562,True,0.0017975568771362305,PASS,3,Snow should not significantly affect prediction,Consistent,0.07333333333333333
SnowRelation,0.375,-1.6298954486846924,-1.630374789237976,0.0004793405532836914,0.029409264230897226,True,0.0024607181549072266,0.15097389511419562,True,0.0004793405532836914,PASS,3,Snow should not significantly affect prediction,Consistent,0.07333333333333333
SnowRelation,0.75,-1.6298954486846924,-1.6294351816177368,0.0004602670669555664,0.028239037352771498,True,0.0024607181549072266,0.15097389511419562,True,0.0004602670669555664,PASS,3,Snow should not significantly affect prediction,Consistent,0.07333333333333333
SnowRelation,1.125,-1.6298954486846924,-1.6292322874069214,0.0006631612777709961,0.04068732576883394,True,0.0024607181549072266,0.15097389511419562,True,0.0006631612777709961,PASS,3,Snow should not significantly affect prediction,Consistent,0.07333333333333333
SnowRelation,1.5,-1.6298954486846924,-1.6293094158172607,0.0005860328674316406,0.035955220830413026,True,0.0024607181549072266,0.15097389511419562,True,0.0005860328674316406,PASS,3,Snow should not significantly affect prediction,Consistent,0.07333333333333333
FogRelation,0.0,-1.6298954486846924,-1.6298785209655762,1.6927719116210938e-05,0.0010385763543365846,True,0.0018074512481689453,0.1108936245383894,True,1.6927719116210938e-05,PASS,3,Fog should not significantly affect prediction,Consistent,0.07333333333333333
FogRelation,0.375,-1.6298954486846924,-1.628671407699585,0.0012240409851074219,0.07509930990371866,True,0.0018074512481689453,0.1108936245383894,True,0.0012240409851074219,PASS,3,Fog should not significantly affect prediction,Consistent,0.07333333333333333
FogRelation,0.75,-1.6298954486846924,-1.6280710697174072,0.0018243789672851562,0.11193220089272599,True,0.0018074512481689453,0.1108936245383894,True,0.0018243789672851562,PASS,3,Fog should not significantly affect prediction,Consistent,0.07333333333333333
FogRelation,1.125,-1.6298954486846924,-1.6280710697174072,0.0018243789672851562,0.11193220089272599,True,0.0018074512481689453,0.1108936245383894,True,0.0018243789672851562,PASS,3,Fog should not significantly affect prediction,Consistent,0.07333333333333333
FogRelation,1.5,-1.6298954486846924,-1.6280710697174072,0.0018243789672851562,0.11193220089272599,True,0.0018074512481689453,0.1108936245383894,True,0.0018243789672851562,PASS,3,Fog should not significantly affect prediction,Consistent,0.07333333333333333
DarkVisibiltyRelation,0.05,-1.6298954486846924,-1.6298165321350098,7.891654968261719e-05,0.004841813708245204,True,0.001745462417602539,0.10709038718448077,True,7.891654968261719e-05,PASS,3,Output should not change drastically under degradation,Consistent,0.07333333333333333
DarkVisibiltyRelation,0.4125,-1.6298954486846924,-1.6291580200195312,0.0007374286651611328,0.045243896675536,True,0.001745462417602539,0.10709038718448077,True,0.0007374286651611328,PASS,3,Output should not change drastically under degradation,Consistent,0.07333333333333333
DarkVisibiltyRelation,0.775,-1.6298954486846924,-1.6284998655319214,0.001395583152770996,0.08562403788886193,True,0.001745462417602539,0.10709038718448077,True,0.001395583152770996,PASS,3,Output should not change drastically under degradation,Consistent,0.07333333333333333
DarkVisibiltyRelation,1.1375,-1.6298954486846924,-1.6280710697174072,0.0018243789672851562,0.11193220089272599,True,0.001745462417602539,0.10709038718448077,True,0.0018243789672851562,PASS,3,Output should not change drastically under degradation,Consistent,0.07333333333333333
DarkVisibiltyRelation,1.5,-1.6298954486846924,-1.6280710697174072,0.0018243789672851562,0.11193220089272599,True,0.001745462417602539,0.10709038718448077,True,0.0018243789672851562,PASS,3,Output should not change drastically under degradation,Consistent,0.07333333333333333
DarkVisibiltyRelation,0.05,-1.6298954486846924,-1.6355451345443726,0.005649685859680176,0.3466285152188292,True,0.006230831146240234,0.38228386541172255,True,0.005649685859680176,PASS,3,Output should not change drastically under degradation,Consistent,0.07333333333333333
DarkVisibiltyRelation,0.4125,-1.6298954486846924,-1.633400797843933,0.0035053491592407227,0.21506575844554413,True,0.006230831146240234,0.38228386541172255,True,0.0035053491592407227,PASS,3,Output should not change drastically under degradation,Consistent,0.07333333333333333
DarkVisibiltyRelation,0.775,-1.6298954486846924,-1.6312499046325684,0.0013544559478759766,0.08310073618290334,True,0.006230831146240234,0.38228386541172255,True,0.0013544559478759766,PASS,3,Output should not change drastically under degradation,Consistent,0.07333333333333333
DarkVisibiltyRelation,1.1375,-1.6298954486846924,-1.6294198036193848,0.0004756450653076172,0.02918253277326037,True,0.006230831146240234,0.38228386541172255,True,0.0004756450653076172,PASS,3,Output should not change drastically under degradation,Consistent,0.07333333333333333
DarkVisibiltyRelation,1.5,-1.6298954486846924,-1.6293143033981323,0.0005811452865600586,0.03565535019289331,True,0.006230831146240234,0.38228386541172255,True,0.0005811452865600586,PASS,3,Output should not change drastically under degradation,Consistent,0.07333333333333333
TemporalSmoothnessRelation,0.0,-1.630487322807312,-1.63059401512146,0.00010669231414794922,0.0,True,,,,0.00010669231414794922,PASS,3,Predictions should change smoothly across consecutive frames,Consistent,0.07333333333333333
BrightnessRelation,0.1,-1.6303092241287231,-1.6352893114089966,0.0049800872802734375,0.3054686897357168,True,0.010118484497070312,0.620647797414009,True,0.0049800872802734375,PASS,4,Output should remain approximately same under brightness change,Consistent,0.07333333333333333
BrightnessRelation,0.825,-1.6303092241287231,-1.6312880516052246,0.0009788274765014648,0.0600393386494631,True,0.010118484497070312,0.620647797414009,True,0.0009788274765014648,PASS,4,Output should remain approximately same under brightness change,Consistent,0.07333333333333333
BrightnessRelation,1.55,-1.6303092241287231,-1.6273829936981201,0.0029262304306030273,0.1794891786418671,True,0.010118484497070312,0.620647797414009,True,0.0029262304306030273,PASS,4,Output should remain approximately same under brightness change,Consistent,0.07333333333333333
BrightnessRelation,2.275,-1.6303092241287231,-1.6251708269119263,0.005138397216796875,0.3151791076782922,True,0.010118484497070312,0.620647797414009,True,0.005138397216796875,PASS,4,Output should remain approximately same under brightness change,Consistent,0.07333333333333333
BrightnessRelation,3.0,-1.6303092241287231,-1.625456690788269,0.0048525333404541016,0.2976447837127079,True,0.010118484497070312,0.620647797414009,True,0.0048525333404541016,PASS,4,Output should remain approximately same under brightness change,Consistent,0.07333333333333333
RotationRelation,-60.0,-1.6303092241287231,-1.6310628652572632,0.0007536411285400391,0.04622685409108582,True,0.0033382177352905273,0.20475966389001524,True,0.0007536411285400391,PASS,4,Small rotation should not significantly change output,Consistent,0.07333333333333333
RotationRelation,-30.0,-1.6303092241287231,-1.6322005987167358,0.0018913745880126953,0.1160131709916431,True,0.0033382177352905273,0.20475966389001524,True,0.0018913745880126953,PASS,4,Small rotation should not significantly change output,Consistent,0.07333333333333333
RotationRelation,0.0,-1.6303092241287231,-1.6303092241287231,0.0,0.0,True,0.0033382177352905273,0.20475966389001524,True,0.0,PASS,4,Small rotation should not significantly change output,Consistent,0.07333333333333333
RotationRelation,30.0,-1.6303092241287231,-1.6336474418640137,0.0033382177352905273,0.20475966389001524,True,0.0033382177352905273,0.20475966389001524,True,0.0033382177352905273,PASS,4,Small rotation should not significantly change output,Consistent,0.07333333333333333
RotationRelation,60.0,-1.6303092241287231,-1.6319890022277832,0.0016797780990600586,0.10303426146749294,True,0.0033382177352905273,0.20475966389001524,True,0.0016797780990600586,PASS,4,Small rotation should not significantly change output,Consistent,0.07333333333333333
TranslationRelation,0.0,-1.6303092241287231,-1.6303092241287231,0.0,0.0,True,0.0018312931060791016,0.11232789189295482,True,0.0,PASS,4,Small translation should preserve prediction consistency,Consistent,0.07333333333333333
TranslationRelation,20.0,-1.6303092241287231,-1.63060462474823,0.00029540061950683594,0.018119288901884002,True,0.0018312931060791016,0.11232789189295482,True,0.00029540061950683594,PASS,4,Small translation should preserve prediction consistency,Consistent,0.07333333333333333
TranslationRelation,40.0,-1.6303092241287231,-1.6310930252075195,0.0007838010787963867,0.048076805702133706,True,0.0018312931060791016,0.11232789189295482,True,0.0007838010787963867,PASS,4,Small translation should preserve prediction consistency,Consistent,0.07333333333333333
TranslationRelation,60.0,-1.6303092241287231,-1.631180763244629,0.0008715391159057617,0.053458483116091186,True,0.0018312931060791016,0.11232789189295482,True,0.0008715391159057617,PASS,4,Small translation should preserve prediction consistency,Consistent,0.07333333333333333
TranslationRelation,80.0,-1.6303092241287231,-1.6321405172348022,0.0018312931060791016,0.11232789189295482,True,0.0018312931060791016,0.11232789189295482,True,0.0018312931060791016,PASS,4,Small translation should preserve prediction consistency,Consistent,0.07333333333333333
NoiseRelation,0.0,-1.6303092241287231,-1.6303092241287231,0.0,0.0,True,0.000331878662109375,0.020356779783230455,True,0.0,PASS,4,Noise should not significantly affect prediction,Consistent,0.07333333333333333
NoiseRelation,37.5,-1.6303092241287231,-1.630241870880127,6.73532485961914e-05,0.004131314862616813,True,0.000331878662109375,0.020356779783230455,True,6.73532485961914e-05,PASS,4,Noise should not significantly affect prediction,Consistent,0.07333333333333333
NoiseRelation,75.0,-1.6303092241287231,-1.630408525466919,9.930133819580078e-05,0.0060909473992208935,True,0.000331878662109375,0.020356779783230455,True,9.930133819580078e-05,PASS,4,Noise should not significantly affect prediction,Consistent,0.07333333333333333
NoiseRelation,112.5,-1.6303092241287231,-1.6305737495422363,0.0002645254135131836,0.01622546492061364,True,0.000331878662109375,0.020356779783230455,True,0.0002645254135131836,PASS,4,Noise should not significantly affect prediction,Consistent,0.07333333333333333
NoiseRelation,150.0,-1.6303092241287231,-1.6304099559783936,0.00010073184967041016,0.006178692139665852,True,0.000331878662109375,0.020356779783230455,True,0.00010073184967041016,PASS,4,Noise should not significantly affect prediction,Consistent,0.07333333333333333
BlurRelation,1.0,-1.6303092241287231,-1.6303092241287231,0.0,0.0,True,9.047985076904297e-05,0.005549854833143647,True,0.0,PASS,4,Blur should not significantly change output,Consistent,0.07333333333333333
BlurRelation,8.5,-1.6303092241287231,-1.6302536725997925,5.555152893066406e-05,0.003407420753945902,True,9.047985076904297e-05,0.005549854833143647,True,5.555152893066406e-05,PASS,4,Blur should not significantly change output,Consistent,0.07333333333333333
BlurRelation,16.0,-1.6303092241287231,-1.6302247047424316,8.45193862915039e-05,0.005184251747956319,True,9.047985076904297e-05,0.005549854833143647,True,8.45193862915039e-05,PASS,4,Blur should not significantly change output,Consistent,0.07333333333333333
BlurRelation,23.5,-1.6303092241287231,-1.630218744277954,9.047985076904297e-05,0.005549854833143647,True,9.047985076904297e-05,0.005549854833143647,True,9.047985076904297e-05,PASS,4,Blur should not significantly change output,Consistent,0.07333333333333333
BlurRelation,31.0,-1.6303092241287231,-1.63022780418396,8.14199447631836e-05,0.004994138143658908,True,9.047985076904297e-05,0.005549854833143647,True,8.14199447631836e-05,PASS,4,Blur should not significantly change output,Consistent,0.07333333333333333
ContrastRelation,0.1,-1.6303092241287231,-1.6352893114089966,0.0049800872802734375,0.3054686897357168,True,0.009807705879211426,0.6015852525523416,True,0.0049800872802734375,PASS,4,Contrast change should not significantly affect output,Consistent,0.07333333333333333
ContrastRelation,1.075,-1.6303092241287231,-1.6298773288726807,0.00043189525604248047,0.026491599552673824,True,0.009807705879211426,0.6015852525523416,True,0.00043189525604248047,PASS,4,Contrast change should not significantly affect output,Consistent,0.07333333333333333
ContrastRelation,2.05,-1.6303092241287231,-1.6254838705062866,0.0048253536224365234,0.29597763364425367,True,0.009807705879211426,0.6015852525523416,True,0.0048253536224365234,PASS,4,Contrast change should not significantly affect output,Consistent,0.07333333333333333
ContrastRelation,3.025,-1.6303092241287231,-1.6254816055297852,0.004827618598937988,0.2961165628166249,True,0.009807705879211426,0.6015852525523416,True,0.004827618598937988,PASS,4,Contrast change should not significantly affect output,Consistent,0.07333333333333333
ContrastRelation,4.0,-1.6303092241287231,-1.627172589302063,0.0031366348266601562,0.19239496754897978,True,0.009807705879211426,0.6015852525523416,True,0.0031366348266601562,PASS,4,Contrast change should not significantly affect output,Consistent,0.07333333333333333
RainRelation,0.0,-1.6303092241287231,-1.6325159072875977,0.0022066831588745117,0.13535357419805277,True,0.0020655393600463867,0.12669609314081684,True,0.0022066831588745117,PASS,4,Rain should not significantly affect prediction,Consistent,0.07333333333333333
RainRelation,0.375,-1.6303092241287231,-1.6325687170028687,0.002259492874145508,0.1385928175328125,True,0.0020655393600463867,0.12669609314081684,True,0.002259492874145508,PASS,4,Rain should not significantly affect prediction,Consistent,0.07333333333333333
RainRelation,0.75,-1.6303092241287231,-1.6332762241363525,0.0029670000076293945,0.1819899037445484,True,0.0020655393600463867,0.12669609314081684,True,0.0029670000076293945,PASS,4,Rain should not significantly affect prediction,Consistent,0.07333333333333333
RainRelation,1.125,-1.6303092241287231,-1.6315654516220093,0.0012562274932861328,0.07705450623408137,True,0.0020655393600463867,0.12669609314081684,True,0.0012562274932861328,PASS,4,Rain should not significantly affect prediction,Consistent,0.07333333333333333
RainRelation,1.5,-1.6303092241287231,-1.6312106847763062,0.0009014606475830078,0.05529381060373158,True,0.0020655393600463867,0.12669609314081684,True,0.0009014606475830078,PASS,4,Rain should not significantly affect prediction,Consistent,0.07333333333333333
SnowRelation,0.0,-1.6303092241287231,-1.6319775581359863,0.0016683340072631836,0.10233230354393327,True,0.004723668098449707,0.28974044501095786,True,0.0016683340072631836,PASS,4,Snow should not significantly affect prediction,Consistent,0.07333333333333333
SnowRelation,0.375,-1.6303092241287231,-1.630699634552002,0.0003904104232788086,0.023947002079770022,True,0.004723668098449707,0.28974044501095786,True,0.0003904104232788086,PASS,4,Snow should not significantly affect prediction,Consistent,0.07333333333333333
SnowRelation,0.75,-1.6303092241287231,-1.6293575763702393,0.0009516477584838867,0.05837218858100887,True,0.004723668098449707,0.28974044501095786,True,0.0009516477584838867,PASS,4,Snow should not significantly affect prediction,Consistent,0.07333333333333333
SnowRelation,1.125,-1.6303092241287231,-1.628337025642395,0.001972198486328125,0.12097074882678328,True,0.004723668098449707,0.28974044501095786,True,0.001972198486328125,PASS,4,Snow should not significantly affect prediction,Consistent,0.07333333333333333
SnowRelation,1.5,-1.6303092241287231,-1.6272538900375366,0.0030553340911865234,0.1874081414670246,True,0.004723668098449707,0.28974044501095786,True,0.0030553340911865234,PASS,4,Snow should not significantly affect prediction,Consistent,0.07333333333333333
FogRelation,0.0,-1.6303092241287231,-1.6302440166473389,6.520748138427734e-05,0.003999697751949374,True,0.0021729469299316406,0.1332842607358925,True,6.520748138427734e-05,PASS,4,Fog should not significantly affect prediction,Consistent,0.07333333333333333
FogRelation,0.375,-1.6303092241287231,-1.628792405128479,0.0015168190002441406,0.09303867311847137,True,0.0021729469299316406,0.1332842607358925,True,0.0015168190002441406,PASS,4,Fog should not significantly affect prediction,Consistent,0.07333333333333333
FogRelation,0.75,-1.6303092241287231,-1.6280710697174072,0.002238154411315918,0.13728395848784186,True,0.0021729469299316406,0.1332842607358925,True,0.002238154411315918,PASS,4,Fog should not significantly affect prediction,Consistent,0.07333333333333333
FogRelation,1.125,-1.6303092241287231,-1.6280710697174072,0.002238154411315918,0.13728395848784186,True,0.0021729469299316406,0.1332842607358925,True,0.002238154411315918,PASS,4,Fog should not significantly affect prediction,Consistent,0.07333333333333333
FogRelation,1.5,-1.6303092241287231,-1.6280710697174072,0.002238154411315918,0.13728395848784186,True,0.0021729469299316406,0.1332842607358925,True,0.002238154411315918,PASS,4,Fog should not significantly affect prediction,Consistent,0.07333333333333333
DarkVisibiltyRelation,0.05,-1.6303092241287231,-1.6302140951156616,9.512901306152344e-05,0.0058350252395897645,True,0.0021430253982543945,0.13144893324825213,True,9.512901306152344e-05,PASS,4,Output should not change drastically under degradation,Consistent,0.07333333333333333
DarkVisibiltyRelation,0.4125,-1.6303092241287231,-1.6294044256210327,0.0009047985076904297,0.05549854833143648,True,0.0021430253982543945,0.13144893324825213,True,0.0009047985076904297,PASS,4,Output should not change drastically under degradation,Consistent,0.07333333333333333
DarkVisibiltyRelation,0.775,-1.6303092241287231,-1.6285957098007202,0.0017135143280029297,0.10510357492965322,True,0.0021430253982543945,0.13144893324825213,True,0.0017135143280029297,PASS,4,Output should not change drastically under degradation,Consistent,0.07333333333333333
DarkVisibiltyRelation,1.1375,-1.6303092241287231,-1.6280710697174072,0.002238154411315918,0.13728395848784186,True,0.0021430253982543945,0.13144893324825213,True,0.002238154411315918,PASS,4,Output should not change drastically under degradation,Consistent,0.07333333333333333
DarkVisibiltyRelation,1.5,-1.6303092241287231,-1.6280710697174072,0.002238154411315918,0.13728395848784186,True,0.0021430253982543945,0.13144893324825213,True,0.002238154411315918,PASS,4,Output should not change drastically under degradation,Consistent,0.07333333333333333
DarkVisibiltyRelation,0.05,-1.6303092241287231,-1.6355674266815186,0.00525820255279541,0.32252772969055754,True,0.007948517799377441,0.4875463382207101,True,0.00525820255279541,PASS,4,Output should not change drastically under degradation,Consistent,0.07333333333333333
DarkVisibiltyRelation,0.4125,-1.6303092241287231,-1.633565068244934,0.0032558441162109375,0.19970702925272635,True,0.007948517799377441,0.4875463382207101,True,0.0032558441162109375,PASS,4,Output should not change drastically under degradation,Consistent,0.07333333333333333
DarkVisibiltyRelation,0.775,-1.6303092241287231,-1.6315650939941406,0.0012558698654174805,0.07703257004897013,True,0.007948517799377441,0.4875463382207101,True,0.0012558698654174805,PASS,4,Output should not change drastically under degradation,Consistent,0.07333333333333333
DarkVisibiltyRelation,1.1375,-1.6303092241287231,-1.629501461982727,0.0008077621459960938,0.04954653010458677,True,0.007948517799377441,0.4875463382207101,True,0.0008077621459960938,PASS,4,Output should not change drastically under degradation,Consistent,0.07333333333333333
DarkVisibiltyRelation,1.5,-1.6303092241287231,-1.6276189088821411,0.0026903152465820312,0.16501860853015263,True,0.007948517799377441,0.4875463382207101,True,0.0026903152465820312,PASS,4,Output should not change drastically under degradation,Consistent,0.07333333333333333
TemporalSmoothnessRelation,0.0,-1.630487322807312,-1.63059401512146,0.00010669231414794922,0.0,True,,,,0.00010669231414794922,PASS,4,Predictions should change smoothly across consecutive frames,Consistent,0.07333333333333333
BrightnessRelation,0.1,-1.6362489461898804,-1.6358827352523804,0.0003662109375,0.022381112271554062,True,0.003756999969482422,0.22961039529632085,True,0.0003662109375,PASS,5,Output should remain approximately same under brightness change,Consistent,0.07333333333333333
BrightnessRelation,0.825,-1.6362489461898804,-1.6361885070800781,6.0439109802246094e-05,0.0036937577870045273,True,0.003756999969482422,0.22961039529632085,True,6.0439109802246094e-05,PASS,5,Output should remain approximately same under brightness change,Consistent,0.07333333333333333
BrightnessRelation,1.55,-1.6362489461898804,-1.6353490352630615,0.0008999109268188477,0.05499837777928438,True,0.003756999969482422,0.22961039529632085,True,0.0008999109268188477,PASS,5,Output should remain approximately same under brightness change,Consistent,0.07333333333333333
BrightnessRelation,2.275,-1.6362489461898804,-1.63350248336792,0.0027464628219604492,0.1678510565183379,True,0.003756999969482422,0.22961039529632085,True,0.0027464628219604492,PASS,5,Output should remain approximately same under brightness change,Consistent,0.07333333333333333
BrightnessRelation,3.0,-1.6362489461898804,-1.6324315071105957,0.003817439079284668,0.23330415308332542,True,0.003756999969482422,0.22961039529632085,True,0.003817439079284668,PASS,5,Output should remain approximately same under brightness change,Consistent,0.07333333333333333
RotationRelation,-60.0,-1.6362489461898804,-1.6336820125579834,0.0025669336318969727,0.15687906593208775,True,0.007833361625671387,0.4787386941653935,True,0.0025669336318969727,PASS,5,Small rotation should not significantly change output,Consistent,0.07333333333333333
RotationRelation,-30.0,-1.6362489461898804,-1.637224793434143,0.0009758472442626953,0.059639252947572115,True,0.007833361625671387,0.4787386941653935,True,0.0009758472442626953,PASS,5,Small rotation should not significantly change output,Consistent,0.07333333333333333
RotationRelation,0.0,-1.6362489461898804,-1.6362489461898804,0.0,0.0,True,0.007833361625671387,0.4787386941653935,True,0.0,PASS,5,Small rotation should not significantly change output,Consistent,0.07333333333333333
RotationRelation,30.0,-1.6362489461898804,-1.6293914318084717,0.006857514381408691,0.41909944121782144,True,0.007833361625671387,0.4787386941653935,True,0.006857514381408691,PASS,5,Small rotation should not significantly change output,Consistent,0.07333333333333333
RotationRelation,60.0,-1.6362489461898804,-1.6310288906097412,0.00522005558013916,0.3190255616077737,True,0.007833361625671387,0.4787386941653935,True,0.00522005558013916,PASS,5,Small rotation should not significantly change output,Consistent,0.07333333333333333
TranslationRelation,0.0,-1.6362489461898804,-1.6362489461898804,0.0,0.0,True,0.00794994831085205,0.4858639310799702,True,0.0,PASS,5,Small translation should preserve prediction consistency,Consistent,0.07333333333333333
TranslationRelation,20.0,-1.6362489461898804,-1.636445164680481,0.00019621849060058594,0.011991963150708978,True,0.00794994831085205,0.4858639310799702,True,0.00019621849060058594,PASS,5,Small translation should preserve prediction consistency,Consistent,0.07333333333333333
TranslationRelation,40.0,-1.6362489461898804,-1.6334258317947388,0.0028231143951416016,0.172535644796531,True,0.00794994831085205,0.4858639310799702,True,0.0028231143951416016,PASS,5,Small translation should preserve prediction consistency,Consistent,0.07333333333333333
TranslationRelation,60.0,-1.6362489461898804,-1.6290998458862305,0.007149100303649902,0.4369198190225809,True,0.00794994831085205,0.4858639310799702,True,0.007149100303649902,PASS,5,Small translation should preserve prediction consistency,Consistent,0.07333333333333333
TranslationRelation,80.0,-1.6362489461898804,-1.628495216369629,0.007753729820251465,0.47387196792926134,True,0.00794994831085205,0.4858639310799702,True,0.007753729820251465,PASS,5,Small translation should preserve prediction consistency,Consistent,0.07333333333333333
NoiseRelation,0.0,-1.6362489461898804,-1.6362489461898804,0.0,0.0,True,0.0014603137969970703,0.08924759939014884,True,0.0,PASS,5,Noise should not significantly affect prediction,Consistent,0.07333333333333333
NoiseRelation,37.5,-1.6362489461898804,-1.6363507509231567,0.00010180473327636719,0.006221832643198948,True,0.0014603137969970703,0.08924759939014884,True,0.00010180473327636719,PASS,5,Noise should not significantly affect prediction,Consistent,0.07333333333333333
NoiseRelation,75.0,-1.6362489461898804,-1.6359776258468628,0.0002713203430175781,0.016581839690773776,True,0.0014603137969970703,0.08924759939014884,True,0.0002713203430175781,PASS,5,Noise should not significantly affect prediction,Consistent,0.07333333333333333
NoiseRelation,112.5,-1.6362489461898804,-1.6351124048233032,0.0011365413665771484,0.06946013163964727,True,0.0014603137969970703,0.08924759939014884,True,0.0011365413665771484,PASS,5,Noise should not significantly affect prediction,Consistent,0.07333333333333333
NoiseRelation,150.0,-1.6362489461898804,-1.6348904371261597,0.0013585090637207031,0.08302576674694989,True,0.0014603137969970703,0.08924759939014884,True,0.0013585090637207031,PASS,5,Noise should not significantly affect prediction,Consistent,0.07333333333333333
BlurRelation,1.0,-1.6362489461898804,-1.6362489461898804,0.0,0.0,True,0.0005304813385009766,0.03242055651315611,True,0.0,PASS,5,Blur should not significantly change output,Consistent,0.07333333333333333
BlurRelation,8.5,-1.6362489461898804,-1.6361198425292969,0.0001291036605834961,0.007890216337920914,True,0.0005304813385009766,0.03242055651315611,True,0.0001291036605834961,PASS,5,Blur should not significantly change output,Consistent,0.07333333333333333
BlurRelation,16.0,-1.6362489461898804,-1.6359971761703491,0.00025177001953125,0.015387014686693415,True,0.0005304813385009766,0.03242055651315611,True,0.00025177001953125,PASS,5,Blur should not significantly change output,Consistent,0.07333333333333333
BlurRelation,23.5,-1.6362489461898804,-1.6358832120895386,0.0003657341003417969,0.02235197019828381,True,0.0005304813385009766,0.03242055651315611,True,0.0003657341003417969,PASS,5,Blur should not significantly change output,Consistent,0.07333333333333333
BlurRelation,31.0,-1.6362489461898804,-1.6357184648513794,0.0005304813385009766,0.03242055651315611,True,0.0005304813385009766,0.03242055651315611,True,0.0005304813385009766,PASS,5,Blur should not significantly change output,Consistent,0.07333333333333333
ContrastRelation,0.1,-1.6362489461898804,-1.6358827352523804,0.0003662109375,0.022381112271554062,True,0.004642605781555176,0.2837345108774977,True,0.0003662109375,PASS,5,Contrast change should not significantly affect output,Consistent,0.07333333333333333
ContrastRelation,1.075,-1.6362489461898804,-1.6362485885620117,3.5762786865234375e-07,2.1856554952689514e-05,True,0.004642605781555176,0.2837345108774977,True,3.5762786865234375e-07,PASS,5,Contrast change should not significantly affect output,Consistent,0.07333333333333333
ContrastRelation,2.05,-1.6362489461898804,-1.6339961290359497,0.002252817153930664,0.1376817251653088,True,0.004642605781555176,0.2837345108774977,True,0.002252817153930664,PASS,5,Contrast change should not significantly affect output,Consistent,0.07333333333333333
ContrastRelation,3.025,-1.6362489461898804,-1.6324191093444824,0.0038298368453979492,0.23406184698835197,True,0.004642605781555176,0.2837345108774977,True,0.0038298368453979492,PASS,5,Contrast change should not significantly affect output,Consistent,0.07333333333333333
ContrastRelation,4.0,-1.6362489461898804,-1.6316059827804565,0.004642963409423828,0.28375636743245036,True,0.004642605781555176,0.2837345108774977,True,0.004642963409423828,PASS,5,Contrast change should not significantly affect output,Consistent,0.07333333333333333
RainRelation,0.0,-1.6362489461898804,-1.6360810995101929,0.0001678466796875,0.010258009791128944,True,0.0020890235900878906,0.127671422996977,True,0.0001678466796875,PASS,5,Rain should not significantly affect prediction,Consistent,0.07333333333333333
RainRelation,0.375,-1.6362489461898804,-1.6359747648239136,0.0002741813659667969,0.016756692130395292,True,0.0020890235900878906,0.127671422996977,True,0.0002741813659667969,PASS,5,Rain should not significantly affect prediction,Consistent,0.07333333333333333
RainRelation,0.75,-1.6362489461898804,-1.63578200340271,0.00046694278717041016,0.02853737524989494,True,0.0020890235900878906,0.127671422996977,True,0.00046694278717041016,PASS,5,Rain should not significantly affect prediction,Consistent,0.07333333333333333
RainRelation,1.125,-1.6362489461898804,-1.633992075920105,0.0022568702697753906,0.13792943278810593,True,0.0020890235900878906,0.127671422996977,True,0.0022568702697753906,PASS,5,Rain should not significantly affect prediction,Consistent,0.07333333333333333
RainRelation,1.5,-1.6362489461898804,-1.635750651359558,0.0004982948303222656,0.03045346656741405,True,0.0020890235900878906,0.127671422996977,True,0.0004982948303222656,PASS,5,Rain should not significantly affect prediction,Consistent,0.07333333333333333
SnowRelation,0.0,-1.6362489461898804,-1.6361379623413086,0.00011098384857177734,0.0067828175536513114,True,0.001344442367553711,0.08216607558547744,True,0.00011098384857177734,PASS,5,Snow should not significantly affect prediction,Consistent,0.07333333333333333
SnowRelation,0.375,-1.6362489461898804,-1.6361937522888184,5.519390106201172e-05,0.003373194981031748,True,0.001344442367553711,0.08216607558547744,True,5.519390106201172e-05,PASS,5,Snow should not significantly affect prediction,Consistent,0.07333333333333333
SnowRelation,0.75,-1.6362489461898804,-1.6360318660736084,0.00021708011627197266,0.013266928856282533,True,0.001344442367553711,0.08216607558547744,True,0.00021708011627197266,PASS,5,Snow should not significantly affect prediction,Consistent,0.07333333333333333
SnowRelation,1.125,-1.6362489461898804,-1.6355767250061035,0.0006722211837768555,0.04108303779273872,True,0.001344442367553711,0.08216607558547744,True,0.0006722211837768555,PASS,5,Snow should not significantly affect prediction,Consistent,0.07333333333333333
SnowRelation,1.5,-1.6362489461898804,-1.6348493099212646,0.0013996362686157227,0.08553927056650919,True,0.001344442367553711,0.08216607558547744,True,0.0013996362686157227,PASS,5,Snow should not significantly affect prediction,Consistent,0.07333333333333333
FogRelation,0.0,-1.6362489461898804,-1.6360489130020142,0.00020003318786621094,0.012225099736871,True,0.007977843284606934,0.48756874236628,True,0.00020003318786621094,PASS,5,Fog should not significantly affect prediction,Consistent,0.07333333333333333
FogRelation,0.375,-1.6362489461898804,-1.6306761503219604,0.005572795867919922,0.3405834103094431,True,0.007977843284606934,0.48756874236628,True,0.005572795867919922,PASS,5,Fog should not significantly affect prediction,Consistent,0.07333333333333333
FogRelation,0.75,-1.6362489461898804,-1.6280710697174072,0.008177876472473145,0.49979384210315103,True,0.007977843284606934,0.48756874236628,True,0.008177876472473145,PASS,5,Fog should not significantly affect prediction,Consistent,0.07333333333333333
FogRelation,1.125,-1.6362489461898804,-1.6280710697174072,0.008177876472473145,0.49979384210315103,True,0.007977843284606934,0.48756874236628,True,0.008177876472473145,PASS,5,Fog should not significantly affect prediction,Consistent,0.07333333333333333
FogRelation,1.5,-1.6362489461898804,-1.6280710697174072,0.008177876472473145,0.49979384210315103,True,0.007977843284606934,0.48756874236628,True,0.008177876472473145,PASS,5,Fog should not significantly affect prediction,Consistent,0.07333333333333333
DarkVisibiltyRelation,0.05,-1.6362489461898804,-1.6358563899993896,0.00039255619049072266,0.02399121181973552,True,0.007785320281982422,0.4758026302834156,True,0.00039255619049072266,PASS,5,Output should not change drastically under degradation,Consistent,0.07333333333333333
DarkVisibiltyRelation,0.4125,-1.6362489461898804,-1.6328909397125244,0.003358006477355957,0.20522576548743696,True,0.007785320281982422,0.4758026302834156,True,0.003358006477355957,PASS,5,Output should not change drastically under degradation,Consistent,0.07333333333333333
DarkVisibiltyRelation,0.775,-1.6362489461898804,-1.6299270391464233,0.006321907043457031,0.3863656074170101,False,0.007785320281982422,0.4758026302834156,True,0.006321907043457031,FAIL,5,Output should not change drastically under degradation,Violation,0.07333333333333333
DarkVisibiltyRelation,1.1375,-1.6362489461898804,-1.6280710697174072,0.008177876472473145,0.49979384210315103,False,0.007785320281982422,0.4758026302834156,True,0.008177876472473145,FAIL,5,Output should not change drastically under degradation,Violation,0.07333333333333333
DarkVisibiltyRelation,1.5,-1.6362489461898804,-1.6280710697174072,0.008177876472473145,0.49979384210315103,False,0.007785320281982422,0.4758026302834156,True,0.008177876472473145,FAIL,5,Output should not change drastically under degradation,Violation,0.07333333333333333
DarkVisibiltyRelation,0.05,-1.6362489461898804,-1.6358641386032104,0.0003848075866699219,0.023517653129093916,True,0.0007134675979614258,0.04360382713061557,True,0.0003848075866699219,PASS,5,Output should not change drastically under degradation,Consistent,0.07333333333333333
DarkVisibiltyRelation,0.4125,-1.6362489461898804,-1.6360145807266235,0.00023436546325683594,0.014323329012329194,True,0.0007134675979614258,0.04360382713061557,True,0.00023436546325683594,PASS,5,Output should not change drastically under degradation,Consistent,0.07333333333333333
DarkVisibiltyRelation,0.775,-1.6362489461898804,-1.6361701488494873,7.87973403930664e-05,0.004815727607909256,True,0.0007134675979614258,0.04360382713061557,True,7.87973403930664e-05,PASS,5,Output should not change drastically under degradation,Consistent,0.07333333333333333
DarkVisibiltyRelation,1.1375,-1.6362489461898804,-1.6361947059631348,5.424022674560547e-05,0.0033149108344912425,True,0.0007134675979614258,0.04360382713061557,True,5.424022674560547e-05,PASS,5,Output should not change drastically under degradation,Consistent,0.07333333333333333
DarkVisibiltyRelation,1.5,-1.6362489461898804,-1.6354812383651733,0.0007677078247070312,0.046918737965106816,True,0.0007134675979614258,0.04360382713061557,True,0.0007677078247070312,PASS,5,Output should not change drastically under degradation,Consistent,0.07333333333333333
TemporalSmoothnessRelation,0.0,-1.630487322807312,-1.63059401512146,0.00010669231414794922,0.0,True,,,,0.00010669231414794922,PASS,5,Predictions should change smoothly across consecutive frames,Consistent,0.07333333333333333
BrightnessRelation,0.1,-1.6347743272781372,-1.6357314586639404,0.0009571313858032227,0.05854819129163297,True,0.0029633045196533203,0.181266775330354,True,0.0009571313858032227,PASS,6,Output should remain approximately same under brightness change,Consistent,0.07333333333333333
BrightnessRelation,0.825,-1.6347743272781372,-1.6349751949310303,0.0002008676528930664,0.012287171793050387,True,0.0029633045196533203,0.181266775330354,True,0.0002008676528930664,PASS,6,Output should remain approximately same under brightness change,Consistent,0.07333333333333333
BrightnessRelation,1.55,-1.6347743272781372,-1.6342345476150513,0.0005397796630859375,0.03301858390441077,True,0.0029633045196533203,0.181266775330354,True,0.0005397796630859375,PASS,6,Output should remain approximately same under brightness change,Consistent,0.07333333333333333
BrightnessRelation,2.275,-1.6347743272781372,-1.633601427078247,0.0011729001998901367,0.0717468743452954,True,0.0029633045196533203,0.181266775330354,True,0.0011729001998901367,PASS,6,Output should remain approximately same under brightness change,Consistent,0.07333333333333333
BrightnessRelation,3.0,-1.6347743272781372,-1.632768154144287,0.0020061731338500977,0.12271858403872103,True,0.0029633045196533203,0.181266775330354,True,0.0020061731338500977,PASS,6,Output should remain approximately same under brightness change,Consistent,0.07333333333333333
RotationRelation,-60.0,-1.6347743272781372,-1.6347075700759888,6.67572021484375e-05,0.004083570447541968,True,0.007839083671569824,0.4795205518927005,True,6.67572021484375e-05,PASS,6,Small rotation should not significantly change output,Consistent,0.07333333333333333
RotationRelation,-30.0,-1.6347743272781372,-1.6383198499679565,0.003545522689819336,0.21688134330498787,True,0.007839083671569824,0.4795205518927005,True,0.003545522689819336,PASS,6,Small rotation should not significantly change output,Consistent,0.07333333333333333
RotationRelation,0.0,-1.6347743272781372,-1.6347743272781372,0.0,0.0,True,0.007839083671569824,0.4795205518927005,True,0.0,PASS,6,Small rotation should not significantly change output,Consistent,0.07333333333333333
RotationRelation,30.0,-1.6347743272781372,-1.6304807662963867,0.004293560981750488,0.2626392085877126,True,0.007839083671569824,0.4795205518927005,True,0.004293560981750488,PASS,6,Small rotation should not significantly change output,Consistent,0.07333333333333333
RotationRelation,60.0,-1.6347743272781372,-1.6329842805862427,0.0017900466918945312,0.10949802471480392,True,0.007839083671569824,0.4795205518927005,True,0.0017900466918945312,PASS,6,Small rotation should not significantly change output,Consistent,0.07333333333333333
TranslationRelation,0.0,-1.6347743272781372,-1.6347743272781372,0.0,0.0,True,0.0064858198165893555,0.3967407452489569,True,0.0,PASS,6,Small translation should preserve prediction consistency,Consistent,0.07333333333333333
TranslationRelation,20.0,-1.6347743272781372,-1.632408857345581,0.0023654699325561523,0.1446969435545987,True,0.0064858198165893555,0.3967407452489569,True,0.0023654699325561523,PASS,6,Small translation should preserve prediction consistency,Consistent,0.07333333333333333
TranslationRelation,40.0,-1.6347743272781372,-1.6306780576705933,0.004096269607543945,0.2505707994972091,True,0.0064858198165893555,0.3967407452489569,True,0.004096269607543945,PASS,6,Small translation should preserve prediction consistency,Consistent,0.07333333333333333
TranslationRelation,60.0,-1.6347743272781372,-1.6282885074615479,0.0064858198165893555,0.3967407452489569,True,0.0064858198165893555,0.3967407452489569,True,0.0064858198165893555,PASS,6,Small translation should preserve prediction consistency,Consistent,0.07333333333333333
TranslationRelation,80.0,-1.6347743272781372,-1.6287530660629272,0.006021261215209961,0.36832347018811573,True,0.0064858198165893555,0.3967407452489569,True,0.006021261215209961,PASS,6,Small translation should preserve prediction consistency,Consistent,0.07333333333333333
NoiseRelation,0.0,-1.6347743272781372,-1.6347743272781372,0.0,0.0,True,0.00044286251068115234,0.027090114665390023,True,0.0,PASS,6,Noise should not significantly affect prediction,Consistent,0.07333333333333333
NoiseRelation,37.5,-1.6347743272781372,-1.634670615196228,0.00010371208190917969,0.006344118373859843,True,0.00044286251068115234,0.027090114665390023,True,0.00010371208190917969,PASS,6,Noise should not significantly affect prediction,Consistent,0.07333333333333333
NoiseRelation,75.0,-1.6347743272781372,-1.634426474571228,0.0003478527069091797,0.021278318867727613,True,0.00044286251068115234,0.027090114665390023,True,0.0003478527069091797,PASS,6,Noise should not significantly affect prediction,Consistent,0.07333333333333333
NoiseRelation,112.5,-1.6347743272781372,-1.634331464767456,0.00044286251068115234,0.027090114665390023,True,0.00044286251068115234,0.027090114665390023,True,0.00044286251068115234,PASS,6,Noise should not significantly affect prediction,Consistent,0.07333333333333333
NoiseRelation,150.0,-1.6347743272781372,-1.6345676183700562,0.0002067089080810547,0.012644484207210309,True,0.00044286251068115234,0.027090114665390023,True,0.0002067089080810547,PASS,6,Noise should not significantly affect prediction,Consistent,0.07333333333333333
BlurRelation,1.0,-1.6347743272781372,-1.6347743272781372,0.0,0.0,True,0.00023543834686279297,0.014401877917670334,True,0.0,PASS,6,Blur should not significantly change output,Consistent,0.07333333333333333
BlurRelation,8.5,-1.6347743272781372,-1.6346476078033447,0.00012671947479248047,0.007751491760244843,True,0.00023543834686279297,0.014401877917670334,True,0.00012671947479248047,PASS,6,Blur should not significantly change output,Consistent,0.07333333333333333
BlurRelation,16.0,-1.6347743272781372,-1.634590744972229,0.00018358230590820312,0.011229818730740413,True,0.00023543834686279297,0.014401877917670334,True,0.00018358230590820312,PASS,6,Blur should not significantly change output,Consistent,0.07333333333333333
BlurRelation,23.5,-1.6347743272781372,-1.6345535516738892,0.00022077560424804688,0.01350495083722808,True,0.00023543834686279297,0.014401877917670334,True,0.00022077560424804688,PASS,6,Blur should not significantly change output,Consistent,0.07333333333333333
BlurRelation,31.0,-1.6347743272781372,-1.6345388889312744,0.00023543834686279297,0.014401877917670334,True,0.00023543834686279297,0.014401877917670334,True,0.00023543834686279297,PASS,6,Blur should not significantly change output,Consistent,0.07333333333333333
ContrastRelation,0.1,-1.6347743272781372,-1.6357314586639404,0.0009571313858032227,0.05854819129163297,True,0.004685044288635254,0.2865864324265123,True,0.0009571313858032227,PASS,6,Contrast change should not significantly affect output,Consistent,0.07333333333333333
ContrastRelation,1.075,-1.6347743272781372,-1.6347154378890991,5.888938903808594e-05,0.0036022925019388074,True,0.004685044288635254,0.2865864324265123,True,5.888938903808594e-05,PASS,6,Contrast change should not significantly affect output,Consistent,0.07333333333333333
ContrastRelation,2.05,-1.6347743272781372,-1.633798360824585,0.0009759664535522461,0.0597003415250466,True,0.004685044288635254,0.2865864324265123,True,0.0009759664535522461,PASS,6,Contrast change should not significantly affect output,Consistent,0.07333333333333333
ContrastRelation,3.025,-1.6347743272781372,-1.6327484846115112,0.0020258426666259766,0.12392177890272894,True,0.004685044288635254,0.2865864324265123,True,0.0020258426666259766,PASS,6,Contrast change should not significantly affect output,Consistent,0.07333333333333333
ContrastRelation,4.0,-1.6347743272781372,-1.6310464143753052,0.0037279129028320312,0.22803824113487933,True,0.004685044288635254,0.2865864324265123,True,0.0037279129028320312,PASS,6,Contrast change should not significantly affect output,Consistent,0.07333333333333333
RainRelation,0.0,-1.6347743272781372,-1.635193943977356,0.00041961669921875,0.02566815709883523,True,0.002979278564453125,0.18224391540173013,True,0.00041961669921875,PASS,6,Rain should not significantly affect prediction,Consistent,0.07333333333333333
RainRelation,0.375,-1.6347743272781372,-1.6350343227386475,0.0002599954605102539,0.015904048475158986,True,0.002979278564453125,0.18224391540173013,True,0.0002599954605102539,PASS,6,Rain should not significantly affect prediction,Consistent,0.07333333333333333
RainRelation,0.75,-1.6347743272781372,-1.6349263191223145,0.0001519918441772461,0.009297414858242875,True,0.002979278564453125,0.18224391540173013,True,0.0001519918441772461,PASS,6,Rain should not significantly affect prediction,Consistent,0.07333333333333333
RainRelation,1.125,-1.6347743272781372,-1.633933663368225,0.0008406639099121094,0.05142381927868921,True,0.002979278564453125,0.18224391540173013,True,0.0008406639099121094,PASS,6,Rain should not significantly affect prediction,Consistent,0.07333333333333333
RainRelation,1.5,-1.6347743272781372,-1.6322146654129028,0.002559661865234375,0.15657575830289489,True,0.002979278564453125,0.18224391540173013,True,0.002559661865234375,PASS,6,Rain should not significantly affect prediction,Consistent,0.07333333333333333
SnowRelation,0.0,-1.6347743272781372,-1.6351021528244019,0.00032782554626464844,0.02005324773346502,True,0.0016402006149291992,0.10033186747808917,True,0.00032782554626464844,PASS,6,Snow should not significantly affect prediction,Consistent,0.07333333333333333
SnowRelation,0.375,-1.6347743272781372,-1.6348795890808105,0.00010526180267333984,0.006438915544963496,True,0.0016402006149291992,0.10033186747808917,True,0.00010526180267333984,PASS,6,Snow should not significantly affect prediction,Consistent,0.07333333333333333
SnowRelation,0.75,-1.6347743272781372,-1.6347216367721558,5.269050598144531e-05,0.0032231038175241965,True,0.0016402006149291992,0.10033186747808917,True,5.269050598144531e-05,PASS,6,Snow should not significantly affect prediction,Consistent,0.07333333333333333
SnowRelation,1.125,-1.6347743272781372,-1.6345540285110474,0.00022029876708984375,0.013475782476888494,True,0.0016402006149291992,0.10033186747808917,True,0.00022029876708984375,PASS,6,Snow should not significantly affect prediction,Consistent,0.07333333333333333
SnowRelation,1.5,-1.6347743272781372,-1.6334619522094727,0.0013123750686645508,0.08027861974462415,True,0.0016402006149291992,0.10033186747808917,True,0.0013123750686645508,PASS,6,Snow should not significantly affect prediction,Consistent,0.07333333333333333
FogRelation,0.0,-1.6347743272781372,-1.6346174478530884,0.00015687942504882812,0.009596390551723625,True,0.006546378135681152,0.40044512701208423,True,0.00015687942504882812,PASS,6,Fog should not significantly affect prediction,Consistent,0.07333333333333333
FogRelation,0.375,-1.6347743272781372,-1.6302107572555542,0.004563570022583008,0.2791557926300029,True,0.006546378135681152,0.40044512701208423,True,0.004563570022583008,PASS,6,Fog should not significantly affect prediction,Consistent,0.07333333333333333
FogRelation,0.75,-1.6347743272781372,-1.6280710697174072,0.0067032575607299805,0.4100415175638079,True,0.006546378135681152,0.40044512701208423,True,0.0067032575607299805,PASS,6,Fog should not significantly affect prediction,Consistent,0.07333333333333333
FogRelation,1.125,-1.6347743272781372,-1.6280710697174072,0.0067032575607299805,0.4100415175638079,True,0.006546378135681152,0.40044512701208423,True,0.0067032575607299805,PASS,6,Fog should not significantly affect prediction,Consistent,0.07333333333333333
FogRelation,1.5,-1.6347743272781372,-1.6280710697174072,0.0067032575607299805,0.4100415175638079,True,0.006546378135681152,0.40044512701208423,True,0.0067032575607299805,PASS,6,Fog should not significantly affect prediction,Consistent,0.07333333333333333
DarkVisibiltyRelation,0.05,-1.6347743272781372,-1.6344515085220337,0.0003228187561035156,0.019746979949899376,True,0.006380438804626465,0.39029453761390853,True,0.0003228187561035156,PASS,6,Output should not change drastically under degradation,Consistent,0.07333333333333333
DarkVisibiltyRelation,0.4125,-1.6347743272781372,-1.6320232152938843,0.0027511119842529297,0.16828685497923848,True,0.006380438804626465,0.39029453761390853,True,0.0027511119842529297,PASS,6,Output should not change drastically under degradation,Consistent,0.07333333333333333
DarkVisibiltyRelation,0.775,-1.6347743272781372,-1.6295948028564453,0.0051795244216918945,0.31683402209866246,False,0.006380438804626465,0.39029453761390853,True,0.0051795244216918945,FAIL,6,Output should not change drastically under degradation,Violation,0.07333333333333333
DarkVisibiltyRelation,1.1375,-1.6347743272781372,-1.6280710697174072,0.0067032575607299805,0.4100415175638079,False,0.006380438804626465,0.39029453761390853,True,0.0067032575607299805,FAIL,6,Output should not change drastically under degradation,Violation,0.07333333333333333
DarkVisibiltyRelation,1.5,-1.6347743272781372,-1.6280710697174072,0.0067032575607299805,0.4100415175638079,False,0.006380438804626465,0.39029453761390853,True,0.0067032575607299805,FAIL,6,Output should not change drastically under degradation,Violation,0.07333333333333333
DarkVisibiltyRelation,0.05,-1.6347743272781372,-1.6357841491699219,0.001009821891784668,0.061771295109157166,True,0.001510024070739746,0.09236890510538234,True,0.001009821891784668,PASS,6,Output should not change drastically under degradation,Consistent,0.07333333333333333
DarkVisibiltyRelation,0.4125,-1.6347743272781372,-1.6354100704193115,0.0006357431411743164,0.03888871642275235,True,0.001510024070739746,0.09236890510538234,True,0.0006357431411743164,PASS,6,Output should not change drastically under degradation,Consistent,0.07333333333333333
DarkVisibiltyRelation,0.775,-1.6347743272781372,-1.6350252628326416,0.00025093555450439453,0.015349849628706863,True,0.001510024070739746,0.09236890510538234,True,0.00025093555450439453,PASS,6,Output should not change drastically under degradation,Consistent,0.07333333333333333
DarkVisibiltyRelation,1.1375,-1.6347743272781372,-1.6346510648727417,0.0001232624053955078,0.0075400211477828485,True,0.001510024070739746,0.09236890510538234,True,0.0001232624053955078,PASS,6,Output should not change drastically under degradation,Consistent,0.07333333333333333
DarkVisibiltyRelation,1.5,-1.6347743272781372,-1.6342741250991821,0.0005002021789550781,0.030597609996225177,True,0.001510024070739746,0.09236890510538234,True,0.0005002021789550781,PASS,6,Output should not change drastically under degradation,Consistent,0.07333333333333333
TemporalSmoothnessRelation,0.0,-1.630487322807312,-1.63059401512146,0.00010669231414794922,0.0,True,,,,0.00010669231414794922,PASS,6,Predictions should change smoothly across consecutive frames,Consistent,0.07333333333333333
BrightnessRelation,0.1,-1.6333321332931519,-1.6355905532836914,0.0022584199905395508,0.13827062860018574,True,0.006737470626831055,0.41249825216285557,True,0.0022584199905395508,PASS,7,Output should remain approximately same under brightness change,Consistent,0.07333333333333333
BrightnessRelation,0.825,-1.6333321332931519,-1.6337854862213135,0.0004533529281616211,0.027756305123594956,True,0.006737470626831055,0.41249825216285557,True,0.0004533529281616211,PASS,7,Output should remain approximately same under brightness change,Consistent,0.07333333333333333
BrightnessRelation,1.55,-1.6333321332931519,-1.631902813911438,0.0014293193817138672,0.08750936061843374,True,0.006737470626831055,0.41249825216285557,True,0.0014293193817138672,PASS,7,Output should remain approximately same under brightness change,Consistent,0.07333333333333333
BrightnessRelation,2.275,-1.6333321332931519,-1.6303467750549316,0.002985358238220215,0.18277705737843503,True,0.006737470626831055,0.41249825216285557,True,0.002985358238220215,PASS,7,Output should remain approximately same under brightness change,Consistent,0.07333333333333333
BrightnessRelation,3.0,-1.6333321332931519,-1.6288530826568604,0.004479050636291504,0.2742276235626698,True,0.006737470626831055,0.41249825216285557,True,0.004479050636291504,PASS,7,Output should remain approximately same under brightness change,Consistent,0.07333333333333333
RotationRelation,-60.0,-1.6333321332931519,-1.6340006589889526,0.0006685256958007812,0.04093014965372614,True,0.00781714916229248,0.4786010277359293,True,0.0006685256958007812,PASS,7,Small rotation should not significantly change output,Consistent,0.07333333333333333
RotationRelation,-30.0,-1.6333321332931519,-1.6352382898330688,0.0019061565399169922,0.1167034759206635,True,0.00781714916229248,0.4786010277359293,True,0.0019061565399169922,PASS,7,Small rotation should not significantly change output,Consistent,0.07333333333333333
RotationRelation,0.0,-1.6333321332931519,-1.6333321332931519,0.0,0.0,True,0.00781714916229248,0.4786010277359293,True,0.0,PASS,7,Small rotation should not significantly change output,Consistent,0.07333333333333333
RotationRelation,30.0,-1.6333321332931519,-1.6274211406707764,0.005910992622375488,0.3618975518152658,True,0.00781714916229248,0.4786010277359293,True,0.005910992622375488,PASS,7,Small rotation should not significantly change output,Consistent,0.07333333333333333
RotationRelation,60.0,-1.6333321332931519,-1.6311218738555908,0.002210259437561035,0.13532202295466056,True,0.00781714916229248,0.4786010277359293,True,0.002210259437561035,PASS,7,Small rotation should not significantly change output,Consistent,0.07333333333333333
TranslationRelation,0.0,-1.6333321332931519,-1.6333321332931519,0.0,0.0,True,0.0031832456588745117,0.1948926152288604,True,0.0,PASS,7,Small translation should preserve prediction consistency,Consistent,0.07333333333333333
TranslationRelation,20.0,-1.6333321332931519,-1.633889079093933,0.00055694580078125,0.03409872667300437,True,0.0031832456588745117,0.1948926152288604,True,0.00055694580078125,PASS,7,Small translation should preserve prediction consistency,Consistent,0.07333333333333333
TranslationRelation,40.0,-1.6333321332931519,-1.6322134733200073,0.0011186599731445312,0.06848939449903103,True,0.0031832456588745117,0.1948926152288604,True,0.0011186599731445312,PASS,7,Small translation should preserve prediction consistency,Consistent,0.07333333333333333
TranslationRelation,60.0,-1.6333321332931519,-1.6309562921524048,0.0023758411407470703,0.14545967949335983,True,0.0031832456588745117,0.1948926152288604,True,0.0023758411407470703,PASS,7,Small translation should preserve prediction consistency,Consistent,0.07333333333333333
TranslationRelation,80.0,-1.6333321332931519,-1.6307058334350586,0.0026262998580932617,0.16079388855585602,True,0.0031832456588745117,0.1948926152288604,True,0.0026262998580932617,PASS,7,Small translation should preserve prediction consistency,Consistent,0.07333333333333333
NoiseRelation,0.0,-1.6333321332931519,-1.6333321332931519,0.0,0.0,True,0.00039589405059814453,0.024238414229676267,True,0.0,PASS,7,Noise should not significantly affect prediction,Consistent,0.07333333333333333
NoiseRelation,37.5,-1.6333321332931519,-1.6334024667739868,7.033348083496094e-05,0.004306132007078891,True,0.00039589405059814453,0.024238414229676267,True,7.033348083496094e-05,PASS,7,Noise should not significantly affect prediction,Consistent,0.07333333333333333
NoiseRelation,75.0,-1.6333321332931519,-1.633470058441162,0.0001379251480102539,0.00844439785116996,True,0.00039589405059814453,0.024238414229676267,True,0.0001379251480102539,PASS,7,Noise should not significantly affect prediction,Consistent,0.07333333333333333
NoiseRelation,112.5,-1.6333321332931519,-1.6330771446228027,0.0002549886703491211,0.01561155315786737,True,0.00039589405059814453,0.024238414229676267,True,0.0002549886703491211,PASS,7,Noise should not significantly affect prediction,Consistent,0.07333333333333333
NoiseRelation,150.0,-1.6333321332931519,-1.6334730386734009,0.00014090538024902344,0.008626861071808897,True,0.00039589405059814453,0.024238414229676267,True,0.00014090538024902344,PASS,7,Noise should not significantly affect prediction,Consistent,0.07333333333333333
BlurRelation,1.0,-1.6333321332931519,-1.6333321332931519,0.0,0.0,True,0.00025177001953125,0.015414492879577319,True,0.0,PASS,7,Blur should not significantly change output,Consistent,0.07333333333333333
BlurRelation,8.5,-1.6333321332931519,-1.6333075761795044,2.4557113647460938e-05,0.0015034969380648333,True,0.00025177001953125,0.015414492879577319,True,2.4557113647460938e-05,PASS,7,Blur should not significantly change output,Consistent,0.07333333333333333
BlurRelation,16.0,-1.6333321332931519,-1.6332244873046875,0.00010764598846435547,0.006590571529478371,True,0.00025177001953125,0.015414492879577319,True,0.00010764598846435547,PASS,7,Blur should not significantly change output,Consistent,0.07333333333333333
BlurRelation,23.5,-1.6333321332931519,-1.633157730102539,0.00017440319061279297,0.010677747671790538,True,0.00025177001953125,0.015414492879577319,True,0.00017440319061279297,PASS,7,Blur should not significantly change output,Consistent,0.07333333333333333
BlurRelation,31.0,-1.6333321332931519,-1.6330803632736206,0.00025177001953125,0.015414492879577319,True,0.00025177001953125,0.015414492879577319,True,0.00025177001953125,PASS,7,Blur should not significantly change output,Consistent,0.07333333333333333
ContrastRelation,0.1,-1.6333321332931519,-1.6355905532836914,0.0022584199905395508,0.13827062860018574,True,0.008272528648376465,0.5064814078495588,True,0.0022584199905395508,PASS,7,Contrast change should not significantly affect output,Consistent,0.07333333333333333
ContrastRelation,1.075,-1.6333321332931519,-1.633154273033142,0.00017786026000976562,0.010889405007731704,True,0.008272528648376465,0.5064814078495588,True,0.00017786026000976562,PASS,7,Contrast change should not significantly affect output,Consistent,0.07333333333333333
ContrastRelation,2.05,-1.6333321332931519,-1.6308001279830933,0.0025320053100585938,0.15502075225484008,True,0.008272528648376465,0.5064814078495588,True,0.0025320053100585938,PASS,7,Contrast change should not significantly affect output,Consistent,0.07333333333333333
ContrastRelation,3.025,-1.6333321332931519,-1.6288130283355713,0.004519104957580566,0.27667992924805707,True,0.008272528648376465,0.5064814078495588,True,0.004519104957580566,PASS,7,Contrast change should not significantly affect output,Consistent,0.07333333333333333
ContrastRelation,4.0,-1.6333321332931519,-1.627318024635315,0.006014108657836914,0.368210779249373,True,0.008272528648376465,0.5064814078495588,True,0.006014108657836914,PASS,7,Contrast change should not significantly affect output,Consistent,0.07333333333333333
RainRelation,0.0,-1.6333321332931519,-1.6343291997909546,0.0009970664978027344,0.061044895096962454,True,0.002614736557006836,0.16008593125977696,True,0.0009970664978027344,PASS,7,Rain should not significantly affect prediction,Consistent,0.07333333333333333
RainRelation,0.375,-1.6333321332931519,-1.6345083713531494,0.0011762380599975586,0.07201458392177529,True,0.002614736557006836,0.16008593125977696,True,0.0011762380599975586,PASS,7,Rain should not significantly affect prediction,Consistent,0.07333333333333333
RainRelation,0.75,-1.6333321332931519,-1.6338790655136108,0.0005469322204589844,0.03348565025165755,True,0.002614736557006836,0.16008593125977696,True,0.0005469322204589844,PASS,7,Rain should not significantly affect prediction,Consistent,0.07333333333333333
RainRelation,1.125,-1.6333321332931519,-1.6333030462265015,2.9087066650390625e-05,0.0017808410334360161,True,0.002614736557006836,0.16008593125977696,True,2.9087066650390625e-05,PASS,7,Rain should not significantly affect prediction,Consistent,0.07333333333333333
RainRelation,1.5,-1.6333321332931519,-1.6318936347961426,0.0014384984970092773,0.08807134733800166,True,0.002614736557006836,0.16008593125977696,True,0.0014384984970092773,PASS,7,Rain should not significantly affect prediction,Consistent,0.07333333333333333
SnowRelation,0.0,-1.6333321332931519,-1.6340937614440918,0.0007616281509399414,0.0466303006664865,True,0.0027098655700683594,0.1659101572625718,True,0.0007616281509399414,PASS,7,Snow should not significantly affect prediction,Consistent,0.07333333333333333
SnowRelation,0.375,-1.6333321332931519,-1.6335049867630005,0.0001728534698486328,0.010582866797058292,True,0.0027098655700683594,0.1659101572625718,True,0.0001728534698486328,PASS,7,Snow should not significantly affect prediction,Consistent,0.07333333333333333
SnowRelation,0.75,-1.6333321332931519,-1.6328984498977661,0.0004336833953857422,0.026552047867377974,True,0.0027098655700683594,0.1659101572625718,True,0.0004336833953857422,PASS,7,Snow should not significantly affect prediction,Consistent,0.07333333333333333
SnowRelation,1.125,-1.6333321332931519,-1.6318665742874146,0.0014655590057373047,0.0897281133814032,True,0.0027098655700683594,0.1659101572625718,True,0.0014655590057373047,PASS,7,Snow should not significantly affect prediction,Consistent,0.07333333333333333
SnowRelation,1.5,-1.6333321332931519,-1.6313838958740234,0.001948237419128418,0.1192798565960853,True,0.0027098655700683594,0.1659101572625718,True,0.001948237419128418,PASS,7,Snow should not significantly affect prediction,Consistent,0.07333333333333333
FogRelation,0.0,-1.6333321332931519,-1.6332616806030273,7.045269012451172e-05,0.0043134305359044485,True,0.005190610885620117,0.31779254212242214,True,7.045269012451172e-05,PASS,7,Fog should not significantly affect prediction,Consistent,0.07333333333333333
FogRelation,0.375,-1.6333321332931519,-1.6297743320465088,0.0035578012466430664,0.21782459279876187,True,0.005190610885620117,0.31779254212242214,True,0.0035578012466430664,PASS,7,Fog should not significantly affect prediction,Consistent,0.07333333333333333
FogRelation,0.75,-1.6333321332931519,-1.6280710697174072,0.005261063575744629,0.32210597265832663,True,0.005190610885620117,0.31779254212242214,True,0.005261063575744629,PASS,7,Fog should not significantly affect prediction,Consistent,0.07333333333333333
FogRelation,1.125,-1.6333321332931519,-1.6280710697174072,0.005261063575744629,0.32210597265832663,True,0.005190610885620117,0.31779254212242214,True,0.005261063575744629,PASS,7,Fog should not significantly affect prediction,Consistent,0.07333333333333333
FogRelation,1.5,-1.6333321332931519,-1.6280710697174072,0.005261063575744629,0.32210597265832663,True,0.005190610885620117,0.31779254212242214,True,0.005261063575744629,PASS,7,Fog should not significantly affect prediction,Consistent,0.07333333333333333
DarkVisibiltyRelation,0.05,-1.6333321332931519,-1.633083462715149,0.0002486705780029297,0.015224731130112827,True,0.005012392997741699,0.3068812415282138,True,0.0002486705780029297,PASS,7,Output should not change drastically under degradation,Consistent,0.07333333333333333
DarkVisibiltyRelation,0.4125,-1.6333321332931519,-1.6311819553375244,0.0021501779556274414,0.1316435644265796,True,0.005012392997741699,0.3068812415282138,True,0.0021501779556274414,PASS,7,Output should not change drastically under degradation,Consistent,0.07333333333333333
DarkVisibiltyRelation,0.775,-1.6333321332931519,-1.6292710304260254,0.004061102867126465,0.24863898150026542,True,0.005012392997741699,0.3068812415282138,True,0.004061102867126465,PASS,7,Output should not change drastically under degradation,Consistent,0.07333333333333333
DarkVisibiltyRelation,1.1375,-1.6333321332931519,-1.6280710697174072,0.005261063575744629,0.32210597265832663,False,0.005012392997741699,0.3068812415282138,True,0.005261063575744629,FAIL,7,Output should not change drastically under degradation,Violation,0.07333333333333333
DarkVisibiltyRelation,1.5,-1.6333321332931519,-1.6280710697174072,0.005261063575744629,0.32210597265832663,False,0.005012392997741699,0.3068812415282138,True,0.005261063575744629,FAIL,7,Output should not change drastically under degradation,Violation,0.07333333333333333
DarkVisibiltyRelation,0.05,-1.6333321332931519,-1.6357166767120361,0.0023845434188842773,0.14599247209762553,True,0.0036954879760742188,0.22625439359228072,True,0.0023845434188842773,PASS,7,Output should not change drastically under degradation,Consistent,0.07333333333333333
DarkVisibiltyRelation,0.4125,-1.6333321332931519,-1.6348129510879517,0.0014808177947998047,0.09066232507107455,True,0.0036954879760742188,0.22625439359228072,True,0.0014808177947998047,PASS,7,Output should not change drastically under degradation,Consistent,0.07333333333333333
DarkVisibiltyRelation,0.775,-1.6333321332931519,-1.6339095830917358,0.0005774497985839844,0.03535407363100025,True,0.0036954879760742188,0.22625439359228072,True,0.0005774497985839844,PASS,7,Output should not change drastically under degradation,Consistent,0.07333333333333333
DarkVisibiltyRelation,1.1375,-1.6333321332931519,-1.6329833269119263,0.00034880638122558594,0.021355495343581075,True,0.0036954879760742188,0.22625439359228072,True,0.00034880638122558594,PASS,7,Output should not change drastically under degradation,Consistent,0.07333333333333333
DarkVisibiltyRelation,1.5,-1.6333321332931519,-1.632021188735962,0.0013109445571899414,0.08026192149465519,True,0.0036954879760742188,0.22625439359228072,True,0.0013109445571899414,PASS,7,Output should not change drastically under degradation,Consistent,0.07333333333333333
TemporalSmoothnessRelation,0.0,-1.630487322807312,-1.63059401512146,0.00010669231414794922,0.0,True,,,,0.00010669231414794922,PASS,7,Predictions should change smoothly across consecutive frames,Consistent,0.07333333333333333
BrightnessRelation,0.1,-1.6327346563339233,-1.635528802871704,0.0027941465377807617,0.17113281791460488,True,0.006108999252319336,0.3741572757733624,True,0.0027941465377807617,PASS,8,Output should remain approximately same under brightness change,Consistent,0.07333333333333333
BrightnessRelation,0.825,-1.6327346563339233,-1.6332881450653076,0.0005534887313842773,0.03389946983990403,True,0.006108999252319336,0.3741572757733624,True,0.0005534887313842773,PASS,8,Output should remain approximately same under brightness change,Consistent,0.07333333333333333
BrightnessRelation,1.55,-1.6327346563339233,-1.6305798292160034,0.002154827117919922,0.13197648434764273,True,0.006108999252319336,0.3741572757733624,True,0.002154827117919922,PASS,8,Output should remain approximately same under brightness change,Consistent,0.07333333333333333
BrightnessRelation,2.275,-1.6327346563339233,-1.6301161050796509,0.002618551254272461,0.16037815087299845,True,0.006108999252319336,0.3741572757733624,True,0.002618551254272461,PASS,8,Output should remain approximately same under brightness change,Consistent,0.07333333333333333
BrightnessRelation,3.0,-1.6327346563339233,-1.6294198036193848,0.0033148527145385742,0.20302445785875756,True,0.006108999252319336,0.3741572757733624,True,0.0033148527145385742,PASS,8,Output should remain approximately same under brightness change,Consistent,0.07333333333333333
RotationRelation,-60.0,-1.6327346563339233,-1.6311662197113037,0.001568436622619629,0.0960618834123664,True,0.006007790565490723,0.3679585572952064,True,0.001568436622619629,PASS,8,Small rotation should not significantly change output,Consistent,0.07333333333333333
RotationRelation,-30.0,-1.6327346563339233,-1.634952187538147,0.002217531204223633,0.13581691534824353,True,0.006007790565490723,0.3679585572952064,True,0.002217531204223633,PASS,8,Small rotation should not significantly change output,Consistent,0.07333333333333333
RotationRelation,0.0,-1.6327346563339233,-1.6327346563339233,0.0,0.0,True,0.006007790565490723,0.3679585572952064,True,0.0,PASS,8,Small rotation should not significantly change output,Consistent,0.07333333333333333
RotationRelation,30.0,-1.6327346563339233,-1.6315137147903442,0.0012209415435791016,0.0747788865174019,True,0.006007790565490723,0.3679585572952064,True,0.0012209415435791016,PASS,8,Small rotation should not significantly change output,Consistent,0.07333333333333333
RotationRelation,60.0,-1.6327346563339233,-1.6289443969726562,0.00379025936126709,0.23214164194696285,True,0.006007790565490723,0.3679585572952064,True,0.00379025936126709,PASS,8,Small rotation should not significantly change output,Consistent,0.07333333333333333
TranslationRelation,0.0,-1.6327346563339233,-1.6327346563339233,0.0,0.0,True,0.007109642028808594,0.43544354539131513,True,0.0,PASS,8,Small translation should preserve prediction consistency,Consistent,0.07333333333333333
TranslationRelation,20.0,-1.6327346563339233,-1.630554437637329,0.0021802186965942383,0.13353163986689742,True,0.007109642028808594,0.43544354539131513,True,0.0021802186965942383,PASS,8,Small translation should preserve prediction consistency,Consistent,0.07333333333333333
TranslationRelation,40.0,-1.6327346563339233,-1.6283252239227295,0.004409432411193848,0.2700640727779905,True,0.007109642028808594,0.43544354539131513,True,0.004409432411193848,PASS,8,Small translation should preserve prediction consistency,Consistent,0.07333333333333333
TranslationRelation,60.0,-1.6327346563339233,-1.6256250143051147,0.007109642028808594,0.43544354539131513,True,0.007109642028808594,0.43544354539131513,True,0.007109642028808594,PASS,8,Small translation should preserve prediction consistency,Consistent,0.07333333333333333
TranslationRelation,80.0,-1.6327346563339233,-1.6267433166503906,0.005991339683532715,0.3669509917475202,True,0.007109642028808594,0.43544354539131513,True,0.005991339683532715,PASS,8,Small translation should preserve prediction consistency,Consistent,0.07333333333333333
NoiseRelation,0.0,-1.6327346563339233,-1.6327346563339233,0.0,0.0,True,0.0003241300582885742,0.019851961769265354,True,0.0,PASS,8,Noise should not significantly affect prediction,Consistent,0.07333333333333333
NoiseRelation,37.5,-1.6327346563339233,-1.6326433420181274,9.131431579589844e-05,0.005592718909620177,True,0.0003241300582885742,0.019851961769265354,True,9.131431579589844e-05,PASS,8,Noise should not significantly affect prediction,Consistent,0.07333333333333333
NoiseRelation,75.0,-1.6327346563339233,-1.6325870752334595,0.0001475811004638672,0.009038885130691619,True,0.0003241300582885742,0.019851961769265354,True,0.0001475811004638672,PASS,8,Noise should not significantly affect prediction,Consistent,0.07333333333333333
NoiseRelation,112.5,-1.6327346563339233,-1.6326255798339844,0.00010907649993896484,0.006680597653136374,True,0.0003241300582885742,0.019851961769265354,True,0.00010907649993896484,PASS,8,Noise should not significantly affect prediction,Consistent,0.07333333333333333
NoiseRelation,150.0,-1.6327346563339233,-1.6324105262756348,0.0003241300582885742,0.019851961769265354,True,0.0003241300582885742,0.019851961769265354,True,0.0003241300582885742,PASS,8,Noise should not significantly affect prediction,Consistent,0.07333333333333333
BlurRelation,1.0,-1.6327346563339233,-1.6327346563339233,0.0,0.0,True,0.00028228759765625,0.017289240702324515,True,0.0,PASS,8,Blur should not significantly change output,Consistent,0.07333333333333333
BlurRelation,8.5,-1.6327346563339233,-1.6327112913131714,2.3365020751953125e-05,0.0014310351256991577,True,0.00028228759765625,0.017289240702324515,True,2.3365020751953125e-05,PASS,8,Blur should not significantly change output,Consistent,0.07333333333333333
BlurRelation,16.0,-1.6327346563339233,-1.6328030824661255,6.842613220214844e-05,0.004190888582404676,True,0.00028228759765625,0.017289240702324515,True,6.842613220214844e-05,PASS,8,Blur should not significantly change output,Consistent,0.07333333333333333
BlurRelation,23.5,-1.6327346563339233,-1.6328874826431274,0.00015282630920410156,0.009360137914011838,True,0.00028228759765625,0.017289240702324515,True,0.00015282630920410156,PASS,8,Blur should not significantly change output,Consistent,0.07333333333333333
BlurRelation,31.0,-1.6327346563339233,-1.6329935789108276,0.0002589225769042969,0.01585820557662536,True,0.00028228759765625,0.017289240702324515,True,0.0002589225769042969,PASS,8,Blur should not significantly change output,Consistent,0.07333333333333333
ContrastRelation,0.1,-1.6327346563339233,-1.635528802871704,0.0027941465377807617,0.17113281791460488,True,0.007070183753967285,0.43302684831679256,True,0.0027941465377807617,PASS,8,Contrast change should not significantly affect output,Consistent,0.07333333333333333
ContrastRelation,1.075,-1.6327346563339233,-1.632510781288147,0.0002238750457763672,0.013711652888076622,True,0.007070183753967285,0.43302684831679256,True,0.0002238750457763672,PASS,8,Contrast change should not significantly affect output,Consistent,0.07333333333333333
ContrastRelation,2.05,-1.6327346563339233,-1.629969596862793,0.002765059471130371,0.16935132520710183,True,0.007070183753967285,0.43302684831679256,True,0.002765059471130371,PASS,8,Contrast change should not significantly affect output,Consistent,0.07333333333333333
ContrastRelation,3.025,-1.6327346563339233,-1.6293971538543701,0.0033375024795532227,0.20441168578673122,True,0.007070183753967285,0.43302684831679256,True,0.0033375024795532227,PASS,8,Contrast change should not significantly affect output,Consistent,0.07333333333333333
ContrastRelation,4.0,-1.6327346563339233,-1.6284586191177368,0.0042760372161865234,0.26189403040218767,True,0.007070183753967285,0.43302684831679256,True,0.0042760372161865234,PASS,8,Contrast change should not significantly affect output,Consistent,0.07333333333333333
RainRelation,0.0,-1.6327346563339233,-1.633971929550171,0.0012372732162475586,0.07577915086546713,True,0.0020319223403930664,0.12444894753848032,True,0.0012372732162475586,PASS,8,Rain should not significantly affect prediction,Consistent,0.07333333333333333
RainRelation,0.375,-1.6327346563339233,-1.6335852146148682,0.0008505582809448242,0.052094059295221894,True,0.0020319223403930664,0.12444894753848032,True,0.0008505582809448242,PASS,8,Rain should not significantly affect prediction,Consistent,0.07333333333333333
RainRelation,0.75,-1.6327346563339233,-1.6332165002822876,0.0004818439483642578,0.02951144886773467,True,0.0020319223403930664,0.12444894753848032,True,0.0004818439483642578,PASS,8,Rain should not significantly affect prediction,Consistent,0.07333333333333333
RainRelation,1.125,-1.6327346563339233,-1.6336287260055542,0.0008940696716308594,0.054758997156855525,True,0.0020319223403930664,0.12444894753848032,True,0.0008940696716308594,PASS,8,Rain should not significantly affect prediction,Consistent,0.07333333333333333
RainRelation,1.5,-1.6327346563339233,-1.6319400072097778,0.0007946491241455078,0.04866979667301319,True,0.0020319223403930664,0.12444894753848032,True,0.0007946491241455078,PASS,8,Rain should not significantly affect prediction,Consistent,0.07333333333333333
SnowRelation,0.0,-1.6327346563339233,-1.6336723566055298,0.0009377002716064453,0.057431236218110075,True,0.0034040212631225586,0.20848575517520124,True,0.0009377002716064453,PASS,8,Snow should not significantly affect prediction,Consistent,0.07333333333333333
SnowRelation,0.375,-1.6327346563339233,-1.6328954696655273,0.0001608133316040039,0.009849318288613079,True,0.0034040212631225586,0.20848575517520124,True,0.0001608133316040039,PASS,8,Snow should not significantly affect prediction,Consistent,0.07333333333333333
SnowRelation,0.75,-1.6327346563339233,-1.631998062133789,0.0007365942001342773,0.04511411245762804,True,0.0034040212631225586,0.20848575517520124,True,0.0007365942001342773,PASS,8,Snow should not significantly affect prediction,Consistent,0.07333333333333333
SnowRelation,1.125,-1.6327346563339233,-1.6311876773834229,0.0015469789505004883,0.09474766748060189,True,0.0034040212631225586,0.20848575517520124,True,0.0015469789505004883,PASS,8,Snow should not significantly affect prediction,Consistent,0.07333333333333333
SnowRelation,1.5,-1.6327346563339233,-1.6302683353424072,0.0024663209915161133,0.15105451895709118,True,0.0034040212631225586,0.20848575517520124,True,0.0024663209915161133,PASS,8,Snow should not significantly affect prediction,Consistent,0.07333333333333333
FogRelation,0.0,-1.6327346563339233,-1.6327922344207764,5.7578086853027344e-05,0.0035264794169014954,True,0.004721164703369141,0.28915670978668084,True,5.7578086853027344e-05,PASS,8,Fog should not significantly affect prediction,Consistent,0.07333333333333333
FogRelation,0.375,-1.6327346563339233,-1.629617691040039,0.0031169652938842773,0.1909044664880402,True,0.004721164703369141,0.28915670978668084,True,0.0031169652938842773,PASS,8,Fog should not significantly affect prediction,Consistent,0.07333333333333333
FogRelation,0.75,-1.6327346563339233,-1.6280710697174072,0.004663586616516113,0.2856302303697793,True,0.004721164703369141,0.28915670978668084,True,0.004663586616516113,PASS,8,Fog should not significantly affect prediction,Consistent,0.07333333333333333
FogRelation,1.125,-1.6327346563339233,-1.6280710697174072,0.004663586616516113,0.2856302303697793,True,0.004721164703369141,0.28915670978668084,True,0.004663586616516113,PASS,8,Fog should not significantly affect prediction,Consistent,0.07333333333333333
FogRelation,1.5,-1.6327346563339233,-1.6280710697174072,0.004663586616516113,0.2856302303697793,True,0.004721164703369141,0.28915670978668084,True,0.004663586616516113,PASS,8,Fog should not significantly affect prediction,Consistent,0.07333333333333333
DarkVisibiltyRelation,0.05,-1.6327346563339233,-1.6325123310089111,0.00022232532501220703,0.013616737293004739,True,0.004441261291503906,0.2720134930767746,True,0.00022232532501220703,PASS,8,Output should not change drastically under degradation,Consistent,0.07333333333333333
DarkVisibiltyRelation,0.4125,-1.6327346563339233,-1.6308282613754272,0.0019063949584960938,0.1167607843376578,True,0.004441261291503906,0.2720134930767746,True,0.0019063949584960938,PASS,8,Output should not change drastically under degradation,Consistent,0.07333333333333333
DarkVisibiltyRelation,0.775,-1.6327346563339233,-1.6291371583938599,0.0035974979400634766,0.2203356021599448,True,0.004441261291503906,0.2720134930767746,True,0.0035974979400634766,PASS,8,Output should not change drastically under degradation,Consistent,0.07333333333333333
DarkVisibiltyRelation,1.1375,-1.6327346563339233,-1.6280710697174072,0.004663586616516113,0.2856302303697793,True,0.004441261291503906,0.2720134930767746,True,0.004663586616516113,PASS,8,Output should not change drastically under degradation,Consistent,0.07333333333333333
DarkVisibiltyRelation,1.5,-1.6327346563339233,-1.6280710697174072,0.004663586616516113,0.2856302303697793,True,0.004441261291503906,0.2720134930767746,True,0.004663586616516113,PASS,8,Output should not change drastically under degradation,Consistent,0.07333333333333333
DarkVisibiltyRelation,0.05,-1.6327346563339233,-1.6356885433197021,0.0029538869857788086,0.18091642540662972,True,0.004942178726196289,0.3026931338838555,True,0.0029538869857788086,PASS,8,Output should not change drastically under degradation,Consistent,0.07333333333333333
DarkVisibiltyRelation,0.4125,-1.6327346563339233,-1.6345645189285278,0.0018298625946044922,0.11207341418103098,True,0.004942178726196289,0.3026931338838555,True,0.0018298625946044922,PASS,8,Output should not change drastically under degradation,Consistent,0.07333333333333333
DarkVisibiltyRelation,0.775,-1.6327346563339233,-1.6334426403045654,0.0007079839706420898,0.04336182454860866,True,0.004942178726196289,0.3026931338838555,True,0.0007079839706420898,PASS,8,Output should not change drastically under degradation,Consistent,0.07333333333333333
DarkVisibiltyRelation,1.1375,-1.6327346563339233,-1.6322746276855469,0.00046002864837646484,0.028175329337107393,True,0.004942178726196289,0.3026931338838555,True,0.00046002864837646484,PASS,8,Output should not change drastically under degradation,Consistent,0.07333333333333333
DarkVisibiltyRelation,1.5,-1.6327346563339233,-1.6307463645935059,0.0019882917404174805,0.12177670847722576,True,0.004942178726196289,0.3026931338838555,True,0.0019882917404174805,PASS,8,Output should not change drastically under degradation,Consistent,0.07333333333333333
TemporalSmoothnessRelation,0.0,-1.630487322807312,-1.63059401512146,0.00010669231414794922,0.0,True,,,,0.00010669231414794922,PASS,8,Predictions should change smoothly across consecutive frames,Consistent,0.07333333333333333
BrightnessRelation,0.1,-1.637725830078125,-1.6360294818878174,0.0016963481903076172,0.10357943456459683,True,0.004953861236572266,0.30248397630122176,True,0.0016963481903076172,PASS,9,Output should remain approximately same under brightness change,Consistent,0.07333333333333333
BrightnessRelation,0.825,-1.637725830078125,-1.6374077796936035,0.0003180503845214844,0.01942023411232216,True,0.004953861236572266,0.30248397630122176,True,0.0003180503845214844,PASS,9,Output should remain approximately same under brightness change,Consistent,0.07333333333333333
BrightnessRelation,1.55,-1.637725830078125,-1.6362049579620361,0.0015208721160888672,0.09286482264055701,True,0.004953861236572266,0.30248397630122176,True,0.0015208721160888672,PASS,9,Output should remain approximately same under brightness change,Consistent,0.07333333333333333
BrightnessRelation,2.275,-1.637725830078125,-1.6331627368927002,0.004563093185424805,0.2786235837149429,True,0.004953861236572266,0.30248397630122176,True,0.004563093185424805,PASS,9,Output should remain approximately same under brightness change,Consistent,0.07333333333333333
BrightnessRelation,3.0,-1.637725830078125,-1.6324539184570312,0.00527191162109375,0.3219042104135439,True,0.004953861236572266,0.30248397630122176,True,0.00527191162109375,PASS,9,Output should remain approximately same under brightness change,Consistent,0.07333333333333333
RotationRelation,-60.0,-1.637725830078125,-1.6307916641235352,0.006934165954589844,0.42340186575920363,True,0.00798797607421875,0.4877477688899862,True,0.006934165954589844,PASS,9,Small rotation should not significantly change output,Consistent,0.07333333333333333
RotationRelation,-30.0,-1.637725830078125,-1.6341559886932373,0.0035698413848876953,0.21797538632968494,True,0.00798797607421875,0.4877477688899862,True,0.0035698413848876953,PASS,9,Small rotation should not significantly change output,Consistent,0.07333333333333333
RotationRelation,0.0,-1.637725830078125,-1.637725830078125,0.0,0.0,True,0.00798797607421875,0.4877477688899862,True,0.0,PASS,9,Small rotation should not significantly change output,Consistent,0.07333333333333333
RotationRelation,30.0,-1.637725830078125,-1.6330710649490356,0.0046547651290893555,0.28422109497145553,True,0.00798797607421875,0.4877477688899862,True,0.0046547651290893555,PASS,9,Small rotation should not significantly change output,Consistent,0.07333333333333333
RotationRelation,60.0,-1.637725830078125,-1.6297378540039062,0.00798797607421875,0.4877477688899862,True,0.00798797607421875,0.4877477688899862,True,0.00798797607421875,PASS,9,Small rotation should not significantly change output,Consistent,0.07333333333333333
TranslationRelation,0.0,-1.637725830078125,-1.637725830078125,0.0,0.0,True,0.011215925216674805,0.6848471314437566,True,0.0,PASS,9,Small translation should preserve prediction consistency,Consistent,0.07333333333333333
TranslationRelation,20.0,-1.637725830078125,-1.6383140087127686,0.0005881786346435547,0.03591433100082366,True,0.011215925216674805,0.6848471314437566,True,0.0005881786346435547,PASS,9,Small translation should preserve prediction consistency,Consistent,0.07333333333333333
TranslationRelation,40.0,-1.637725830078125,-1.634831428527832,0.0028944015502929688,0.17673286516011322,True,0.011215925216674805,0.6848471314437566,True,0.0028944015502929688,PASS,9,Small translation should preserve prediction consistency,Consistent,0.07333333333333333
TranslationRelation,60.0,-1.637725830078125,-1.6283082962036133,0.009417533874511719,0.5750369171189844,True,0.011215925216674805,0.6848471314437566,True,0.009417533874511719,PASS,9,Small translation should preserve prediction consistency,Consistent,0.07333333333333333
TranslationRelation,80.0,-1.637725830078125,-1.6270980834960938,0.01062774658203125,0.6489328004429329,False,0.011215925216674805,0.6848471314437566,True,0.01062774658203125,FAIL,9,Small translation should preserve prediction consistency,Violation,0.07333333333333333
NoiseRelation,0.0,-1.637725830078125,-1.637725830078125,0.0,0.0,True,0.001605987548828125,0.09806199173958176,True,0.0,PASS,9,Noise should not significantly affect prediction,Consistent,0.07333333333333333
NoiseRelation,37.5,-1.637725830078125,-1.6376997232437134,2.6106834411621094e-05,0.0015940896816336407,True,0.001605987548828125,0.09806199173958176,True,2.6106834411621094e-05,PASS,9,Noise should not significantly affect prediction,Consistent,0.07333333333333333
NoiseRelation,75.0,-1.637725830078125,-1.6371899843215942,0.0005358457565307617,0.03271887268923842,True,0.001605987548828125,0.09806199173958176,True,0.0005358457565307617,PASS,9,Noise should not significantly affect prediction,Consistent,0.07333333333333333
NoiseRelation,112.5,-1.637725830078125,-1.6368882656097412,0.0008375644683837891,0.051141890881999816,True,0.001605987548828125,0.09806199173958176,True,0.0008375644683837891,PASS,9,Noise should not significantly affect prediction,Consistent,0.07333333333333333
NoiseRelation,150.0,-1.637725830078125,-1.6361198425292969,0.001605987548828125,0.09806199173958176,True,0.001605987548828125,0.09806199173958176,True,0.001605987548828125,PASS,9,Noise should not significantly affect prediction,Consistent,0.07333333333333333
BlurRelation,1.0,-1.637725830078125,-1.637725830078125,0.0,0.0,True,0.0003292560577392578,0.02010445525421057,True,0.0,PASS,9,Blur should not significantly change output,Consistent,0.07333333333333333
BlurRelation,8.5,-1.637725830078125,-1.6377756595611572,4.982948303222656e-05,0.0030426003969080445,True,0.0003292560577392578,0.02010445525421057,True,4.982948303222656e-05,PASS,9,Blur should not significantly change output,Consistent,0.07333333333333333
BlurRelation,16.0,-1.637725830078125,-1.637865424156189,0.00013959407806396484,0.008523648480333301,True,0.0003292560577392578,0.02010445525421057,True,0.00013959407806396484,PASS,9,Blur should not significantly change output,Consistent,0.07333333333333333
BlurRelation,23.5,-1.637725830078125,-1.6379526853561401,0.00022685527801513672,0.01385183864908136,True,0.0003292560577392578,0.02010445525421057,True,0.00022685527801513672,PASS,9,Blur should not significantly change output,Consistent,0.07333333333333333
BlurRelation,31.0,-1.637725830078125,-1.6380550861358643,0.0003292560577392578,0.02010445525421057,True,0.0003292560577392578,0.02010445525421057,True,0.0003292560577392578,PASS,9,Blur should not significantly change output,Consistent,0.07333333333333333
ContrastRelation,0.1,-1.637725830078125,-1.6360294818878174,0.0016963481903076172,0.10357943456459683,True,0.006410717964172363,0.3914400036950333,True,0.0016963481903076172,PASS,9,Contrast change should not significantly affect output,Consistent,0.07333333333333333
ContrastRelation,1.075,-1.637725830078125,-1.637893557548523,0.00016772747039794922,0.010241480283372293,True,0.006410717964172363,0.3914400036950333,True,0.00016772747039794922,PASS,9,Contrast change should not significantly affect output,Consistent,0.07333333333333333
ContrastRelation,2.05,-1.637725830078125,-1.6337778568267822,0.0039479732513427734,0.24106421039425985,True,0.006410717964172363,0.3914400036950333,True,0.0039479732513427734,PASS,9,Contrast change should not significantly affect output,Consistent,0.07333333333333333
ContrastRelation,3.025,-1.637725830078125,-1.6324400901794434,0.005285739898681641,0.3227485684184275,True,0.006410717964172363,0.3914400036950333,True,0.005285739898681641,PASS,9,Contrast change should not significantly affect output,Consistent,0.07333333333333333
ContrastRelation,4.0,-1.637725830078125,-1.6314828395843506,0.006242990493774414,0.381198523411661,True,0.006410717964172363,0.3914400036950333,True,0.006242990493774414,PASS,9,Contrast change should not significantly affect output,Consistent,0.07333333333333333
RainRelation,0.0,-1.637725830078125,-1.636968970298767,0.0007568597793579102,0.04621404287073965,True,0.0024443864822387695,0.1492548352598073,True,0.0007568597793579102,PASS,9,Rain should not significantly affect prediction,Consistent,0.07333333333333333
RainRelation,0.375,-1.637725830078125,-1.6367641687393188,0.0009616613388061523,0.05871927608099807,True,0.0024443864822387695,0.1492548352598073,True,0.0009616613388061523,PASS,9,Rain should not significantly affect prediction,Consistent,0.07333333333333333
RainRelation,0.75,-1.637725830078125,-1.6361346244812012,0.0015912055969238281,0.0971594021481545,True,0.0024443864822387695,0.1492548352598073,True,0.0015912055969238281,PASS,9,Rain should not significantly affect prediction,Consistent,0.07333333333333333
RainRelation,1.125,-1.637725830078125,-1.6362417936325073,0.0014840364456176758,0.0906156276103068,True,0.0024443864822387695,0.1492548352598073,True,0.0014840364456176758,PASS,9,Rain should not significantly affect prediction,Consistent,0.07333333333333333
RainRelation,1.5,-1.637725830078125,-1.6345245838165283,0.0032012462615966797,0.19546887813054695,True,0.0024443864822387695,0.1492548352598073,True,0.0032012462615966797,PASS,9,Rain should not significantly affect prediction,Consistent,0.07333333333333333
SnowRelation,0.0,-1.637725830078125,-1.6371725797653198,0.0005532503128051758,0.03378159914366085,True,0.002242565155029297,0.13693157575749793,True,0.0005532503128051758,PASS,9,Snow should not significantly affect prediction,Consistent,0.07333333333333333
SnowRelation,0.375,-1.637725830078125,-1.6375586986541748,0.0001671314239501953,0.010205085541782483,True,0.002242565155029297,0.13693157575749793,True,0.0001671314239501953,PASS,9,Snow should not significantly affect prediction,Consistent,0.07333333333333333
SnowRelation,0.75,-1.637725830078125,-1.6375317573547363,0.00019407272338867188,0.011850127861641857,True,0.002242565155029297,0.13693157575749793,True,0.00019407272338867188,PASS,9,Snow should not significantly affect prediction,Consistent,0.07333333333333333
SnowRelation,1.125,-1.637725830078125,-1.6367988586425781,0.000926971435546875,0.056601102120471175,True,0.002242565155029297,0.13693157575749793,True,0.000926971435546875,PASS,9,Snow should not significantly affect prediction,Consistent,0.07333333333333333
SnowRelation,1.5,-1.637725830078125,-1.6353161334991455,0.002409696578979492,0.1471366612992804,True,0.002242565155029297,0.13693157575749793,True,0.002409696578979492,PASS,9,Snow should not significantly affect prediction,Consistent,0.07333333333333333
FogRelation,0.0,-1.637725830078125,-1.637853741645813,0.00012791156768798828,0.007810311545173042,True,0.009782671928405762,0.5973323358169015,True,0.00012791156768798828,PASS,9,Fog should not significantly affect prediction,Consistent,0.07333333333333333
FogRelation,0.375,-1.637725830078125,-1.6312636137008667,0.006462216377258301,0.3945845093683928,True,0.009782671928405762,0.5973323358169015,True,0.006462216377258301,PASS,9,Fog should not significantly affect prediction,Consistent,0.07333333333333333
FogRelation,0.75,-1.637725830078125,-1.6280710697174072,0.009654760360717773,0.5895220242717285,True,0.009782671928405762,0.5973323358169015,True,0.009654760360717773,PASS,9,Fog should not significantly affect prediction,Consistent,0.07333333333333333
FogRelation,1.125,-1.637725830078125,-1.6280710697174072,0.009654760360717773,0.5895220242717285,True,0.009782671928405762,0.5973323358169015,True,0.009654760360717773,PASS,9,Fog should not significantly affect prediction,Consistent,0.07333333333333333
FogRelation,1.5,-1.637725830078125,-1.6280710697174072,0.009654760360717773,0.5895220242717285,True,0.009782671928405762,0.5973323358169015,True,0.009654760360717773,PASS,9,Fog should not significantly affect prediction,Consistent,0.07333333333333333
DarkVisibiltyRelation,0.05,-1.637725830078125,-1.637256145477295,0.0004696846008300781,0.028679056372769608,True,0.009185075759887695,0.5608429678989589,True,0.0004696846008300781,PASS,9,Output should not change drastically under degradation,Consistent,0.07333333333333333
DarkVisibiltyRelation,0.4125,-1.637725830078125,-1.6337597370147705,0.003966093063354492,0.24217061053859007,True,0.009185075759887695,0.5608429678989589,True,0.003966093063354492,PASS,9,Output should not change drastically under degradation,Consistent,0.07333333333333333
DarkVisibiltyRelation,0.775,-1.637725830078125,-1.6302595138549805,0.007466316223144531,0.45589509105058523,False,0.009185075759887695,0.5608429678989589,True,0.007466316223144531,FAIL,9,Output should not change drastically under degradation,Violation,0.07333333333333333
DarkVisibiltyRelation,1.1375,-1.637725830078125,-1.6280710697174072,0.009654760360717773,0.5895220242717285,False,0.009185075759887695,0.5608429678989589,True,0.009654760360717773,FAIL,9,Output should not change drastically under degradation,Violation,0.07333333333333333
DarkVisibiltyRelation,1.5,-1.637725830078125,-1.6280710697174072,0.009654760360717773,0.5895220242717285,False,0.009185075759887695,0.5608429678989589,True,0.009654760360717773,FAIL,9,Output should not change drastically under degradation,Violation,0.07333333333333333
DarkVisibiltyRelation,0.05,-1.637725830078125,-1.635939359664917,0.0017864704132080078,0.10908231949297598,True,0.0019267797470092773,0.11764964166321704,True,0.0017864704132080078,PASS,9,Output should not change drastically under degradation,Consistent,0.07333333333333333
DarkVisibiltyRelation,0.4125,-1.637725830078125,-1.636627435684204,0.0010983943939208984,0.0670682298017003,True,0.0019267797470092773,0.11764964166321704,True,0.0010983943939208984,PASS,9,Output should not change drastically under degradation,Consistent,0.07333333333333333
DarkVisibiltyRelation,0.775,-1.637725830078125,-1.6373170614242554,0.0004087686538696289,0.02495951378229111,True,0.0019267797470092773,0.11764964166321704,True,0.0004087686538696289,PASS,9,Output should not change drastically under degradation,Consistent,0.07333333333333333
DarkVisibiltyRelation,1.1375,-1.637725830078125,-1.6378661394119263,0.00014030933380126953,0.008567322170241072,True,0.0019267797470092773,0.11764964166321704,True,0.00014030933380126953,PASS,9,Output should not change drastically under degradation,Consistent,0.07333333333333333
DarkVisibiltyRelation,1.5,-1.637725830078125,-1.6364325284957886,0.0012933015823364258,0.07896931030156788,True,0.0019267797470092773,0.11764964166321704,True,0.0012933015823364258,PASS,9,Output should not change drastically under degradation,Consistent,0.07333333333333333
TemporalSmoothnessRelation,0.0,-1.630487322807312,-1.63059401512146,0.00010669231414794922,0.0,True,,,,0.00010669231414794922,PASS,9,Predictions should change smoothly across consecutive frames,Consistent,0.07333333333333333
