mr,param,original,transformed,difference,percent_change,passed,range_change,range_percent_change,range_passed,severity,status,sample_id,expected_behavior,actual_behavior,epsilon
BlurRelation,1.0,-1.6304880380630493,-1.6304757595062256,1.2278556823730469e-05,0.0007530597591945092,True,0.0001361370086669922,0.008349458689321645,True,1.2278556823730469e-05,PASS,0,Blur should not significantly change output.,Consistent,0.01
BlurRelation,8.5,-1.6304880380630493,-1.6303913593292236,9.66787338256836e-05,0.005929431696182009,True,0.0001361370086669922,0.008349458689321645,True,9.66787338256836e-05,PASS,0,Blur should not significantly change output.,Consistent,0.01
BlurRelation,16.0,-1.6304880380630493,-1.6304166316986084,7.140636444091797e-05,0.004379444619004962,True,0.0001361370086669922,0.008349458689321645,True,7.140636444091797e-05,PASS,0,Blur should not significantly change output.,Consistent,0.01
BlurRelation,23.5,-1.6304880380630493,-1.6304559707641602,3.2067298889160156e-05,0.00196672888566333,True,0.0001361370086669922,0.008349458689321645,True,3.2067298889160156e-05,PASS,0,Blur should not significantly change output.,Consistent,0.01
BlurRelation,31.0,-1.6304880380630493,-1.6305274963378906,3.9458274841308594e-05,0.0024200269931396365,True,0.0001361370086669922,0.008349458689321645,True,3.9458274841308594e-05,PASS,0,Blur should not significantly change output.,Consistent,0.01
BrightnessRelation,0.1,-1.6304880380630493,-1.6285901069641113,0.0018979310989379883,0.11640256724403672,True,0.0043430328369140625,0.2663638169609161,True,0.0018979310989379883,PASS,0,Output should remain approximately same under localized brightness change.,Consistent,0.01
BrightnessRelation,0.825,-1.6304880380630493,-1.6306298971176147,0.0001418590545654297,0.008700399159625883,True,0.0043430328369140625,0.2663638169609161,True,0.0001418590545654297,PASS,0,Output should remain approximately same under localized brightness change.,Consistent,0.01
BrightnessRelation,1.55,-1.6304880380630493,-1.6303339004516602,0.00015413761138916016,0.009453458918820393,True,0.0043430328369140625,0.2663638169609161,True,0.00015413761138916016,PASS,0,Output should remain approximately same under localized brightness change.,Consistent,0.01
BrightnessRelation,2.275,-1.6304880380630493,-1.6329331398010254,0.0024451017379760742,0.1499612497168794,True,0.0043430328369140625,0.2663638169609161,True,0.0024451017379760742,PASS,0,Output should remain approximately same under localized brightness change.,Consistent,0.01
BrightnessRelation,3.0,-1.6304880380630493,-1.6290357112884521,0.001452326774597168,0.08907307811909423,True,0.0043430328369140625,0.2663638169609161,True,0.001452326774597168,PASS,0,Output should remain approximately same under localized brightness change.,Consistent,0.01
CompositeRelation,0.1,-1.6304880380630493,-1.6338708400726318,0.0033828020095825195,0.2074716192879863,True,0.004120588302612305,0.2527210061778389,True,0.0033828020095825195,PASS,0,Prediction should remain approximately consistent under composite transformations.,Consistent,0.01
CompositeRelation,0.44999999999999996,-1.6304880380630493,-1.6336731910705566,0.0031851530075073242,0.19534955054289407,True,0.004120588302612305,0.2527210061778389,True,0.0031851530075073242,PASS,0,Prediction should remain approximately consistent under composite transformations.,Consistent,0.01
CompositeRelation,0.7999999999999999,-1.6304880380630493,-1.6307451725006104,0.00025713443756103516,0.015770387384296664,True,0.004120588302612305,0.2527210061778389,True,0.00025713443756103516,PASS,0,Prediction should remain approximately consistent under composite transformations.,Consistent,0.01
CompositeRelation,1.15,-1.6304880380630493,-1.6337759494781494,0.0032879114151000977,0.20165185648877434,True,0.004120588302612305,0.2527210061778389,True,0.0032879114151000977,PASS,0,Prediction should remain approximately consistent under composite transformations.,Consistent,0.01
CompositeRelation,1.5,-1.6304880380630493,-1.6348657608032227,0.00437772274017334,0.2684913935621356,True,0.004120588302612305,0.2527210061778389,True,0.00437772274017334,PASS,0,Prediction should remain approximately consistent under composite transformations.,Consistent,0.01
ContrastRelation,0.1,-1.6304880380630493,-1.6347557306289673,0.004267692565917969,0.261743100768577,True,8.761882781982422e-05,0.005373775951533634,True,0.004267692565917969,PASS,0,Contrast change should not significantly affect output.,Consistent,0.01
ContrastRelation,1.075,-1.6304880380630493,-1.6347715854644775,0.004283547401428223,0.26271549832171165,True,8.761882781982422e-05,0.005373775951533634,True,0.004283547401428223,PASS,0,Contrast change should not significantly affect output.,Consistent,0.01
ContrastRelation,2.05,-1.6304880380630493,-1.634732723236084,0.004244685173034668,0.2603320276275621,True,8.761882781982422e-05,0.005373775951533634,True,0.004244685173034668,PASS,0,Contrast change should not significantly affect output.,Consistent,0.01
ContrastRelation,3.025,-1.6304880380630493,-1.6347177028656006,0.0042296648025512695,0.25941080889301343,True,8.761882781982422e-05,0.005373775951533634,True,0.0042296648025512695,PASS,0,Contrast change should not significantly affect output.,Consistent,0.01
ContrastRelation,4.0,-1.6304880380630493,-1.6348053216934204,0.004317283630371094,0.26478458484454703,True,8.761882781982422e-05,0.005373775951533634,True,0.004317283630371094,PASS,0,Contrast change should not significantly affect output.,Consistent,0.01
DarkVisibilityRelation,0.05,-1.6304880380630493,-1.6351616382598877,0.004673600196838379,0.28663794038078383,True,0.005590558052062988,0.34287615074703787,True,0.004673600196838379,PASS,0,Output should not change drastically under visibility degradation.,Consistent,0.01
DarkVisibilityRelation,0.4125,-1.6304880380630493,-1.6358988285064697,0.00541079044342041,0.3318507709716464,True,0.005590558052062988,0.34287615074703787,True,0.00541079044342041,PASS,0,Output should not change drastically under visibility degradation.,Consistent,0.01
DarkVisibilityRelation,0.775,-1.6304880380630493,-1.6347367763519287,0.0042487382888793945,0.2605806104606942,True,0.005590558052062988,0.34287615074703787,True,0.0042487382888793945,PASS,0,Output should not change drastically under visibility degradation.,Consistent,0.01
DarkVisibilityRelation,1.1375,-1.6304880380630493,-1.6303082704544067,0.00017976760864257812,0.011025379775391456,True,0.005590558052062988,0.34287615074703787,True,0.00017976760864257812,PASS,0,Output should not change drastically under visibility degradation.,Consistent,0.01
DarkVisibilityRelation,1.5,-1.6304880380630493,-1.6303088665008545,0.00017917156219482422,0.010988823476401432,True,0.005590558052062988,0.34287615074703787,True,0.00017917156219482422,PASS,0,Output should not change drastically under visibility degradation.,Consistent,0.01
DustRelation,0.0,-1.6304880380630493,-1.63334321975708,0.0028551816940307617,0.1751119834220164,True,0.00124359130859375,0.07627106221278758,True,0.0028551816940307617,PASS,0,Dust should not significantly affect prediction.,Consistent,0.01
DustRelation,0.375,-1.6304880380630493,-1.6333811283111572,0.00289309024810791,0.17743696403778197,True,0.00124359130859375,0.07627106221278758,True,0.00289309024810791,PASS,0,Dust should not significantly affect prediction.,Consistent,0.01
DustRelation,0.75,-1.6304880380630493,-1.6325322389602661,0.002044200897216797,0.12537348301618878,True,0.00124359130859375,0.07627106221278758,True,0.002044200897216797,PASS,0,Dust should not significantly affect prediction.,Consistent,0.01
DustRelation,1.125,-1.6304880380630493,-1.6337758302688599,0.003287792205810547,0.20164454522897637,True,0.00124359130859375,0.07627106221278758,True,0.003287792205810547,PASS,0,Dust should not significantly affect prediction.,Consistent,0.01
DustRelation,1.5,-1.6304880380630493,-1.6331579685211182,0.0026699304580688477,0.16375028569591674,True,0.00124359130859375,0.07627106221278758,True,0.0026699304580688477,PASS,0,Dust should not significantly affect prediction.,Consistent,0.01
FogRelation,0.0,-1.6304880380630493,-1.6303081512451172,0.0001798868179321289,0.01103269103518946,True,0.0015424489974975586,0.09460039052638597,True,0.0001798868179321289,PASS,0,Fog should not significantly affect prediction.,Consistent,0.01
FogRelation,0.375,-1.6304880380630493,-1.6307109594345093,0.00022292137145996094,0.013672055822269246,True,0.0015424489974975586,0.09460039052638597,True,0.00022292137145996094,PASS,0,Fog should not significantly affect prediction.,Consistent,0.01
FogRelation,0.75,-1.6304880380630493,-1.6314365863800049,0.0009485483169555664,0.05817569421272534,True,0.0015424489974975586,0.09460039052638597,True,0.0009485483169555664,PASS,0,Fog should not significantly affect prediction.,Consistent,0.01
FogRelation,1.125,-1.6304880380630493,-1.6317826509475708,0.0012946128845214844,0.07940028140633369,True,0.0015424489974975586,0.09460039052638597,True,0.0012946128845214844,PASS,0,Fog should not significantly affect prediction.,Consistent,0.01
FogRelation,1.5,-1.6304880380630493,-1.6318506002426147,0.0013625621795654297,0.08356769949119651,True,0.0015424489974975586,0.09460039052638597,True,0.0013625621795654297,PASS,0,Fog should not significantly affect prediction.,Consistent,0.01
HazeRelation,0.0,-1.6304880380630493,-1.6298937797546387,0.0005942583084106445,0.03644663009305465,True,0.0003744363784790039,0.02296466702553353,True,0.0005942583084106445,PASS,0,Haze should not significantly affect prediction.,Consistent,0.01
HazeRelation,0.375,-1.6304880380630493,-1.6299774646759033,0.0005105733871459961,0.03131412571485517,True,0.0003744363784790039,0.02296466702553353,True,0.0005105733871459961,PASS,0,Haze should not significantly affect prediction.,Consistent,0.01
HazeRelation,0.75,-1.6304880380630493,-1.62984037399292,0.0006476640701293945,0.03972207448256086,True,0.0003744363784790039,0.02296466702553353,True,0.0006476640701293945,PASS,0,Haze should not significantly affect prediction.,Consistent,0.01
HazeRelation,1.125,-1.6304880380630493,-1.630122423171997,0.0003656148910522461,0.022423633800481162,True,0.0003744363784790039,0.02296466702553353,True,0.0003656148910522461,PASS,0,Haze should not significantly affect prediction.,Consistent,0.01
HazeRelation,1.5,-1.6304880380630493,-1.629747986793518,0.00074005126953125,0.045388300826014694,True,0.0003744363784790039,0.02296466702553353,True,0.00074005126953125,PASS,0,Haze should not significantly affect prediction.,Consistent,0.01
NoiseRelation,0.0,-1.6304880380630493,-1.6304881572723389,1.1920928955078125e-07,7.311259798004945e-06,True,0.00015985965728759766,0.00980439938912463,True,1.1920928955078125e-07,PASS,0,Noise should not significantly affect prediction.,Consistent,0.01
NoiseRelation,37.5,-1.6304880380630493,-1.6304919719696045,3.933906555175781e-06,0.00024127157333416317,True,0.00015985965728759766,0.00980439938912463,True,3.933906555175781e-06,PASS,0,Noise should not significantly affect prediction.,Consistent,0.01
NoiseRelation,75.0,-1.6304880380630493,-1.6305115222930908,2.3484230041503906e-05,0.001440318180206974,True,0.00015985965728759766,0.00980439938912463,True,2.3484230041503906e-05,PASS,0,Noise should not significantly affect prediction.,Consistent,0.01
NoiseRelation,112.5,-1.6304880380630493,-1.6305304765701294,4.2438507080078125e-05,0.0026028084880897603,True,0.00015985965728759766,0.00980439938912463,True,4.2438507080078125e-05,PASS,0,Noise should not significantly affect prediction.,Consistent,0.01
NoiseRelation,150.0,-1.6304880380630493,-1.6303706169128418,0.00011742115020751953,0.007201590901034871,True,0.00015985965728759766,0.00980439938912463,True,0.00011742115020751953,PASS,0,Noise should not significantly affect prediction.,Consistent,0.01
RainRelation,0.0,-1.6304880380630493,-1.6361263990402222,0.0056383609771728516,0.34580796592603785,True,0.007272124290466309,0.4460087814576956,True,0.0056383609771728516,PASS,0,Rain should not significantly affect prediction.,Consistent,0.01
RainRelation,0.375,-1.6304880380630493,-1.6345993280410767,0.004111289978027344,0.2521507279135945,True,0.007272124290466309,0.4460087814576956,True,0.004111289978027344,PASS,0,Rain should not significantly affect prediction.,Consistent,0.01
RainRelation,0.75,-1.6304880380630493,-1.6321890354156494,0.0017009973526000977,0.10432436605773254,True,0.007272124290466309,0.4460087814576956,True,0.0017009973526000977,PASS,0,Rain should not significantly affect prediction.,Consistent,0.01
RainRelation,1.125,-1.6304880380630493,-1.6288542747497559,0.001633763313293457,0.10020081553165774,True,0.007272124290466309,0.4460087814576956,True,0.001633763313293457,PASS,0,Rain should not significantly affect prediction.,Consistent,0.01
RainRelation,1.5,-1.6304880380630493,-1.6289775371551514,0.0015105009078979492,0.09264097290052065,True,0.007272124290466309,0.4460087814576956,True,0.0015105009078979492,PASS,0,Rain should not significantly affect prediction.,Consistent,0.01
RotationRelation,-60.0,-1.6304880380630493,-1.630603551864624,0.00011551380157470703,0.007084610744266791,True,0.00011491775512695312,0.007048054445276767,True,0.00011551380157470703,PASS,0,Small rotation should not significantly change output.,Consistent,0.01
RotationRelation,-30.0,-1.6304880380630493,-1.6305382251739502,5.0187110900878906e-05,0.003078040374960082,True,0.00011491775512695312,0.007048054445276767,True,5.0187110900878906e-05,PASS,0,Small rotation should not significantly change output.,Consistent,0.01
RotationRelation,0.0,-1.6304880380630493,-1.630488634109497,5.960464477539062e-07,3.655629899002472e-05,True,0.00011491775512695312,0.007048054445276767,True,5.960464477539062e-07,PASS,0,Small rotation should not significantly change output.,Consistent,0.01
RotationRelation,30.0,-1.6304880380630493,-1.6305553913116455,6.73532485961914e-05,0.0041308617858727935,True,0.00011491775512695312,0.007048054445276767,True,6.73532485961914e-05,PASS,0,Small rotation should not significantly change output.,Consistent,0.01
RotationRelation,60.0,-1.6304880380630493,-1.6304986476898193,1.0609626770019531e-05,0.0006507021220224401,True,0.00011491775512695312,0.007048054445276767,True,1.0609626770019531e-05,PASS,0,Small rotation should not significantly change output.,Consistent,0.01
SandstormRelation,0.0,-1.6304880380630493,-1.6304912567138672,3.2186508178710938e-06,0.00019740401454613346,True,0.0009274482727050781,0.05688160122847846,True,3.2186508178710938e-06,PASS,0,Sandstorm should not significantly affect prediction.,Consistent,0.01
SandstormRelation,0.375,-1.6304880380630493,-1.6305164098739624,2.8371810913085938e-05,0.0017400798319251768,True,0.0009274482727050781,0.05688160122847846,True,2.8371810913085938e-05,PASS,0,Sandstorm should not significantly affect prediction.,Consistent,0.01
SandstormRelation,0.75,-1.6304880380630493,-1.631052017211914,0.0005639791488647461,0.034589570104361395,True,0.0009274482727050781,0.05688160122847846,True,0.0005639791488647461,PASS,0,Sandstorm should not significantly affect prediction.,Consistent,0.01
SandstormRelation,1.125,-1.6304880380630493,-1.6309062242507935,0.0004181861877441406,0.025647899371401345,True,0.0009274482727050781,0.05688160122847846,True,0.0004181861877441406,PASS,0,Sandstorm should not significantly affect prediction.,Consistent,0.01
SandstormRelation,1.5,-1.6304880380630493,-1.630124568939209,0.00036346912384033203,0.022292031124117075,True,0.0009274482727050781,0.05688160122847846,True,0.00036346912384033203,PASS,0,Sandstorm should not significantly affect prediction.,Consistent,0.01
SmokeRelation,0.0,-1.6304880380630493,-1.6333534717559814,0.002865433692932129,0.17574075176464485,True,0.0009987354278564453,0.06125373458768542,True,0.002865433692932129,PASS,0,Smoke should not significantly affect prediction.,Consistent,0.01
SmokeRelation,0.375,-1.6304880380630493,-1.633190631866455,0.0027025938034057617,0.16575357088057008,True,0.0009987354278564453,0.06125373458768542,True,0.0027025938034057617,PASS,0,Smoke should not significantly affect prediction.,Consistent,0.01
SmokeRelation,0.75,-1.6304880380630493,-1.6332979202270508,0.002809882164001465,0.17233370469877454,True,0.0009987354278564453,0.06125373458768542,True,0.002809882164001465,PASS,0,Smoke should not significantly affect prediction.,Consistent,0.01
SmokeRelation,1.125,-1.6304880380630493,-1.6324634552001953,0.001975417137145996,0.12115488611273992,True,0.0009987354278564453,0.06125373458768542,True,0.001975417137145996,PASS,0,Smoke should not significantly affect prediction.,Consistent,0.01
SmokeRelation,1.5,-1.6304880380630493,-1.632354736328125,0.0018666982650756836,0.11448701717695943,True,0.0009987354278564453,0.06125373458768542,True,0.0018666982650756836,PASS,0,Smoke should not significantly affect prediction.,Consistent,0.01
SnowRelation,0.0,-1.6304880380630493,-1.6304887533187866,7.152557373046875e-07,4.386755878802967e-05,True,0.00045430660247802734,0.027863211090196845,True,7.152557373046875e-07,PASS,0,Snow should not significantly affect prediction.,Consistent,0.01
SnowRelation,0.375,-1.6304880380630493,-1.630509853363037,2.181529998779297e-05,0.0013379605430349048,True,0.00045430660247802734,0.027863211090196845,True,2.181529998779297e-05,PASS,0,Snow should not significantly affect prediction.,Consistent,0.01
SnowRelation,0.75,-1.6304880380630493,-1.6306757926940918,0.00018775463104248047,0.011515234181857788,True,0.00045430660247802734,0.027863211090196845,True,0.00018775463104248047,PASS,0,Snow should not significantly affect prediction.,Consistent,0.01
SnowRelation,1.125,-1.6304880380630493,-1.6303521394729614,0.00013589859008789062,0.008334836169725636,True,0.00045430660247802734,0.027863211090196845,True,0.00013589859008789062,PASS,0,Snow should not significantly affect prediction.,Consistent,0.01
SnowRelation,1.5,-1.6304880380630493,-1.6308064460754395,0.0003184080123901367,0.019528374920471207,True,0.00045430660247802734,0.027863211090196845,True,0.0003184080123901367,PASS,0,Snow should not significantly affect prediction.,Consistent,0.01
TranslationRelation,0.0,-1.6304880380630493,-1.6304888725280762,8.344650268554688e-07,5.117881858603461e-05,True,0.00029754638671875,0.01824890445582034,True,8.344650268554688e-07,PASS,0,Small translation should preserve prediction consistency.,Consistent,0.01
TranslationRelation,20.0,-1.6304880380630493,-1.6307017803192139,0.00021374225616455078,0.013109088817822866,True,0.00029754638671875,0.01824890445582034,True,0.00021374225616455078,PASS,0,Small translation should preserve prediction consistency.,Consistent,0.01
TranslationRelation,40.0,-1.6304880380630493,-1.6304882764816284,2.384185791015625e-07,1.462251959600989e-05,True,0.00029754638671875,0.01824890445582034,True,2.384185791015625e-07,PASS,0,Small translation should preserve prediction consistency.,Consistent,0.01
TranslationRelation,60.0,-1.6304880380630493,-1.6306347846984863,0.00014674663543701172,0.009000160811344086,True,0.00029754638671875,0.01824890445582034,True,0.00014674663543701172,PASS,0,Small translation should preserve prediction consistency.,Consistent,0.01
TranslationRelation,80.0,-1.6304880380630493,-1.6304042339324951,8.380413055419922e-05,0.005139815637997476,True,0.00029754638671875,0.01824890445582034,True,8.380413055419922e-05,PASS,0,Small translation should preserve prediction consistency.,Consistent,0.01
DarkVisibilityRelation,0.05,-1.6304880380630493,-1.6351616382598877,0.004673600196838379,0.28663794038078383,True,0.005590558052062988,0.34287615074703787,True,0.004673600196838379,PASS,0,Output should not change drastically under visibility degradation.,Consistent,0.01
DarkVisibilityRelation,0.4125,-1.6304880380630493,-1.6358988285064697,0.00541079044342041,0.3318507709716464,True,0.005590558052062988,0.34287615074703787,True,0.00541079044342041,PASS,0,Output should not change drastically under visibility degradation.,Consistent,0.01
DarkVisibilityRelation,0.775,-1.6304880380630493,-1.6347367763519287,0.0042487382888793945,0.2605806104606942,True,0.005590558052062988,0.34287615074703787,True,0.0042487382888793945,PASS,0,Output should not change drastically under visibility degradation.,Consistent,0.01
DarkVisibilityRelation,1.1375,-1.6304880380630493,-1.6303082704544067,0.00017976760864257812,0.011025379775391456,True,0.005590558052062988,0.34287615074703787,True,0.00017976760864257812,PASS,0,Output should not change drastically under visibility degradation.,Consistent,0.01
DarkVisibilityRelation,1.5,-1.6304880380630493,-1.6303088665008545,0.00017917156219482422,0.010988823476401432,True,0.005590558052062988,0.34287615074703787,True,0.00017917156219482422,PASS,0,Output should not change drastically under visibility degradation.,Consistent,0.01
TemporalSmoothnessRelation,0.0,-1.6304880380630493,-1.6305930614471436,0.00010502338409423828,0.0,True,,,,0.00010502338409423828,PASS,0,Predictions should change smoothly across consecutive frames.,Consistent,0.01
BlurRelation,1.0,-1.6305930614471436,-1.630587100982666,5.9604644775390625e-06,0.00036553944470085845,True,0.00015497207641601562,0.009504025562222318,True,5.9604644775390625e-06,PASS,1,Blur should not significantly change output.,Consistent,0.01
BlurRelation,8.5,-1.6305930614471436,-1.6305367946624756,5.626678466796875e-05,0.0034506923579761036,True,0.00015497207641601562,0.009504025562222318,True,5.626678466796875e-05,PASS,1,Blur should not significantly change output.,Consistent,0.01
BlurRelation,16.0,-1.6305930614471436,-1.630543828010559,4.9233436584472656e-05,0.003019355813229091,True,0.00015497207641601562,0.009504025562222318,True,4.9233436584472656e-05,PASS,1,Blur should not significantly change output.,Consistent,0.01
BlurRelation,23.5,-1.6305930614471436,-1.6306283473968506,3.528594970703125e-05,0.002163993512629082,True,0.00015497207641601562,0.009504025562222318,True,3.528594970703125e-05,PASS,1,Blur should not significantly change output.,Consistent,0.01
BlurRelation,31.0,-1.6305930614471436,-1.6306917667388916,9.870529174804688e-05,0.006053333204246216,True,0.00015497207641601562,0.009504025562222318,True,9.870529174804688e-05,PASS,1,Blur should not significantly change output.,Consistent,0.01
BrightnessRelation,0.1,-1.6305930614471436,-1.6363893747329712,0.005796313285827637,0.3554724883937968,True,0.0076220035552978516,0.4674372203056697,True,0.005796313285827637,PASS,1,Output should remain approximately same under localized brightness change.,Consistent,0.01
BrightnessRelation,0.825,-1.6305930614471436,-1.6366310119628906,0.00603795051574707,0.3702914574819696,True,0.0076220035552978516,0.4674372203056697,True,0.00603795051574707,PASS,1,Output should remain approximately same under localized brightness change.,Consistent,0.01
BrightnessRelation,1.55,-1.6305930614471436,-1.6355910301208496,0.004997968673706055,0.3065121351705638,True,0.0076220035552978516,0.4674372203056697,True,0.004997968673706055,PASS,1,Output should remain approximately same under localized brightness change.,Consistent,0.01
BrightnessRelation,2.275,-1.6305930614471436,-1.6415281295776367,0.010935068130493164,0.6706186652481949,False,0.0076220035552978516,0.4674372203056697,True,0.010935068130493164,FAIL,1,Output should remain approximately same under localized brightness change.,Violation,0.01
BrightnessRelation,3.0,-1.6305930614471436,-1.6339061260223389,0.0033130645751953125,0.20318144494252516,True,0.0076220035552978516,0.4674372203056697,True,0.0033130645751953125,PASS,1,Output should remain approximately same under localized brightness change.,Consistent,0.01
CompositeRelation,0.1,-1.6305930614471436,-1.6306004524230957,7.3909759521484375e-06,0.0004532689114290645,True,0.003536224365234375,0.21686724175212527,True,7.3909759521484375e-06,PASS,1,Prediction should remain approximately consistent under composite transformations.,Consistent,0.01
CompositeRelation,0.44999999999999996,-1.6305930614471436,-1.629801630973816,0.0007914304733276367,0.04853632746737998,True,0.003536224365234375,0.21686724175212527,True,0.0007914304733276367,PASS,1,Prediction should remain approximately consistent under composite transformations.,Consistent,0.01
CompositeRelation,0.7999999999999999,-1.6305930614471436,-1.6295816898345947,0.0010113716125488281,0.062024732976841655,True,0.003536224365234375,0.21686724175212527,True,0.0010113716125488281,PASS,1,Prediction should remain approximately consistent under composite transformations.,Consistent,0.01
CompositeRelation,1.15,-1.6305930614471436,-1.6270642280578613,0.0035288333892822266,0.21641397284069622,True,0.003536224365234375,0.21686724175212527,True,0.0035288333892822266,PASS,1,Prediction should remain approximately consistent under composite transformations.,Consistent,0.01
CompositeRelation,1.5,-1.6305930614471436,-1.6299128532409668,0.0006802082061767578,0.04171536142926196,True,0.003536224365234375,0.21686724175212527,True,0.0006802082061767578,PASS,1,Prediction should remain approximately consistent under composite transformations.,Consistent,0.01
ContrastRelation,0.1,-1.6305930614471436,-1.6306418180465698,4.875659942626953e-05,0.002990112657653022,True,0.00026619434356689453,0.016324991600340337,True,4.875659942626953e-05,PASS,1,Contrast change should not significantly affect output.,Consistent,0.01
ContrastRelation,1.075,-1.6305930614471436,-1.6305947303771973,1.6689300537109375e-06,0.00010235104451624037,True,0.00026619434356689453,0.016324991600340337,True,1.6689300537109375e-06,PASS,1,Contrast change should not significantly affect output.,Consistent,0.01
ContrastRelation,2.05,-1.6305930614471436,-1.630375623703003,0.000217437744140625,0.013334878942687317,True,0.00026619434356689453,0.016324991600340337,True,0.000217437744140625,PASS,1,Contrast change should not significantly affect output.,Consistent,0.01
ContrastRelation,3.025,-1.6305930614471436,-1.630487084388733,0.00010597705841064453,0.0064992913267812626,True,0.00026619434356689453,0.016324991600340337,True,0.00010597705841064453,PASS,1,Contrast change should not significantly affect output.,Consistent,0.01
ContrastRelation,4.0,-1.6305930614471436,-1.630595088005066,2.0265579223632812e-06,0.00012428341119829185,True,0.00026619434356689453,0.016324991600340337,True,2.0265579223632812e-06,PASS,1,Contrast change should not significantly affect output.,Consistent,0.01
DarkVisibilityRelation,0.05,-1.6305930614471436,-1.6358269453048706,0.005233883857727051,0.3209801863918238,True,0.005488038063049316,0.3365667883138684,True,0.005233883857727051,PASS,1,Output should not change drastically under visibility degradation.,Consistent,0.01
DarkVisibilityRelation,0.4125,-1.6305930614471436,-1.636081576347351,0.0054885149002075195,0.33659603146944445,True,0.005488038063049316,0.3365667883138684,True,0.0054885149002075195,PASS,1,Output should not change drastically under visibility degradation.,Consistent,0.01
DarkVisibilityRelation,0.775,-1.6305930614471436,-1.6310549974441528,0.00046193599700927734,0.028329306964316524,True,0.005488038063049316,0.3365667883138684,True,0.00046193599700927734,PASS,1,Output should not change drastically under visibility degradation.,Consistent,0.01
DarkVisibilityRelation,1.1375,-1.6305930614471436,-1.6305935382843018,4.76837158203125e-07,2.9243155576068674e-05,True,0.005488038063049316,0.3365667883138684,True,4.76837158203125e-07,PASS,1,Output should not change drastically under visibility degradation.,Consistent,0.01
DarkVisibilityRelation,1.5,-1.6305930614471436,-1.6305947303771973,1.6689300537109375e-06,0.00010235104451624037,True,0.005488038063049316,0.3365667883138684,True,1.6689300537109375e-06,PASS,1,Output should not change drastically under visibility degradation.,Consistent,0.01
DustRelation,0.0,-1.6305930614471436,-1.6306129693984985,1.990795135498047e-05,0.0012209017453008672,True,0.0005977153778076172,0.03665629551460208,True,1.990795135498047e-05,PASS,1,Dust should not significantly affect prediction.,Consistent,0.01
DustRelation,0.375,-1.6305930614471436,-1.630630612373352,3.7550926208496094e-05,0.0023028985016154083,True,0.0005977153778076172,0.03665629551460208,True,3.7550926208496094e-05,PASS,1,Dust should not significantly affect prediction.,Consistent,0.01
DustRelation,0.75,-1.6305930614471436,-1.630866527557373,0.0002734661102294922,0.016770949722875385,True,0.0005977153778076172,0.03665629551460208,True,0.0002734661102294922,PASS,1,Dust should not significantly affect prediction.,Consistent,0.01
DustRelation,1.125,-1.6305930614471436,-1.6302688121795654,0.000324249267578125,0.0198853457917267,True,0.0005977153778076172,0.03665629551460208,True,0.000324249267578125,PASS,1,Dust should not significantly affect prediction.,Consistent,0.01
DustRelation,1.5,-1.6305930614471436,-1.630491852760315,0.00010120868682861328,0.006206859771020576,True,0.0005977153778076172,0.03665629551460208,True,0.00010120868682861328,PASS,1,Dust should not significantly affect prediction.,Consistent,0.01
FogRelation,0.0,-1.6305930614471436,-1.630594253540039,1.1920928955078125e-06,7.310788894017168e-05,True,0.0016775131225585938,0.1028774213166096,True,1.1920928955078125e-06,PASS,1,Fog should not significantly affect prediction.,Consistent,0.01
FogRelation,0.375,-1.6305930614471436,-1.6311531066894531,0.0005600452423095703,0.03434608622409266,True,0.0016775131225585938,0.1028774213166096,True,0.0005600452423095703,PASS,1,Fog should not significantly affect prediction.,Consistent,0.01
FogRelation,0.75,-1.6305930614471436,-1.6310813426971436,0.00048828125,0.029944991309894323,True,0.0016775131225585938,0.1028774213166096,True,0.00048828125,PASS,1,Fog should not significantly affect prediction.,Consistent,0.01
FogRelation,1.125,-1.6305930614471436,-1.6322717666625977,0.0016787052154541016,0.10295052920554976,True,0.0016775131225585938,0.1028774213166096,True,0.0016787052154541016,PASS,1,Fog should not significantly affect prediction.,Consistent,0.01
FogRelation,1.5,-1.6305930614471436,-1.6321563720703125,0.0015633106231689453,0.09587368555614115,True,0.0016775131225585938,0.1028774213166096,True,0.0015633106231689453,PASS,1,Fog should not significantly affect prediction.,Consistent,0.01
HazeRelation,0.0,-1.6305930614471436,-1.6306158304214478,2.276897430419922e-05,0.0013963606787572793,True,0.000737309455871582,0.04521722930949618,True,2.276897430419922e-05,PASS,1,Haze should not significantly affect prediction.,Consistent,0.01
HazeRelation,0.375,-1.6305930614471436,-1.6304690837860107,0.0001239776611328125,0.0076032204497778555,True,0.000737309455871582,0.04521722930949618,True,0.0001239776611328125,PASS,1,Haze should not significantly affect prediction.,Consistent,0.01
HazeRelation,0.75,-1.6305930614471436,-1.63060462474823,1.1563301086425781e-05,0.0007091465227196654,True,0.000737309455871582,0.04521722930949618,True,1.1563301086425781e-05,PASS,1,Haze should not significantly affect prediction.,Consistent,0.01
HazeRelation,1.125,-1.6305930614471436,-1.6298785209655762,0.0007145404815673828,0.04382086863073891,True,0.000737309455871582,0.04521722930949618,True,0.0007145404815673828,PASS,1,Haze should not significantly affect prediction.,Consistent,0.01
HazeRelation,1.5,-1.6305930614471436,-1.6301997900009155,0.00039327144622802734,0.024118292561362636,True,0.000737309455871582,0.04521722930949618,True,0.00039327144622802734,PASS,1,Haze should not significantly affect prediction.,Consistent,0.01
NoiseRelation,0.0,-1.6305930614471436,-1.630594253540039,1.1920928955078125e-06,7.310788894017168e-05,True,0.00016450881958007812,0.010088888673743692,True,1.1920928955078125e-06,PASS,1,Noise should not significantly affect prediction.,Consistent,0.01
NoiseRelation,37.5,-1.6305930614471436,-1.6306166648864746,2.3603439331054688e-05,0.0014475362010153993,True,0.00016450881958007812,0.010088888673743692,True,2.3603439331054688e-05,PASS,1,Noise should not significantly affect prediction.,Consistent,0.01
NoiseRelation,75.0,-1.6305930614471436,-1.6305944919586182,1.430511474609375e-06,8.772946672820602e-05,True,0.00016450881958007812,0.010088888673743692,True,1.430511474609375e-06,PASS,1,Noise should not significantly affect prediction.,Consistent,0.01
NoiseRelation,112.5,-1.6305930614471436,-1.630495309829712,9.775161743164062e-05,0.005994846893094078,True,0.00016450881958007812,0.010088888673743692,True,9.775161743164062e-05,PASS,1,Noise should not significantly affect prediction.,Consistent,0.01
NoiseRelation,150.0,-1.6305930614471436,-1.6304521560668945,0.00014090538024902344,0.008641352472728294,True,0.00016450881958007812,0.010088888673743692,True,0.00014090538024902344,PASS,1,Noise should not significantly affect prediction.,Consistent,0.01
RainRelation,0.0,-1.6305930614471436,-1.6303207874298096,0.0002722740173339844,0.01669784183393521,True,0.0027860403060913086,0.17086044724207525,True,0.0002722740173339844,PASS,1,Rain should not significantly affect prediction.,Consistent,0.01
RainRelation,0.375,-1.6305930614471436,-1.6303740739822388,0.00021898746490478516,0.013429919198309537,True,0.0027860403060913086,0.17086044724207525,True,0.00021898746490478516,PASS,1,Rain should not significantly affect prediction.,Consistent,0.01
RainRelation,0.75,-1.6305930614471436,-1.6299608945846558,0.000632166862487793,0.03876911350497305,True,0.0027860403060913086,0.17086044724207525,True,0.000632166862487793,PASS,1,Rain should not significantly affect prediction.,Consistent,0.01
RainRelation,1.125,-1.6305930614471436,-1.6275880336761475,0.0030050277709960938,0.18429036644038477,True,0.0027860403060913086,0.17086044724207525,True,0.0030050277709960938,PASS,1,Rain should not significantly affect prediction.,Consistent,0.01
RainRelation,1.5,-1.6305930614471436,-1.6288890838623047,0.0017039775848388672,0.10450041645108141,True,0.0027860403060913086,0.17086044724207525,True,0.0017039775848388672,PASS,1,Rain should not significantly affect prediction.,Consistent,0.01
RotationRelation,-60.0,-1.6305930614471436,-1.6305370330810547,5.602836608886719e-05,0.0034360707801880694,True,0.0007448196411132812,0.04567780900981927,True,5.602836608886719e-05,PASS,1,Small rotation should not significantly change output.,Consistent,0.01
RotationRelation,-30.0,-1.6305930614471436,-1.6304547786712646,0.00013828277587890625,0.008480515117059915,True,0.0007448196411132812,0.04567780900981927,True,0.00013828277587890625,PASS,1,Small rotation should not significantly change output.,Consistent,0.01
RotationRelation,0.0,-1.6305930614471436,-1.6306027173995972,9.655952453613281e-06,0.0005921739004153907,True,0.0007448196411132812,0.04567780900981927,True,9.655952453613281e-06,PASS,1,Small rotation should not significantly change output.,Consistent,0.01
RotationRelation,30.0,-1.6305930614471436,-1.630577802658081,1.52587890625e-05,0.0009357809784341976,True,0.0007448196411132812,0.04567780900981927,True,1.52587890625e-05,PASS,1,Small rotation should not significantly change output.,Consistent,0.01
RotationRelation,60.0,-1.6305930614471436,-1.631199598312378,0.000606536865234375,0.03719729389275935,True,0.0007448196411132812,0.04567780900981927,True,0.000606536865234375,PASS,1,Small rotation should not significantly change output.,Consistent,0.01
SandstormRelation,0.0,-1.6305930614471436,-1.6362149715423584,0.005621910095214844,0.34477680424184964,True,0.002108335494995117,0.12929861237958765,True,0.005621910095214844,PASS,1,Sandstorm should not significantly affect prediction.,Consistent,0.01
SandstormRelation,0.375,-1.6305930614471436,-1.635729432106018,0.005136370658874512,0.31499996107651773,True,0.002108335494995117,0.12929861237958765,True,0.005136370658874512,PASS,1,Sandstorm should not significantly affect prediction.,Consistent,0.01
SandstormRelation,0.75,-1.6305930614471436,-1.635108470916748,0.004515409469604492,0.27691806172758227,True,0.002108335494995117,0.12929861237958765,True,0.004515409469604492,PASS,1,Sandstorm should not significantly affect prediction.,Consistent,0.01
SandstormRelation,1.125,-1.6305930614471436,-1.6341066360473633,0.0035135746002197266,0.21547819186226203,True,0.002108335494995117,0.12929861237958765,True,0.0035135746002197266,PASS,1,Sandstorm should not significantly affect prediction.,Consistent,0.01
SandstormRelation,1.5,-1.6305930614471436,-1.634243130683899,0.003650069236755371,0.22384904514591167,True,0.002108335494995117,0.12929861237958765,True,0.003650069236755371,PASS,1,Sandstorm should not significantly affect prediction.,Consistent,0.01
SmokeRelation,0.0,-1.6305930614471436,-1.6306147575378418,2.1696090698242188e-05,0.0013305635787111247,True,0.0010848045349121094,0.06652817893555624,True,2.1696090698242188e-05,PASS,1,Smoke should not significantly affect prediction.,Consistent,0.01
SmokeRelation,0.375,-1.6305930614471436,-1.6308181285858154,0.000225067138671875,0.013802769431904414,True,0.0010848045349121094,0.06652817893555624,True,0.000225067138671875,PASS,1,Smoke should not significantly affect prediction.,Consistent,0.01
SmokeRelation,0.75,-1.6305930614471436,-1.6309787034988403,0.00038564205169677734,0.02365040207214554,True,0.0010848045349121094,0.06652817893555624,True,0.00038564205169677734,PASS,1,Smoke should not significantly affect prediction.,Consistent,0.01
SmokeRelation,1.125,-1.6305930614471436,-1.630906105041504,0.00031304359436035156,0.019198131635689085,True,0.0010848045349121094,0.06652817893555624,True,0.00031304359436035156,PASS,1,Smoke should not significantly affect prediction.,Consistent,0.01
SmokeRelation,1.5,-1.6305930614471436,-1.6298938989639282,0.000699162483215332,0.04287777686341069,True,0.0010848045349121094,0.06652817893555624,True,0.000699162483215332,PASS,1,Smoke should not significantly affect prediction.,Consistent,0.01
SnowRelation,0.0,-1.6305930614471436,-1.630594253540039,1.1920928955078125e-06,7.310788894017168e-05,True,0.0006750822067260742,0.04140099750681923,True,1.1920928955078125e-06,PASS,1,Snow should not significantly affect prediction.,Consistent,0.01
SnowRelation,0.375,-1.6305930614471436,-1.6307467222213745,0.00015366077423095703,0.00942360688438813,True,0.0006750822067260742,0.04140099750681923,True,0.00015366077423095703,PASS,1,Snow should not significantly affect prediction.,Consistent,0.01
SnowRelation,0.75,-1.6305930614471436,-1.6300872564315796,0.0005058050155639648,0.031019677277314847,True,0.0006750822067260742,0.04140099750681923,True,0.0005058050155639648,PASS,1,Snow should not significantly affect prediction.,Consistent,0.01
SnowRelation,1.125,-1.6305930614471436,-1.6307623386383057,0.00016927719116210938,0.01038132022950438,True,0.0006750822067260742,0.04140099750681923,True,0.00016927719116210938,PASS,1,Snow should not significantly affect prediction.,Consistent,0.01
SnowRelation,1.5,-1.6305930614471436,-1.6301218271255493,0.0004712343215942383,0.02889954849804987,True,0.0006750822067260742,0.04140099750681923,True,0.0004712343215942383,PASS,1,Snow should not significantly affect prediction.,Consistent,0.01
TranslationRelation,0.0,-1.6305930614471436,-1.63059401512146,9.5367431640625e-07,5.848631115213735e-05,True,0.0002886056900024414,0.017699419912415564,True,9.5367431640625e-07,PASS,1,Small translation should preserve prediction consistency.,Consistent,0.01
TranslationRelation,20.0,-1.6305930614471436,-1.630620002746582,2.6941299438476562e-05,0.0016522382900478801,True,0.0002886056900024414,0.017699419912415564,True,2.6941299438476562e-05,PASS,1,Small translation should preserve prediction consistency.,Consistent,0.01
TranslationRelation,40.0,-1.6305930614471436,-1.6306781768798828,8.511543273925781e-05,0.005219903270328259,True,0.0002886056900024414,0.017699419912415564,True,8.511543273925781e-05,PASS,1,Small translation should preserve prediction consistency.,Consistent,0.01
TranslationRelation,60.0,-1.6305930614471436,-1.6306686401367188,7.557868957519531e-05,0.004635040158806885,True,0.0002886056900024414,0.017699419912415564,True,7.557868957519531e-05,PASS,1,Small translation should preserve prediction consistency.,Consistent,0.01
TranslationRelation,80.0,-1.6305930614471436,-1.6308826208114624,0.00028955936431884766,0.017757906223567703,True,0.0002886056900024414,0.017699419912415564,True,0.00028955936431884766,PASS,1,Small translation should preserve prediction consistency.,Consistent,0.01
DarkVisibilityRelation,0.05,-1.6305930614471436,-1.6351616382598877,0.004568576812744141,0.280178673574314,True,0.005590558052062988,0.3428540667627232,True,0.004568576812744141,PASS,1,Output should not change drastically under visibility degradation.,Consistent,0.01
DarkVisibilityRelation,0.4125,-1.6305930614471436,-1.6358988285064697,0.005305767059326172,0.3253885920949161,True,0.005590558052062988,0.3428540667627232,True,0.005305767059326172,PASS,1,Output should not change drastically under visibility degradation.,Consistent,0.01
DarkVisibilityRelation,0.775,-1.6305930614471436,-1.6347367763519287,0.004143714904785156,0.2541230219560368,True,0.005590558052062988,0.3428540667627232,True,0.004143714904785156,PASS,1,Output should not change drastically under visibility degradation.,Consistent,0.01
DarkVisibilityRelation,1.1375,-1.6305930614471436,-1.6303082704544067,0.0002847909927368164,0.017465474667807016,True,0.005590558052062988,0.3428540667627232,True,0.0002847909927368164,PASS,1,Output should not change drastically under visibility degradation.,Consistent,0.01
DarkVisibilityRelation,1.5,-1.6305930614471436,-1.6303088665008545,0.0002841949462890625,0.01742892072333693,True,0.005590558052062988,0.3428540667627232,True,0.0002841949462890625,PASS,1,Output should not change drastically under visibility degradation.,Consistent,0.01
TemporalSmoothnessRelation,0.0,-1.6304880380630493,-1.6305930614471436,0.00010502338409423828,0.0,True,,,,0.00010502338409423828,PASS,1,Predictions should change smoothly across consecutive frames.,Consistent,0.01
BlurRelation,1.0,-1.6306159496307373,-1.630676031112671,6.008148193359375e-05,0.0036845858831039105,True,9.620189666748047e-05,0.005899723824731857,True,6.008148193359375e-05,PASS,2,Blur should not significantly change output.,Consistent,0.01
BlurRelation,8.5,-1.6306159496307373,-1.6306134462356567,2.5033950805664062e-06,0.00015352441179599627,True,9.620189666748047e-05,0.005899723824731857,True,2.5033950805664062e-06,PASS,2,Blur should not significantly change output.,Consistent,0.01
BlurRelation,16.0,-1.6306159496307373,-1.630639910697937,2.396106719970703e-05,0.0014694479414759645,True,9.620189666748047e-05,0.005899723824731857,True,2.396106719970703e-05,PASS,2,Blur should not significantly change output.,Consistent,0.01
BlurRelation,23.5,-1.6306159496307373,-1.6306653022766113,4.935264587402344e-05,0.0030266241182639268,True,9.620189666748047e-05,0.005899723824731857,True,4.935264587402344e-05,PASS,2,Blur should not significantly change output.,Consistent,0.01
BlurRelation,31.0,-1.6306159496307373,-1.6307096481323242,9.369850158691406e-05,0.005746199412935861,True,9.620189666748047e-05,0.005899723824731857,True,9.369850158691406e-05,PASS,2,Blur should not significantly change output.,Consistent,0.01
BrightnessRelation,0.1,-1.6306159496307373,-1.6280252933502197,0.002590656280517578,0.15887583415002815,True,0.003648996353149414,0.2237801069083546,True,0.002590656280517578,PASS,2,Output should remain approximately same under localized brightness change.,Consistent,0.01
BrightnessRelation,0.825,-1.6306159496307373,-1.6314617395401,0.000845789909362793,0.051869319128218745,True,0.003648996353149414,0.2237801069083546,True,0.000845789909362793,PASS,2,Output should remain approximately same under localized brightness change.,Consistent,0.01
BrightnessRelation,1.55,-1.6306159496307373,-1.6303725242614746,0.0002434253692626953,0.014928421375591638,True,0.003648996353149414,0.2237801069083546,True,0.0002434253692626953,PASS,2,Output should remain approximately same under localized brightness change.,Consistent,0.01
BrightnessRelation,2.275,-1.6306159496307373,-1.6316742897033691,0.001058340072631836,0.06490427275832643,True,0.003648996353149414,0.2237801069083546,True,0.001058340072631836,PASS,2,Output should remain approximately same under localized brightness change.,Consistent,0.01
BrightnessRelation,3.0,-1.6306159496307373,-1.6281049251556396,0.0025110244750976562,0.15399229571766027,True,0.003648996353149414,0.2237801069083546,True,0.0025110244750976562,PASS,2,Output should remain approximately same under localized brightness change.,Consistent,0.01
CompositeRelation,0.1,-1.6306159496307373,-1.6338708400726318,0.0032548904418945312,0.19961097807989917,True,0.004120588302612305,0.2527011818162099,True,0.0032548904418945312,PASS,2,Prediction should remain approximately consistent under composite transformations.,Consistent,0.01
CompositeRelation,0.44999999999999996,-1.6306159496307373,-1.6336731910705566,0.003057241439819336,0.18748986023429146,True,0.004120588302612305,0.2527011818162099,True,0.003057241439819336,PASS,2,Prediction should remain approximately consistent under composite transformations.,Consistent,0.01
CompositeRelation,0.7999999999999999,-1.6306159496307373,-1.6307451725006104,0.00012922286987304688,0.007924783923183808,True,0.004120588302612305,0.2527011818162099,True,0.00012922286987304688,PASS,2,Prediction should remain approximately consistent under composite transformations.,Consistent,0.01
CompositeRelation,1.15,-1.6306159496307373,-1.6337759494781494,0.0031599998474121094,0.19379167180420329,True,0.004120588302612305,0.2527011818162099,True,0.0031599998474121094,PASS,2,Prediction should remain approximately consistent under composite transformations.,Consistent,0.01
CompositeRelation,1.5,-1.6306159496307373,-1.6348657608032227,0.0042498111724853516,0.2606259657393937,True,0.004120588302612305,0.2527011818162099,True,0.0042498111724853516,PASS,2,Prediction should remain approximately consistent under composite transformations.,Consistent,0.01
ContrastRelation,0.1,-1.6306159496307373,-1.6347557306289673,0.0041397809982299805,0.2538782023066458,True,8.761882781982422e-05,0.00537335441285987,True,0.0041397809982299805,PASS,2,Contrast change should not significantly affect output.,Consistent,0.01
ContrastRelation,1.075,-1.6306159496307373,-1.6347715854644775,0.004155635833740234,0.25485052358135385,True,8.761882781982422e-05,0.00537335441285987,True,0.004155635833740234,PASS,2,Contrast change should not significantly affect output.,Consistent,0.01
ContrastRelation,2.05,-1.6306159496307373,-1.634732723236084,0.00411677360534668,0.2524672398553779,True,8.761882781982422e-05,0.00537335441285987,True,0.00411677360534668,PASS,2,Contrast change should not significantly affect output.,Consistent,0.01
ContrastRelation,3.025,-1.6306159496307373,-1.6347177028656006,0.004101753234863281,0.2515460933846019,True,8.761882781982422e-05,0.00537335441285987,True,0.004101753234863281,PASS,2,Contrast change should not significantly affect output.,Consistent,0.01
ContrastRelation,4.0,-1.6306159496307373,-1.6348053216934204,0.0041893720626831055,0.2569194477974618,True,8.761882781982422e-05,0.00537335441285987,True,0.0041893720626831055,PASS,2,Contrast change should not significantly affect output.,Consistent,0.01
DarkVisibilityRelation,0.05,-1.6306159496307373,-1.6351616382598877,0.004545688629150391,0.2787710890764252,True,0.005590558052062988,0.3428492542855637,True,0.004545688629150391,PASS,2,Output should not change drastically under visibility degradation.,Consistent,0.01
DarkVisibilityRelation,0.4125,-1.6306159496307373,-1.6358988285064697,0.005282878875732422,0.32398037300720817,True,0.005590558052062988,0.3428492542855637,True,0.005282878875732422,PASS,2,Output should not change drastically under visibility degradation.,Consistent,0.01
DarkVisibilityRelation,0.775,-1.6306159496307373,-1.6347367763519287,0.004120826721191406,0.25271580318876186,True,0.005590558052062988,0.3428492542855637,True,0.004120826721191406,PASS,2,Output should not change drastically under visibility degradation.,Consistent,0.01
DarkVisibilityRelation,1.1375,-1.6306159496307373,-1.6303082704544067,0.0003076791763305664,0.01886888127835554,True,0.005590558052062988,0.3428492542855637,True,0.0003076791763305664,PASS,2,Output should not change drastically under visibility degradation.,Consistent,0.01
DarkVisibilityRelation,1.5,-1.6306159496307373,-1.6303088665008545,0.0003070831298828125,0.01883232784697554,True,0.005590558052062988,0.3428492542855637,True,0.0003070831298828125,PASS,2,Output should not change drastically under visibility degradation.,Consistent,0.01
DustRelation,0.0,-1.6306159496307373,-1.63334321975708,0.0027272701263427734,0.16725388062232396,True,0.00124359130859375,0.07626507923123015,True,0.0027272701263427734,PASS,2,Dust should not significantly affect prediction.,Consistent,0.01
DustRelation,0.375,-1.6306159496307373,-1.6333811283111572,0.002765178680419922,0.1695786788580919,True,0.00124359130859375,0.07626507923123015,True,0.002765178680419922,PASS,2,Dust should not significantly affect prediction.,Consistent,0.01
DustRelation,0.75,-1.6306159496307373,-1.6325322389602661,0.0019162893295288086,0.11751928188669715,True,0.00124359130859375,0.07626507923123015,True,0.0019162893295288086,PASS,2,Dust should not significantly affect prediction.,Consistent,0.01
DustRelation,1.125,-1.6306159496307373,-1.6337758302688599,0.0031598806381225586,0.1937843611179273,True,0.00124359130859375,0.07626507923123015,True,0.0031598806381225586,PASS,2,Dust should not significantly affect prediction.,Consistent,0.01
DustRelation,1.5,-1.6306159496307373,-1.6331579685211182,0.0025420188903808594,0.15589307414942022,True,0.00124359130859375,0.07626507923123015,True,0.0025420188903808594,PASS,2,Dust should not significantly affect prediction.,Consistent,0.01
FogRelation,0.0,-1.6306159496307373,-1.6303081512451172,0.0003077983856201172,0.018876191964631542,True,0.0015424489974975586,0.09459296972516171,True,0.0003077983856201172,PASS,2,Fog should not significantly affect prediction.,Consistent,0.01
FogRelation,0.375,-1.6306159496307373,-1.6307109594345093,9.500980377197266e-05,0.005826616961971859,True,0.0015424489974975586,0.09459296972516171,True,9.500980377197266e-05,PASS,2,Fog should not significantly affect prediction.,Consistent,0.01
FogRelation,0.75,-1.6306159496307373,-1.6314365863800049,0.0008206367492675781,0.05032676432398278,True,0.0015424489974975586,0.09459296972516171,True,0.0008206367492675781,PASS,2,Fog should not significantly affect prediction.,Consistent,0.01
FogRelation,1.125,-1.6306159496307373,-1.6317826509475708,0.001166701316833496,0.07154968658321027,True,0.0015424489974975586,0.09459296972516171,True,0.001166701316833496,PASS,2,Fog should not significantly affect prediction.,Consistent,0.01
FogRelation,1.5,-1.6306159496307373,-1.6318506002426147,0.0012346506118774414,0.07571677776053017,True,0.0015424489974975586,0.09459296972516171,True,0.0012346506118774414,PASS,2,Fog should not significantly affect prediction.,Consistent,0.01
HazeRelation,0.0,-1.6306159496307373,-1.6362345218658447,0.005618572235107422,0.34456726556042366,True,0.005337357521057129,0.32732135663534007,True,0.005618572235107422,PASS,2,Haze should not significantly affect prediction.,Consistent,0.01
HazeRelation,0.375,-1.6306159496307373,-1.6350959539413452,0.00448000431060791,0.27474290093834935,True,0.005337357521057129,0.32732135663534007,True,0.00448000431060791,PASS,2,Haze should not significantly affect prediction.,Consistent,0.01
HazeRelation,0.75,-1.6306159496307373,-1.6334278583526611,0.002811908721923828,0.17244446787828382,True,0.005337357521057129,0.32732135663534007,True,0.002811908721923828,PASS,2,Haze should not significantly affect prediction.,Consistent,0.01
HazeRelation,1.125,-1.6306159496307373,-1.633376955986023,0.0027610063552856445,0.16932280483843187,True,0.005337357521057129,0.32732135663534007,True,0.0027610063552856445,PASS,2,Haze should not significantly affect prediction.,Consistent,0.01
HazeRelation,1.5,-1.6306159496307373,-1.6308971643447876,0.00028121471405029297,0.017245908925083583,True,0.005337357521057129,0.32732135663534007,True,0.00028121471405029297,PASS,2,Haze should not significantly affect prediction.,Consistent,0.01
NoiseRelation,0.0,-1.6306159496307373,-1.6304881572723389,0.0001277923583984375,0.00783705568787181,True,0.00015985965728759766,0.009803630296115763,True,0.0001277923583984375,PASS,2,Noise should not significantly affect prediction.,Consistent,0.01
NoiseRelation,37.5,-1.6306159496307373,-1.6304919719696045,0.0001239776611328125,0.007603113727039816,True,0.00015985965728759766,0.009803630296115763,True,0.0001239776611328125,PASS,2,Noise should not significantly affect prediction.,Consistent,0.01
NoiseRelation,75.0,-1.6306159496307373,-1.6305115222930908,0.00010442733764648438,0.006404161177775845,True,0.00015985965728759766,0.009803630296115763,True,0.00010442733764648438,PASS,2,Noise should not significantly affect prediction.,Consistent,0.01
NoiseRelation,112.5,-1.6306159496307373,-1.6305304765701294,8.547306060791016e-05,0.005241762059891872,True,0.00015985965728759766,0.009803630296115763,True,8.547306060791016e-05,PASS,2,Noise should not significantly affect prediction.,Consistent,0.01
NoiseRelation,150.0,-1.6306159496307373,-1.6303706169128418,0.0002453327178955078,0.015045392356007636,True,0.00015985965728759766,0.009803630296115763,True,0.0002453327178955078,PASS,2,Noise should not significantly affect prediction.,Consistent,0.01
RainRelation,0.0,-1.6306159496307373,-1.6330394744873047,0.002423524856567383,0.14862625199107637,True,0.004298567771911621,0.2636160364262776,True,0.002423524856567383,PASS,2,Rain should not significantly affect prediction.,Consistent,0.01
RainRelation,0.375,-1.6306159496307373,-1.6331185102462769,0.0025025606155395508,0.15347323699206428,True,0.004298567771911621,0.2636160364262776,True,0.0025025606155395508,PASS,2,Rain should not significantly affect prediction.,Consistent,0.01
RainRelation,0.75,-1.6306159496307373,-1.6310079097747803,0.00039196014404296875,0.02403753647548742,True,0.004298567771911621,0.2636160364262776,True,0.00039196014404296875,PASS,2,Rain should not significantly affect prediction.,Consistent,0.01
RainRelation,1.125,-1.6306159496307373,-1.631583571434021,0.0009676218032836914,0.05934084050229056,True,0.004298567771911621,0.2636160364262776,True,0.0009676218032836914,PASS,2,Rain should not significantly affect prediction.,Consistent,0.01
RainRelation,1.5,-1.6306159496307373,-1.6288199424743652,0.0017960071563720703,0.11014279943421332,True,0.004298567771911621,0.2636160364262776,True,0.0017960071563720703,PASS,2,Rain should not significantly affect prediction.,Consistent,0.01
RotationRelation,-60.0,-1.6306159496307373,-1.6303070783615112,0.0003088712692260742,0.01894198814111554,True,9.012222290039062e-05,0.005526878824655866,True,0.0003088712692260742,PASS,2,Small rotation should not significantly change output.,Consistent,0.01
RotationRelation,-30.0,-1.6306159496307373,-1.630299687385559,0.00031626224517822266,0.01939525069022753,True,9.012222290039062e-05,0.005526878824655866,True,0.00031626224517822266,PASS,2,Small rotation should not significantly change output.,Consistent,0.01
RotationRelation,0.0,-1.6306159496307373,-1.630301594734192,0.00031435489654541016,0.019278279709811535,True,9.012222290039062e-05,0.005526878824655866,True,0.00031435489654541016,PASS,2,Small rotation should not significantly change output.,Consistent,0.01
RotationRelation,30.0,-1.6306159496307373,-1.6302988529205322,0.0003170967102050781,0.01944642549415953,True,9.012222290039062e-05,0.005526878824655866,True,0.0003170967102050781,PASS,2,Small rotation should not significantly change output.,Consistent,0.01
RotationRelation,60.0,-1.6306159496307373,-1.6303889751434326,0.0002269744873046875,0.013919546669503662,True,9.012222290039062e-05,0.005526878824655866,True,0.0002269744873046875,PASS,2,Small rotation should not significantly change output.,Consistent,0.01
SandstormRelation,0.0,-1.6306159496307373,-1.6304912567138672,0.0001246929168701172,0.007646977844695814,True,0.0009274482727050781,0.05687713922727862,True,0.0001246929168701172,PASS,2,Sandstorm should not significantly affect prediction.,Consistent,0.01
SandstormRelation,0.375,-1.6306159496307373,-1.6305164098739624,9.953975677490234e-05,0.006104423040459853,True,0.0009274482727050781,0.05687713922727862,True,9.953975677490234e-05,PASS,2,Sandstorm should not significantly affect prediction.,Consistent,0.01
SandstormRelation,0.75,-1.6306159496307373,-1.631052017211914,0.0004360675811767578,0.02674249039760735,True,0.0009274482727050781,0.05687713922727862,True,0.0004360675811767578,PASS,2,Sandstorm should not significantly affect prediction.,Consistent,0.01
SandstormRelation,1.125,-1.6306159496307373,-1.6309062242507935,0.00029027462005615234,0.017801521082059568,True,0.0009274482727050781,0.05687713922727862,True,0.00029027462005615234,PASS,2,Sandstorm should not significantly affect prediction.,Consistent,0.01
SandstormRelation,1.5,-1.6306159496307373,-1.630124568939209,0.0004913806915283203,0.030134648829671273,True,0.0009274482727050781,0.05687713922727862,True,0.0004913806915283203,PASS,2,Sandstorm should not significantly affect prediction.,Consistent,0.01
SmokeRelation,0.0,-1.6306159496307373,-1.6346914768218994,0.004075527191162109,0.24993774240388195,True,0.0008060932159423828,0.0494348605983108,True,0.004075527191162109,PASS,2,Smoke should not significantly affect prediction.,Consistent,0.01
SmokeRelation,0.375,-1.6306159496307373,-1.6343090534210205,0.003693103790283203,0.2264850608304745,True,0.0008060932159423828,0.0494348605983108,True,0.003693103790283203,PASS,2,Smoke should not significantly affect prediction.,Consistent,0.01
SmokeRelation,0.75,-1.6306159496307373,-1.633885383605957,0.0032694339752197266,0.20050288180557116,True,0.0008060932159423828,0.0494348605983108,True,0.0032694339752197266,PASS,2,Smoke should not significantly affect prediction.,Consistent,0.01
SmokeRelation,1.125,-1.6306159496307373,-1.6344696283340454,0.0038536787033081055,0.2363325552442463,True,0.0008060932159423828,0.0494348605983108,True,0.0038536787033081055,PASS,2,Smoke should not significantly affect prediction.,Consistent,0.01
SmokeRelation,1.5,-1.6306159496307373,-1.6345316171646118,0.003915667533874512,0.24013411210776617,True,0.0008060932159423828,0.0494348605983108,True,0.003915667533874512,PASS,2,Smoke should not significantly affect prediction.,Consistent,0.01
SnowRelation,0.0,-1.6306159496307373,-1.630594253540039,2.1696090698242188e-05,0.0013305449022319679,True,0.0006750822067260742,0.041400416380986994,True,2.1696090698242188e-05,PASS,2,Snow should not significantly affect prediction.,Consistent,0.01
SnowRelation,0.375,-1.6306159496307373,-1.6307467222213745,0.00013077259063720703,0.008019822844771806,True,0.0006750822067260742,0.041400416380986994,True,0.00013077259063720703,PASS,2,Snow should not significantly affect prediction.,Consistent,0.01
SnowRelation,0.75,-1.6306159496307373,-1.6300872564315796,0.0005286931991577148,0.032422893634059216,True,0.0006750822067260742,0.041400416380986994,True,0.0005286931991577148,PASS,2,Snow should not significantly affect prediction.,Consistent,0.01
SnowRelation,1.125,-1.6306159496307373,-1.6307623386383057,0.00014638900756835938,0.008977522746927783,True,0.0006750822067260742,0.041400416380986994,True,0.00014638900756835938,PASS,2,Snow should not significantly affect prediction.,Consistent,0.01
SnowRelation,1.5,-1.6306159496307373,-1.6301218271255493,0.0004941225051879883,0.030302794614019267,True,0.0006750822067260742,0.041400416380986994,True,0.0004941225051879883,PASS,2,Snow should not significantly affect prediction.,Consistent,0.01
TranslationRelation,0.0,-1.6306159496307373,-1.6303086280822754,0.00030732154846191406,0.018846949219527544,True,0.0004582405090332031,0.028102278044943318,True,0.00030732154846191406,PASS,2,Small translation should preserve prediction consistency.,Consistent,0.01
TranslationRelation,20.0,-1.6306159496307373,-1.6303575038909912,0.00025844573974609375,0.015849567846367617,True,0.0004582405090332031,0.028102278044943318,True,0.00025844573974609375,PASS,2,Small translation should preserve prediction consistency.,Consistent,0.01
TranslationRelation,40.0,-1.6306159496307373,-1.6303675174713135,0.0002484321594238281,0.015235470199183629,True,0.0004582405090332031,0.028102278044943318,True,0.0002484321594238281,PASS,2,Small translation should preserve prediction consistency.,Consistent,0.01
TranslationRelation,60.0,-1.6306159496307373,-1.630427360534668,0.00018858909606933594,0.01156550568863172,True,0.0004582405090332031,0.028102278044943318,True,0.00018858909606933594,PASS,2,Small translation should preserve prediction consistency.,Consistent,0.01
TranslationRelation,80.0,-1.6306159496307373,-1.6307668685913086,0.00015091896057128906,0.009255328825415776,True,0.0004582405090332031,0.028102278044943318,True,0.00015091896057128906,PASS,2,Small translation should preserve prediction consistency.,Consistent,0.01
DarkVisibilityRelation,0.05,-1.6306159496307373,-1.6351616382598877,0.004545688629150391,0.2787710890764252,True,0.005590558052062988,0.3428492542855637,True,0.004545688629150391,PASS,2,Output should not change drastically under visibility degradation.,Consistent,0.01
DarkVisibilityRelation,0.4125,-1.6306159496307373,-1.6358988285064697,0.005282878875732422,0.32398037300720817,True,0.005590558052062988,0.3428492542855637,True,0.005282878875732422,PASS,2,Output should not change drastically under visibility degradation.,Consistent,0.01
DarkVisibilityRelation,0.775,-1.6306159496307373,-1.6347367763519287,0.004120826721191406,0.25271580318876186,True,0.005590558052062988,0.3428492542855637,True,0.004120826721191406,PASS,2,Output should not change drastically under visibility degradation.,Consistent,0.01
DarkVisibilityRelation,1.1375,-1.6306159496307373,-1.6303082704544067,0.0003076791763305664,0.01886888127835554,True,0.005590558052062988,0.3428492542855637,True,0.0003076791763305664,PASS,2,Output should not change drastically under visibility degradation.,Consistent,0.01
DarkVisibilityRelation,1.5,-1.6306159496307373,-1.6303088665008545,0.0003070831298828125,0.01883232784697554,True,0.005590558052062988,0.3428492542855637,True,0.0003070831298828125,PASS,2,Output should not change drastically under visibility degradation.,Consistent,0.01
TemporalSmoothnessRelation,0.0,-1.6304880380630493,-1.6305930614471436,0.00010502338409423828,0.0,True,,,,0.00010502338409423828,PASS,2,Predictions should change smoothly across consecutive frames.,Consistent,0.01
BlurRelation,1.0,-1.6298961639404297,-1.6298270225524902,6.914138793945312e-05,0.0042420705716363916,True,0.00014901161193847656,0.009142393473354294,True,6.914138793945312e-05,PASS,3,Blur should not significantly change output.,Consistent,0.01
BlurRelation,8.5,-1.6298961639404297,-1.6299340724945068,3.790855407714844e-05,0.0023258248996213325,True,0.00014901161193847656,0.009142393473354294,True,3.790855407714844e-05,PASS,3,Blur should not significantly change output.,Consistent,0.01
BlurRelation,16.0,-1.6298961639404297,-1.6297879219055176,0.00010824203491210938,0.006641034619044558,True,0.00014901161193847656,0.009142393473354294,True,0.00010824203491210938,PASS,3,Blur should not significantly change output.,Consistent,0.01
BlurRelation,23.5,-1.6298961639404297,-1.629936933517456,4.076957702636719e-05,0.002501358854309735,True,0.00014901161193847656,0.009142393473354294,True,4.076957702636719e-05,PASS,3,Blur should not significantly change output.,Consistent,0.01
BlurRelation,31.0,-1.6298961639404297,-1.6299011707305908,5.0067901611328125e-06,0.00030718442070470426,True,0.00014901161193847656,0.009142393473354294,True,5.0067901611328125e-06,PASS,3,Blur should not significantly change output.,Consistent,0.01
BrightnessRelation,0.1,-1.6298961639404297,-1.6280252933502197,0.001870870590209961,0.11478457853665781,True,0.003648996353149414,0.22387893137549997,True,0.001870870590209961,PASS,3,Output should remain approximately same under localized brightness change.,Consistent,0.01
BrightnessRelation,0.825,-1.6298961639404297,-1.6314617395401,0.0015655755996704102,0.09605364278844954,True,0.003648996353149414,0.22387893137549997,True,0.0015655755996704102,PASS,3,Output should remain approximately same under localized brightness change.,Consistent,0.01
BrightnessRelation,1.55,-1.6298961639404297,-1.6303725242614746,0.0004763603210449219,0.029226403455619002,True,0.003648996353149414,0.22387893137549997,True,0.0004763603210449219,PASS,3,Output should remain approximately same under localized brightness change.,Consistent,0.01
BrightnessRelation,2.275,-1.6298961639404297,-1.6316742897033691,0.0017781257629394531,0.10909435283884211,True,0.003648996353149414,0.22387893137549997,True,0.0017781257629394531,PASS,3,Output should remain approximately same under localized brightness change.,Consistent,0.01
BrightnessRelation,3.0,-1.6298961639404297,-1.6281049251556396,0.001791238784790039,0.10989888346449729,True,0.003648996353149414,0.22387893137549997,True,0.001791238784790039,PASS,3,Output should remain approximately same under localized brightness change.,Consistent,0.01
CompositeRelation,0.1,-1.6298961639404297,-1.6338708400726318,0.0039746761322021484,0.24386054655086306,True,0.004120588302612305,0.2528127782399716,True,0.0039746761322021484,PASS,3,Prediction should remain approximately consistent under composite transformations.,Consistent,0.01
CompositeRelation,0.44999999999999996,-1.6298961639404297,-1.6336731910705566,0.003777027130126953,0.23173407584780598,True,0.004120588302612305,0.2528127782399716,True,0.003777027130126953,PASS,3,Prediction should remain approximately consistent under composite transformations.,Consistent,0.01
CompositeRelation,0.7999999999999999,-1.6298961639404297,-1.6307451725006104,0.0008490085601806641,0.052089701053783424,True,0.004120588302612305,0.2528127782399716,True,0.0008490085601806641,PASS,3,Prediction should remain approximately consistent under composite transformations.,Consistent,0.01
CompositeRelation,1.15,-1.6298961639404297,-1.6337759494781494,0.0038797855377197266,0.23803867038703105,True,0.004120588302612305,0.2528127782399716,True,0.0038797855377197266,PASS,3,Prediction should remain approximately consistent under composite transformations.,Consistent,0.01
CompositeRelation,1.5,-1.6298961639404297,-1.6348657608032227,0.004969596862792969,0.304902479293755,True,0.004120588302612305,0.2528127782399716,True,0.004969596862792969,PASS,3,Prediction should remain approximately consistent under composite transformations.,Consistent,0.01
ContrastRelation,0.1,-1.6298961639404297,-1.6347557306289673,0.004859566688537598,0.29815173595303024,True,8.761882781982422e-05,0.005375727362332324,True,0.004859566688537598,PASS,3,Contrast change should not significantly affect output.,Consistent,0.01
ContrastRelation,1.075,-1.6298961639404297,-1.6347715854644775,0.0048754215240478516,0.29912448661859514,True,8.761882781982422e-05,0.005375727362332324,True,0.0048754215240478516,PASS,3,Contrast change should not significantly affect output.,Consistent,0.01
ContrastRelation,2.05,-1.6298961639404297,-1.634732723236084,0.004836559295654297,0.2967401504007443,True,8.761882781982422e-05,0.005375727362332324,True,0.004836559295654297,PASS,3,Contrast change should not significantly affect output.,Consistent,0.01
ContrastRelation,3.025,-1.6298961639404297,-1.6347177028656006,0.0048215389251708984,0.2958185971386302,True,8.761882781982422e-05,0.005375727362332324,True,0.0048215389251708984,PASS,3,Contrast change should not significantly affect output.,Consistent,0.01
ContrastRelation,4.0,-1.6298961639404297,-1.6348053216934204,0.004909157752990723,0.30119432450096256,True,8.761882781982422e-05,0.005375727362332324,True,0.004909157752990723,PASS,3,Contrast change should not significantly affect output.,Consistent,0.01
DarkVisibilityRelation,0.05,-1.6298961639404297,-1.6351616382598877,0.005265474319458008,0.3230556157744473,True,0.005590558052062988,0.34300066137591706,True,0.005265474319458008,PASS,3,Output should not change drastically under visibility degradation.,Consistent,0.01
DarkVisibilityRelation,0.4125,-1.6298961639404297,-1.6358988285064697,0.006002664566040039,0.36828486476582567,True,0.005590558052062988,0.34300066137591706,True,0.006002664566040039,PASS,3,Output should not change drastically under visibility degradation.,Consistent,0.01
DarkVisibilityRelation,0.775,-1.6298961639404297,-1.6347367763519287,0.0048406124114990234,0.29698882350321953,True,0.005590558052062988,0.34300066137591706,True,0.0048406124114990234,PASS,3,Output should not change drastically under visibility degradation.,Consistent,0.01
DarkVisibilityRelation,1.1375,-1.6298961639404297,-1.6303082704544067,0.0004121065139770508,0.02528420338990863,True,0.005590558052062988,0.34300066137591706,True,0.0004121065139770508,PASS,3,Output should not change drastically under visibility degradation.,Consistent,0.01
DarkVisibilityRelation,1.5,-1.6298961639404297,-1.6303088665008545,0.0004127025604248047,0.02532077296380205,True,0.005590558052062988,0.34300066137591706,True,0.0004127025604248047,PASS,3,Output should not change drastically under visibility degradation.,Consistent,0.01
DustRelation,0.0,-1.6298961639404297,-1.6303153038024902,0.0004191398620605469,0.025715724361850958,True,0.0011199712753295898,0.06871422934573086,True,0.0004191398620605469,PASS,3,Dust should not significantly affect prediction.,Consistent,0.01
DustRelation,0.375,-1.6298961639404297,-1.6308250427246094,0.0009288787841796875,0.056990023955501325,True,0.0011199712753295898,0.06871422934573086,True,0.0009288787841796875,PASS,3,Dust should not significantly affect prediction.,Consistent,0.01
DustRelation,0.75,-1.6298961639404297,-1.6314352750778198,0.0015391111373901367,0.09442995370758182,True,0.0011199712753295898,0.06871422934573086,True,0.0015391111373901367,PASS,3,Dust should not significantly affect prediction.,Consistent,0.01
DustRelation,1.125,-1.6298961639404297,-1.6305686235427856,0.000672459602355957,0.04125779326655325,True,0.0011199712753295898,0.06871422934573086,True,0.000672459602355957,PASS,3,Dust should not significantly affect prediction.,Consistent,0.01
DustRelation,1.5,-1.6298961639404297,-1.6307605504989624,0.0008643865585327148,0.05303319606023359,True,0.0011199712753295898,0.06871422934573086,True,0.0008643865585327148,PASS,3,Dust should not significantly affect prediction.,Consistent,0.01
FogRelation,0.0,-1.6298961639404297,-1.630594253540039,0.000698089599609375,0.04283028494397019,True,0.0016775131225585938,0.1029214087656333,True,0.000698089599609375,PASS,3,Fog should not significantly affect prediction.,Consistent,0.01
FogRelation,0.375,-1.6298961639404297,-1.6311531066894531,0.0012569427490234375,0.07711791742643813,True,0.0016775131225585938,0.1029214087656333,True,0.0012569427490234375,PASS,3,Fog should not significantly affect prediction.,Consistent,0.01
FogRelation,0.75,-1.6298961639404297,-1.6310813426971436,0.0011851787567138672,0.0727149407296707,True,0.0016775131225585938,0.1029214087656333,True,0.0011851787567138672,PASS,3,Fog should not significantly affect prediction.,Consistent,0.01
FogRelation,1.125,-1.6298961639404297,-1.6322717666625977,0.0023756027221679688,0.1457516937096035,True,0.0016775131225585938,0.1029214087656333,True,0.0023756027221679688,PASS,3,Fog should not significantly affect prediction.,Consistent,0.01
FogRelation,1.5,-1.6298961639404297,-1.6321563720703125,0.0022602081298828125,0.13867182420383792,True,0.0016775131225585938,0.1029214087656333,True,0.0022602081298828125,PASS,3,Fog should not significantly affect prediction.,Consistent,0.01
HazeRelation,0.0,-1.6298961639404297,-1.6298937797546387,2.384185791015625e-06,0.0001462782955736687,True,0.0003744363784790039,0.02297300631984467,True,2.384185791015625e-06,PASS,3,Haze should not significantly affect prediction.,Consistent,0.01
HazeRelation,0.375,-1.6298961639404297,-1.6299774646759033,8.130073547363281e-05,0.004988089879062103,True,0.0003744363784790039,0.02297300631984467,True,8.130073547363281e-05,PASS,3,Haze should not significantly affect prediction.,Consistent,0.01
HazeRelation,0.75,-1.6298961639404297,-1.62984037399292,5.5789947509765625e-05,0.0034229121164238473,True,0.0003744363784790039,0.02297300631984467,True,5.5789947509765625e-05,PASS,3,Haze should not significantly affect prediction.,Consistent,0.01
HazeRelation,1.125,-1.6298961639404297,-1.630122423171997,0.0002262592315673828,0.01388181024994116,True,0.0003744363784790039,0.02297300631984467,True,0.0002262592315673828,PASS,3,Haze should not significantly affect prediction.,Consistent,0.01
HazeRelation,1.5,-1.6298961639404297,-1.629747986793518,0.0001481771469116211,0.00909119606990351,True,0.0003744363784790039,0.02297300631984467,True,0.0001481771469116211,PASS,3,Haze should not significantly affect prediction.,Consistent,0.01
NoiseRelation,0.0,-1.6298961639404297,-1.6298961639404297,0.0,0.0,True,6.008148193359375e-05,0.0036862130484564513,True,0.0,PASS,3,Noise should not significantly affect prediction.,Consistent,0.01
NoiseRelation,37.5,-1.6298961639404297,-1.6299099922180176,1.3828277587890625e-05,0.0008484141143272785,True,6.008148193359375e-05,0.0036862130484564513,True,1.3828277587890625e-05,PASS,3,Noise should not significantly affect prediction.,Consistent,0.01
NoiseRelation,75.0,-1.6298961639404297,-1.629849910736084,4.6253204345703125e-05,0.0028377989341291728,True,6.008148193359375e-05,0.0036862130484564513,True,4.6253204345703125e-05,PASS,3,Noise should not significantly affect prediction.,Consistent,0.01
NoiseRelation,112.5,-1.6298961639404297,-1.6299052238464355,9.059906005859375e-06,0.000555857523179941,True,6.008148193359375e-05,0.0036862130484564513,True,9.059906005859375e-06,PASS,3,Noise should not significantly affect prediction.,Consistent,0.01
NoiseRelation,150.0,-1.6298961639404297,-1.6298787593841553,1.7404556274414062e-05,0.0010678315576877814,True,6.008148193359375e-05,0.0036862130484564513,True,1.7404556274414062e-05,PASS,3,Noise should not significantly affect prediction.,Consistent,0.01
RainRelation,0.0,-1.6298961639404297,-1.6330394744873047,0.003143310546875,0.1928533048843248,True,0.004298567771911621,0.26373245300454595,True,0.003143310546875,PASS,3,Rain should not significantly affect prediction.,Consistent,0.01
RainRelation,0.375,-1.6298961639404297,-1.6331185102462769,0.003222346305847168,0.19770243038259191,True,0.004298567771911621,0.26373245300454595,True,0.003222346305847168,PASS,3,Rain should not significantly affect prediction.,Consistent,0.01
RainRelation,0.75,-1.6298961639404297,-1.6310079097747803,0.001111745834350586,0.0682095692260017,True,0.004298567771911621,0.26373245300454595,True,0.001111745834350586,PASS,3,Rain should not significantly affect prediction.,Consistent,0.01
RainRelation,1.125,-1.6298961639404297,-1.631583571434021,0.0016874074935913086,0.10352846369226401,True,0.004298567771911621,0.26373245300454595,True,0.0016874074935913086,PASS,3,Rain should not significantly affect prediction.,Consistent,0.01
RainRelation,1.5,-1.6298961639404297,-1.6288199424743652,0.0010762214660644531,0.06603002262195404,True,0.004298567771911621,0.26373245300454595,True,0.0010762214660644531,PASS,3,Rain should not significantly affect prediction.,Consistent,0.01
RotationRelation,-60.0,-1.6298961639404297,-1.63471519947052,0.004819035530090332,0.29566500492827785,True,9.655952453613281e-05,0.005924270970733582,True,0.004819035530090332,PASS,3,Small rotation should not significantly change output.,Consistent,0.01
RotationRelation,-30.0,-1.6298961639404297,-1.6347918510437012,0.004895687103271484,0.3003678521309713,True,9.655952453613281e-05,0.005924270970733582,True,0.004895687103271484,PASS,3,Small rotation should not significantly change output.,Consistent,0.01
RotationRelation,0.0,-1.6298961639404297,-1.6347465515136719,0.0048503875732421875,0.2975885645150716,True,9.655952453613281e-05,0.005924270970733582,True,0.0048503875732421875,PASS,3,Small rotation should not significantly change output.,Consistent,0.01
RotationRelation,30.0,-1.6298961639404297,-1.6347315311431885,0.004835367202758789,0.29666701125295747,True,9.655952453613281e-05,0.005924270970733582,True,0.004835367202758789,PASS,3,Small rotation should not significantly change output.,Consistent,0.01
RotationRelation,60.0,-1.6298961639404297,-1.634695291519165,0.0047991275787353516,0.29444358116023767,True,9.655952453613281e-05,0.005924270970733582,True,0.0047991275787353516,PASS,3,Small rotation should not significantly change output.,Consistent,0.01
SandstormRelation,0.0,-1.6298961639404297,-1.6299159526824951,1.9788742065429688e-05,0.00121410985326145,True,0.0006246566772460938,0.0383249134403012,True,1.9788742065429688e-05,PASS,3,Sandstorm should not significantly affect prediction.,Consistent,0.01
SandstormRelation,0.375,-1.6298961639404297,-1.6302515268325806,0.0003553628921508789,0.021802779955255317,True,0.0006246566772460938,0.0383249134403012,True,0.0003553628921508789,PASS,3,Sandstorm should not significantly affect prediction.,Consistent,0.01
SandstormRelation,0.75,-1.6298961639404297,-1.6305406093597412,0.0006444454193115234,0.039539023293562646,True,0.0006246566772460938,0.0383249134403012,True,0.0006444454193115234,PASS,3,Sandstorm should not significantly affect prediction.,Consistent,0.01
SandstormRelation,1.125,-1.6298961639404297,-1.6302518844604492,0.00035572052001953125,0.02182472169959137,True,0.0006246566772460938,0.0383249134403012,True,0.00035572052001953125,PASS,3,Sandstorm should not significantly affect prediction.,Consistent,0.01
SandstormRelation,1.5,-1.6298961639404297,-1.630203366279602,0.0003072023391723633,0.018847958384667213,True,0.0006246566772460938,0.0383249134403012,True,0.0003072023391723633,PASS,3,Sandstorm should not significantly affect prediction.,Consistent,0.01
SmokeRelation,0.0,-1.6298961639404297,-1.6297640800476074,0.00013208389282226562,0.008103817574781246,True,0.0006412267684936523,0.039341547594538194,True,0.00013208389282226562,PASS,3,Smoke should not significantly affect prediction.,Consistent,0.01
SmokeRelation,0.375,-1.6298961639404297,-1.6298084259033203,8.7738037109375e-05,0.005383041277111008,True,0.0006412267684936523,0.039341547594538194,True,8.7738037109375e-05,PASS,3,Smoke should not significantly affect prediction.,Consistent,0.01
SmokeRelation,0.75,-1.6298961639404297,-1.630405306816101,0.0005091428756713867,0.03123773001975695,True,0.0006412267684936523,0.039341547594538194,True,0.0005091428756713867,PASS,3,Smoke should not significantly affect prediction.,Consistent,0.01
SmokeRelation,1.125,-1.6298961639404297,-1.630226731300354,0.0003305673599243164,0.020281485681289162,True,0.0006412267684936523,0.039341547594538194,True,0.0003305673599243164,PASS,3,Smoke should not significantly affect prediction.,Consistent,0.01
SmokeRelation,1.5,-1.6298961639404297,-1.6303391456604004,0.0004429817199707031,0.02717850731758764,True,0.0006412267684936523,0.039341547594538194,True,0.0004429817199707031,PASS,3,Smoke should not significantly affect prediction.,Consistent,0.01
SnowRelation,0.0,-1.6298961639404297,-1.6298959255218506,2.384185791015625e-07,1.462782955736687e-05,True,0.0009120702743530273,0.05595876197170696,True,2.384185791015625e-07,PASS,3,Snow should not significantly affect prediction.,Consistent,0.01
SnowRelation,0.375,-1.6298961639404297,-1.6296792030334473,0.00021696090698242188,0.01331132489720385,True,0.0009120702743530273,0.05595876197170696,True,0.00021696090698242188,PASS,3,Snow should not significantly affect prediction.,Consistent,0.01
SnowRelation,0.75,-1.6298961639404297,-1.6305912733078003,0.0006951093673706055,0.04264743707450311,True,0.0009120702743530273,0.05595876197170696,True,0.0006951093673706055,PASS,3,Snow should not significantly affect prediction.,Consistent,0.01
SnowRelation,1.125,-1.6298961639404297,-1.6303191184997559,0.0004229545593261719,0.025949769634768825,True,0.0009120702743530273,0.05595876197170696,True,0.0004229545593261719,PASS,3,Snow should not significantly affect prediction.,Consistent,0.01
SnowRelation,1.5,-1.6298961639404297,-1.62996506690979,6.890296936035156e-05,0.0042274427420790255,True,0.0009120702743530273,0.05595876197170696,True,6.890296936035156e-05,PASS,3,Snow should not significantly affect prediction.,Consistent,0.01
TranslationRelation,0.0,-1.6298961639404297,-1.629896640777588,4.76837158203125e-07,2.925565911473374e-05,True,0.0002770423889160156,0.0169975379456603,True,4.76837158203125e-07,PASS,3,Small translation should preserve prediction consistency.,Consistent,0.01
TranslationRelation,20.0,-1.6298961639404297,-1.630051851272583,0.0001556873321533203,0.009551972700960564,True,0.0002770423889160156,0.0169975379456603,True,0.0001556873321533203,PASS,3,Small translation should preserve prediction consistency.,Consistent,0.01
TranslationRelation,40.0,-1.6298961639404297,-1.629899024963379,2.86102294921875e-06,0.00017553395468840243,True,0.0002770423889160156,0.0169975379456603,True,2.86102294921875e-06,PASS,3,Small translation should preserve prediction consistency.,Consistent,0.01
TranslationRelation,60.0,-1.6298961639404297,-1.630173683166504,0.00027751922607421875,0.017026793604775037,True,0.0002770423889160156,0.0169975379456603,True,0.00027751922607421875,PASS,3,Small translation should preserve prediction consistency.,Consistent,0.01
TranslationRelation,80.0,-1.6298961639404297,-1.6299116611480713,1.5497207641601562e-05,0.0009508089212288465,True,0.0002770423889160156,0.0169975379456603,True,1.5497207641601562e-05,PASS,3,Small translation should preserve prediction consistency.,Consistent,0.01
DarkVisibilityRelation,0.05,-1.6298961639404297,-1.6351616382598877,0.005265474319458008,0.3230556157744473,True,0.005590558052062988,0.34300066137591706,True,0.005265474319458008,PASS,3,Output should not change drastically under visibility degradation.,Consistent,0.01
DarkVisibilityRelation,0.4125,-1.6298961639404297,-1.6358988285064697,0.006002664566040039,0.36828486476582567,True,0.005590558052062988,0.34300066137591706,True,0.006002664566040039,PASS,3,Output should not change drastically under visibility degradation.,Consistent,0.01
DarkVisibilityRelation,0.775,-1.6298961639404297,-1.6347367763519287,0.0048406124114990234,0.29698882350321953,True,0.005590558052062988,0.34300066137591706,True,0.0048406124114990234,PASS,3,Output should not change drastically under visibility degradation.,Consistent,0.01
DarkVisibilityRelation,1.1375,-1.6298961639404297,-1.6303082704544067,0.0004121065139770508,0.02528420338990863,True,0.005590558052062988,0.34300066137591706,True,0.0004121065139770508,PASS,3,Output should not change drastically under visibility degradation.,Consistent,0.01
DarkVisibilityRelation,1.5,-1.6298961639404297,-1.6303088665008545,0.0004127025604248047,0.02532077296380205,True,0.005590558052062988,0.34300066137591706,True,0.0004127025604248047,PASS,3,Output should not change drastically under visibility degradation.,Consistent,0.01
TemporalSmoothnessRelation,0.0,-1.6304880380630493,-1.6305930614471436,0.00010502338409423828,0.0,True,,,,0.00010502338409423828,PASS,3,Predictions should change smoothly across consecutive frames.,Consistent,0.01
BlurRelation,1.0,-1.6303071975708008,-1.630317211151123,1.0013580322265625e-05,0.000614213946613659,True,0.0001239776611328125,0.0076045536247405406,True,1.0013580322265625e-05,PASS,4,Blur should not significantly change output.,Consistent,0.01
BlurRelation,8.5,-1.6303071975708008,-1.6303044557571411,2.7418136596679688e-06,0.00016817762823945426,True,0.0001239776611328125,0.0076045536247405406,True,2.7418136596679688e-06,PASS,4,Blur should not significantly change output.,Consistent,0.01
BlurRelation,16.0,-1.6303071975708008,-1.630239486694336,6.771087646484375e-05,0.004153256210435218,True,0.0001239776611328125,0.0076045536247405406,True,6.771087646484375e-05,PASS,4,Blur should not significantly change output.,Consistent,0.01
BlurRelation,23.5,-1.6303071975708008,-1.6301932334899902,0.00011396408081054688,0.006990339678126883,True,0.0001239776611328125,0.0076045536247405406,True,0.00011396408081054688,PASS,4,Blur should not significantly change output.,Consistent,0.01
BlurRelation,31.0,-1.6303071975708008,-1.6302461624145508,6.103515625e-05,0.003743780246026112,True,0.0001239776611328125,0.0076045536247405406,True,6.103515625e-05,PASS,4,Blur should not significantly change output.,Consistent,0.01
BrightnessRelation,0.1,-1.6303071975708008,-1.628581166267395,0.0017260313034057617,0.10587147301213296,True,0.0056378841400146484,0.34581707608507606,True,0.0017260313034057617,PASS,4,Output should remain approximately same under localized brightness change.,Consistent,0.01
BrightnessRelation,0.825,-1.6303071975708008,-1.6305148601531982,0.00020766258239746094,0.012737627321440405,True,0.0056378841400146484,0.34581707608507606,True,0.00020766258239746094,PASS,4,Output should remain approximately same under localized brightness change.,Consistent,0.01
BrightnessRelation,1.55,-1.6303071975708008,-1.6296151876449585,0.0006920099258422852,0.04244657095347965,True,0.0056378841400146484,0.34581707608507606,True,0.0006920099258422852,PASS,4,Output should remain approximately same under localized brightness change.,Consistent,0.01
BrightnessRelation,2.275,-1.6303071975708008,-1.6296157836914062,0.0006914138793945312,0.042410010599514554,True,0.0056378841400146484,0.34581707608507606,True,0.0006914138793945312,PASS,4,Output should remain approximately same under localized brightness change.,Consistent,0.01
BrightnessRelation,3.0,-1.6303071975708008,-1.6248769760131836,0.0054302215576171875,0.3330794487636357,True,0.0056378841400146484,0.34581707608507606,True,0.0054302215576171875,PASS,4,Output should remain approximately same under localized brightness change.,Consistent,0.01
CompositeRelation,0.1,-1.6303071975708008,-1.6302034854888916,0.00010371208190917969,0.006361501589927183,True,0.00688326358795166,0.4222062796597534,True,0.00010371208190917969,PASS,4,Prediction should remain approximately consistent under composite transformations.,Consistent,0.01
CompositeRelation,0.44999999999999996,-1.6303071975708008,-1.6302566528320312,5.054473876953125e-05,0.003100318016240374,True,0.00688326358795166,0.4222062796597534,True,5.054473876953125e-05,PASS,4,Prediction should remain approximately consistent under composite transformations.,Consistent,0.01
CompositeRelation,0.7999999999999999,-1.6303071975708008,-1.6303496360778809,4.2438507080078125e-05,0.0026030972023150314,True,0.00688326358795166,0.4222062796597534,True,4.2438507080078125e-05,PASS,4,Prediction should remain approximately consistent under composite transformations.,Consistent,0.01
CompositeRelation,1.15,-1.6303071975708008,-1.631711721420288,0.0014045238494873047,0.0861508180833587,True,0.00688326358795166,0.4222062796597534,True,0.0014045238494873047,PASS,4,Prediction should remain approximately consistent under composite transformations.,Consistent,0.01
CompositeRelation,1.5,-1.6303071975708008,-1.6370867490768433,0.0067795515060424805,0.4158447780698262,True,0.00688326358795166,0.4222062796597534,True,0.0067795515060424805,PASS,4,Prediction should remain approximately consistent under composite transformations.,Consistent,0.01
ContrastRelation,0.1,-1.6303071975708008,-1.6300796270370483,0.0002275705337524414,0.013958743143874705,True,0.0005340576171875,0.03275807715272848,True,0.0002275705337524414,PASS,4,Contrast change should not significantly affect output.,Consistent,0.01
ContrastRelation,1.075,-1.6303071975708008,-1.6303141117095947,6.9141387939453125e-06,0.00042410010599514556,True,0.0005340576171875,0.03275807715272848,True,6.9141387939453125e-06,PASS,4,Contrast change should not significantly affect output.,Consistent,0.01
ContrastRelation,2.05,-1.6303071975708008,-1.6302787065505981,2.849102020263672e-05,0.0017475849195317207,True,0.0005340576171875,0.03275807715272848,True,2.849102020263672e-05,PASS,4,Contrast change should not significantly affect output.,Consistent,0.01
ContrastRelation,3.025,-1.6303071975708008,-1.6306136846542358,0.0003064870834350586,0.018799334008853776,True,0.0005340576171875,0.03275807715272848,True,0.0003064870834350586,PASS,4,Contrast change should not significantly affect output.,Consistent,0.01
ContrastRelation,4.0,-1.6303071975708008,-1.630202054977417,0.00010514259338378906,0.00644924643944342,True,0.0005340576171875,0.03275807715272848,True,0.00010514259338378906,PASS,4,Contrast change should not significantly affect output.,Consistent,0.01
DarkVisibilityRelation,0.05,-1.6303071975708008,-1.6351616382598877,0.004854440689086914,0.2977621468333503,True,0.005590558052062988,0.34291418398024726,True,0.004854440689086914,PASS,4,Output should not change drastically under visibility degradation.,Consistent,0.01
DarkVisibilityRelation,0.4125,-1.6303071975708008,-1.6358988285064697,0.005591630935668945,0.34297999261738443,True,0.005590558052062988,0.34291418398024726,True,0.005591630935668945,PASS,4,Output should not change drastically under visibility degradation.,Consistent,0.01
DarkVisibilityRelation,0.775,-1.6303071975708008,-1.6347367763519287,0.00442957878112793,0.2717019265270279,True,0.005590558052062988,0.34291418398024726,True,0.00442957878112793,PASS,4,Output should not change drastically under visibility degradation.,Consistent,0.01
DarkVisibilityRelation,1.1375,-1.6303071975708008,-1.6303082704544067,1.0728836059570312e-06,6.580863713717777e-05,True,0.005590558052062988,0.34291418398024726,True,1.0728836059570312e-06,PASS,4,Output should not change drastically under visibility degradation.,Consistent,0.01
DarkVisibilityRelation,1.5,-1.6303071975708008,-1.6303088665008545,1.6689300537109375e-06,0.00010236899110227651,True,0.005590558052062988,0.34291418398024726,True,1.6689300537109375e-06,PASS,4,Output should not change drastically under visibility degradation.,Consistent,0.01
DustRelation,0.0,-1.6303071975708008,-1.6303153038024902,8.106231689453125e-06,0.000497220813925343,True,0.0011199712753295898,0.06869690510042056,True,8.106231689453125e-06,PASS,4,Dust should not significantly affect prediction.,Consistent,0.01
DustRelation,0.375,-1.6303071975708008,-1.6308250427246094,0.0005178451538085938,0.0317636355248778,True,0.0011199712753295898,0.06869690510042056,True,0.0005178451538085938,PASS,4,Dust should not significantly affect prediction.,Consistent,0.01
DustRelation,0.75,-1.6303071975708008,-1.6314352750778198,0.001128077507019043,0.0691941259143459,True,0.0011199712753295898,0.06869690510042056,True,0.001128077507019043,PASS,4,Dust should not significantly affect prediction.,Consistent,0.01
DustRelation,1.125,-1.6303071975708008,-1.6305686235427856,0.0002614259719848633,0.016035371249092312,True,0.0011199712753295898,0.06869690510042056,True,0.0002614259719848633,PASS,4,Dust should not significantly affect prediction.,Consistent,0.01
DustRelation,1.5,-1.6303071975708008,-1.6307605504989624,0.0004533529281616211,0.02780780522585411,True,0.0011199712753295898,0.06869690510042056,True,0.0004533529281616211,PASS,4,Dust should not significantly affect prediction.,Consistent,0.01
FogRelation,0.0,-1.6303071975708008,-1.6303081512451172,9.5367431640625e-07,5.8496566344158e-05,True,0.0015424489974975586,0.09461088399088255,True,9.5367431640625e-07,PASS,4,Fog should not significantly affect prediction.,Consistent,0.01
FogRelation,0.375,-1.6303071975708008,-1.6307109594345093,0.0004037618637084961,0.024765983775957894,True,0.0015424489974975586,0.09461088399088255,True,0.0004037618637084961,PASS,4,Fog should not significantly affect prediction.,Consistent,0.01
FogRelation,0.75,-1.6303071975708008,-1.6314365863800049,0.0011293888092041016,0.06927455869306912,True,0.0015424489974975586,0.09461088399088255,True,0.0011293888092041016,PASS,4,Fog should not significantly affect prediction.,Consistent,0.01
FogRelation,1.125,-1.6303071975708008,-1.6317826509475708,0.0014754533767700195,0.09050150020520545,True,0.0015424489974975586,0.09461088399088255,True,0.0014754533767700195,PASS,4,Fog should not significantly affect prediction.,Consistent,0.01
FogRelation,1.5,-1.6303071975708008,-1.6318506002426147,0.0015434026718139648,0.0946693805572267,True,0.0015424489974975586,0.09461088399088255,True,0.0015434026718139648,PASS,4,Fog should not significantly affect prediction.,Consistent,0.01
HazeRelation,0.0,-1.6303071975708008,-1.6306158304214478,0.00030863285064697266,0.018930951283128133,True,0.000737309455871582,0.04522515785482716,True,0.00030863285064697266,PASS,4,Haze should not significantly affect prediction.,Consistent,0.01
HazeRelation,0.375,-1.6303071975708008,-1.6304690837860107,0.00016188621520996094,0.009929792136920822,True,0.000737309455871582,0.04522515785482716,True,0.00016188621520996094,PASS,4,Haze should not significantly affect prediction.,Consistent,0.01
HazeRelation,0.75,-1.6303071975708008,-1.63060462474823,0.0002974271774291992,0.01824361662858428,True,0.000737309455871582,0.04522515785482716,True,0.0002974271774291992,PASS,4,Haze should not significantly affect prediction.,Consistent,0.01
HazeRelation,1.125,-1.6303071975708008,-1.6298785209655762,0.0004286766052246094,0.026294206571699022,True,0.000737309455871582,0.04522515785482716,True,0.0004286766052246094,PASS,4,Haze should not significantly affect prediction.,Consistent,0.01
HazeRelation,1.5,-1.6303071975708008,-1.6301997900009155,0.0001074075698852539,0.006588175784510796,True,0.000737309455871582,0.04522515785482716,True,0.0001074075698852539,PASS,4,Haze should not significantly affect prediction.,Consistent,0.01
NoiseRelation,0.0,-1.6303071975708008,-1.6303083896636963,1.1920928955078125e-06,7.31207079301975e-05,True,8.153915405273438e-05,0.005001456422425509,True,1.1920928955078125e-06,PASS,4,Noise should not significantly affect prediction.,Consistent,0.01
NoiseRelation,37.5,-1.6303071975708008,-1.6303281784057617,2.09808349609375e-05,0.001286924459571476,True,8.153915405273438e-05,0.005001456422425509,True,2.09808349609375e-05,PASS,4,Noise should not significantly affect prediction.,Consistent,0.01
NoiseRelation,75.0,-1.6303071975708008,-1.6303030252456665,4.172325134277344e-06,0.00025592247775569124,True,8.153915405273438e-05,0.005001456422425509,True,4.172325134277344e-06,PASS,4,Noise should not significantly affect prediction.,Consistent,0.01
NoiseRelation,112.5,-1.6303071975708008,-1.6302967071533203,1.049041748046875e-05,0.000643462229785738,True,8.153915405273438e-05,0.005001456422425509,True,1.049041748046875e-05,PASS,4,Noise should not significantly affect prediction.,Consistent,0.01
NoiseRelation,150.0,-1.6303071975708008,-1.630378246307373,7.104873657226562e-05,0.004357994192639772,True,8.153915405273438e-05,0.005001456422425509,True,7.104873657226562e-05,PASS,4,Noise should not significantly affect prediction.,Consistent,0.01
RainRelation,0.0,-1.6303071975708008,-1.6297683715820312,0.0005388259887695312,0.03305055998444927,True,0.0011576414108276367,0.0710075194710148,True,0.0005388259887695312,PASS,4,Rain should not significantly affect prediction.,Consistent,0.01
RainRelation,0.375,-1.6303071975708008,-1.6299163103103638,0.0003908872604370117,0.023976280130311764,True,0.0011576414108276367,0.0710075194710148,True,0.0003908872604370117,PASS,4,Rain should not significantly affect prediction.,Consistent,0.01
RainRelation,0.75,-1.6303071975708008,-1.6299989223480225,0.0003082752227783203,0.018909015070749075,True,0.0011576414108276367,0.0710075194710148,True,0.0003082752227783203,PASS,4,Rain should not significantly affect prediction.,Consistent,0.01
RainRelation,1.125,-1.6303071975708008,-1.6291933059692383,0.0011138916015625,0.06832398948997655,True,0.0011576414108276367,0.0710075194710148,True,0.0011138916015625,PASS,4,Rain should not significantly affect prediction.,Consistent,0.01
RainRelation,1.5,-1.6303071975708008,-1.6288412809371948,0.001465916633605957,0.08991653454176388,True,0.0011576414108276367,0.0710075194710148,True,0.001465916633605957,PASS,4,Rain should not significantly affect prediction.,Consistent,0.01
RotationRelation,-60.0,-1.6303071975708008,-1.6303070783615112,1.1920928955078125e-07,7.31207079301975e-06,True,9.012222290039062e-05,0.005527925519522931,True,1.1920928955078125e-07,PASS,4,Small rotation should not significantly change output.,Consistent,0.01
RotationRelation,-30.0,-1.6303071975708008,-1.630299687385559,7.510185241699219e-06,0.0004606604599602443,True,9.012222290039062e-05,0.005527925519522931,True,7.510185241699219e-06,PASS,4,Small rotation should not significantly change output.,Consistent,0.01
RotationRelation,0.0,-1.6303071975708008,-1.630301594734192,5.602836608886719e-06,0.0003436673272719283,True,9.012222290039062e-05,0.005527925519522931,True,5.602836608886719e-06,PASS,4,Small rotation should not significantly change output.,Consistent,0.01
RotationRelation,30.0,-1.6303071975708008,-1.6302988529205322,8.344650268554688e-06,0.0005118449555113825,True,9.012222290039062e-05,0.005527925519522931,True,8.344650268554688e-06,PASS,4,Small rotation should not significantly change output.,Consistent,0.01
RotationRelation,60.0,-1.6303071975708008,-1.6303889751434326,8.177757263183594e-05,0.005016080564011548,True,9.012222290039062e-05,0.005527925519522931,True,8.177757263183594e-05,PASS,4,Small rotation should not significantly change output.,Consistent,0.01
SandstormRelation,0.0,-1.6303071975708008,-1.6362149715423584,0.005907773971557617,0.3623716043604728,True,0.002108335494995117,0.12932128404534732,True,0.005907773971557617,PASS,4,Sandstorm should not significantly affect prediction.,Consistent,0.01
SandstormRelation,0.375,-1.6303071975708008,-1.635729432106018,0.005422234535217285,0.3325895400205034,True,0.002108335494995117,0.12932128404534732,True,0.005422234535217285,PASS,4,Sandstorm should not significantly affect prediction.,Consistent,0.01
SandstormRelation,0.75,-1.6303071975708008,-1.635108470916748,0.004801273345947266,0.2945009632596635,True,0.002108335494995117,0.12932128404534732,True,0.004801273345947266,PASS,4,Sandstorm should not significantly affect prediction.,Consistent,0.01
SandstormRelation,1.125,-1.6303071975708008,-1.6341066360473633,0.0037994384765625,0.2330503203151255,True,0.002108335494995117,0.12932128404534732,True,0.0037994384765625,PASS,4,Sandstorm should not significantly affect prediction.,Consistent,0.01
SandstormRelation,1.5,-1.6303071975708008,-1.634243130683899,0.0039359331130981445,0.2414226413731331,True,0.002108335494995117,0.12932128404534732,True,0.0039359331130981445,PASS,4,Sandstorm should not significantly affect prediction.,Consistent,0.01
SmokeRelation,0.0,-1.6303071975708008,-1.6303004026412964,6.794929504394531e-06,0.0004167880352021258,True,0.0006036758422851562,0.03702832649585202,True,6.794929504394531e-06,PASS,4,Smoke should not significantly affect prediction.,Consistent,0.01
SmokeRelation,0.375,-1.6303071975708008,-1.6305577754974365,0.0002505779266357422,0.015369972806927515,True,0.0006036758422851562,0.03702832649585202,True,0.0002505779266357422,PASS,4,Smoke should not significantly affect prediction.,Consistent,0.01
SmokeRelation,0.75,-1.6303071975708008,-1.6309040784835815,0.0005968809127807617,0.03661153846064989,True,0.0006036758422851562,0.03702832649585202,True,0.0005968809127807617,PASS,4,Smoke should not significantly affect prediction.,Consistent,0.01
SmokeRelation,1.125,-1.6303071975708008,-1.6307035684585571,0.00039637088775634766,0.02431263538679067,True,0.0006036758422851562,0.03702832649585202,True,0.00039637088775634766,PASS,4,Smoke should not significantly affect prediction.,Consistent,0.01
SmokeRelation,1.5,-1.6303071975708008,-1.6308009624481201,0.0004937648773193359,0.03028659722468781,True,0.0006036758422851562,0.03702832649585202,True,0.0004937648773193359,PASS,4,Smoke should not significantly affect prediction.,Consistent,0.01
SnowRelation,0.0,-1.6303071975708008,-1.6303081512451172,9.5367431640625e-07,5.8496566344158e-05,True,0.00042819976806640625,0.026264958288526947,True,9.5367431640625e-07,PASS,4,Snow should not significantly affect prediction.,Consistent,0.01
SnowRelation,0.375,-1.6303071975708008,-1.6304612159729004,0.00015401840209960938,0.009447195464581518,True,0.00042819976806640625,0.026264958288526947,True,0.00015401840209960938,PASS,4,Snow should not significantly affect prediction.,Consistent,0.01
SnowRelation,0.75,-1.6303071975708008,-1.630394458770752,8.726119995117188e-05,0.005352435820490457,True,0.00042819976806640625,0.026264958288526947,True,8.726119995117188e-05,PASS,4,Snow should not significantly affect prediction.,Consistent,0.01
SnowRelation,1.125,-1.6303071975708008,-1.630549669265747,0.00024247169494628906,0.014872751993002172,True,0.00042819976806640625,0.026264958288526947,True,0.00024247169494628906,PASS,4,Snow should not significantly affect prediction.,Consistent,0.01
SnowRelation,1.5,-1.6303071975708008,-1.6307363510131836,0.0004291534423828125,0.0263234548548711,True,0.00042819976806640625,0.026264958288526947,True,0.0004291534423828125,PASS,4,Snow should not significantly affect prediction.,Consistent,0.01
TranslationRelation,0.0,-1.6303071975708008,-1.6303086280822754,1.430511474609375e-06,8.774484951623701e-05,True,0.0004582405090332031,0.028107600128367924,True,1.430511474609375e-06,PASS,4,Small translation should preserve prediction consistency.,Consistent,0.01
TranslationRelation,20.0,-1.6303071975708008,-1.6303575038909912,5.030632019042969e-05,0.0030856938746543347,True,0.0004582405090332031,0.028107600128367924,True,5.030632019042969e-05,PASS,4,Small translation should preserve prediction consistency.,Consistent,0.01
TranslationRelation,40.0,-1.6303071975708008,-1.6303675174713135,6.031990051269531e-05,0.003699907821267994,True,0.0004582405090332031,0.028107600128367924,True,6.031990051269531e-05,PASS,4,Small translation should preserve prediction consistency.,Consistent,0.01
TranslationRelation,60.0,-1.6303071975708008,-1.630427360534668,0.0001201629638671875,0.007370567359363909,True,0.0004582405090332031,0.028107600128367924,True,0.0001201629638671875,PASS,4,Small translation should preserve prediction consistency.,Consistent,0.01
TranslationRelation,80.0,-1.6303071975708008,-1.6307668685913086,0.0004596710205078125,0.02819534497788416,True,0.0004582405090332031,0.028107600128367924,True,0.0004596710205078125,PASS,4,Small translation should preserve prediction consistency.,Consistent,0.01
DarkVisibilityRelation,0.05,-1.6303071975708008,-1.6351616382598877,0.004854440689086914,0.2977621468333503,True,0.005590558052062988,0.34291418398024726,True,0.004854440689086914,PASS,4,Output should not change drastically under visibility degradation.,Consistent,0.01
DarkVisibilityRelation,0.4125,-1.6303071975708008,-1.6358988285064697,0.005591630935668945,0.34297999261738443,True,0.005590558052062988,0.34291418398024726,True,0.005591630935668945,PASS,4,Output should not change drastically under visibility degradation.,Consistent,0.01
DarkVisibilityRelation,0.775,-1.6303071975708008,-1.6347367763519287,0.00442957878112793,0.2717019265270279,True,0.005590558052062988,0.34291418398024726,True,0.00442957878112793,PASS,4,Output should not change drastically under visibility degradation.,Consistent,0.01
DarkVisibilityRelation,1.1375,-1.6303071975708008,-1.6303082704544067,1.0728836059570312e-06,6.580863713717777e-05,True,0.005590558052062988,0.34291418398024726,True,1.0728836059570312e-06,PASS,4,Output should not change drastically under visibility degradation.,Consistent,0.01
DarkVisibilityRelation,1.5,-1.6303071975708008,-1.6303088665008545,1.6689300537109375e-06,0.00010236899110227651,True,0.005590558052062988,0.34291418398024726,True,1.6689300537109375e-06,PASS,4,Output should not change drastically under visibility degradation.,Consistent,0.01
TemporalSmoothnessRelation,0.0,-1.6304880380630493,-1.6305930614471436,0.00010502338409423828,0.0,True,,,,0.00010502338409423828,PASS,4,Predictions should change smoothly across consecutive frames.,Consistent,0.01
BlurRelation,1.0,-1.6362495422363281,-1.6362154483795166,3.409385681152344e-05,0.00208365747979683,True,0.00037992000579833984,0.023218938419973766,True,3.409385681152344e-05,PASS,5,Blur should not significantly change output.,Consistent,0.01
BlurRelation,8.5,-1.6362495422363281,-1.6359601020812988,0.0002894401550292969,0.017689232031282177,True,0.00037992000579833984,0.023218938419973766,True,0.0002894401550292969,PASS,5,Blur should not significantly change output.,Consistent,0.01
BlurRelation,16.0,-1.6362495422363281,-1.6362004280090332,4.9114227294921875e-05,0.0030016324534136154,True,0.00037992000579833984,0.023218938419973766,True,4.9114227294921875e-05,PASS,5,Blur should not significantly change output.,Consistent,0.01
BlurRelation,23.5,-1.6362495422363281,-1.6363400220870972,9.047985076904297e-05,0.005529706388691587,True,0.00037992000579833984,0.023218938419973766,True,9.047985076904297e-05,PASS,5,Blur should not significantly change output.,Consistent,0.01
BlurRelation,31.0,-1.6362495422363281,-1.6361076831817627,0.0001418590545654297,0.008669763639714083,True,0.00037992000579833984,0.023218938419973766,True,0.0001418590545654297,PASS,5,Blur should not significantly change output.,Consistent,0.01
BrightnessRelation,0.1,-1.6362495422363281,-1.6363893747329712,0.0001398324966430664,0.008545909873432454,True,0.0076220035552978516,0.4658213005008731,True,0.0001398324966430664,PASS,5,Output should remain approximately same under localized brightness change.,Consistent,0.01
BrightnessRelation,0.825,-1.6362495422363281,-1.6366310119628906,0.0003814697265625,0.023313650123600895,True,0.0076220035552978516,0.4658213005008731,True,0.0003814697265625,PASS,5,Output should remain approximately same under localized brightness change.,Consistent,0.01
BrightnessRelation,1.55,-1.6362495422363281,-1.6355910301208496,0.0006585121154785156,0.040245188525866046,True,0.0076220035552978516,0.4658213005008731,True,0.0006585121154785156,PASS,5,Output should remain approximately same under localized brightness change.,Consistent,0.01
BrightnessRelation,2.275,-1.6362495422363281,-1.6415281295776367,0.005278587341308594,0.32260263358532737,True,0.0076220035552978516,0.4658213005008731,True,0.005278587341308594,PASS,5,Output should remain approximately same under localized brightness change.,Consistent,0.01
BrightnessRelation,3.0,-1.6362495422363281,-1.6339061260223389,0.002343416213989258,0.14321866691554574,True,0.0076220035552978516,0.4658213005008731,True,0.002343416213989258,PASS,5,Output should remain approximately same under localized brightness change.,Consistent,0.01
CompositeRelation,0.1,-1.6362495422363281,-1.6338708400726318,0.002378702163696289,0.14537517955197884,True,0.004120588302612305,0.2518311344288714,True,0.002378702163696289,PASS,5,Prediction should remain approximately consistent under composite transformations.,Consistent,0.01
CompositeRelation,0.44999999999999996,-1.6362495422363281,-1.6336731910705566,0.0025763511657714844,0.15745456452226955,True,0.004120588302612305,0.2518311344288714,True,0.0025763511657714844,PASS,5,Prediction should remain approximately consistent under composite transformations.,Consistent,0.01
CompositeRelation,0.7999999999999999,-1.6362495422363281,-1.6307451725006104,0.0055043697357177734,0.3364014002522337,True,0.004120588302612305,0.2518311344288714,True,0.0055043697357177734,PASS,5,Prediction should remain approximately consistent under composite transformations.,Consistent,0.01
CompositeRelation,1.15,-1.6362495422363281,-1.6337759494781494,0.002473592758178711,0.15117445002022456,True,0.004120588302612305,0.2518311344288714,True,0.002473592758178711,PASS,5,Prediction should remain approximately consistent under composite transformations.,Consistent,0.01
CompositeRelation,1.5,-1.6362495422363281,-1.6348657608032227,0.0013837814331054688,0.08457026582336225,True,0.004120588302612305,0.2518311344288714,True,0.0013837814331054688,PASS,5,Prediction should remain approximately consistent under composite transformations.,Consistent,0.01
ContrastRelation,0.1,-1.6362495422363281,-1.6347557306289673,0.0014938116073608398,0.09129479678088838,True,8.761882781982422e-05,0.00535485401276458,True,0.0014938116073608398,PASS,5,Contrast change should not significantly affect output.,Consistent,0.01
ContrastRelation,1.075,-1.6362495422363281,-1.6347715854644775,0.001477956771850586,0.09032582319762622,True,8.761882781982422e-05,0.00535485401276458,True,0.001477956771850586,PASS,5,Contrast change should not significantly affect output.,Consistent,0.01
ContrastRelation,2.05,-1.6362495422363281,-1.634732723236084,0.0015168190002441406,0.09270090130396806,True,8.761882781982422e-05,0.00535485401276458,True,0.0015168190002441406,PASS,5,Contrast change should not significantly affect output.,Consistent,0.01
ContrastRelation,3.025,-1.6362495422363281,-1.6347177028656006,0.001531839370727539,0.09361887627758485,True,8.761882781982422e-05,0.00535485401276458,True,0.001531839370727539,PASS,5,Contrast change should not significantly affect output.,Consistent,0.01
ContrastRelation,4.0,-1.6362495422363281,-1.6348053216934204,0.0014442205429077148,0.08826402226482026,True,8.761882781982422e-05,0.00535485401276458,True,0.0014442205429077148,PASS,5,Contrast change should not significantly affect output.,Consistent,0.01
DarkVisibilityRelation,0.05,-1.6362495422363281,-1.6351616382598877,0.0010879039764404297,0.0664876159462443,True,0.005590558052062988,0.34166882807703475,True,0.0010879039764404297,PASS,5,Output should not change drastically under visibility degradation.,Consistent,0.01
DarkVisibilityRelation,0.4125,-1.6362495422363281,-1.6358988285064697,0.00035071372985839844,0.021433987082385572,True,0.005590558052062988,0.34166882807703475,True,0.00035071372985839844,PASS,5,Output should not change drastically under visibility degradation.,Consistent,0.01
DarkVisibilityRelation,0.775,-1.6362495422363281,-1.6347367763519287,0.001512765884399414,0.09245319377140479,True,0.005590558052062988,0.34166882807703475,True,0.001512765884399414,PASS,5,Output should not change drastically under visibility degradation.,Consistent,0.01
DarkVisibilityRelation,1.1375,-1.6362495422363281,-1.6303082704544067,0.005941271781921387,0.3631028151594203,True,0.005590558052062988,0.34166882807703475,True,0.005941271781921387,PASS,5,Output should not change drastically under visibility degradation.,Consistent,0.01
DarkVisibilityRelation,1.5,-1.6362495422363281,-1.6303088665008545,0.005940675735473633,0.3630663875811022,True,0.005590558052062988,0.34166882807703475,True,0.005940675735473633,PASS,5,Output should not change drastically under visibility degradation.,Consistent,0.01
DustRelation,0.0,-1.6362495422363281,-1.6347678899765015,0.0014816522598266602,0.09055167418319861,True,0.001704096794128418,0.10414644641152336,True,0.0014816522598266602,PASS,5,Dust should not significantly affect prediction.,Consistent,0.01
DustRelation,0.375,-1.6362495422363281,-1.6348876953125,0.001361846923828125,0.0832297309412552,True,0.001704096794128418,0.10414644641152336,True,0.001361846923828125,PASS,5,Dust should not significantly affect prediction.,Consistent,0.01
DustRelation,0.75,-1.6362495422363281,-1.634742021560669,0.0015075206756591797,0.09213263108220529,True,0.001704096794128418,0.10414644641152336,True,0.0015075206756591797,PASS,5,Dust should not significantly affect prediction.,Consistent,0.01
DustRelation,1.125,-1.6362495422363281,-1.635107398033142,0.0011421442031860352,0.0698025255731938,True,0.001704096794128418,0.10414644641152336,True,0.0011421442031860352,PASS,5,Dust should not significantly affect prediction.,Consistent,0.01
DustRelation,1.5,-1.6362495422363281,-1.6334033012390137,0.002846240997314453,0.17394897198471718,True,0.001704096794128418,0.10414644641152336,True,0.002846240997314453,PASS,5,Dust should not significantly affect prediction.,Consistent,0.01
FogRelation,0.0,-1.6362495422363281,-1.6362496614456177,1.1920928955078125e-07,7.2855156636252794e-06,True,0.0010950565338134766,0.06692474688606181,True,1.1920928955078125e-07,PASS,5,Fog should not significantly affect prediction.,Consistent,0.01
FogRelation,0.375,-1.6362495422363281,-1.636043906211853,0.00020563602447509766,0.012567514519753607,True,0.0010950565338134766,0.06692474688606181,True,0.00020563602447509766,PASS,5,Fog should not significantly affect prediction.,Consistent,0.01
FogRelation,0.75,-1.6362495422363281,-1.6357309818267822,0.0005185604095458984,0.03169199313676997,True,0.0010950565338134766,0.06692474688606181,True,0.0005185604095458984,PASS,5,Fog should not significantly affect prediction.,Consistent,0.01
FogRelation,1.125,-1.6362495422363281,-1.6351546049118042,0.0010949373245239258,0.0669174613703982,True,0.0010950565338134766,0.06692474688606181,True,0.0010949373245239258,PASS,5,Fog should not significantly affect prediction.,Consistent,0.01
FogRelation,1.5,-1.6362495422363281,-1.6352596282958984,0.0009899139404296875,0.060498922070744324,True,0.0010950565338134766,0.06692474688606181,True,0.0009899139404296875,PASS,5,Fog should not significantly affect prediction.,Consistent,0.01
HazeRelation,0.0,-1.6362495422363281,-1.6362345218658447,1.5020370483398438e-05,0.0009179749736167853,True,0.005337357521057129,0.3261943928074946,True,1.5020370483398438e-05,PASS,5,Haze should not significantly affect prediction.,Consistent,0.01
HazeRelation,0.375,-1.6362495422363281,-1.6350959539413452,0.0011535882949829102,0.07050193507690183,True,0.005337357521057129,0.3261943928074946,True,0.0011535882949829102,PASS,5,Haze should not significantly affect prediction.,Consistent,0.01
HazeRelation,0.75,-1.6362495422363281,-1.6334278583526611,0.002821683883666992,0.17244815575801037,True,0.005337357521057129,0.3261943928074946,True,0.002821683883666992,PASS,5,Haze should not significantly affect prediction.,Consistent,0.01
HazeRelation,1.125,-1.6362495422363281,-1.633376955986023,0.0028725862503051758,0.17555907094637835,True,0.005337357521057129,0.3261943928074946,True,0.0028725862503051758,PASS,5,Haze should not significantly affect prediction.,Consistent,0.01
HazeRelation,1.5,-1.6362495422363281,-1.6308971643447876,0.005352377891540527,0.32711236778111147,True,0.005337357521057129,0.3261943928074946,True,0.005352377891540527,PASS,5,Haze should not significantly affect prediction.,Consistent,0.01
NoiseRelation,0.0,-1.6362495422363281,-1.6347734928131104,0.0014760494232177734,0.09020925494700821,True,0.00015342235565185547,0.009376458659085735,True,0.0014760494232177734,PASS,5,Noise should not significantly affect prediction.,Consistent,0.01
NoiseRelation,37.5,-1.6362495422363281,-1.6347614526748657,0.0014880895614624023,0.09094509202903436,True,0.00015342235565185547,0.009376458659085735,True,0.0014880895614624023,PASS,5,Noise should not significantly affect prediction.,Consistent,0.01
NoiseRelation,75.0,-1.6362495422363281,-1.634812355041504,0.0014371871948242188,0.08783417684066637,True,0.00015342235565185547,0.009376458659085735,True,0.0014371871948242188,PASS,5,Noise should not significantly affect prediction.,Consistent,0.01
NoiseRelation,112.5,-1.6362495422363281,-1.6349148750305176,0.0013346672058105469,0.08156863336994863,True,0.00015342235565185547,0.009376458659085735,True,0.0013346672058105469,PASS,5,Noise should not significantly affect prediction.,Consistent,0.01
NoiseRelation,150.0,-1.6362495422363281,-1.6348116397857666,0.0014379024505615234,0.08787788993464812,True,0.00015342235565185547,0.009376458659085735,True,0.0014379024505615234,PASS,5,Noise should not significantly affect prediction.,Consistent,0.01
RainRelation,0.0,-1.6362495422363281,-1.6361263990402222,0.00012314319610595703,0.007525937680524913,True,0.007272124290466309,0.444438312028133,True,0.00012314319610595703,PASS,5,Rain should not significantly affect prediction.,Consistent,0.01
RainRelation,0.375,-1.6362495422363281,-1.6345993280410767,0.0016502141952514648,0.10085339333156475,True,0.007272124290466309,0.444438312028133,True,0.0016502141952514648,PASS,5,Rain should not significantly affect prediction.,Consistent,0.01
RainRelation,0.75,-1.6362495422363281,-1.6321890354156494,0.004060506820678711,0.24815923453440428,True,0.007272124290466309,0.444438312028133,True,0.004060506820678711,PASS,5,Rain should not significantly affect prediction.,Consistent,0.01
RainRelation,1.125,-1.6362495422363281,-1.6288542747497559,0.007395267486572266,0.45196424970865784,True,0.007272124290466309,0.444438312028133,True,0.007395267486572266,PASS,5,Rain should not significantly affect prediction.,Consistent,0.01
RainRelation,1.5,-1.6362495422363281,-1.6289775371551514,0.007272005081176758,0.4444310265124693,True,0.007272124290466309,0.444438312028133,True,0.007272005081176758,PASS,5,Rain should not significantly affect prediction.,Consistent,0.01
RotationRelation,-60.0,-1.6362495422363281,-1.636165976524353,8.356571197509766e-05,0.005107146480201321,True,0.00012958049774169922,0.00791935552636068,True,8.356571197509766e-05,PASS,5,Small rotation should not significantly change output.,Consistent,0.01
RotationRelation,-30.0,-1.6362495422363281,-1.6362955570220947,4.601478576660156e-05,0.002812209046159358,True,0.00012958049774169922,0.00791935552636068,True,4.601478576660156e-05,PASS,5,Small rotation should not significantly change output.,Consistent,0.01
RotationRelation,0.0,-1.6362495422363281,-1.6362453699111938,4.172325134277344e-06,0.0002549930482268848,True,0.00012958049774169922,0.00791935552636068,True,4.172325134277344e-06,PASS,5,Small rotation should not significantly change output.,Consistent,0.01
RotationRelation,30.0,-1.6362495422363281,-1.6362817287445068,3.218650817871094e-05,0.001967089229178825,True,0.00012958049774169922,0.00791935552636068,True,3.218650817871094e-05,PASS,5,Small rotation should not significantly change output.,Consistent,0.01
RotationRelation,60.0,-1.6362495422363281,-1.6361929178237915,5.6624412536621094e-05,0.0034606199402220077,True,0.00012958049774169922,0.00791935552636068,True,5.6624412536621094e-05,PASS,5,Small rotation should not significantly change output.,Consistent,0.01
SandstormRelation,0.0,-1.6362495422363281,-1.6362149715423584,3.457069396972656e-05,0.002112799542451331,True,0.002108335494995117,0.1288516300268767,True,3.457069396972656e-05,PASS,5,Sandstorm should not significantly affect prediction.,Consistent,0.01
SandstormRelation,0.375,-1.6362495422363281,-1.635729432106018,0.0005201101303100586,0.03178670484039709,True,0.002108335494995117,0.1288516300268767,True,0.0005201101303100586,PASS,5,Sandstorm should not significantly affect prediction.,Consistent,0.01
SandstormRelation,0.75,-1.6362495422363281,-1.635108470916748,0.0011410713195800781,0.06973695593222118,True,0.002108335494995117,0.1288516300268767,True,0.0011410713195800781,PASS,5,Sandstorm should not significantly affect prediction.,Consistent,0.01
SandstormRelation,1.125,-1.6362495422363281,-1.6341066360473633,0.0021429061889648438,0.13096442956932802,True,0.002108335494995117,0.1288516300268767,True,0.0021429061889648438,PASS,5,Sandstorm should not significantly affect prediction.,Consistent,0.01
SandstormRelation,1.5,-1.6362495422363281,-1.634243130683899,0.0020064115524291992,0.12262251413447708,True,0.002108335494995117,0.1288516300268767,True,0.0020064115524291992,PASS,5,Sandstorm should not significantly affect prediction.,Consistent,0.01
SmokeRelation,0.0,-1.6362495422363281,-1.6361876726150513,6.186962127685547e-05,0.0037811826294215202,True,0.001761317253112793,0.10764349393006352,True,6.186962127685547e-05,PASS,5,Smoke should not significantly affect prediction.,Consistent,0.01
SmokeRelation,0.375,-1.6362495422363281,-1.635497808456421,0.0007517337799072266,0.04594246177482101,True,0.001761317253112793,0.10764349393006352,True,0.0007517337799072266,PASS,5,Smoke should not significantly affect prediction.,Consistent,0.01
SmokeRelation,0.75,-1.6362495422363281,-1.63584566116333,0.0004038810729980469,0.024683327068362446,True,0.001761317253112793,0.10764349393006352,True,0.0004038810729980469,PASS,5,Smoke should not significantly affect prediction.,Consistent,0.01
SmokeRelation,1.125,-1.6362495422363281,-1.6344263553619385,0.0018231868743896484,0.11142467655948503,True,0.001761317253112793,0.10764349393006352,True,0.0018231868743896484,PASS,5,Smoke should not significantly affect prediction.,Consistent,0.01
SmokeRelation,1.5,-1.6362495422363281,-1.6349601745605469,0.00128936767578125,0.07880013741777103,True,0.001761317253112793,0.10764349393006352,True,0.00128936767578125,PASS,5,Smoke should not significantly affect prediction.,Consistent,0.01
SnowRelation,0.0,-1.6362495422363281,-1.6362496614456177,1.1920928955078125e-07,7.2855156636252794e-06,True,0.0015205144882202148,0.09292675228954043,True,1.1920928955078125e-07,PASS,5,Snow should not significantly affect prediction.,Consistent,0.01
SnowRelation,0.375,-1.6362495422363281,-1.6360787153244019,0.00017082691192626953,0.010440143945975025,True,0.0015205144882202148,0.09292675228954043,True,0.00017082691192626953,PASS,5,Snow should not significantly affect prediction.,Consistent,0.01
SnowRelation,0.75,-1.6362495422363281,-1.635604977607727,0.0006445646286010742,0.03939278319322189,True,0.0015205144882202148,0.09292675228954043,True,0.0006445646286010742,PASS,5,Snow should not significantly affect prediction.,Consistent,0.01
SnowRelation,1.125,-1.6362495422363281,-1.6347291469573975,0.001520395278930664,0.09291946677387682,True,0.0015205144882202148,0.09292675228954043,True,0.001520395278930664,PASS,5,Snow should not significantly affect prediction.,Consistent,0.01
SnowRelation,1.5,-1.6362495422363281,-1.6350798606872559,0.0011696815490722656,0.07148547969149124,True,0.0015205144882202148,0.09292675228954043,True,0.0011696815490722656,PASS,5,Snow should not significantly affect prediction.,Consistent,0.01
TranslationRelation,0.0,-1.6362495422363281,-1.63624906539917,4.76837158203125e-07,2.9142062654501118e-05,True,0.00046002864837646484,0.028114804945929956,True,4.76837158203125e-07,PASS,5,Small translation should preserve prediction consistency.,Consistent,0.01
TranslationRelation,20.0,-1.6362495422363281,-1.635915994644165,0.00033354759216308594,0.02038487282682353,True,0.00046002864837646484,0.028114804945929956,True,0.00033354759216308594,PASS,5,Small translation should preserve prediction consistency.,Consistent,0.01
TranslationRelation,40.0,-1.6362495422363281,-1.6359217166900635,0.00032782554626464844,0.02003516807496952,True,0.00046002864837646484,0.028114804945929956,True,0.00032782554626464844,PASS,5,Small translation should preserve prediction consistency.,Consistent,0.01
TranslationRelation,60.0,-1.6362495422363281,-1.6363760232925415,0.0001264810562133789,0.007729932119106422,True,0.00046002864837646484,0.028114804945929956,True,0.0001264810562133789,PASS,5,Small translation should preserve prediction consistency.,Consistent,0.01
TranslationRelation,80.0,-1.6362495422363281,-1.6362800598144531,3.0517578125e-05,0.0018650920098880715,True,0.00046002864837646484,0.028114804945929956,True,3.0517578125e-05,PASS,5,Small translation should preserve prediction consistency.,Consistent,0.01
DarkVisibilityRelation,0.05,-1.6362495422363281,-1.6351616382598877,0.0010879039764404297,0.0664876159462443,True,0.005590558052062988,0.34166882807703475,True,0.0010879039764404297,PASS,5,Output should not change drastically under visibility degradation.,Consistent,0.01
DarkVisibilityRelation,0.4125,-1.6362495422363281,-1.6358988285064697,0.00035071372985839844,0.021433987082385572,True,0.005590558052062988,0.34166882807703475,True,0.00035071372985839844,PASS,5,Output should not change drastically under visibility degradation.,Consistent,0.01
DarkVisibilityRelation,0.775,-1.6362495422363281,-1.6347367763519287,0.001512765884399414,0.09245319377140479,True,0.005590558052062988,0.34166882807703475,True,0.001512765884399414,PASS,5,Output should not change drastically under visibility degradation.,Consistent,0.01
DarkVisibilityRelation,1.1375,-1.6362495422363281,-1.6303082704544067,0.005941271781921387,0.3631028151594203,True,0.005590558052062988,0.34166882807703475,True,0.005941271781921387,PASS,5,Output should not change drastically under visibility degradation.,Consistent,0.01
DarkVisibilityRelation,1.5,-1.6362495422363281,-1.6303088665008545,0.005940675735473633,0.3630663875811022,True,0.005590558052062988,0.34166882807703475,True,0.005940675735473633,PASS,5,Output should not change drastically under visibility degradation.,Consistent,0.01
TemporalSmoothnessRelation,0.0,-1.6304880380630493,-1.6305930614471436,0.00010502338409423828,0.0,True,,,,0.00010502338409423828,PASS,5,Predictions should change smoothly across consecutive frames.,Consistent,0.01
BlurRelation,1.0,-1.634773850440979,-1.6348375082015991,6.365776062011719e-05,0.0038939772411439753,True,0.00031566619873046875,0.019309460177058518,True,6.365776062011719e-05,PASS,6,Blur should not significantly change output.,Consistent,0.01
BlurRelation,8.5,-1.634773850440979,-1.6347556114196777,1.823902130126953e-05,0.001115690108417656,True,0.00031566619873046875,0.019309460177058518,True,1.823902130126953e-05,PASS,6,Blur should not significantly change output.,Consistent,0.01
BlurRelation,16.0,-1.634773850440979,-1.634761929512024,1.1920928955078125e-05,0.0007292092211880105,True,0.00031566619873046875,0.019309460177058518,True,1.1920928955078125e-05,PASS,6,Blur should not significantly change output.,Consistent,0.01
BlurRelation,23.5,-1.634773850440979,-1.6349866390228271,0.00021278858184814453,0.013016384598205985,True,0.00031566619873046875,0.019309460177058518,True,0.00021278858184814453,PASS,6,Blur should not significantly change output.,Consistent,0.01
BlurRelation,31.0,-1.634773850440979,-1.6346709728240967,0.00010287761688232422,0.0062930755788525305,True,0.00031566619873046875,0.019309460177058518,True,0.00010287761688232422,PASS,6,Blur should not significantly change output.,Consistent,0.01
BrightnessRelation,0.1,-1.634773850440979,-1.6337475776672363,0.0010262727737426758,0.06277762185207582,True,0.0011268854141235352,0.06893214767890263,True,0.0010262727737426758,PASS,6,Output should remain approximately same under localized brightness change.,Consistent,0.01
BrightnessRelation,0.825,-1.634773850440979,-1.6348744630813599,0.00010061264038085938,0.006154525826826808,True,0.0011268854141235352,0.06893214767890263,True,0.00010061264038085938,PASS,6,Output should remain approximately same under localized brightness change.,Consistent,0.01
BrightnessRelation,1.55,-1.634773850440979,-1.634589672088623,0.00018417835235595703,0.011266282467354762,True,0.0011268854141235352,0.06893214767890263,True,0.00018417835235595703,PASS,6,Output should remain approximately same under localized brightness change.,Consistent,0.01
BrightnessRelation,2.275,-1.634773850440979,-1.6344692707061768,0.0003045797348022461,0.018631295601353667,True,0.0011268854141235352,0.06893214767890263,True,0.0003045797348022461,PASS,6,Output should remain approximately same under localized brightness change.,Consistent,0.01
BrightnessRelation,3.0,-1.634773850440979,-1.634548306465149,0.00022554397583007812,0.013796638464877158,True,0.0011268854141235352,0.06893214767890263,True,0.00022554397583007812,PASS,6,Output should remain approximately same under localized brightness change.,Consistent,0.01
CompositeRelation,0.1,-1.634773850440979,-1.6338708400726318,0.000903010368347168,0.0552375985049918,True,0.004120588302612305,0.2520584593958477,True,0.000903010368347168,PASS,6,Prediction should remain approximately consistent under composite transformations.,Consistent,0.01
CompositeRelation,0.44999999999999996,-1.634773850440979,-1.6336731910705566,0.0011006593704223633,0.06732788739228901,True,0.004120588302612305,0.2520584593958477,True,0.0011006593704223633,PASS,6,Prediction should remain approximately consistent under composite transformations.,Consistent,0.01
CompositeRelation,0.7999999999999999,-1.634773850440979,-1.6307451725006104,0.004028677940368652,0.24643625630048813,True,0.004120588302612305,0.2520584593958477,True,0.004028677940368652,PASS,6,Prediction should remain approximately consistent under composite transformations.,Consistent,0.01
CompositeRelation,1.15,-1.634773850440979,-1.6337759494781494,0.0009979009628295898,0.06104210390564835,True,0.004120588302612305,0.2520584593958477,True,0.0009979009628295898,PASS,6,Prediction should remain approximately consistent under composite transformations.,Consistent,0.01
CompositeRelation,1.5,-1.634773850440979,-1.6348657608032227,9.191036224365234e-05,0.005622203095359561,True,0.004120588302612305,0.2520584593958477,True,9.191036224365234e-05,PASS,6,Prediction should remain approximately consistent under composite transformations.,Consistent,0.01
ContrastRelation,0.1,-1.634773850440979,-1.6347557306289673,1.811981201171875e-05,0.001108398016205776,True,8.761882781982422e-05,0.0053596877757318764,True,1.811981201171875e-05,PASS,6,Contrast change should not significantly affect output.,Consistent,0.01
ContrastRelation,1.075,-1.634773850440979,-1.6347715854644775,2.2649765014648438e-06,0.000138549752025722,True,8.761882781982422e-05,0.0053596877757318764,True,2.2649765014648438e-06,PASS,6,Contrast change should not significantly affect output.,Consistent,0.01
ContrastRelation,2.05,-1.634773850440979,-1.634732723236084,4.112720489501953e-05,0.002515771813098636,True,8.761882781982422e-05,0.0053596877757318764,True,4.112720489501953e-05,PASS,6,Contrast change should not significantly affect output.,Consistent,0.01
ContrastRelation,3.025,-1.634773850440979,-1.6347177028656006,5.614757537841797e-05,0.003434575431795529,True,8.761882781982422e-05,0.0053596877757318764,True,5.614757537841797e-05,PASS,6,Contrast change should not significantly affect output.,Consistent,0.01
ContrastRelation,4.0,-1.634773850440979,-1.6348053216934204,3.147125244140625e-05,0.0019251123439363476,True,8.761882781982422e-05,0.0053596877757318764,True,3.147125244140625e-05,PASS,6,Contrast change should not significantly affect output.,Consistent,0.01
DarkVisibilityRelation,0.05,-1.634773850440979,-1.6358269453048706,0.0010530948638916016,0.06441834259974885,True,0.005488038063049316,0.33570604915832436,True,0.0010530948638916016,PASS,6,Output should not change drastically under visibility degradation.,Consistent,0.01
DarkVisibilityRelation,0.4125,-1.634773850440979,-1.636081576347351,0.0013077259063720703,0.07999425156432476,True,0.005488038063049316,0.33570604915832436,True,0.0013077259063720703,PASS,6,Output should not change drastically under visibility degradation.,Consistent,0.01
DarkVisibilityRelation,0.775,-1.634773850440979,-1.6310549974441528,0.003718852996826172,0.22748410864181176,True,0.005488038063049316,0.33570604915832436,True,0.003718852996826172,PASS,6,Output should not change drastically under visibility degradation.,Consistent,0.01
DarkVisibilityRelation,1.1375,-1.634773850440979,-1.6305935382843018,0.004180312156677246,0.2557117975939996,True,0.005488038063049316,0.33570604915832436,True,0.004180312156677246,PASS,6,Output should not change drastically under visibility degradation.,Consistent,0.01
DarkVisibilityRelation,1.5,-1.634773850440979,-1.6305947303771973,0.004179120063781738,0.25563887667188084,True,0.005488038063049316,0.33570604915832436,True,0.004179120063781738,PASS,6,Output should not change drastically under visibility degradation.,Consistent,0.01
DustRelation,0.0,-1.634773850440979,-1.6347678899765015,5.9604644775390625e-06,0.00036460461059400524,True,0.001704096794128418,0.1042404581688261,True,5.9604644775390625e-06,PASS,6,Dust should not significantly affect prediction.,Consistent,0.01
DustRelation,0.375,-1.634773850440979,-1.6348876953125,0.0001138448715209961,0.0069639480623455005,True,0.001704096794128418,0.1042404581688261,True,0.0001138448715209961,PASS,6,Dust should not significantly affect prediction.,Consistent,0.01
DustRelation,0.75,-1.634773850440979,-1.634742021560669,3.1828880310058594e-05,0.0019469886205719877,True,0.001704096794128418,0.1042404581688261,True,3.1828880310058594e-05,PASS,6,Dust should not significantly affect prediction.,Consistent,0.01
DustRelation,1.125,-1.634773850440979,-1.635107398033142,0.00033354759216308594,0.02040327400884053,True,0.001704096794128418,0.1042404581688261,True,0.00033354759216308594,PASS,6,Dust should not significantly affect prediction.,Consistent,0.01
DustRelation,1.5,-1.634773850440979,-1.6334033012390137,0.001370549201965332,0.08383718415998556,True,0.001704096794128418,0.1042404581688261,True,0.001370549201965332,PASS,6,Dust should not significantly affect prediction.,Consistent,0.01
FogRelation,0.0,-1.634773850440979,-1.6347733736038208,4.76837158203125e-07,2.9168368847520417e-05,True,0.0008437633514404297,0.05161342867568738,True,4.76837158203125e-07,PASS,6,Fog should not significantly affect prediction.,Consistent,0.01
FogRelation,0.375,-1.634773850440979,-1.6348618268966675,8.797645568847656e-05,0.005381564052367517,True,0.0008437633514404297,0.05161342867568738,True,8.797645568847656e-05,PASS,6,Fog should not significantly affect prediction.,Consistent,0.01
FogRelation,0.75,-1.634773850440979,-1.6352050304412842,0.0004311800003051758,0.026375497530370336,True,0.0008437633514404297,0.05161342867568738,True,0.0004311800003051758,PASS,6,Fog should not significantly affect prediction.,Consistent,0.01
FogRelation,1.125,-1.634773850440979,-1.6348700523376465,9.620189666748047e-05,0.005884718414987244,True,0.0008437633514404297,0.05161342867568738,True,9.620189666748047e-05,PASS,6,Fog should not significantly affect prediction.,Consistent,0.01
FogRelation,1.5,-1.634773850440979,-1.6343612670898438,0.0004125833511352539,0.025237931145317045,True,0.0008437633514404297,0.05161342867568738,True,0.0004125833511352539,PASS,6,Fog should not significantly affect prediction.,Consistent,0.01
HazeRelation,0.0,-1.634773850440979,-1.6347603797912598,1.3470649719238281e-05,0.0008240064199424518,True,0.002905130386352539,0.17770828720351814,True,1.3470649719238281e-05,PASS,6,Haze should not significantly affect prediction.,Consistent,0.01
HazeRelation,0.375,-1.634773850440979,-1.6342418193817139,0.0005320310592651367,0.032544607541620904,True,0.002905130386352539,0.17770828720351814,True,0.0005320310592651367,PASS,6,Haze should not significantly affect prediction.,Consistent,0.01
HazeRelation,0.75,-1.634773850440979,-1.6332863569259644,0.0014874935150146484,0.09099072661983994,True,0.002905130386352539,0.17770828720351814,True,0.0014874935150146484,PASS,6,Haze should not significantly affect prediction.,Consistent,0.01
HazeRelation,1.125,-1.634773850440979,-1.6326982975006104,0.0020755529403686523,0.1269626175010445,True,0.002905130386352539,0.17770828720351814,True,0.0020755529403686523,PASS,6,Haze should not significantly affect prediction.,Consistent,0.01
HazeRelation,1.5,-1.634773850440979,-1.6318552494049072,0.0029186010360717773,0.1785322936234606,True,0.002905130386352539,0.17770828720351814,True,0.0029186010360717773,PASS,6,Haze should not significantly affect prediction.,Consistent,0.01
NoiseRelation,0.0,-1.634773850440979,-1.6347734928131104,3.5762786865234375e-07,2.1876276635640314e-05,True,0.00015342235565185547,0.009384922676689694,True,3.5762786865234375e-07,PASS,6,Noise should not significantly affect prediction.,Consistent,0.01
NoiseRelation,37.5,-1.634773850440979,-1.6347614526748657,1.239776611328125e-05,0.0007583775900355308,True,0.00015342235565185547,0.009384922676689694,True,1.239776611328125e-05,PASS,6,Noise should not significantly affect prediction.,Consistent,0.01
NoiseRelation,75.0,-1.634773850440979,-1.634812355041504,3.8504600524902344e-05,0.002355345784437274,True,0.00015342235565185547,0.009384922676689694,True,3.8504600524902344e-05,PASS,6,Noise should not significantly affect prediction.,Consistent,0.01
NoiseRelation,112.5,-1.634773850440979,-1.6349148750305176,0.00014102458953857422,0.008626545086654164,True,0.00015342235565185547,0.009384922676689694,True,0.00014102458953857422,PASS,6,Noise should not significantly affect prediction.,Consistent,0.01
NoiseRelation,150.0,-1.634773850440979,-1.6348116397857666,3.7789344787597656e-05,0.0023115932311659933,True,0.00015342235565185547,0.009384922676689694,True,3.7789344787597656e-05,PASS,6,Noise should not significantly affect prediction.,Consistent,0.01
RainRelation,0.0,-1.634773850440979,-1.6361263990402222,0.001352548599243164,0.08273607823599166,True,0.007272124290466309,0.44483950120132204,True,0.001352548599243164,PASS,6,Rain should not significantly affect prediction.,Consistent,0.01
RainRelation,0.375,-1.634773850440979,-1.6345993280410767,0.00017452239990234375,0.010675622998192472,True,0.007272124290466309,0.44483950120132204,True,0.00017452239990234375,PASS,6,Rain should not significantly affect prediction.,Consistent,0.01
RainRelation,0.75,-1.634773850440979,-1.6321890354156494,0.00258481502532959,0.1581144354301963,True,0.007272124290466309,0.44483950120132204,True,0.00258481502532959,PASS,6,Rain should not significantly affect prediction.,Consistent,0.01
RainRelation,1.125,-1.634773850440979,-1.6288542747497559,0.0059195756912231445,0.3621034229653303,True,0.007272124290466309,0.44483950120132204,True,0.0059195756912231445,PASS,6,Rain should not significantly affect prediction.,Consistent,0.01
RainRelation,1.5,-1.634773850440979,-1.6289775371551514,0.005796313285827637,0.35456339961824634,True,0.007272124290466309,0.44483950120132204,True,0.005796313285827637,PASS,6,Rain should not significantly affect prediction.,Consistent,0.01
RotationRelation,-60.0,-1.634773850440979,-1.63471519947052,5.8650970458984375e-05,0.0035877093682450114,True,9.655952453613281e-05,0.005906594691622885,True,5.8650970458984375e-05,PASS,6,Small rotation should not significantly change output.,Consistent,0.01
RotationRelation,-30.0,-1.634773850440979,-1.6347918510437012,1.800060272216797e-05,0.001101105923993896,True,9.655952453613281e-05,0.005906594691622885,True,1.800060272216797e-05,PASS,6,Small rotation should not significantly change output.,Consistent,0.01
RotationRelation,0.0,-1.634773850440979,-1.6347465515136719,2.7298927307128906e-05,0.001669889116520544,True,9.655952453613281e-05,0.005906594691622885,True,2.7298927307128906e-05,PASS,6,Small rotation should not significantly change output.,Consistent,0.01
RotationRelation,30.0,-1.634773850440979,-1.6347315311431885,4.2319297790527344e-05,0.002588692735217437,True,9.655952453613281e-05,0.005906594691622885,True,4.2319297790527344e-05,PASS,6,Small rotation should not significantly change output.,Consistent,0.01
RotationRelation,60.0,-1.634773850440979,-1.634695291519165,7.855892181396484e-05,0.004805488767628988,True,9.655952453613281e-05,0.005906594691622885,True,7.855892181396484e-05,PASS,6,Small rotation should not significantly change output.,Consistent,0.01
SandstormRelation,0.0,-1.634773850440979,-1.634758710861206,1.5139579772949219e-05,0.0009260957109087732,True,0.001689314842224121,0.10333623873455297,True,1.5139579772949219e-05,PASS,6,Sandstorm should not significantly affect prediction.,Consistent,0.01
SandstormRelation,0.375,-1.634773850440979,-1.6345250606536865,0.00024878978729248047,0.015218596446193777,True,0.001689314842224121,0.10333623873455297,True,0.00024878978729248047,PASS,6,Sandstorm should not significantly affect prediction.,Consistent,0.01
SandstormRelation,0.75,-1.634773850440979,-1.633069396018982,0.0017044544219970703,0.10426233444546174,True,0.001689314842224121,0.10333623873455297,True,0.0017044544219970703,PASS,6,Sandstorm should not significantly affect prediction.,Consistent,0.01
SandstormRelation,1.125,-1.634773850440979,-1.634302020072937,0.0004718303680419922,0.028862100974621455,True,0.001689314842224121,0.10333623873455297,True,0.0004718303680419922,PASS,6,Sandstorm should not significantly affect prediction.,Consistent,0.01
SandstormRelation,1.5,-1.634773850440979,-1.6335135698318481,0.0012602806091308594,0.07709199886399647,True,0.001689314842224121,0.10333623873455297,True,0.0012602806091308594,PASS,6,Sandstorm should not significantly affect prediction.,Consistent,0.01
SmokeRelation,0.0,-1.634773850440979,-1.6346914768218994,8.237361907958984e-05,0.005038835718409152,True,0.0008060932159423828,0.04930912753673326,True,8.237361907958984e-05,PASS,6,Smoke should not significantly affect prediction.,Consistent,0.01
SmokeRelation,0.375,-1.634773850440979,-1.6343090534210205,0.0004647970199584961,0.028431867534120525,True,0.0008060932159423828,0.04930912753673326,True,0.0004647970199584961,PASS,6,Smoke should not significantly affect prediction.,Consistent,0.01
SmokeRelation,0.75,-1.634773850440979,-1.633885383605957,0.0008884668350219727,0.05434796325514241,True,0.0008060932159423828,0.04930912753673326,True,0.0008884668350219727,PASS,6,Smoke should not significantly affect prediction.,Consistent,0.01
SmokeRelation,1.125,-1.634773850440979,-1.6344696283340454,0.00030422210693359375,0.018609419324718025,True,0.0008060932159423828,0.04930912753673326,True,0.00030422210693359375,PASS,6,Smoke should not significantly affect prediction.,Consistent,0.01
SmokeRelation,1.5,-1.634773850440979,-1.6345316171646118,0.0002422332763671875,0.014817531374540371,True,0.0008060932159423828,0.04930912753673326,True,0.0002422332763671875,PASS,6,Smoke should not significantly affect prediction.,Consistent,0.01
SnowRelation,0.0,-1.634773850440979,-1.6347733736038208,4.76837158203125e-07,2.9168368847520417e-05,True,0.0007176399230957031,0.04389839511551823,True,4.76837158203125e-07,PASS,6,Snow should not significantly affect prediction.,Consistent,0.01
SnowRelation,0.375,-1.634773850440979,-1.6344431638717651,0.0003306865692138672,0.02022826379575541,True,0.0007176399230957031,0.04389839511551823,True,0.0003306865692138672,PASS,6,Snow should not significantly affect prediction.,Consistent,0.01
SnowRelation,0.75,-1.634773850440979,-1.6345086097717285,0.0002652406692504883,0.016224905171433233,True,0.0007176399230957031,0.04389839511551823,True,0.0002652406692504883,PASS,6,Snow should not significantly affect prediction.,Consistent,0.01
SnowRelation,1.125,-1.634773850440979,-1.634213924407959,0.0005599260330200195,0.03425095711920085,True,0.0007176399230957031,0.04389839511551823,True,0.0005599260330200195,PASS,6,Snow should not significantly affect prediction.,Consistent,0.01
SnowRelation,1.5,-1.634773850440979,-1.6349315643310547,0.0001577138900756836,0.009647437996317378,True,0.0007176399230957031,0.04389839511551823,True,0.0001577138900756836,PASS,6,Snow should not significantly affect prediction.,Consistent,0.01
TranslationRelation,0.0,-1.634773850440979,-1.6347731351852417,7.152557373046875e-07,4.375255327128063e-05,True,0.00045692920684814453,0.02795058944813644,True,7.152557373046875e-07,PASS,6,Small translation should preserve prediction consistency.,Consistent,0.01
TranslationRelation,20.0,-1.634773850440979,-1.6348052024841309,3.135204315185547e-05,0.0019178202517244674,True,0.00045692920684814453,0.02795058944813644,True,3.135204315185547e-05,PASS,6,Small translation should preserve prediction consistency.,Consistent,0.01
TranslationRelation,40.0,-1.634773850440979,-1.6352300643920898,0.00045621395111083984,0.027906836894865162,True,0.00045692920684814453,0.02795058944813644,True,0.00045621395111083984,PASS,6,Small translation should preserve prediction consistency.,Consistent,0.01
TranslationRelation,60.0,-1.634773850440979,-1.6348880529403687,0.00011420249938964844,0.006985824338981141,True,0.00045692920684814453,0.02795058944813644,True,0.00011420249938964844,PASS,6,Small translation should preserve prediction consistency.,Consistent,0.01
TranslationRelation,80.0,-1.634773850440979,-1.6348786354064941,0.00010478496551513672,0.0064097490542426114,True,0.00045692920684814453,0.02795058944813644,True,0.00010478496551513672,PASS,6,Small translation should preserve prediction consistency.,Consistent,0.01
DarkVisibilityRelation,0.05,-1.634773850440979,-1.6351616382598877,0.0003877878189086914,0.02372117596524598,True,0.005590558052062988,0.3419772484605412,True,0.0003877878189086914,PASS,6,Output should not change drastically under visibility degradation.,Consistent,0.01
DarkVisibilityRelation,0.4125,-1.634773850440979,-1.6358988285064697,0.0011249780654907227,0.06881547420351254,True,0.005590558052062988,0.3419772484605412,True,0.0011249780654907227,PASS,6,Output should not change drastically under visibility degradation.,Consistent,0.01
DarkVisibilityRelation,0.775,-1.634773850440979,-1.6347367763519287,3.707408905029297e-05,0.0022678406778947123,True,0.005590558052062988,0.3419772484605412,True,3.707408905029297e-05,PASS,6,Output should not change drastically under visibility degradation.,Consistent,0.01
DarkVisibilityRelation,1.1375,-1.634773850440979,-1.6303082704544067,0.004465579986572266,0.2731617742570287,True,0.005590558052062988,0.3419772484605412,True,0.004465579986572266,PASS,6,Output should not change drastically under visibility degradation.,Consistent,0.01
DarkVisibilityRelation,1.5,-1.634773850440979,-1.6303088665008545,0.004464983940124512,0.2731253137959693,True,0.005590558052062988,0.3419772484605412,True,0.004464983940124512,PASS,6,Output should not change drastically under visibility degradation.,Consistent,0.01
TemporalSmoothnessRelation,0.0,-1.6304880380630493,-1.6305930614471436,0.00010502338409423828,0.0,True,,,,0.00010502338409423828,PASS,6,Predictions should change smoothly across consecutive frames.,Consistent,0.01
BlurRelation,1.0,-1.6333321332931519,-1.6334378719329834,0.00010573863983154297,0.006473795068269452,True,0.00031745433807373047,0.019435982262459472,True,0.00010573863983154297,PASS,7,Blur should not significantly change output.,Consistent,0.01
BlurRelation,8.5,-1.6333321332931519,-1.6332778930664062,5.424022674560547e-05,0.003320830615628636,True,0.00031745433807373047,0.019435982262459472,True,5.424022674560547e-05,PASS,7,Blur should not significantly change output.,Consistent,0.01
BlurRelation,16.0,-1.6333321332931519,-1.6334912776947021,0.00015914440155029297,0.009743535982119186,True,0.00031745433807373047,0.019435982262459472,True,0.00015914440155029297,PASS,7,Blur should not significantly change output.,Consistent,0.01
BlurRelation,23.5,-1.6333321332931519,-1.6331738233566284,0.0001583099365234375,0.009692446280340284,True,0.00031745433807373047,0.019435982262459472,True,0.0001583099365234375,PASS,7,Blur should not significantly change output.,Consistent,0.01
BlurRelation,31.0,-1.6333321332931519,-1.6331896781921387,0.0001424551010131836,0.008721741946541144,True,0.00031745433807373047,0.019435982262459472,True,0.0001424551010131836,PASS,7,Blur should not significantly change output.,Consistent,0.01
BrightnessRelation,0.1,-1.6333321332931519,-1.6329240798950195,0.0004080533981323242,0.02498286416988313,True,0.0023794174194335938,0.14567863535812656,True,0.0004080533981323242,PASS,7,Output should remain approximately same under localized brightness change.,Consistent,0.01
BrightnessRelation,0.825,-1.6333321332931519,-1.633316993713379,1.5139579772949219e-05,0.0009269131608457953,True,0.0023794174194335938,0.14567863535812656,True,1.5139579772949219e-05,PASS,7,Output should remain approximately same under localized brightness change.,Consistent,0.01
BrightnessRelation,1.55,-1.6333321332931519,-1.6340117454528809,0.0006796121597290039,0.041608912834502985,True,0.0023794174194335938,0.14567863535812656,True,0.0006796121597290039,PASS,7,Output should remain approximately same under localized brightness change.,Consistent,0.01
BrightnessRelation,2.275,-1.6333321332931519,-1.632814884185791,0.0005172491073608398,0.03166831657409374,True,0.0023794174194335938,0.14567863535812656,True,0.0005172491073608398,PASS,7,Output should remain approximately same under localized brightness change.,Consistent,0.01
BrightnessRelation,3.0,-1.6333321332931519,-1.6316323280334473,0.0016998052597045898,0.10406972252362358,True,0.0023794174194335938,0.14567863535812656,True,0.0016998052597045898,PASS,7,Output should remain approximately same under localized brightness change.,Consistent,0.01
CompositeRelation,0.1,-1.6333321332931519,-1.6338708400726318,0.0005387067794799805,0.03298205176269409,True,0.004120588302612305,0.2522809473842186,True,0.0005387067794799805,PASS,7,Prediction should remain approximately consistent under composite transformations.,Consistent,0.01
CompositeRelation,0.44999999999999996,-1.6333321332931519,-1.6336731910705566,0.00034105777740478516,0.020881090969919844,True,0.004120588302612305,0.2522809473842186,True,0.00034105777740478516,PASS,7,Prediction should remain approximately consistent under composite transformations.,Consistent,0.01
CompositeRelation,0.7999999999999999,-1.6333321332931519,-1.6307451725006104,0.002586960792541504,0.15838537404342207,True,0.004120588302612305,0.2522809473842186,True,0.002586960792541504,PASS,7,Prediction should remain approximately consistent under composite transformations.,Consistent,0.01
CompositeRelation,1.15,-1.6333321332931519,-1.6337759494781494,0.0004438161849975586,0.02717242281755036,True,0.004120588302612305,0.2522809473842186,True,0.0004438161849975586,PASS,7,Prediction should remain approximately consistent under composite transformations.,Consistent,0.01
CompositeRelation,1.5,-1.6333321332931519,-1.6348657608032227,0.0015336275100708008,0.0938955733407965,True,0.004120588302612305,0.2522809473842186,True,0.0015336275100708008,PASS,7,Prediction should remain approximately consistent under composite transformations.,Consistent,0.01
ContrastRelation,0.1,-1.6333321332931519,-1.6306418180465698,0.0026903152465820312,0.16471319853518038,True,0.00026619434356689453,0.016297614867469768,True,0.0026903152465820312,PASS,7,Contrast change should not significantly affect output.,Consistent,0.01
ContrastRelation,1.075,-1.6333321332931519,-1.6305947303771973,0.00273740291595459,0.16759611742127556,True,0.00026619434356689453,0.016297614867469768,True,0.00273740291595459,PASS,7,Contrast change should not significantly affect output.,Consistent,0.01
ContrastRelation,2.05,-1.6333321332931519,-1.630375623703003,0.0029565095901489258,0.18101081340265016,True,0.00026619434356689453,0.016297614867469768,True,0.0029565095901489258,PASS,7,Contrast change should not significantly affect output.,Consistent,0.01
ContrastRelation,3.025,-1.6333321332931519,-1.630487084388733,0.0028450489044189453,0.17418668895075393,True,0.00026619434356689453,0.016297614867469768,True,0.0028450489044189453,PASS,7,Contrast change should not significantly affect output.,Consistent,0.01
ContrastRelation,4.0,-1.6333321332931519,-1.630595088005066,0.0027370452880859375,0.1675742218347989,True,0.00026619434356689453,0.016297614867469768,True,0.0027370452880859375,PASS,7,Contrast change should not significantly affect output.,Consistent,0.01
DarkVisibilityRelation,0.05,-1.6333321332931519,-1.6358249187469482,0.0024927854537963867,0.1526195362712317,True,0.0024923086166381836,0.15259034215592945,True,0.0024927854537963867,PASS,7,Output should not change drastically under visibility degradation.,Consistent,0.01
DarkVisibilityRelation,0.4125,-1.6333321332931519,-1.6339788436889648,0.0006467103958129883,0.03959451887864913,True,0.0024923086166381836,0.15259034215592945,True,0.0006467103958129883,PASS,7,Output should not change drastically under visibility degradation.,Consistent,0.01
DarkVisibilityRelation,0.775,-1.6333321332931519,-1.6354131698608398,0.0020810365676879883,0.12741041770775627,True,0.0024923086166381836,0.15259034215592945,True,0.0020810365676879883,PASS,7,Output should not change drastically under visibility degradation.,Consistent,0.01
DarkVisibilityRelation,1.1375,-1.6333321332931519,-1.63333261013031,4.76837158203125e-07,2.919411530222977e-05,True,0.0024923086166381836,0.15259034215592945,True,4.76837158203125e-07,PASS,7,Output should not change drastically under visibility degradation.,Consistent,0.01
DarkVisibilityRelation,1.5,-1.6333321332931519,-1.633333683013916,1.5497207641601562e-06,9.488087473224676e-05,True,0.0024923086166381836,0.15259034215592945,True,1.5497207641601562e-06,PASS,7,Output should not change drastically under visibility degradation.,Consistent,0.01
DustRelation,0.0,-1.6333321332931519,-1.63334321975708,1.1086463928222656e-05,0.0006787631807768422,True,0.00124359130859375,0.07613825270821524,True,1.1086463928222656e-05,PASS,7,Dust should not significantly affect prediction.,Consistent,0.01
DustRelation,0.375,-1.6333321332931519,-1.6333811283111572,4.8995018005371094e-05,0.002999695347304109,True,0.00124359130859375,0.07613825270821524,True,4.8995018005371094e-05,PASS,7,Dust should not significantly affect prediction.,Consistent,0.01
DustRelation,0.75,-1.6333321332931519,-1.6325322389602661,0.0007998943328857422,0.04897312841949045,True,0.00124359130859375,0.07613825270821524,True,0.0007998943328857422,PASS,7,Dust should not significantly affect prediction.,Consistent,0.01
DustRelation,1.125,-1.6333321332931519,-1.6337758302688599,0.0004436969757080078,0.0271651242887248,True,0.00124359130859375,0.07613825270821524,True,0.0004436969757080078,PASS,7,Dust should not significantly affect prediction.,Consistent,0.01
DustRelation,1.5,-1.6333321332931519,-1.6331579685211182,0.0001741647720336914,0.010663150614139423,True,0.00124359130859375,0.07613825270821524,True,0.0001741647720336914,PASS,7,Dust should not significantly affect prediction.,Consistent,0.01
FogRelation,0.0,-1.6333321332931519,-1.630594253540039,0.002737879753112793,0.16762531153657778,True,0.0016775131225585938,0.10270489763324434,True,0.002737879753112793,PASS,7,Fog should not significantly affect prediction.,Consistent,0.01
FogRelation,0.375,-1.6333321332931519,-1.6311531066894531,0.0021790266036987305,0.1334098084023645,True,0.0016775131225585938,0.10270489763324434,True,0.0021790266036987305,PASS,7,Fog should not significantly affect prediction.,Consistent,0.01
FogRelation,0.75,-1.6333321332931519,-1.6310813426971436,0.0022507905960083008,0.13780352275535007,True,0.0016775131225585938,0.10270489763324434,True,0.0022507905960083008,PASS,7,Fog should not significantly affect prediction.,Consistent,0.01
FogRelation,1.125,-1.6333321332931519,-1.6322717666625977,0.0010603666305541992,0.06492041390333346,True,0.0016775131225585938,0.10270489763324434,True,0.0010603666305541992,PASS,7,Fog should not significantly affect prediction.,Consistent,0.01
FogRelation,1.5,-1.6333321332931519,-1.6321563720703125,0.0011757612228393555,0.07198538980647305,True,0.0016775131225585938,0.10270489763324434,True,0.0011757612228393555,PASS,7,Fog should not significantly affect prediction.,Consistent,0.01
HazeRelation,0.0,-1.6333321332931519,-1.6333400011062622,7.867813110351562e-06,0.0004817029024867912,True,0.003846883773803711,0.23552352520073866,True,7.867813110351562e-06,PASS,7,Haze should not significantly affect prediction.,Consistent,0.01
HazeRelation,0.375,-1.6333321332931519,-1.632500171661377,0.0008319616317749023,0.050936432673565395,True,0.003846883773803711,0.23552352520073866,True,0.0008319616317749023,PASS,7,Haze should not significantly affect prediction.,Consistent,0.01
HazeRelation,0.75,-1.6333321332931519,-1.6318517923355103,0.0014803409576416016,0.09063313095577233,True,0.003846883773803711,0.23552352520073866,True,0.0014803409576416016,PASS,7,Haze should not significantly affect prediction.,Consistent,0.01
HazeRelation,1.125,-1.6333321332931519,-1.6303924322128296,0.0029397010803222656,0.17998172083824654,True,0.003846883773803711,0.23552352520073866,True,0.0029397010803222656,PASS,7,Haze should not significantly affect prediction.,Consistent,0.01
HazeRelation,1.5,-1.6333321332931519,-1.6294931173324585,0.0038390159606933594,0.23504182229825188,True,0.003846883773803711,0.23552352520073866,True,0.0038390159606933594,PASS,7,Haze should not significantly affect prediction.,Consistent,0.01
NoiseRelation,0.0,-1.6333321332931519,-1.6333338022232056,1.6689300537109375e-06,0.0001021794035578042,True,0.0001207590103149414,0.00739340970028969,True,1.6689300537109375e-06,PASS,7,Noise should not significantly affect prediction.,Consistent,0.01
NoiseRelation,37.5,-1.6333321332931519,-1.6333527565002441,2.0623207092285156e-05,0.0012626454868214375,True,0.0001207590103149414,0.00739340970028969,True,2.0623207092285156e-05,PASS,7,Noise should not significantly affect prediction.,Consistent,0.01
NoiseRelation,75.0,-1.6333321332931519,-1.6333752870559692,4.315376281738281e-05,0.002642067434851794,True,0.0001207590103149414,0.00739340970028969,True,4.315376281738281e-05,PASS,7,Noise should not significantly affect prediction.,Consistent,0.01
NoiseRelation,112.5,-1.6333321332931519,-1.6333261728286743,5.9604644775390625e-06,0.00036492644127787216,True,0.0001207590103149414,0.00739340970028969,True,5.9604644775390625e-06,PASS,7,Noise should not significantly affect prediction.,Consistent,0.01
NoiseRelation,150.0,-1.6333321332931519,-1.6334469318389893,0.00011479854583740234,0.007028483259011817,True,0.0001207590103149414,0.00739340970028969,True,0.00011479854583740234,PASS,7,Noise should not significantly affect prediction.,Consistent,0.01
RainRelation,0.0,-1.6333321332931519,-1.6330394744873047,0.00029265880584716797,0.01791788826674352,True,0.004298567771911621,0.26317765092077583,True,0.00029265880584716797,PASS,7,Rain should not significantly affect prediction.,Consistent,0.01
RainRelation,0.375,-1.6333321332931519,-1.6331185102462769,0.000213623046875,0.013078963655398937,True,0.004298567771911621,0.26317765092077583,True,0.000213623046875,PASS,7,Rain should not significantly affect prediction.,Consistent,0.01
RainRelation,0.75,-1.6333321332931519,-1.6310079097747803,0.002324223518371582,0.14229941651189346,True,0.004298567771911621,0.26317765092077583,True,0.002324223518371582,PASS,7,Rain should not significantly affect prediction.,Consistent,0.01
RainRelation,1.125,-1.6333321332931519,-1.631583571434021,0.0017485618591308594,0.10705482081327658,True,0.004298567771911621,0.26317765092077583,True,0.0017485618591308594,PASS,7,Rain should not significantly affect prediction.,Consistent,0.01
RainRelation,1.5,-1.6333321332931519,-1.6288199424743652,0.004512190818786621,0.27625661457617473,True,0.004298567771911621,0.26317765092077583,True,0.004512190818786621,PASS,7,Rain should not significantly affect prediction.,Consistent,0.01
RotationRelation,-60.0,-1.6333321332931519,-1.6333855390548706,5.340576171875e-05,0.0032697409138497343,True,0.000247955322265625,0.015180939957159481,True,5.340576171875e-05,PASS,7,Small rotation should not significantly change output.,Consistent,0.01
RotationRelation,-30.0,-1.6333321332931519,-1.6333441734313965,1.2040138244628906e-05,0.0007371514113813018,True,0.000247955322265625,0.015180939957159481,True,1.2040138244628906e-05,PASS,7,Small rotation should not significantly change output.,Consistent,0.01
RotationRelation,0.0,-1.6333321332931519,-1.6333467960357666,1.4662742614746094e-05,0.0008977190455435655,True,0.000247955322265625,0.015180939957159481,True,1.4662742614746094e-05,PASS,7,Small rotation should not significantly change output.,Consistent,0.01
RotationRelation,30.0,-1.6333321332931519,-1.6331604719161987,0.000171661376953125,0.010509881508802717,True,0.000247955322265625,0.015180939957159481,True,0.000171661376953125,PASS,7,Small rotation should not significantly change output.,Consistent,0.01
RotationRelation,60.0,-1.6333321332931519,-1.6334084272384644,7.62939453125e-05,0.004671058448356764,True,0.000247955322265625,0.015180939957159481,True,7.62939453125e-05,PASS,7,Small rotation should not significantly change output.,Consistent,0.01
SandstormRelation,0.0,-1.6333321332931519,-1.6362149715423584,0.002882838249206543,0.17650032258845563,True,0.002108335494995117,0.12908178080880894,True,0.002882838249206543,PASS,7,Sandstorm should not significantly affect prediction.,Consistent,0.01
SandstormRelation,0.375,-1.6333321332931519,-1.635729432106018,0.002397298812866211,0.14677341468196017,True,0.002108335494995117,0.12908178080880894,True,0.002397298812866211,PASS,7,Sandstorm should not significantly affect prediction.,Consistent,0.01
SandstormRelation,0.75,-1.6333321332931519,-1.635108470916748,0.0017763376235961914,0.10875537802963145,True,0.002108335494995117,0.12908178080880894,True,0.0017763376235961914,PASS,7,Sandstorm should not significantly affect prediction.,Consistent,0.01
SandstormRelation,1.125,-1.6333321332931519,-1.6341066360473633,0.0007745027542114258,0.0474185417796467,True,0.002108335494995117,0.12908178080880894,True,0.0007745027542114258,PASS,7,Sandstorm should not significantly affect prediction.,Consistent,0.01
SandstormRelation,1.5,-1.6333321332931519,-1.634243130683899,0.0009109973907470703,0.055775357284909975,True,0.002108335494995117,0.12908178080880894,True,0.0009109973907470703,PASS,7,Sandstorm should not significantly affect prediction.,Consistent,0.01
SmokeRelation,0.0,-1.6333321332931519,-1.6333534717559814,2.1338462829589844e-05,0.0013064366597747821,True,0.0009987354278564453,0.06114707450052025,True,2.1338462829589844e-05,PASS,7,Smoke should not significantly affect prediction.,Consistent,0.01
SmokeRelation,0.375,-1.6333321332931519,-1.633190631866455,0.00014150142669677734,0.008663353715936684,True,0.0009987354278564453,0.06114707450052025,True,0.00014150142669677734,PASS,7,Smoke should not significantly affect prediction.,Consistent,0.01
SmokeRelation,0.75,-1.6333321332931519,-1.6332979202270508,3.421306610107422e-05,0.002094677772934986,True,0.0009987354278564453,0.06114707450052025,True,3.421306610107422e-05,PASS,7,Smoke should not significantly affect prediction.,Consistent,0.01
SmokeRelation,1.125,-1.6333321332931519,-1.6324634552001953,0.000868678092956543,0.05318437955183709,True,0.0009987354278564453,0.06114707450052025,True,0.000868678092956543,PASS,7,Smoke should not significantly affect prediction.,Consistent,0.01
SmokeRelation,1.5,-1.6333321332931519,-1.632354736328125,0.0009773969650268555,0.05984063784074547,True,0.0009987354278564453,0.06114707450052025,True,0.0009773969650268555,PASS,7,Smoke should not significantly affect prediction.,Consistent,0.01
SnowRelation,0.0,-1.6333321332931519,-1.633333683013916,1.5497207641601562e-06,9.488087473224676e-05,True,0.0007965564727783203,0.048768769612374835,True,1.5497207641601562e-06,PASS,7,Snow should not significantly affect prediction.,Consistent,0.01
SnowRelation,0.375,-1.6333321332931519,-1.6331379413604736,0.00019419193267822266,0.011889303456833075,True,0.0007965564727783203,0.048768769612374835,True,0.00019419193267822266,PASS,7,Snow should not significantly affect prediction.,Consistent,0.01
SnowRelation,0.75,-1.6333321332931519,-1.6334266662597656,9.453296661376953e-05,0.005787733358667052,True,0.0007965564727783203,0.048768769612374835,True,9.453296661376953e-05,PASS,7,Snow should not significantly affect prediction.,Consistent,0.01
SnowRelation,1.125,-1.6333321332931519,-1.6337052583694458,0.0003731250762939453,0.0228443952239948,True,0.0007965564727783203,0.048768769612374835,True,0.0003731250762939453,PASS,7,Snow should not significantly affect prediction.,Consistent,0.01
SnowRelation,1.5,-1.6333321332931519,-1.633934497833252,0.0006023645401000977,0.03687946615554176,True,0.0007965564727783203,0.048768769612374835,True,0.0006023645401000977,PASS,7,Snow should not significantly affect prediction.,Consistent,0.01
TranslationRelation,0.0,-1.6333321332931519,-1.633333444595337,1.3113021850585938e-06,8.028381708113187e-05,True,0.0006263256072998047,0.03834647044947881,True,1.3113021850585938e-06,PASS,7,Small translation should preserve prediction consistency.,Consistent,0.01
TranslationRelation,20.0,-1.6333321332931519,-1.6331772804260254,0.00015485286712646484,0.009480788944399118,True,0.0006263256072998047,0.03834647044947881,True,0.00015485286712646484,PASS,7,Small translation should preserve prediction consistency.,Consistent,0.01
TranslationRelation,40.0,-1.6333321332931519,-1.6331603527069092,0.00017178058624267578,0.010517180037628275,True,0.0006263256072998047,0.03834647044947881,True,0.00017178058624267578,PASS,7,Small translation should preserve prediction consistency.,Consistent,0.01
TranslationRelation,60.0,-1.6333321332931519,-1.633786678314209,0.0004545450210571289,0.02782929041185053,True,0.0006263256072998047,0.03834647044947881,True,0.0004545450210571289,PASS,7,Small translation should preserve prediction consistency.,Consistent,0.01
TranslationRelation,80.0,-1.6333321332931519,-1.6336956024169922,0.00036346912384033203,0.022253214389124643,True,0.0006263256072998047,0.03834647044947881,True,0.00036346912384033203,PASS,7,Small translation should preserve prediction consistency.,Consistent,0.01
DarkVisibilityRelation,0.05,-1.6333321332931519,-1.6351616382598877,0.0018295049667358398,0.11201052188583008,True,0.005590558052062988,0.3422791063321674,True,0.0018295049667358398,PASS,7,Output should not change drastically under visibility degradation.,Consistent,0.01
DarkVisibilityRelation,0.4125,-1.6333321332931519,-1.6358988285064697,0.002566695213317871,0.15714462414307728,True,0.005590558052062988,0.3422791063321674,True,0.002566695213317871,PASS,7,Output should not change drastically under visibility degradation.,Consistent,0.01
DarkVisibilityRelation,0.775,-1.6333321332931519,-1.6347367763519287,0.0014046430587768555,0.08599856515154335,True,0.005590558052062988,0.3422791063321674,True,0.0014046430587768555,PASS,7,Output should not change drastically under visibility degradation.,Consistent,0.01
DarkVisibilityRelation,1.1375,-1.6333321332931519,-1.6303082704544067,0.003023862838745117,0.1851344821890901,True,0.005590558052062988,0.3422791063321674,True,0.003023862838745117,PASS,7,Output should not change drastically under visibility degradation.,Consistent,0.01
DarkVisibilityRelation,1.5,-1.6333321332931519,-1.6303088665008545,0.0030232667922973633,0.18509798954496232,True,0.005590558052062988,0.3422791063321674,True,0.0030232667922973633,PASS,7,Output should not change drastically under visibility degradation.,Consistent,0.01
TemporalSmoothnessRelation,0.0,-1.6304880380630493,-1.6305930614471436,0.00010502338409423828,0.0,True,,,,0.00010502338409423828,PASS,7,Predictions should change smoothly across consecutive frames.,Consistent,0.01
BlurRelation,1.0,-1.632733702659607,-1.6298270225524902,0.0029066801071166992,0.1780252543405813,True,0.00014901161193847656,0.009126504856897292,True,0.0029066801071166992,PASS,8,Blur should not significantly change output.,Consistent,0.01
BlurRelation,8.5,-1.632733702659607,-1.6299340724945068,0.0027996301651000977,0.1714687732513863,True,0.00014901161193847656,0.009126504856897292,True,0.0027996301651000977,PASS,8,Blur should not significantly change output.,Consistent,0.01
BlurRelation,16.0,-1.632733702659607,-1.6297879219055176,0.0029457807540893555,0.1804200492150312,True,0.00014901161193847656,0.009126504856897292,True,0.0029457807540893555,PASS,8,Blur should not significantly change output.,Consistent,0.01
BlurRelation,23.5,-1.632733702659607,-1.629936933517456,0.002796769142150879,0.17129354435813388,True,0.00014901161193847656,0.009126504856897292,True,0.002796769142150879,PASS,8,Blur should not significantly change output.,Consistent,0.01
BlurRelation,31.0,-1.632733702659607,-1.6299011707305908,0.0028325319290161133,0.17348390552378923,True,0.00014901161193847656,0.009126504856897292,True,0.0028325319290161133,PASS,8,Blur should not significantly change output.,Consistent,0.01
BrightnessRelation,0.1,-1.632733702659607,-1.6329240798950195,0.00019037723541259766,0.011660022605171978,True,0.0023794174194335938,0.14573202955493594,True,0.00019037723541259766,PASS,8,Output should remain approximately same under localized brightness change.,Consistent,0.01
BrightnessRelation,0.825,-1.632733702659607,-1.633316993713379,0.0005832910537719727,0.03572479061183875,True,0.0023794174194335938,0.14573202955493594,True,0.0005832910537719727,PASS,8,Output should remain approximately same under localized brightness change.,Consistent,0.01
BrightnessRelation,1.55,-1.632733702659607,-1.6340117454528809,0.0012780427932739258,0.0782762068566367,True,0.0023794174194335938,0.14573202955493594,True,0.0012780427932739258,PASS,8,Output should remain approximately same under localized brightness change.,Consistent,0.01
BrightnessRelation,2.275,-1.632733702659607,-1.632814884185791,8.118152618408203e-05,0.004972119846037644,True,0.0023794174194335938,0.14573202955493594,True,8.118152618408203e-05,PASS,8,Output should remain approximately same under localized brightness change.,Consistent,0.01
BrightnessRelation,3.0,-1.632733702659607,-1.6316323280334473,0.001101374626159668,0.06745582269829925,True,0.0023794174194335938,0.14573202955493594,True,0.001101374626159668,PASS,8,Output should remain approximately same under localized brightness change.,Consistent,0.01
CompositeRelation,0.1,-1.632733702659607,-1.6338708400726318,0.0011371374130249023,0.0696461838639546,True,0.004120588302612305,0.2523734135068094,True,0.0011371374130249023,PASS,8,Prediction should remain approximately consistent under composite transformations.,Consistent,0.01
CompositeRelation,0.44999999999999996,-1.632733702659607,-1.6336731910705566,0.000939488410949707,0.05754078782176604,True,0.004120588302612305,0.2523734135068094,True,0.000939488410949707,PASS,8,Prediction should remain approximately consistent under composite transformations.,Consistent,0.01
CompositeRelation,0.7999999999999999,-1.632733702659607,-1.6307451725006104,0.001988530158996582,0.12179138201432298,True,0.004120588302612305,0.2523734135068094,True,0.001988530158996582,PASS,8,Prediction should remain approximately consistent under composite transformations.,Consistent,0.01
CompositeRelation,1.15,-1.632733702659607,-1.6337759494781494,0.0010422468185424805,0.06383442557108242,True,0.004120588302612305,0.2523734135068094,True,0.0010422468185424805,PASS,8,Prediction should remain approximately consistent under composite transformations.,Consistent,0.01
CompositeRelation,1.5,-1.632733702659607,-1.6348657608032227,0.0021320581436157227,0.13058203149248646,True,0.004120588302612305,0.2523734135068094,True,0.0021320581436157227,PASS,8,Prediction should remain approximately consistent under composite transformations.,Consistent,0.01
ContrastRelation,0.1,-1.632733702659607,-1.6347557306289673,0.0020220279693603516,0.12384302030615348,True,8.761882781982422e-05,0.005366384855855608,True,0.0020220279693603516,PASS,8,Contrast change should not significantly affect output.,Consistent,0.01
ContrastRelation,1.075,-1.632733702659607,-1.6347715854644775,0.0020378828048706055,0.12481408042292735,True,8.761882781982422e-05,0.005366384855855608,True,0.0020378828048706055,PASS,8,Contrast change should not significantly affect output.,Consistent,0.01
ContrastRelation,2.05,-1.632733702659607,-1.634732723236084,0.0019990205764770508,0.12243388795624853,True,8.761882781982422e-05,0.005366384855855608,True,0.0019990205764770508,PASS,8,Contrast change should not significantly affect output.,Consistent,0.01
ContrastRelation,3.025,-1.632733702659607,-1.6347177028656006,0.0019840002059936523,0.12151393626667328,True,8.761882781982422e-05,0.005366384855855608,True,0.0019840002059936523,PASS,8,Contrast change should not significantly affect output.,Consistent,0.01
ContrastRelation,4.0,-1.632733702659607,-1.6348053216934204,0.0020716190338134766,0.1268803211225289,True,8.761882781982422e-05,0.005366384855855608,True,0.0020716190338134766,PASS,8,Contrast change should not significantly affect output.,Consistent,0.01
DarkVisibilityRelation,0.05,-1.632733702659607,-1.6351616382598877,0.0024279356002807617,0.1487036195363417,True,0.005590558052062988,0.3424045586191298,True,0.0024279356002807617,PASS,8,Output should not change drastically under visibility degradation.,Consistent,0.01
DarkVisibilityRelation,0.4125,-1.632733702659607,-1.6358988285064697,0.003165125846862793,0.19385426436438397,True,0.005590558052062988,0.3424045586191298,True,0.003165125846862793,PASS,8,Output should not change drastically under visibility degradation.,Consistent,0.01
DarkVisibilityRelation,0.775,-1.632733702659607,-1.6347367763519287,0.0020030736923217773,0.12268212888835615,True,0.005590558052062988,0.3424045586191298,True,0.0020030736923217773,PASS,8,Output should not change drastically under visibility degradation.,Consistent,0.01
DarkVisibilityRelation,1.1375,-1.632733702659607,-1.6303082704544067,0.0024254322052001953,0.14855029425474583,True,0.005590558052062988,0.3424045586191298,True,0.0024254322052001953,PASS,8,Output should not change drastically under visibility degradation.,Consistent,0.01
DarkVisibilityRelation,1.5,-1.632733702659607,-1.6303088665008545,0.0024248361587524414,0.14851378823531824,True,0.005590558052062988,0.3424045586191298,True,0.0024248361587524414,PASS,8,Output should not change drastically under visibility degradation.,Consistent,0.01
DustRelation,0.0,-1.632733702659607,-1.63334321975708,0.0006095170974731445,0.037331055466652684,True,0.00124359130859375,0.07616615893372204,True,0.0006095170974731445,PASS,8,Dust should not significantly affect prediction.,Consistent,0.01
DustRelation,0.375,-1.632733702659607,-1.6333811283111572,0.000647425651550293,0.03965283830224735,True,0.00124359130859375,0.07616615893372204,True,0.000647425651550293,PASS,8,Dust should not significantly affect prediction.,Consistent,0.01
DustRelation,0.75,-1.632733702659607,-1.6325322389602661,0.0002014636993408203,0.012339034566525138,True,0.00124359130859375,0.07616615893372204,True,0.0002014636993408203,PASS,8,Dust should not significantly affect prediction.,Consistent,0.01
DustRelation,1.125,-1.632733702659607,-1.6337758302688599,0.0010421276092529297,0.0638271243671969,True,0.00124359130859375,0.07616615893372204,True,0.0010421276092529297,PASS,8,Dust should not significantly affect prediction.,Consistent,0.01
DustRelation,1.5,-1.632733702659607,-1.6331579685211182,0.00042426586151123047,0.02598498462855797,True,0.00124359130859375,0.07616615893372204,True,0.00042426586151123047,PASS,8,Dust should not significantly affect prediction.,Consistent,0.01
FogRelation,0.0,-1.632733702659607,-1.6303081512451172,0.002425551414489746,0.14855759545863134,True,0.0015424489974975586,0.09447027707471524,True,0.002425551414489746,PASS,8,Fog should not significantly affect prediction.,Consistent,0.01
FogRelation,0.375,-1.632733702659607,-1.6307109594345093,0.0020227432250976562,0.12388682752946659,True,0.0015424489974975586,0.09447027707471524,True,0.0020227432250976562,PASS,8,Fog should not significantly affect prediction.,Consistent,0.01
FogRelation,0.75,-1.632733702659607,-1.6314365863800049,0.0012971162796020508,0.07944439947831954,True,0.0015424489974975586,0.09447027707471524,True,0.0012971162796020508,PASS,8,Fog should not significantly affect prediction.,Consistent,0.01
FogRelation,1.125,-1.632733702659607,-1.6317826509475708,0.0009510517120361328,0.058249004598661266,True,0.0015424489974975586,0.09447027707471524,True,0.0009510517120361328,PASS,8,Fog should not significantly affect prediction.,Consistent,0.01
FogRelation,1.5,-1.632733702659607,-1.6318506002426147,0.0008831024169921875,0.05408731838391611,True,0.0015424489974975586,0.09447027707471524,True,0.0008831024169921875,PASS,8,Fog should not significantly affect prediction.,Consistent,0.01
HazeRelation,0.0,-1.632733702659607,-1.6362345218658447,0.003500819206237793,0.21441445450600222,True,0.005337357521057129,0.32689680156629,True,0.003500819206237793,PASS,8,Haze should not significantly affect prediction.,Consistent,0.01
HazeRelation,0.375,-1.632733702659607,-1.6350959539413452,0.0023622512817382812,0.14468065619542136,True,0.005337357521057129,0.32689680156629,True,0.0023622512817382812,PASS,8,Haze should not significantly affect prediction.,Consistent,0.01
HazeRelation,0.75,-1.632733702659607,-1.6334278583526611,0.0006941556930541992,0.042514910225370336,True,0.005337357521057129,0.32689680156629,True,0.0006941556930541992,PASS,8,Haze should not significantly affect prediction.,Consistent,0.01
HazeRelation,1.125,-1.632733702659607,-1.633376955986023,0.0006432533264160156,0.039397296166254224,True,0.005337357521057129,0.32689680156629,True,0.0006432533264160156,PASS,8,Haze should not significantly affect prediction.,Consistent,0.01
HazeRelation,1.5,-1.632733702659607,-1.6308971643447876,0.001836538314819336,0.11248234706028773,True,0.005337357521057129,0.32689680156629,True,0.001836538314819336,PASS,8,Haze should not significantly affect prediction.,Consistent,0.01
NoiseRelation,0.0,-1.632733702659607,-1.6304881572723389,0.0022455453872680664,0.1375327775914994,True,0.00015985965728759766,0.009790914410479414,True,0.0022455453872680664,PASS,8,Noise should not significantly affect prediction.,Consistent,0.01
NoiseRelation,37.5,-1.632733702659607,-1.6304919719696045,0.0022417306900024414,0.13729913906716285,True,0.00015985965728759766,0.009790914410479414,True,0.0022417306900024414,PASS,8,Noise should not significantly affect prediction.,Consistent,0.01
NoiseRelation,75.0,-1.632733702659607,-1.6305115222930908,0.0022221803665161133,0.13610174162993793,True,0.00015985965728759766,0.009790914410479414,True,0.0022221803665161133,PASS,8,Noise should not significantly affect prediction.,Consistent,0.01
NoiseRelation,112.5,-1.632733702659607,-1.6305304765701294,0.002203226089477539,0.13494085021214058,True,0.00015985965728759766,0.009790914410479414,True,0.002203226089477539,PASS,8,Noise should not significantly affect prediction.,Consistent,0.01
NoiseRelation,150.0,-1.632733702659607,-1.6303706169128418,0.0023630857467651367,0.14473176462262,True,0.00015985965728759766,0.009790914410479414,True,0.0023630857467651367,PASS,8,Noise should not significantly affect prediction.,Consistent,0.01
RainRelation,0.0,-1.632733702659607,-1.6330394744873047,0.0003057718276977539,0.01872758796635324,True,0.004298567771911621,0.26327411090788755,True,0.0003057718276977539,PASS,8,Rain should not significantly affect prediction.,Consistent,0.01
RainRelation,0.375,-1.632733702659607,-1.6331185102462769,0.0003848075866699219,0.023568286142451565,True,0.004298567771911621,0.26327411090788755,True,0.0003848075866699219,PASS,8,Rain should not significantly affect prediction.,Consistent,0.01
RainRelation,0.75,-1.632733702659607,-1.6310079097747803,0.0017257928848266602,0.10569952865064167,True,0.004298567771911621,0.26327411090788755,True,0.0017257928848266602,PASS,8,Rain should not significantly affect prediction.,Consistent,0.01
RainRelation,1.125,-1.632733702659607,-1.631583571434021,0.0011501312255859375,0.07044201508747605,True,0.004298567771911621,0.26327411090788755,True,0.0011501312255859375,PASS,8,Rain should not significantly affect prediction.,Consistent,0.01
RainRelation,1.5,-1.632733702659607,-1.6288199424743652,0.003913760185241699,0.23970582476543598,True,0.004298567771911621,0.26327411090788755,True,0.003913760185241699,PASS,8,Rain should not significantly affect prediction.,Consistent,0.01
RotationRelation,-60.0,-1.632733702659607,-1.6303070783615112,0.002426624298095703,0.14862330629360102,True,9.012222290039062e-05,0.005519710137451481,True,0.002426624298095703,PASS,8,Small rotation should not significantly change output.,Consistent,0.01
RotationRelation,-30.0,-1.632733702659607,-1.630299687385559,0.0024340152740478516,0.1490759809345031,True,9.012222290039062e-05,0.005519710137451481,True,0.0024340152740478516,PASS,8,Small rotation should not significantly change output.,Consistent,0.01
RotationRelation,0.0,-1.632733702659607,-1.630301594734192,0.002432107925415039,0.14895916167233483,True,9.012222290039062e-05,0.005519710137451481,True,0.002432107925415039,PASS,8,Small rotation should not significantly change output.,Consistent,0.01
RotationRelation,30.0,-1.632733702659607,-1.6302988529205322,0.002434849739074707,0.14912708936170174,True,9.012222290039062e-05,0.005519710137451481,True,0.002434849739074707,PASS,8,Small rotation should not significantly change output.,Consistent,0.01
RotationRelation,60.0,-1.632733702659607,-1.6303889751434326,0.0023447275161743164,0.14360737922425024,True,9.012222290039062e-05,0.005519710137451481,True,0.0023447275161743164,PASS,8,Small rotation should not significantly change output.,Consistent,0.01
SandstormRelation,0.0,-1.632733702659607,-1.6304912567138672,0.002242445945739746,0.13734294629047594,True,0.0009274482727050781,0.05680336622932874,True,0.002242445945739746,PASS,8,Sandstorm should not significantly affect prediction.,Consistent,0.01
SandstormRelation,0.375,-1.632733702659607,-1.6305164098739624,0.0022172927856445312,0.13580239227063168,True,0.0009274482727050781,0.05680336622932874,True,0.0022172927856445312,PASS,8,Sandstorm should not significantly affect prediction.,Consistent,0.01
SandstormRelation,0.75,-1.632733702659607,-1.631052017211914,0.001681685447692871,0.10299808321300008,True,0.0009274482727050781,0.05680336622932874,True,0.001681685447692871,PASS,8,Sandstorm should not significantly affect prediction.,Consistent,0.01
SandstormRelation,1.125,-1.632733702659607,-1.6309062242507935,0.0018274784088134766,0.11192745556498837,True,0.0009274482727050781,0.05680336622932874,True,0.0018274784088134766,PASS,8,Sandstorm should not significantly affect prediction.,Consistent,0.01
SandstormRelation,1.5,-1.632733702659607,-1.630124568939209,0.0026091337203979492,0.15980144944232882,True,0.0009274482727050781,0.05680336622932874,True,0.0026091337203979492,PASS,8,Sandstorm should not significantly affect prediction.,Consistent,0.01
SmokeRelation,0.0,-1.632733702659607,-1.6346914768218994,0.0019577741622924805,0.11990767141185937,True,0.0008060932159423828,0.04937074067387159,True,0.0019577741622924805,PASS,8,Smoke should not significantly affect prediction.,Consistent,0.01
SmokeRelation,0.375,-1.632733702659607,-1.6343090534210205,0.0015753507614135742,0.09648540934711816,True,0.0008060932159423828,0.04937074067387159,True,0.0015753507614135742,PASS,8,Smoke should not significantly affect prediction.,Consistent,0.01
SmokeRelation,0.75,-1.632733702659607,-1.633885383605957,0.0011516809463500977,0.07053693073798778,True,0.0008060932159423828,0.04937074067387159,True,0.0011516809463500977,PASS,8,Smoke should not significantly affect prediction.,Consistent,0.01
SmokeRelation,1.125,-1.632733702659607,-1.6344696283340454,0.0017359256744384766,0.1063201309809107,True,0.0008060932159423828,0.04937074067387159,True,0.0017359256744384766,PASS,8,Smoke should not significantly affect prediction.,Consistent,0.01
SmokeRelation,1.5,-1.632733702659607,-1.6345316171646118,0.0017979145050048828,0.11011675700137995,True,0.0008060932159423828,0.04937074067387159,True,0.0017979145050048828,PASS,8,Smoke should not significantly affect prediction.,Consistent,0.01
SnowRelation,0.0,-1.632733702659607,-1.630594253540039,0.002139449119567871,0.13103470613338852,True,0.0006750822067260742,0.04134671760368749,True,0.002139449119567871,PASS,8,Snow should not significantly affect prediction.,Consistent,0.01
SnowRelation,0.375,-1.632733702659607,-1.6307467222213745,0.001986980438232422,0.12169646636381123,True,0.0006750822067260742,0.04134671760368749,True,0.001986980438232422,PASS,8,Snow should not significantly affect prediction.,Consistent,0.01
SnowRelation,0.75,-1.632733702659607,-1.6300872564315796,0.0026464462280273438,0.16208672625849588,True,0.0006750822067260742,0.04134671760368749,True,0.0026464462280273438,PASS,8,Snow should not significantly affect prediction.,Consistent,0.01
SnowRelation,1.125,-1.632733702659607,-1.6307623386383057,0.0019713640213012695,0.1207400086548084,True,0.0006750822067260742,0.04134671760368749,True,0.0019713640213012695,PASS,8,Snow should not significantly affect prediction.,Consistent,0.01
SnowRelation,1.5,-1.632733702659607,-1.6301218271255493,0.002611875534057617,0.15996937713169573,True,0.0006750822067260742,0.04134671760368749,True,0.002611875534057617,PASS,8,Snow should not significantly affect prediction.,Consistent,0.01
TranslationRelation,0.0,-1.632733702659607,-1.6303086280822754,0.002425074577331543,0.1485283906430893,True,0.0004582405090332031,0.028065827735930547,True,0.002425074577331543,PASS,8,Small translation should preserve prediction consistency.,Consistent,0.01
TranslationRelation,20.0,-1.632733702659607,-1.6303575038909912,0.0023761987686157227,0.14553489705002695,True,0.0004582405090332031,0.028065827735930547,True,0.0023761987686157227,PASS,8,Small translation should preserve prediction consistency.,Consistent,0.01
TranslationRelation,40.0,-1.632733702659607,-1.6303675174713135,0.002366185188293457,0.14492159592364345,True,0.0004582405090332031,0.028065827735930547,True,0.002366185188293457,PASS,8,Small translation should preserve prediction consistency.,Consistent,0.01
TranslationRelation,60.0,-1.632733702659607,-1.630427360534668,0.002306342124938965,0.1412563915731135,True,0.0004582405090332031,0.028065827735930547,True,0.002306342124938965,PASS,8,Small translation should preserve prediction consistency.,Consistent,0.01
TranslationRelation,80.0,-1.632733702659607,-1.6307668685913086,0.00196683406829834,0.12046256290715873,True,0.0004582405090332031,0.028065827735930547,True,0.00196683406829834,PASS,8,Small translation should preserve prediction consistency.,Consistent,0.01
DarkVisibilityRelation,0.05,-1.632733702659607,-1.6351616382598877,0.0024279356002807617,0.1487036195363417,True,0.005590558052062988,0.3424045586191298,True,0.0024279356002807617,PASS,8,Output should not change drastically under visibility degradation.,Consistent,0.01
DarkVisibilityRelation,0.4125,-1.632733702659607,-1.6358988285064697,0.003165125846862793,0.19385426436438397,True,0.005590558052062988,0.3424045586191298,True,0.003165125846862793,PASS,8,Output should not change drastically under visibility degradation.,Consistent,0.01
DarkVisibilityRelation,0.775,-1.632733702659607,-1.6347367763519287,0.0020030736923217773,0.12268212888835615,True,0.005590558052062988,0.3424045586191298,True,0.0020030736923217773,PASS,8,Output should not change drastically under visibility degradation.,Consistent,0.01
DarkVisibilityRelation,1.1375,-1.632733702659607,-1.6303082704544067,0.0024254322052001953,0.14855029425474583,True,0.005590558052062988,0.3424045586191298,True,0.0024254322052001953,PASS,8,Output should not change drastically under visibility degradation.,Consistent,0.01
DarkVisibilityRelation,1.5,-1.632733702659607,-1.6303088665008545,0.0024248361587524414,0.14851378823531824,True,0.005590558052062988,0.3424045586191298,True,0.0024248361587524414,PASS,8,Output should not change drastically under visibility degradation.,Consistent,0.01
TemporalSmoothnessRelation,0.0,-1.6304880380630493,-1.6305930614471436,0.00010502338409423828,0.0,True,,,,0.00010502338409423828,PASS,8,Predictions should change smoothly across consecutive frames.,Consistent,0.01
BlurRelation,1.0,-1.6377265453338623,-1.6298270225524902,0.00789952278137207,0.4823465785795096,True,0.00014901161193847656,0.009098681423722374,True,0.00789952278137207,PASS,9,Blur should not significantly change output.,Consistent,0.01
BlurRelation,8.5,-1.6377265453338623,-1.6299340724945068,0.007792472839355469,0.4758100858447074,True,0.00014901161193847656,0.009098681423722374,True,0.007792472839355469,PASS,9,Blur should not significantly change output.,Consistent,0.01
BlurRelation,16.0,-1.6377265453338623,-1.6297879219055176,0.007938623428344727,0.4847340725850943,True,0.00014901161193847656,0.009098681423722374,True,0.007938623428344727,PASS,9,Blur should not significantly change output.,Consistent,0.01
BlurRelation,23.5,-1.6377265453338623,-1.629936933517456,0.00778961181640625,0.4756353911613719,True,0.00014901161193847656,0.009098681423722374,True,0.00778961181640625,PASS,9,Blur should not significantly change output.,Consistent,0.01
BlurRelation,31.0,-1.6377265453338623,-1.6299011707305908,0.007825374603271484,0.4778190747030652,True,0.00014901161193847656,0.009098681423722374,True,0.007825374603271484,PASS,9,Blur should not significantly change output.,Consistent,0.01
BrightnessRelation,0.1,-1.6377265453338623,-1.6329240798950195,0.0048024654388427734,0.2932395838688637,True,0.0023794174194335938,0.1452877449739989,True,0.0048024654388427734,PASS,9,Output should remain approximately same under localized brightness change.,Consistent,0.01
BrightnessRelation,0.825,-1.6377265453338623,-1.633316993713379,0.0044095516204833984,0.2692481806907925,True,0.0023794174194335938,0.1452877449739989,True,0.0044095516204833984,PASS,9,Output should remain approximately same under localized brightness change.,Consistent,0.01
BrightnessRelation,1.55,-1.6377265453338623,-1.6340117454528809,0.0037147998809814453,0.22682648842082934,True,0.0023794174194335938,0.1452877449739989,True,0.0037147998809814453,PASS,9,Output should remain approximately same under localized brightness change.,Consistent,0.01
BrightnessRelation,2.275,-1.6377265453338623,-1.632814884185791,0.004911661148071289,0.29990709761616746,True,0.0023794174194335938,0.1452877449739989,True,0.004911661148071289,PASS,9,Output should remain approximately same under localized brightness change.,Consistent,0.01
BrightnessRelation,3.0,-1.6377265453338623,-1.6316323280334473,0.006094217300415039,0.3721142333948282,True,0.0023794174194335938,0.1452877449739989,True,0.006094217300415039,PASS,9,Output should remain approximately same under localized brightness change.,Consistent,0.01
CompositeRelation,0.1,-1.6377265453338623,-1.6338708400726318,0.0038557052612304688,0.2354302015751012,True,0.004120588302612305,0.2516040176739101,True,0.0038557052612304688,PASS,9,Prediction should remain approximately consistent under composite transformations.,Consistent,0.01
CompositeRelation,0.44999999999999996,-1.6377265453338623,-1.6336731910705566,0.004053354263305664,0.24749869261552654,True,0.004120588302612305,0.2516040176739101,True,0.004053354263305664,PASS,9,Prediction should remain approximately consistent under composite transformations.,Consistent,0.01
CompositeRelation,0.7999999999999999,-1.6377265453338623,-1.6307451725006104,0.006981372833251953,0.4262841431191018,True,0.004120588302612305,0.2516040176739101,True,0.006981372833251953,PASS,9,Prediction should remain approximately consistent under composite transformations.,Consistent,0.01
CompositeRelation,1.15,-1.6377265453338623,-1.6337759494781494,0.003950595855712891,0.2412242419057276,True,0.004120588302612305,0.2516040176739101,True,0.003950595855712891,PASS,9,Prediction should remain approximately consistent under composite transformations.,Consistent,0.01
CompositeRelation,1.5,-1.6377265453338623,-1.6348657608032227,0.0028607845306396484,0.17468012544519165,True,0.004120588302612305,0.2516040176739101,True,0.0028607845306396484,PASS,9,Prediction should remain approximately consistent under composite transformations.,Consistent,0.01
ContrastRelation,0.1,-1.6377265453338623,-1.6347557306289673,0.0029708147048950195,0.18139859180846823,True,8.761882781982422e-05,0.0053500246771487564,True,0.0029708147048950195,PASS,9,Contrast change should not significantly affect output.,Consistent,0.01
ContrastRelation,1.075,-1.6377265453338623,-1.6347715854644775,0.0029549598693847656,0.18043049210498419,True,8.761882781982422e-05,0.0053500246771487564,True,0.0029549598693847656,PASS,9,Contrast change should not significantly affect output.,Consistent,0.01
ContrastRelation,2.05,-1.6377265453338623,-1.634732723236084,0.0029938220977783203,0.18280342822029097,True,8.761882781982422e-05,0.0053500246771487564,True,0.0029938220977783203,PASS,9,Contrast change should not significantly affect output.,Consistent,0.01
ContrastRelation,3.025,-1.6377265453338623,-1.6347177028656006,0.0030088424682617188,0.1837205753078022,True,8.761882781982422e-05,0.0053500246771487564,True,0.0030088424682617188,PASS,9,Contrast change should not significantly affect output.,Consistent,0.01
ContrastRelation,4.0,-1.6377265453338623,-1.6348053216934204,0.0029212236404418945,0.17837055063065343,True,8.761882781982422e-05,0.0053500246771487564,True,0.0029212236404418945,PASS,9,Contrast change should not significantly affect output.,Consistent,0.01
DarkVisibilityRelation,0.05,-1.6377265453338623,-1.6351616382598877,0.0025649070739746094,0.1566137836102485,True,0.005590558052062988,0.3413606901826466,True,0.0025649070739746094,PASS,9,Output should not change drastically under visibility degradation.,Consistent,0.01
DarkVisibilityRelation,0.4125,-1.6377265453338623,-1.6358988285064697,0.0018277168273925781,0.11160078687080915,True,0.005590558052062988,0.3413606901826466,True,0.0018277168273925781,PASS,9,Output should not change drastically under visibility degradation.,Consistent,0.01
DarkVisibilityRelation,0.775,-1.6377265453338623,-1.6347367763519287,0.0029897689819335938,0.18255594408556575,True,0.005590558052062988,0.3413606901826466,True,0.0029897689819335938,PASS,9,Output should not change drastically under visibility degradation.,Consistent,0.01
DarkVisibilityRelation,1.1375,-1.6377265453338623,-1.6303082704544067,0.007418274879455566,0.45296147705345574,True,0.005590558052062988,0.3413606901826466,True,0.007418274879455566,PASS,9,Output should not change drastically under visibility degradation.,Consistent,0.01
DarkVisibilityRelation,1.5,-1.6377265453338623,-1.6303088665008545,0.0074176788330078125,0.45292508232776085,True,0.005590558052062988,0.3413606901826466,True,0.0074176788330078125,PASS,9,Output should not change drastically under visibility degradation.,Consistent,0.01
DustRelation,0.0,-1.6377265453338623,-1.63334321975708,0.0043833255767822266,0.2676468127602174,True,0.00124359130859375,0.07593395568981745,True,0.0043833255767822266,PASS,9,Dust should not significantly affect prediction.,Consistent,0.01
DustRelation,0.375,-1.6377265453338623,-1.6333811283111572,0.004345417022705078,0.26533210820602243,True,0.00124359130859375,0.07593395568981745,True,0.004345417022705078,PASS,9,Dust should not significantly affect prediction.,Consistent,0.01
DustRelation,0.75,-1.6377265453338623,-1.6325322389602661,0.005194306373596191,0.317165476540684,True,0.00124359130859375,0.07593395568981745,True,0.005194306373596191,PASS,9,Dust should not significantly affect prediction.,Consistent,0.01
DustRelation,1.125,-1.6377265453338623,-1.6337758302688599,0.003950715065002441,0.2412315208508666,True,0.00124359130859375,0.07593395568981745,True,0.003950715065002441,PASS,9,Dust should not significantly affect prediction.,Consistent,0.01
DustRelation,1.5,-1.6377265453338623,-1.6331579685211182,0.004568576812744141,0.27895829350618906,True,0.00124359130859375,0.07593395568981745,True,0.004568576812744141,PASS,9,Dust should not significantly affect prediction.,Consistent,0.01
FogRelation,0.0,-1.6377265453338623,-1.6303081512451172,0.007418394088745117,0.45296875599859476,True,0.0015424489974975586,0.09418227115323505,True,0.007418394088745117,PASS,9,Fog should not significantly affect prediction.,Consistent,0.01
FogRelation,0.375,-1.6377265453338623,-1.6307109594345093,0.007015585899353027,0.42837320037398846,True,0.0015424489974975586,0.09418227115323505,True,0.007015585899353027,PASS,9,Fog should not significantly affect prediction.,Consistent,0.01
FogRelation,0.75,-1.6377265453338623,-1.6314365863800049,0.006289958953857422,0.3840662613130299,True,0.0015424489974975586,0.09418227115323505,True,0.006289958953857422,PASS,9,Fog should not significantly affect prediction.,Consistent,0.01
FogRelation,1.125,-1.6377265453338623,-1.6317826509475708,0.005943894386291504,0.36293548357457706,True,0.0015424489974975586,0.09418227115323505,True,0.005943894386291504,PASS,9,Fog should not significantly affect prediction.,Consistent,0.01
FogRelation,1.5,-1.6377265453338623,-1.6318506002426147,0.005875945091247559,0.3587864848453597,True,0.0015424489974975586,0.09418227115323505,True,0.005875945091247559,PASS,9,Fog should not significantly affect prediction.,Consistent,0.01
HazeRelation,0.0,-1.6377265453338623,-1.6362345218658447,0.0014920234680175781,0.0911032773594474,True,0.005337357521057129,0.32590021070745756,True,0.0014920234680175781,PASS,9,Haze should not significantly affect prediction.,Consistent,0.01
HazeRelation,0.375,-1.6377265453338623,-1.6350959539413452,0.00263059139251709,0.1606244823818253,True,0.005337357521057129,0.32590021070745756,True,0.00263059139251709,PASS,9,Haze should not significantly affect prediction.,Consistent,0.01
HazeRelation,0.75,-1.6377265453338623,-1.6334278583526611,0.004298686981201172,0.26247876171154305,True,0.005337357521057129,0.32590021070745756,True,0.004298686981201172,PASS,9,Haze should not significantly affect prediction.,Consistent,0.01
HazeRelation,1.125,-1.6377265453338623,-1.633376955986023,0.0043495893478393555,0.26558687128588665,True,0.005337357521057129,0.32590021070745756,True,0.0043495893478393555,PASS,9,Haze should not significantly affect prediction.,Consistent,0.01
HazeRelation,1.5,-1.6377265453338623,-1.6308971643447876,0.006829380989074707,0.41700348806690496,True,0.005337357521057129,0.32590021070745756,True,0.006829380989074707,PASS,9,Haze should not significantly affect prediction.,Consistent,0.01
NoiseRelation,0.0,-1.6377265453338623,-1.6304881572723389,0.0072383880615234375,0.4419775488387381,True,0.00015985965728759766,0.009761065431369363,True,0.0072383880615234375,PASS,9,Noise should not significantly affect prediction.,Consistent,0.01
NoiseRelation,37.5,-1.6377265453338623,-1.6304919719696045,0.0072345733642578125,0.44174462259429076,True,0.00015985965728759766,0.009761065431369363,True,0.0072345733642578125,PASS,9,Noise should not significantly affect prediction.,Consistent,0.01
NoiseRelation,75.0,-1.6377265453338623,-1.6305115222930908,0.007215023040771484,0.4405508755914984,True,0.00015985965728759766,0.009761065431369363,True,0.007215023040771484,PASS,9,Noise should not significantly affect prediction.,Consistent,0.01
NoiseRelation,112.5,-1.6377265453338623,-1.6305304765701294,0.00719606876373291,0.4393935233144009,True,0.00015985965728759766,0.009761065431369363,True,0.00719606876373291,PASS,9,Noise should not significantly affect prediction.,Consistent,0.01
NoiseRelation,150.0,-1.6377265453338623,-1.6303706169128418,0.007355928421020508,0.4491545887457703,True,0.00015985965728759766,0.009761065431369363,True,0.007355928421020508,PASS,9,Noise should not significantly affect prediction.,Consistent,0.01
RainRelation,0.0,-1.6377265453338623,-1.6330394744873047,0.004687070846557617,0.28619356497433307,True,0.004298567771911621,0.2624714827664041,True,0.004687070846557617,PASS,9,Rain should not significantly affect prediction.,Consistent,0.01
RainRelation,0.375,-1.6377265453338623,-1.6331185102462769,0.004608035087585449,0.28136762434719076,True,0.004298567771911621,0.2624714827664041,True,0.004608035087585449,PASS,9,Rain should not significantly affect prediction.,Consistent,0.01
RainRelation,0.75,-1.6377265453338623,-1.6310079097747803,0.006718635559082031,0.41024134803279444,True,0.004298567771911621,0.2624714827664041,True,0.006718635559082031,PASS,9,Rain should not significantly affect prediction.,Consistent,0.01
RainRelation,1.125,-1.6377265453338623,-1.631583571434021,0.006142973899841309,0.37509132195667017,True,0.004298567771911621,0.2624714827664041,True,0.006142973899841309,PASS,9,Rain should not significantly affect prediction.,Consistent,0.01
RainRelation,1.5,-1.6377265453338623,-1.6288199424743652,0.00890660285949707,0.5438391071135948,True,0.004298567771911621,0.2624714827664041,True,0.00890660285949707,PASS,9,Rain should not significantly affect prediction.,Consistent,0.01
RotationRelation,-60.0,-1.6377265453338623,-1.6303070783615112,0.007419466972351074,0.4530342665048455,True,9.012222290039062e-05,0.005502882525067292,True,0.007419466972351074,PASS,9,Small rotation should not significantly change output.,Consistent,0.01
RotationRelation,-30.0,-1.6377265453338623,-1.630299687385559,0.007426857948303223,0.4534855611034621,True,9.012222290039062e-05,0.005502882525067292,True,0.007426857948303223,PASS,9,Small rotation should not significantly change output.,Consistent,0.01
RotationRelation,0.0,-1.6377265453338623,-1.630301594734192,0.00742495059967041,0.4533690979812385,True,9.012222290039062e-05,0.005502882525067292,True,0.00742495059967041,PASS,9,Small rotation should not significantly change output.,Consistent,0.01
RotationRelation,30.0,-1.6377265453338623,-1.6302988529205322,0.007427692413330078,0.453536513719435,True,9.012222290039062e-05,0.005502882525067292,True,0.007427692413330078,PASS,9,Small rotation should not significantly change output.,Consistent,0.01
RotationRelation,60.0,-1.6377265453338623,-1.6303889751434326,0.0073375701904296875,0.44803363119436773,True,9.012222290039062e-05,0.005502882525067292,True,0.0073375701904296875,PASS,9,Small rotation should not significantly change output.,Consistent,0.01
SandstormRelation,0.0,-1.6377265453338623,-1.6304912567138672,0.007235288619995117,0.44178829626512467,True,0.0009274482727050781,0.05663019318124807,True,0.007235288619995117,PASS,9,Sandstorm should not significantly affect prediction.,Consistent,0.01
SandstormRelation,0.375,-1.6377265453338623,-1.6305164098739624,0.007210135459899902,0.44025243884080034,True,0.0009274482727050781,0.05663019318124807,True,0.007210135459899902,PASS,9,Sandstorm should not significantly affect prediction.,Consistent,0.01
SandstormRelation,0.75,-1.6377265453338623,-1.631052017211914,0.006674528121948242,0.4075481383313726,True,0.0009274482727050781,0.05663019318124807,True,0.006674528121948242,PASS,9,Sandstorm should not significantly affect prediction.,Consistent,0.01
SandstormRelation,1.125,-1.6377265453338623,-1.6309062242507935,0.006820321083068848,0.41645028823634256,True,0.0009274482727050781,0.05663019318124807,True,0.006820321083068848,PASS,9,Sandstorm should not significantly affect prediction.,Consistent,0.01
SandstormRelation,1.5,-1.6377265453338623,-1.630124568939209,0.00760197639465332,0.4641783315126207,True,0.0009274482727050781,0.05663019318124807,True,0.00760197639465332,PASS,9,Sandstorm should not significantly affect prediction.,Consistent,0.01
SmokeRelation,0.0,-1.6377265453338623,-1.6346914768218994,0.0030350685119628906,0.18532194323837733,True,0.0008060932159423828,0.049220227029768554,True,0.0030350685119628906,PASS,9,Smoke should not significantly affect prediction.,Consistent,0.01
SmokeRelation,0.375,-1.6377265453338623,-1.6343090534210205,0.003417491912841797,0.20867279924421844,True,0.0008060932159423828,0.049220227029768554,True,0.003417491912841797,PASS,9,Smoke should not significantly affect prediction.,Consistent,0.01
SmokeRelation,0.75,-1.6377265453338623,-1.633885383605957,0.0038411617279052734,0.2345421702681459,True,0.0008060932159423828,0.049220227029768554,True,0.0038411617279052734,PASS,9,Smoke should not significantly affect prediction.,Consistent,0.01
SmokeRelation,1.125,-1.6377265453338623,-1.6344696283340454,0.0032569169998168945,0.1988680601420152,True,0.0008060932159423828,0.049220227029768554,True,0.0032569169998168945,PASS,9,Smoke should not significantly affect prediction.,Consistent,0.01
SmokeRelation,1.5,-1.6377265453338623,-1.6345316171646118,0.0031949281692504883,0.1950830086697467,True,0.0008060932159423828,0.049220227029768554,True,0.0031949281692504883,PASS,9,Smoke should not significantly affect prediction.,Consistent,0.01
SnowRelation,0.0,-1.6377265453338623,-1.630594253540039,0.007132291793823242,0.43549928766504775,True,0.0006750822067260742,0.04122066632203185,True,0.007132291793823242,PASS,9,Snow should not significantly affect prediction.,Consistent,0.01
SnowRelation,0.375,-1.6377265453338623,-1.6307467222213745,0.006979823112487793,0.426189516832295,True,0.0006750822067260742,0.04122066632203185,True,0.006979823112487793,PASS,9,Snow should not significantly affect prediction.,Consistent,0.01
SnowRelation,0.75,-1.6377265453338623,-1.6300872564315796,0.007639288902282715,0.46645664134112075,True,0.0006750822067260742,0.04122066632203185,True,0.007639288902282715,PASS,9,Snow should not significantly affect prediction.,Consistent,0.01
SnowRelation,1.125,-1.6377265453338623,-1.6307623386383057,0.006964206695556641,0.42523597501908894,True,0.0006750822067260742,0.04122066632203185,True,0.006964206695556641,PASS,9,Snow should not significantly affect prediction.,Consistent,0.01
SnowRelation,1.5,-1.6377265453338623,-1.6301218271255493,0.007604718208312988,0.4643457472508172,True,0.0006750822067260742,0.04122066632203185,True,0.007604718208312988,PASS,9,Snow should not significantly affect prediction.,Consistent,0.01
TranslationRelation,0.0,-1.6377265453338623,-1.6303086280822754,0.007417917251586914,0.4529396402180388,True,0.0004582405090332031,0.02798026511423105,True,0.007417917251586914,PASS,9,Small translation should preserve prediction consistency.,Consistent,0.01
TranslationRelation,20.0,-1.6377265453338623,-1.6303575038909912,0.007369041442871094,0.4499552727110579,True,0.0004582405090332031,0.02798026511423105,True,0.007369041442871094,PASS,9,Small translation should preserve prediction consistency.,Consistent,0.01
TranslationRelation,40.0,-1.6377265453338623,-1.6303675174713135,0.007359027862548828,0.44934384131938376,True,0.0004582405090332031,0.02798026511423105,True,0.007359027862548828,PASS,9,Small translation should preserve prediction consistency.,Consistent,0.01
TranslationRelation,60.0,-1.6377265453338623,-1.630427360534668,0.007299184799194336,0.44568981085961684,True,0.0004582405090332031,0.02798026511423105,True,0.007299184799194336,PASS,9,Small translation should preserve prediction consistency.,Consistent,0.01
TranslationRelation,80.0,-1.6377265453338623,-1.6307668685913086,0.006959676742553711,0.42495937510380777,True,0.0004582405090332031,0.02798026511423105,True,0.006959676742553711,PASS,9,Small translation should preserve prediction consistency.,Consistent,0.01
DarkVisibilityRelation,0.05,-1.6377265453338623,-1.6351616382598877,0.0025649070739746094,0.1566137836102485,True,0.005590558052062988,0.3413606901826466,True,0.0025649070739746094,PASS,9,Output should not change drastically under visibility degradation.,Consistent,0.01
DarkVisibilityRelation,0.4125,-1.6377265453338623,-1.6358988285064697,0.0018277168273925781,0.11160078687080915,True,0.005590558052062988,0.3413606901826466,True,0.0018277168273925781,PASS,9,Output should not change drastically under visibility degradation.,Consistent,0.01
DarkVisibilityRelation,0.775,-1.6377265453338623,-1.6347367763519287,0.0029897689819335938,0.18255594408556575,True,0.005590558052062988,0.3413606901826466,True,0.0029897689819335938,PASS,9,Output should not change drastically under visibility degradation.,Consistent,0.01
DarkVisibilityRelation,1.1375,-1.6377265453338623,-1.6303082704544067,0.007418274879455566,0.45296147705345574,True,0.005590558052062988,0.3413606901826466,True,0.007418274879455566,PASS,9,Output should not change drastically under visibility degradation.,Consistent,0.01
DarkVisibilityRelation,1.5,-1.6377265453338623,-1.6303088665008545,0.0074176788330078125,0.45292508232776085,True,0.005590558052062988,0.3413606901826466,True,0.0074176788330078125,PASS,9,Output should not change drastically under visibility degradation.,Consistent,0.01
TemporalSmoothnessRelation,0.0,-1.6304880380630493,-1.6305930614471436,0.00010502338409423828,0.0,True,,,,0.00010502338409423828,PASS,9,Predictions should change smoothly across consecutive frames.,Consistent,0.01
