timestamp,frame_id,mr,parameter,original_prediction,transformed_prediction,difference,percent_change,status,severity
2026-06-25 00:14:37.770416,30,brightness,0.1,-1.63257896900177,-1.6355173587799072,0.002938389778137207,0.17998443163147873,PASS,MEDIUM
2026-06-25 00:14:37.839618,30,brightness,0.4625,-1.63257896900177,-1.6343401670455933,0.0017611980438232422,0.1078782097822819,PASS,MEDIUM
2026-06-25 00:14:37.917631,30,brightness,0.825,-1.63257896900177,-1.6331629753112793,0.0005840063095092773,0.035771987933085087,PASS,LOW
2026-06-25 00:14:37.980891,30,brightness,1.1875,-1.63257896900177,-1.632192611694336,0.00038635730743408203,0.02366544455830348,PASS,LOW
2026-06-25 00:14:38.043680,30,brightness,1.55,-1.63257896900177,-1.6340965032577515,0.0015175342559814453,0.09295313459648359,PASS,MEDIUM
2026-06-25 00:14:38.177831,30,rotation,-60.0,-1.63257896900177,-1.6298454999923706,0.002733469009399414,0.1674324726078059,PASS,MEDIUM
2026-06-25 00:14:38.237847,30,rotation,-30.0,-1.63257896900177,-1.634238839149475,0.0016598701477050781,0.10167159828133837,PASS,MEDIUM
2026-06-25 00:14:38.297817,30,rotation,0.0,-1.63257896900177,-1.63257896900177,0.0,0.0,PASS,LOW
2026-06-25 00:14:38.361311,30,rotation,30.0,-1.63257896900177,-1.6327077150344849,0.00012874603271484375,0.007886047554140007,PASS,LOW
2026-06-25 00:14:38.417862,30,rotation,60.0,-1.63257896900177,-1.6352381706237793,0.0026592016220092773,0.16288339147240843,PASS,MEDIUM
2026-06-25 00:14:38.520782,30,translation,0.0,-1.63257896900177,-1.63257896900177,0.0,0.0,PASS,LOW
2026-06-25 00:14:38.578564,30,translation,20.0,-1.63257896900177,-1.632773995399475,0.00019502639770507812,0.011945901665345416,PASS,LOW
2026-06-25 00:14:38.642092,30,translation,40.0,-1.63257896900177,-1.6331145763397217,0.0005356073379516602,0.03280741820439912,PASS,LOW
2026-06-25 00:14:38.700302,30,translation,60.0,-1.63257896900177,-1.633538842201233,0.0009598731994628906,0.05879486565364382,PASS,LOW
2026-06-25 00:14:38.757950,30,translation,80.0,-1.63257896900177,-1.6339439153671265,0.0013649463653564453,0.083606707865651,PASS,MEDIUM
2026-06-25 00:14:38.821463,30,noise,0.0,-1.63257896900177,-1.63257896900177,0.0,0.0,PASS,LOW
2026-06-25 00:14:38.952697,30,noise,37.5,-1.63257896900177,-1.6325550079345703,2.396106719970703e-05,0.0014676810725760567,PASS,LOW
2026-06-25 00:14:39.028066,30,noise,75.0,-1.63257896900177,-1.63274085521698,0.00016188621520996094,0.009915974609742712,PASS,LOW
2026-06-25 00:14:39.118478,30,noise,112.5,-1.63257896900177,-1.6324821710586548,9.679794311523438e-05,0.00592913945737193,PASS,LOW
2026-06-25 00:14:39.197778,30,noise,150.0,-1.63257896900177,-1.632424235343933,0.00015473365783691406,0.009477860856734934,PASS,LOW
2026-06-25 00:14:39.323424,30,blur,1.0,-1.63257896900177,-1.63257896900177,0.0,0.0,PASS,LOW
2026-06-25 00:14:39.388706,30,blur,8.5,-1.63257896900177,-1.632581114768982,2.1457672119140625e-06,0.00013143412590233344,PASS,LOW
2026-06-25 00:14:39.447896,30,blur,16.0,-1.63257896900177,-1.6325912475585938,1.2278556823730469e-05,0.0007520952759966857,PASS,LOW
2026-06-25 00:14:39.503664,30,blur,23.5,-1.63257896900177,-1.6325974464416504,1.8477439880371094e-05,0.0011317938619367603,PASS,LOW
2026-06-25 00:14:39.567985,30,blur,31.0,-1.63257896900177,-1.6326044797897339,2.5510787963867188e-05,0.0015626057190610753,PASS,LOW
2026-06-25 00:14:39.627827,30,contrast,0.1,-1.63257896900177,-1.6355173587799072,0.002938389778137207,0.17998443163147873,PASS,MEDIUM
2026-06-25 00:14:39.689102,30,contrast,1.075,-1.63257896900177,-1.632346272468567,0.000232696533203125,0.014253300764519713,PASS,LOW
2026-06-25 00:14:39.747712,30,contrast,2.05,-1.63257896900177,-1.6328535079956055,0.0002745389938354492,0.016816266219615218,PASS,LOW
2026-06-25 00:14:39.817771,30,contrast,3.025,-1.63257896900177,-1.6309009790420532,0.0016779899597167969,0.10278148645562475,PASS,MEDIUM
2026-06-25 00:14:39.884720,30,contrast,4.0,-1.63257896900177,-1.6295992136001587,0.002979755401611328,0.18251818950304036,PASS,MEDIUM
2026-06-25 00:14:40.017640,30,rain,0.0,-1.63257896900177,-1.6338783502578735,0.0012993812561035156,0.07959066512974636,PASS,MEDIUM
2026-06-25 00:14:40.090814,30,rain,0.375,-1.63257896900177,-1.6338015794754028,0.0012226104736328125,0.0748882441807962,PASS,MEDIUM
2026-06-25 00:14:40.167902,30,rain,0.75,-1.63257896900177,-1.6334779262542725,0.0008989572525024414,0.055063596857194246,PASS,LOW
2026-06-25 00:14:40.252711,30,rain,1.125,-1.63257896900177,-1.6332106590270996,0.0006316900253295898,0.03869274628647027,PASS,LOW
2026-06-25 00:14:40.347973,30,rain,1.5,-1.63257896900177,-1.6324282884597778,0.0001506805419921875,0.009229596396697192,PASS,LOW
2026-06-25 00:14:40.414549,30,snow,0.0,-1.63257896900177,-1.633569598197937,0.0009906291961669922,0.060678754791577263,PASS,LOW
2026-06-25 00:14:40.480125,30,snow,0.375,-1.63257896900177,-1.6328226327896118,0.00024366378784179688,0.014925075185798307,PASS,LOW
2026-06-25 00:14:40.559643,30,snow,0.75,-1.63257896900177,-1.632061243057251,0.000517725944519043,0.03171213382187967,PASS,LOW
2026-06-25 00:14:40.642930,30,snow,1.125,-1.63257896900177,-1.6333168745040894,0.0007379055023193359,0.04519873551863578,PASS,LOW
2026-06-25 00:14:40.728063,30,snow,1.5,-1.63257896900177,-1.6335303783416748,0.0009514093399047852,0.058276431045917954,PASS,LOW
2026-06-25 00:14:40.868053,30,fog,0.0,-1.63257896900177,-1.6326040029525757,2.5033950805664062e-05,0.0015333981355272236,PASS,LOW
2026-06-25 00:14:40.927621,30,fog,0.375,-1.63257896900177,-1.6295595169067383,0.0030194520950317383,0.18494972083223354,PASS,MEDIUM
2026-06-25 00:14:40.997720,30,fog,0.75,-1.63257896900177,-1.6280710697174072,0.004507899284362793,0.2761211928331521,PASS,MEDIUM
2026-06-25 00:14:41.061317,30,fog,1.125,-1.63257896900177,-1.6280710697174072,0.004507899284362793,0.2761211928331521,PASS,MEDIUM
2026-06-25 00:14:41.127948,30,fog,1.5,-1.63257896900177,-1.6280710697174072,0.004507899284362793,0.2761211928331521,PASS,MEDIUM
2026-06-25 00:14:41.187842,30,visibility,0.05,-1.63257896900177,-1.6323459148406982,0.00023305416107177734,0.014275206452170102,PASS,LOW
2026-06-25 00:14:41.250716,30,visibility,0.4125,-1.63257896900177,-1.6307226419448853,0.0018563270568847656,0.11370512269728535,PASS,MEDIUM
2026-06-25 00:14:41.308550,30,visibility,0.775,-1.63257896900177,-1.6290910243988037,0.0034879446029663086,0.21364617165424302,PASS,MEDIUM
2026-06-25 00:14:41.367797,30,visibility,1.1375,-1.63257896900177,-1.6280710697174072,0.004507899284362793,0.2761211928331521,PASS,MEDIUM
2026-06-25 00:14:41.430324,30,visibility,1.5,-1.63257896900177,-1.6280710697174072,0.004507899284362793,0.2761211928331521,PASS,MEDIUM
2026-06-25 00:14:41.494851,30,darkness,0.05,-1.63257896900177,-1.6356717348098755,0.0030927658081054688,0.18944038680056327,PASS,MEDIUM
2026-06-25 00:14:41.552935,30,darkness,0.4125,-1.63257896900177,-1.634506344795227,0.0019273757934570312,0.11805705264382929,PASS,MEDIUM
2026-06-25 00:14:41.617871,30,darkness,0.775,-1.63257896900177,-1.6333245038986206,0.0007455348968505859,0.04566605685517741,PASS,LOW
2026-06-25 00:14:41.683613,30,darkness,1.1375,-1.63257896900177,-1.6321548223495483,0.0004241466522216797,0.025980145553361245,PASS,LOW
2026-06-25 00:14:41.748060,30,darkness,1.5,-1.63257896900177,-1.6341437101364136,0.0015647411346435547,0.09584468536633493,PASS,MEDIUM
2026-06-25 00:14:44.667995,60,brightness,0.1,-1.6327170133590698,-1.6355280876159668,0.0028110742568969727,0.17217144870678638,PASS,MEDIUM
2026-06-25 00:14:44.731276,60,brightness,0.4625,-1.6327170133590698,-1.634406328201294,0.001689314842224121,0.10346641786285017,PASS,MEDIUM
2026-06-25 00:14:44.793135,60,brightness,0.825,-1.6327170133590698,-1.6332772970199585,0.0005602836608886719,0.034316009029383664,PASS,LOW
2026-06-25 00:14:44.857833,60,brightness,1.1875,-1.6327170133590698,-1.6327533721923828,3.635883331298828e-05,0.002226889947651493,PASS,LOW
2026-06-25 00:14:44.917880,60,brightness,1.55,-1.6327170133590698,-1.634223222732544,0.001506209373474121,0.09225165406090692,PASS,MEDIUM
2026-06-25 00:14:44.980399,60,rotation,-60.0,-1.6327170133590698,-1.6301647424697876,0.0025522708892822266,0.15632037304661792,PASS,MEDIUM
2026-06-25 00:14:45.037697,60,rotation,-30.0,-1.6327170133590698,-1.6344413757324219,0.0017243623733520508,0.10561299374681588,PASS,MEDIUM
2026-06-25 00:14:45.100444,60,rotation,0.0,-1.6327170133590698,-1.6327170133590698,0.0,0.0,PASS,LOW
2026-06-25 00:14:45.179649,60,rotation,30.0,-1.6327170133590698,-1.6329325437545776,0.0002155303955078125,0.013200711558537375,PASS,LOW
2026-06-25 00:14:45.243453,60,rotation,60.0,-1.6327170133590698,-1.6354377269744873,0.0027207136154174805,0.16663707959098367,PASS,MEDIUM
2026-06-25 00:14:45.307683,60,translation,0.0,-1.6327170133590698,-1.6327170133590698,0.0,0.0,PASS,LOW
2026-06-25 00:14:45.367935,60,translation,20.0,-1.6327170133590698,-1.6330314874649048,0.00031447410583496094,0.01926077272755619,PASS,LOW
2026-06-25 00:14:45.421590,60,translation,40.0,-1.6327170133590698,-1.6333551406860352,0.000638127326965332,0.039083743900912925,PASS,LOW
2026-06-25 00:14:45.483758,60,translation,60.0,-1.6327170133590698,-1.6338475942611694,0.0011305809020996094,0.06924532545418609,PASS,MEDIUM
2026-06-25 00:14:45.541928,60,translation,80.0,-1.6327170133590698,-1.6342430114746094,0.0015259981155395508,0.09346366629471069,PASS,MEDIUM
2026-06-25 00:14:45.608035,60,noise,0.0,-1.6327170133590698,-1.6327170133590698,0.0,0.0,PASS,LOW
2026-06-25 00:14:45.683806,60,noise,37.5,-1.6327170133590698,-1.6328089237213135,9.191036224365234e-05,0.005629285736522298,PASS,LOW
2026-06-25 00:14:45.757608,60,noise,75.0,-1.6327170133590698,-1.6330043077468872,0.0002872943878173828,0.01759608122570524,PASS,LOW
2026-06-25 00:14:45.831989,60,noise,112.5,-1.6327170133590698,-1.633183479309082,0.00046646595001220703,0.028569902836591117,PASS,LOW
2026-06-25 00:14:45.910964,60,noise,150.0,-1.6327170133590698,-1.632748007774353,3.0994415283203125e-05,0.0018983324143914365,PASS,LOW
2026-06-25 00:14:45.968206,60,blur,1.0,-1.6327170133590698,-1.6327170133590698,0.0,0.0,PASS,LOW
2026-06-25 00:14:46.032312,60,blur,8.5,-1.6327170133590698,-1.6327168941497803,1.1920928955078125e-07,7.3012785168901404e-06,PASS,LOW
2026-06-25 00:14:46.087633,60,blur,16.0,-1.6327170133590698,-1.6327251195907593,8.106231689453125e-06,0.0004964869391485295,PASS,LOW
2026-06-25 00:14:46.147891,60,blur,23.5,-1.6327170133590698,-1.6327345371246338,1.7523765563964844e-05,0.0010732879419828507,PASS,LOW
2026-06-25 00:14:46.211345,60,blur,31.0,-1.6327170133590698,-1.6327428817749023,2.586841583251953e-05,0.0015843774381651603,PASS,LOW
2026-06-25 00:14:46.277841,60,contrast,0.1,-1.6327170133590698,-1.6355280876159668,0.0028110742568969727,0.17217144870678638,PASS,MEDIUM
2026-06-25 00:14:46.337849,60,contrast,1.075,-1.6327170133590698,-1.6324970722198486,0.0002199411392211914,0.01347085886366231,PASS,LOW
2026-06-25 00:14:46.400733,60,contrast,2.05,-1.6327170133590698,-1.6328686475753784,0.00015163421630859375,0.009287226273484259,PASS,LOW
2026-06-25 00:14:46.464509,60,contrast,3.025,-1.6327170133590698,-1.6306718587875366,0.002045154571533203,0.12526073423576725,PASS,MEDIUM
2026-06-25 00:14:46.528004,60,contrast,4.0,-1.6327170133590698,-1.6294690370559692,0.003247976303100586,0.19893063447118878,PASS,MEDIUM
2026-06-25 00:14:46.587992,60,rain,0.0,-1.6327170133590698,-1.633962869644165,0.0012458562850952148,0.07630566178001885,PASS,MEDIUM
2026-06-25 00:14:46.654043,60,rain,0.375,-1.6327170133590698,-1.6337687969207764,0.001051783561706543,0.06441918035452171,PASS,MEDIUM
2026-06-25 00:14:46.749506,60,rain,0.75,-1.6327170133590698,-1.6337248086929321,0.0010077953338623047,0.06172500858178925,PASS,MEDIUM
2026-06-25 00:14:46.831228,60,rain,1.125,-1.6327170133590698,-1.6332403421401978,0.0005233287811279297,0.03205261268914772,PASS,LOW
2026-06-25 00:14:46.927643,60,rain,1.5,-1.6327170133590698,-1.6325777769088745,0.0001392364501953125,0.008527893307727684,PASS,LOW
2026-06-25 00:14:47.004591,60,snow,0.0,-1.6327170133590698,-1.6336637735366821,0.0009467601776123047,0.057986753981141496,PASS,LOW
2026-06-25 00:14:47.072321,60,snow,0.375,-1.6327170133590698,-1.6329458951950073,0.0002288818359375,0.01401845475242907,PASS,LOW
2026-06-25 00:14:47.147703,60,snow,0.75,-1.6327170133590698,-1.632509708404541,0.0002073049545288086,0.012696923340871955,PASS,LOW
2026-06-25 00:14:47.237842,60,snow,1.125,-1.6327170133590698,-1.6338648796081543,0.0011478662490844727,0.07030401083913516,PASS,MEDIUM
2026-06-25 00:14:47.321798,60,snow,1.5,-1.6327170133590698,-1.6336878538131714,0.0009708404541015625,0.05946161224155331,PASS,LOW
2026-06-25 00:14:47.387828,60,fog,0.0,-1.6327170133590698,-1.6327375173568726,2.0503997802734375e-05,0.001255819904905104,PASS,LOW
2026-06-25 00:14:47.457713,60,fog,0.375,-1.6327170133590698,-1.629602074623108,0.003114938735961914,0.19078240764633936,PASS,MEDIUM
2026-06-25 00:14:47.528562,60,fog,0.75,-1.6327170133590698,-1.6280710697174072,0.004645943641662598,0.28455272763875944,PASS,MEDIUM
2026-06-25 00:14:47.597940,60,fog,1.125,-1.6327170133590698,-1.6280710697174072,0.004645943641662598,0.28455272763875944,PASS,MEDIUM
2026-06-25 00:14:47.671446,60,fog,1.5,-1.6327170133590698,-1.6280710697174072,0.004645943641662598,0.28455272763875944,PASS,MEDIUM
2026-06-25 00:14:47.729777,60,visibility,0.05,-1.6327170133590698,-1.6324888467788696,0.0002281665802001953,0.013974647081327727,PASS,LOW
2026-06-25 00:14:47.787905,60,visibility,0.4125,-1.6327170133590698,-1.630811095237732,0.0019059181213378906,0.11673284092803957,PASS,MEDIUM
2026-06-25 00:14:47.848173,60,visibility,0.775,-1.6327170133590698,-1.6291216611862183,0.0035953521728515625,0.22020656006940661,PASS,MEDIUM
2026-06-25 00:14:47.907563,60,visibility,1.1375,-1.6327170133590698,-1.6280710697174072,0.004645943641662598,0.28455272763875944,PASS,MEDIUM
2026-06-25 00:14:47.968224,60,visibility,1.5,-1.6327170133590698,-1.6280710697174072,0.004645943641662598,0.28455272763875944,PASS,MEDIUM
2026-06-25 00:14:48.032796,60,darkness,0.05,-1.6327170133590698,-1.6356829404830933,0.0029659271240234375,0.1816558095002267,PASS,MEDIUM
2026-06-25 00:14:48.097759,60,darkness,0.4125,-1.6327170133590698,-1.6345605850219727,0.001843571662902832,0.11291427226370603,PASS,MEDIUM
2026-06-25 00:14:48.171419,60,darkness,0.775,-1.6327170133590698,-1.633433222770691,0.0007162094116210938,0.04386608132947596,PASS,LOW
2026-06-25 00:14:48.257733,60,darkness,1.1375,-1.6327170133590698,-1.6324917078018188,0.00022530555725097656,0.013799416396922365,PASS,LOW
2026-06-25 00:14:48.332060,60,darkness,1.5,-1.6327170133590698,-1.6343584060668945,0.001641392707824707,0.10053130389906034,PASS,MEDIUM
2026-06-25 00:14:50.739582,90,brightness,0.1,-1.6327003240585327,-1.635524868965149,0.002824544906616211,0.1729982615310815,PASS,MEDIUM
2026-06-25 00:14:50.798346,90,brightness,0.4625,-1.6327003240585327,-1.6343966722488403,0.0016963481903076172,0.10389825532148604,PASS,MEDIUM
2026-06-25 00:14:50.867850,90,brightness,0.825,-1.6327003240585327,-1.6332643032073975,0.0005639791488647461,0.034542701751647954,PASS,LOW
2026-06-25 00:14:50.937577,90,brightness,1.1875,-1.6327003240585327,-1.6327425241470337,4.220008850097656e-05,0.002584679015025021,PASS,LOW
2026-06-25 00:14:50.997845,90,brightness,1.55,-1.6327003240585327,-1.634211540222168,0.001511216163635254,0.09255925387986497,PASS,MEDIUM
2026-06-25 00:14:51.057817,90,rotation,-60.0,-1.6327003240585327,-1.630186915397644,0.002513408660888672,0.15394172981013432,PASS,MEDIUM
2026-06-25 00:14:51.121324,90,rotation,-30.0,-1.6327003240585327,-1.6344588994979858,0.001758575439453125,0.10770956166567547,PASS,MEDIUM
2026-06-25 00:14:51.180029,90,rotation,0.0,-1.6327003240585327,-1.6327003240585327,0.0,0.0,PASS,LOW
2026-06-25 00:14:51.237707,90,rotation,30.0,-1.6327003240585327,-1.6329264640808105,0.00022614002227783203,0.013850666925148207,PASS,LOW
2026-06-25 00:14:51.297705,90,rotation,60.0,-1.6327003240585327,-1.6354492902755737,0.0027489662170410156,0.1683692036341158,PASS,MEDIUM
2026-06-25 00:14:51.358906,90,translation,0.0,-1.6327003240585327,-1.6327003240585327,0.0,0.0,PASS,LOW
2026-06-25 00:14:51.417951,90,translation,20.0,-1.6327003240585327,-1.633009433746338,0.0003091096878051758,0.018932408717400793,PASS,LOW
2026-06-25 00:14:51.480269,90,translation,40.0,-1.6327003240585327,-1.6333458423614502,0.0006455183029174805,0.039536827306103084,PASS,LOW
2026-06-25 00:14:51.537929,90,translation,60.0,-1.6327003240585327,-1.633854866027832,0.0011545419692993164,0.07071360525569868,PASS,MEDIUM
2026-06-25 00:14:51.597772,90,translation,80.0,-1.6327003240585327,-1.634249210357666,0.0015488862991333008,0.09486648147519802,PASS,MEDIUM
2026-06-25 00:14:51.657992,90,noise,0.0,-1.6327003240585327,-1.6327003240585327,0.0,0.0,PASS,LOW
2026-06-25 00:14:51.739759,90,noise,37.5,-1.6327003240585327,-1.632738471031189,3.814697265625e-05,0.0023364330079322228,PASS,LOW
2026-06-25 00:14:51.817953,90,noise,75.0,-1.6327003240585327,-1.6329339742660522,0.00023365020751953125,0.014310652173584864,PASS,LOW
2026-06-25 00:14:51.883682,90,noise,112.5,-1.6327003240585327,-1.6327282190322876,2.7894973754882812e-05,0.0017085166370504378,PASS,LOW
2026-06-25 00:14:51.958561,90,noise,150.0,-1.6327003240585327,-1.6325757503509521,0.0001245737075805664,0.007629914041528664,PASS,LOW
2026-06-25 00:14:52.017987,90,blur,1.0,-1.6327003240585327,-1.6327003240585327,0.0,0.0,PASS,LOW
2026-06-25 00:14:52.067945,90,blur,8.5,-1.6327003240585327,-1.6326994895935059,8.344650268554688e-07,5.110947204851737e-05,PASS,LOW
2026-06-25 00:14:52.131787,90,blur,16.0,-1.6327003240585327,-1.6327100992202759,9.775161743164062e-06,0.0005987109582826321,PASS,LOW
2026-06-25 00:14:52.189915,90,blur,23.5,-1.6327003240585327,-1.6327189207077026,1.8596649169921875e-05,0.0011390110913669586,PASS,LOW
2026-06-25 00:14:52.251478,90,blur,31.0,-1.6327003240585327,-1.6327290534973145,2.872943878173828e-05,0.0017596261090989554,PASS,LOW
2026-06-25 00:14:52.317710,90,contrast,0.1,-1.6327003240585327,-1.635524868965149,0.002824544906616211,0.1729982615310815,PASS,MEDIUM
2026-06-25 00:14:52.379388,90,contrast,1.075,-1.6327003240585327,-1.6324830055236816,0.00021731853485107422,0.01331036679206388,PASS,LOW
2026-06-25 00:14:52.442787,90,contrast,2.05,-1.6327003240585327,-1.6328624486923218,0.0001621246337890625,0.009929840283711947,PASS,LOW
2026-06-25 00:14:52.509431,90,contrast,3.025,-1.6327003240585327,-1.630679726600647,0.002020597457885742,0.12375793588890992,PASS,MEDIUM
2026-06-25 00:14:52.573319,90,contrast,4.0,-1.6327003240585327,-1.6294819116592407,0.003218412399291992,0.1971219323379817,PASS,MEDIUM
2026-06-25 00:14:52.627785,90,rain,0.0,-1.6327003240585327,-1.6339497566223145,0.0012494325637817383,0.07652548236293008,PASS,MEDIUM
2026-06-25 00:14:52.704644,90,rain,0.375,-1.6327003240585327,-1.6337629556655884,0.001062631607055664,0.06508426197721198,PASS,MEDIUM
2026-06-25 00:14:52.787569,90,rain,0.75,-1.6327003240585327,-1.633180856704712,0.0004805326461791992,0.02943175454679622,PASS,LOW
2026-06-25 00:14:52.877777,90,rain,1.125,-1.6327003240585327,-1.633162260055542,0.00046193599700927734,0.02829274345542926,PASS,LOW
2026-06-25 00:14:52.969485,90,rain,1.5,-1.6327003240585327,-1.6321290731430054,0.0005712509155273438,0.034988084293785034,PASS,LOW
2026-06-25 00:14:53.042295,90,snow,0.0,-1.6327003240585327,-1.6336532831192017,0.0009529590606689453,0.058367017079406835,PASS,LOW
2026-06-25 00:14:53.107858,90,snow,0.375,-1.6327003240585327,-1.6329272985458374,0.0002269744873046875,0.013901776397196725,PASS,LOW
2026-06-25 00:14:53.189609,90,snow,0.75,-1.6327003240585327,-1.6324748992919922,0.00022542476654052734,0.013806858806249479,PASS,LOW
2026-06-25 00:14:53.277600,90,snow,1.125,-1.6327003240585327,-1.6339011192321777,0.0012007951736450195,0.0735465302778165,PASS,MEDIUM
2026-06-25 00:14:53.362889,90,snow,1.5,-1.6327003240585327,-1.633493423461914,0.0007930994033813477,0.04857590250554086,PASS,LOW
2026-06-25 00:14:53.442042,90,fog,0.0,-1.6327003240585327,-1.6327240467071533,2.372264862060547e-05,0.001452969276807851,PASS,LOW
2026-06-25 00:14:53.517848,90,fog,0.375,-1.6327003240585327,-1.6296004056930542,0.0030999183654785156,0.18986438730709224,PASS,MEDIUM
2026-06-25 00:14:53.581001,90,fog,0.75,-1.6327003240585327,-1.6280710697174072,0.004629254341125488,0.283533446865725,PASS,MEDIUM
2026-06-25 00:14:53.649815,90,fog,1.125,-1.6327003240585327,-1.6280710697174072,0.004629254341125488,0.283533446865725,PASS,MEDIUM
2026-06-25 00:14:53.717586,90,fog,1.5,-1.6327003240585327,-1.6280710697174072,0.004629254341125488,0.283533446865725,PASS,MEDIUM
2026-06-25 00:14:53.777553,90,visibility,0.05,-1.6327003240585327,-1.6324747800827026,0.00022554397583007812,0.013814160159399265,PASS,LOW
2026-06-25 00:14:53.837734,90,visibility,0.4125,-1.6327003240585327,-1.6307952404022217,0.0019050836563110352,0.11668292468676517,PASS,MEDIUM
2026-06-25 00:14:53.887884,90,visibility,0.775,-1.6327003240585327,-1.6291191577911377,0.0035811662673950195,0.2193399499727872,PASS,MEDIUM
2026-06-25 00:14:53.957794,90,visibility,1.1375,-1.6327003240585327,-1.6280710697174072,0.004629254341125488,0.283533446865725,PASS,MEDIUM
2026-06-25 00:14:54.017860,90,visibility,1.5,-1.6327003240585327,-1.6280710697174072,0.004629254341125488,0.283533446865725,PASS,MEDIUM
2026-06-25 00:14:54.088655,90,darkness,0.05,-1.6327003240585327,-1.6356817483901978,0.002981424331665039,0.18260684227620277,PASS,MEDIUM
2026-06-25 00:14:54.151933,90,darkness,0.4125,-1.6327003240585327,-1.6345546245574951,0.0018543004989624023,0.11357254824495538,PASS,MEDIUM
2026-06-25 00:14:54.215744,90,darkness,0.775,-1.6327003240585327,-1.6334177255630493,0.0007174015045166016,0.04393954325542536,PASS,LOW
2026-06-25 00:14:54.277634,90,darkness,1.1375,-1.6327003240585327,-1.632474660873413,0.0002256631851196289,0.013821461512549055,PASS,LOW
2026-06-25 00:14:54.337959,90,darkness,1.5,-1.6327003240585327,-1.6343446969985962,0.0016443729400634766,0.10071486534817836,PASS,MEDIUM
2026-06-25 00:14:56.788974,120,brightness,0.1,-1.6327893733978271,-1.6355353593826294,0.002745985984802246,0.16817749721832728,PASS,MEDIUM
2026-06-25 00:14:56.857631,120,brightness,0.4625,-1.6327893733978271,-1.6344423294067383,0.0016529560089111328,0.10123504130363907,PASS,MEDIUM
2026-06-25 00:14:56.917845,120,brightness,0.825,-1.6327893733978271,-1.633338212966919,0.0005488395690917969,0.03361359657882261,PASS,LOW
2026-06-25 00:14:56.987751,120,brightness,1.1875,-1.6327893733978271,-1.6328551769256592,6.580352783203125e-05,0.004030127131083858,PASS,LOW
2026-06-25 00:14:57.057687,120,brightness,1.55,-1.6327893733978271,-1.6342729330062866,0.0014835596084594727,0.09086038432307718,PASS,MEDIUM
2026-06-25 00:14:57.117981,120,rotation,-60.0,-1.6327893733978271,-1.630313754081726,0.0024756193161010742,0.1516189313971349,PASS,MEDIUM
2026-06-25 00:14:57.188004,120,rotation,-30.0,-1.6327893733978271,-1.6346008777618408,0.0018115043640136719,0.11094531138396793,PASS,MEDIUM
2026-06-25 00:14:57.249490,120,rotation,0.0,-1.6327893733978271,-1.6327893733978271,0.0,0.0,PASS,LOW
2026-06-25 00:14:57.307515,120,rotation,30.0,-1.6327893733978271,-1.6330674886703491,0.00027811527252197266,0.01703312789278739,PASS,LOW
2026-06-25 00:14:57.367781,120,rotation,60.0,-1.6327893733978271,-1.6355392932891846,0.002749919891357422,0.1684184287315986,PASS,MEDIUM
2026-06-25 00:14:57.427775,120,translation,0.0,-1.6327893733978271,-1.6327893733978271,0.0,0.0,PASS,LOW
2026-06-25 00:14:57.488784,120,translation,20.0,-1.6327893733978271,-1.633128046989441,0.00033867359161376953,0.020742013006176157,PASS,LOW
2026-06-25 00:14:57.551416,120,translation,40.0,-1.6327893733978271,-1.633447527885437,0.0006581544876098633,0.04030857226578619,PASS,LOW
2026-06-25 00:14:57.607896,120,translation,60.0,-1.6327893733978271,-1.6339625120162964,0.0011731386184692383,0.07184869763948594,PASS,MEDIUM
2026-06-25 00:14:57.667634,120,translation,80.0,-1.6327893733978271,-1.6342829465866089,0.0014935731887817383,0.09147366453867689,PASS,MEDIUM
2026-06-25 00:14:57.727868,120,noise,0.0,-1.6327893733978271,-1.6327893733978271,0.0,0.0,PASS,LOW
2026-06-25 00:14:57.827602,120,noise,37.5,-1.6327893733978271,-1.6328052282333374,1.5854835510253906e-05,0.000971027008032886,PASS,LOW
2026-06-25 00:14:57.901814,120,noise,75.0,-1.6327893733978271,-1.6330896615982056,0.00030028820037841797,0.018391105513043907,PASS,LOW
2026-06-25 00:14:57.967715,120,noise,112.5,-1.6327893733978271,-1.633034586906433,0.00024521350860595703,0.015018064327245463,PASS,LOW
2026-06-25 00:14:58.052707,120,noise,150.0,-1.6327893733978271,-1.6325712203979492,0.0002181529998779297,0.013360747554136703,PASS,LOW
2026-06-25 00:14:58.112978,120,blur,1.0,-1.6327893733978271,-1.6327893733978271,0.0,0.0,PASS,LOW
2026-06-25 00:14:58.171192,120,blur,8.5,-1.6327893733978271,-1.6327950954437256,5.7220458984375e-06,0.0003504458374855528,PASS,LOW
2026-06-25 00:14:58.237868,120,blur,16.0,-1.6327893733978271,-1.6328049898147583,1.5616416931152344e-05,0.0009564250981376546,PASS,LOW
2026-06-25 00:14:58.297959,120,blur,23.5,-1.6327893733978271,-1.6328128576278687,2.3484230041503906e-05,0.0014382881246802898,PASS,LOW
2026-06-25 00:14:58.357625,120,blur,31.0,-1.6327893733978271,-1.6328237056732178,3.4332275390625e-05,0.002102675024913317,PASS,LOW
2026-06-25 00:14:58.417726,120,contrast,0.1,-1.6327893733978271,-1.6355353593826294,0.002745985984802246,0.16817749721832728,PASS,MEDIUM
2026-06-25 00:14:58.488317,120,contrast,1.075,-1.6327893733978271,-1.6325801610946655,0.0002092123031616211,0.012813175933065524,PASS,LOW
2026-06-25 00:14:58.554883,120,contrast,2.05,-1.6327893733978271,-1.6329034566879272,0.00011408329010009766,0.00698701388486821,PASS,LOW
2026-06-25 00:14:58.617856,120,contrast,3.025,-1.6327893733978271,-1.6307262182235718,0.002063155174255371,0.12635762727838462,PASS,MEDIUM
2026-06-25 00:14:58.681814,120,contrast,4.0,-1.6327893733978271,-1.629515290260315,0.003274083137512207,0.20052072763626475,PASS,MEDIUM
2026-06-25 00:14:58.745283,120,rain,0.0,-1.6327893733978271,-1.634009838104248,0.0012204647064208984,0.07474717675368937,PASS,MEDIUM
2026-06-25 00:14:58.809051,120,rain,0.375,-1.6327893733978271,-1.6338638067245483,0.0010744333267211914,0.06580350694286016,PASS,MEDIUM
2026-06-25 00:14:58.887742,120,rain,0.75,-1.6327893733978271,-1.633711576461792,0.0009222030639648438,0.05648018747475493,PASS,LOW
2026-06-25 00:14:58.978009,120,rain,1.125,-1.6327893733978271,-1.6333837509155273,0.0005943775177001953,0.0364025613688118,PASS,LOW
2026-06-25 00:14:59.077929,120,rain,1.5,-1.6327893733978271,-1.6321519613265991,0.0006374120712280273,0.03903820610490106,PASS,LOW
2026-06-25 00:14:59.140403,120,snow,0.0,-1.6327893733978271,-1.633716106414795,0.0009267330169677734,0.056757623762764324,PASS,LOW
2026-06-25 00:14:59.217527,120,snow,0.375,-1.6327893733978271,-1.6329962015151978,0.00020682811737060547,0.01266715683411321,PASS,LOW
2026-06-25 00:14:59.294185,120,snow,0.75,-1.6327893733978271,-1.632582426071167,0.00020694732666015625,0.012674457789060825,PASS,LOW
2026-06-25 00:14:59.377959,120,snow,1.125,-1.6327893733978271,-1.633928656578064,0.0011392831802368164,0.0697752264343631,PASS,MEDIUM
2026-06-25 00:14:59.473959,120,snow,1.5,-1.6327893733978271,-1.6336556673049927,0.0008662939071655273,0.053056039604323174,PASS,LOW
2026-06-25 00:14:59.537663,120,fog,0.0,-1.6327893733978271,-1.6328189373016357,2.956390380859375e-05,0.0018106368270086896,PASS,LOW
2026-06-25 00:14:59.607828,120,fog,0.375,-1.6327893733978271,-1.6296312808990479,0.003158092498779297,0.19341689847223467,PASS,MEDIUM
2026-06-25 00:14:59.667717,120,fog,0.75,-1.6327893733978271,-1.6280710697174072,0.004718303680419922,0.28897179682662877,PASS,MEDIUM
2026-06-25 00:14:59.737720,120,fog,1.125,-1.6327893733978271,-1.6280710697174072,0.004718303680419922,0.28897179682662877,PASS,MEDIUM
2026-06-25 00:14:59.798966,120,fog,1.5,-1.6327893733978271,-1.6280710697174072,0.004718303680419922,0.28897179682662877,PASS,MEDIUM
2026-06-25 00:14:59.869544,120,visibility,0.05,-1.6327893733978271,-1.6325587034225464,0.00023066997528076172,0.014127347823636349,PASS,LOW
2026-06-25 00:14:59.922061,120,visibility,0.4125,-1.6327893733978271,-1.630852222442627,0.0019371509552001953,0.11864051789875485,PASS,MEDIUM
2026-06-25 00:14:59.983530,120,visibility,0.775,-1.6327893733978271,-1.6291401386260986,0.0036492347717285156,0.22349683285641128,PASS,MEDIUM
2026-06-25 00:15:00.059900,120,visibility,1.1375,-1.6327893733978271,-1.6280710697174072,0.004718303680419922,0.28897179682662877,PASS,MEDIUM
2026-06-25 00:15:00.123411,120,visibility,1.5,-1.6327893733978271,-1.6280710697174072,0.004718303680419922,0.28897179682662877,PASS,MEDIUM
2026-06-25 00:15:00.191468,120,darkness,0.05,-1.6327893733978271,-1.6356850862503052,0.0028957128524780273,0.17734749663253258,PASS,MEDIUM
2026-06-25 00:15:00.250640,120,darkness,0.4125,-1.6327893733978271,-1.6345893144607544,0.001799941062927246,0.11023711875404921,PASS,MEDIUM
2026-06-25 00:15:00.308068,120,darkness,0.775,-1.6327893733978271,-1.6334882974624634,0.0006989240646362305,0.04280549885787075,PASS,LOW
2026-06-25 00:15:00.377757,120,darkness,1.1375,-1.6327893733978271,-1.6325825452804565,0.00020682811737060547,0.01266715683411321,PASS,LOW
2026-06-25 00:15:00.451093,120,darkness,1.5,-1.6327893733978271,-1.6344143152236938,0.0016249418258666992,0.0995193168909494,PASS,MEDIUM
2026-06-25 00:15:02.879771,150,brightness,0.1,-1.6339613199234009,-1.6356544494628906,0.001693129539489746,0.10362108837180034,PASS,MEDIUM
2026-06-25 00:15:02.943692,150,brightness,0.4625,-1.6339613199234009,-1.6349843740463257,0.0010230541229248047,0.06261185527049147,PASS,MEDIUM
2026-06-25 00:15:03.007721,150,brightness,0.825,-1.6339613199234009,-1.63430655002594,0.0003452301025390625,0.021128400473472773,PASS,LOW
2026-06-25 00:15:03.073855,150,brightness,1.1875,-1.6339613199234009,-1.6342006921768188,0.00023937225341796875,0.014649802538236646,PASS,LOW
2026-06-25 00:15:03.129830,150,brightness,1.55,-1.6339613199234009,-1.6355060338974,0.0015447139739990234,0.0945379189693578,PASS,MEDIUM
2026-06-25 00:15:03.197669,150,rotation,-60.0,-1.6339613199234009,-1.6312065124511719,0.002754807472229004,0.16859675640244554,PASS,MEDIUM
2026-06-25 00:15:03.258359,150,rotation,-30.0,-1.6339613199234009,-1.635907530784607,0.0019462108612060547,0.11910989852552363,PASS,MEDIUM
2026-06-25 00:15:03.310628,150,rotation,0.0,-1.6339613199234009,-1.6339613199234009,0.0,0.0,PASS,LOW
2026-06-25 00:15:03.367722,150,rotation,30.0,-1.6339613199234009,-1.63383150100708,0.00012981891632080078,0.007945037332738897,PASS,LOW
2026-06-25 00:15:03.432513,150,rotation,60.0,-1.6339613199234009,-1.6364060640335083,0.002444744110107422,0.14962059285565593,PASS,MEDIUM
2026-06-25 00:15:03.497752,150,translation,0.0,-1.6339613199234009,-1.6339613199234009,0.0,0.0,PASS,LOW
2026-06-25 00:15:03.552959,150,translation,10.0,-1.6339613199234009,-1.6341007947921753,0.00013947486877441406,0.008535990522777329,PASS,LOW
2026-06-25 00:15:03.617533,150,translation,20.0,-1.6339613199234009,-1.6341426372528076,0.00018131732940673828,0.011096787679610526,PASS,LOW
2026-06-25 00:15:03.677691,150,translation,30.0,-1.6339613199234009,-1.6342531442642212,0.0002918243408203125,0.017859918632272563,PASS,LOW
2026-06-25 00:15:03.737517,150,translation,40.0,-1.6339613199234009,-1.6344181299209595,0.00045680999755859375,0.027957192891694634,PASS,LOW
2026-06-25 00:15:03.791965,150,noise,0.0,-1.6339613199234009,-1.6339613199234009,0.0,0.0,PASS,LOW
2026-06-25 00:15:03.867951,150,noise,37.5,-1.6339613199234009,-1.6340219974517822,6.0677528381347656e-05,0.003713520663327915,PASS,LOW
2026-06-25 00:15:03.947547,150,noise,75.0,-1.6339613199234009,-1.634220838546753,0.0002595186233520508,0.01588277894708226,PASS,LOW
2026-06-25 00:15:04.014274,150,noise,112.5,-1.6339613199234009,-1.6340157985687256,5.447864532470703e-05,0.0033341433067600335,PASS,LOW
2026-06-25 00:15:04.087542,150,noise,150.0,-1.6339613199234009,-1.6336158514022827,0.00034546852111816406,0.021142991910263843,PASS,LOW
2026-06-25 00:15:04.162543,150,blur,1.0,-1.6339613199234009,-1.6339613199234009,0.0,0.0,PASS,LOW
2026-06-25 00:15:04.227783,150,blur,8.5,-1.6339613199234009,-1.6339573860168457,3.933906555175781e-06,0.00024075870705269386,PASS,LOW
2026-06-25 00:15:04.283305,150,blur,16.0,-1.6339613199234009,-1.6339584589004517,2.86102294921875e-06,0.00017509724149286827,PASS,LOW
2026-06-25 00:15:04.341852,150,blur,23.5,-1.6339613199234009,-1.6339625120162964,1.1920928955078125e-06,7.295718395536178e-05,PASS,LOW
2026-06-25 00:15:04.399823,150,blur,31.0,-1.6339613199234009,-1.633965253829956,3.933906555175781e-06,0.00024075870705269386,PASS,LOW
2026-06-25 00:15:04.467965,150,contrast,0.1,-1.6339613199234009,-1.6356544494628906,0.001693129539489746,0.10362108837180034,PASS,MEDIUM
2026-06-25 00:15:04.527783,150,contrast,1.075,-1.6339613199234009,-1.633840799331665,0.00012052059173583984,0.007375971297887076,PASS,LOW
2026-06-25 00:15:04.589785,150,contrast,2.05,-1.6339613199234009,-1.6339973211288452,3.600120544433594e-05,0.002203306955451926,PASS,LOW
2026-06-25 00:15:04.650789,150,contrast,3.025,-1.6339613199234009,-1.6316765546798706,0.0022847652435302734,0.13982973876884638,PASS,MEDIUM
2026-06-25 00:15:04.717962,150,contrast,4.0,-1.6339613199234009,-1.6302942037582397,0.003667116165161133,0.2244308892834839,PASS,MEDIUM
2026-06-25 00:15:04.778041,150,rain,0.0,-1.6339613199234009,-1.6347101926803589,0.0007488727569580078,0.04583170296075827,PASS,LOW
2026-06-25 00:15:04.861488,150,rain,0.375,-1.6339613199234009,-1.6346392631530762,0.000677943229675293,0.041490750515414246,PASS,LOW
2026-06-25 00:15:04.942720,150,rain,0.75,-1.6339613199234009,-1.6345653533935547,0.0006040334701538086,0.03696740511018182,PASS,LOW
2026-06-25 00:15:05.033685,150,rain,1.125,-1.6339613199234009,-1.6338443756103516,0.0001169443130493164,0.007157099746020991,PASS,LOW
2026-06-25 00:15:05.138010,150,rain,1.5,-1.6339613199234009,-1.6332062482833862,0.0007550716400146484,0.04621108031732615,PASS,LOW
2026-06-25 00:15:05.207931,150,snow,0.0,-1.6339613199234009,-1.6345388889312744,0.0005775690078735352,0.03534775562637278,PASS,LOW
2026-06-25 00:15:05.291975,150,snow,0.375,-1.6339613199234009,-1.6340842247009277,0.00012290477752685547,0.007521885665797799,PASS,LOW
2026-06-25 00:15:05.368098,150,snow,0.75,-1.6339613199234009,-1.6338695287704468,9.179115295410156e-05,0.005617703164562857,PASS,LOW
2026-06-25 00:15:05.458586,150,snow,1.125,-1.6339613199234009,-1.635167121887207,0.0012058019638061523,0.07379619157084844,PASS,MEDIUM
2026-06-25 00:15:05.537675,150,snow,1.5,-1.6339613199234009,-1.6348477602005005,0.0008864402770996094,0.05425096198920702,PASS,LOW
2026-06-25 00:15:05.607681,150,fog,0.0,-1.6339613199234009,-1.6339762210845947,1.4901161193847656e-05,0.0009119647994420223,PASS,LOW
2026-06-25 00:15:05.677950,150,fog,0.375,-1.6339613199234009,-1.6300050020217896,0.003956317901611328,0.24213030211105468,PASS,MEDIUM
2026-06-25 00:15:05.743997,150,fog,0.75,-1.6339613199234009,-1.6280710697174072,0.005890250205993652,0.3604887416418381,PASS,MEDIUM
2026-06-25 00:15:05.807633,150,fog,1.125,-1.6339613199234009,-1.6280710697174072,0.005890250205993652,0.3604887416418381,PASS,MEDIUM
2026-06-25 00:15:05.878025,150,fog,1.5,-1.6339613199234009,-1.6280710697174072,0.005890250205993652,0.3604887416418381,PASS,MEDIUM
2026-06-25 00:15:05.937894,150,visibility,0.05,-1.6339613199234009,-1.63367760181427,0.0002837181091308594,0.017363809781376104,PASS,LOW
2026-06-25 00:15:05.999663,150,visibility,0.4125,-1.6339613199234009,-1.631538987159729,0.002422332763671875,0.14824899779729514,PASS,MEDIUM
2026-06-25 00:15:06.057912,150,visibility,0.775,-1.6339613199234009,-1.6294021606445312,0.004559159278869629,0.2790247500372811,PASS,MEDIUM
2026-06-25 00:15:06.123930,150,visibility,1.1375,-1.6339613199234009,-1.6280710697174072,0.005890250205993652,0.3604887416418381,PASS,MEDIUM
2026-06-25 00:15:06.181286,150,visibility,1.5,-1.6339613199234009,-1.6280710697174072,0.005890250205993652,0.3604887416418381,PASS,MEDIUM
2026-06-25 00:15:06.261469,150,darkness,0.05,-1.6339613199234009,-1.6357438564300537,0.001782536506652832,0.10909287716845248,PASS,MEDIUM
2026-06-25 00:15:06.334801,150,darkness,0.4125,-1.6339613199234009,-1.635077714920044,0.0011163949966430664,0.06832440277419631,PASS,MEDIUM
2026-06-25 00:15:06.398323,150,darkness,0.775,-1.6339613199234009,-1.634397029876709,0.00043570995330810547,0.02666585073568473,PASS,LOW
2026-06-25 00:15:06.457664,150,darkness,1.1375,-1.6339613199234009,-1.633903980255127,5.733966827392578e-05,0.0035092405482529017,PASS,LOW
2026-06-25 00:15:06.526509,150,darkness,1.5,-1.6339613199234009,-1.6356561183929443,0.001694798469543457,0.10372322842933784,PASS,MEDIUM
2026-06-25 00:15:08.977934,180,brightness,0.1,-1.633662462234497,-1.6356253623962402,0.001962900161743164,0.12015327557478349,PASS,MEDIUM
2026-06-25 00:15:09.047736,180,brightness,0.4625,-1.633662462234497,-1.6348451375961304,0.0011826753616333008,0.07239406334127456,PASS,MEDIUM
2026-06-25 00:15:09.114374,180,brightness,0.825,-1.633662462234497,-1.6340585947036743,0.0003961324691772461,0.02424810729594349,PASS,LOW
2026-06-25 00:15:09.177858,180,brightness,1.1875,-1.633662462234497,-1.6338589191436768,0.0001964569091796875,0.012025543431752895,PASS,LOW
2026-06-25 00:15:09.250337,180,brightness,1.55,-1.633662462234497,-1.6351447105407715,0.001482248306274414,0.09073155766408708,PASS,MEDIUM
2026-06-25 00:15:09.317808,180,rotation,-60.0,-1.633662462234497,-1.63115656375885,0.0025058984756469727,0.15339135223232864,PASS,MEDIUM
2026-06-25 00:15:09.373105,180,rotation,-30.0,-1.633662462234497,-1.6358006000518799,0.0021381378173828125,0.1308799435630582,PASS,MEDIUM
2026-06-25 00:15:09.436540,180,rotation,0.0,-1.633662462234497,-1.633662462234497,0.0,0.0,PASS,LOW
2026-06-25 00:15:09.494570,180,rotation,30.0,-1.633662462234497,-1.6335773468017578,8.511543273925781e-05,0.005210095880019155,PASS,LOW
2026-06-25 00:15:09.552426,180,rotation,60.0,-1.633662462234497,-1.6360622644424438,0.0023998022079467773,0.14689697501493781,PASS,MEDIUM
2026-06-25 00:15:09.611670,180,translation,0.0,-1.633662462234497,-1.633662462234497,0.0,0.0,PASS,LOW
2026-06-25 00:15:09.677889,180,translation,10.0,-1.633662462234497,-1.6338330507278442,0.00017058849334716797,0.010442082919198055,PASS,LOW
2026-06-25 00:15:09.737755,180,translation,20.0,-1.633662462234497,-1.6339000463485718,0.00023758411407470703,0.014543026735123496,PASS,LOW
2026-06-25 00:15:09.797794,180,translation,30.0,-1.633662462234497,-1.6340383291244507,0.0003758668899536133,0.02300760827689131,PASS,LOW
2026-06-25 00:15:09.852408,180,translation,40.0,-1.633662462234497,-1.634212613105774,0.0005501508712768555,0.033675899840740056,PASS,LOW
2026-06-25 00:15:09.933178,180,noise,0.0,-1.633662462234497,-1.633662462234497,0.0,0.0,PASS,LOW
2026-06-25 00:15:10.017638,180,noise,37.5,-1.633662462234497,-1.6336581707000732,4.291534423828125e-06,0.00026269390991693215,PASS,LOW
2026-06-25 00:15:10.097990,180,noise,75.0,-1.633662462234497,-1.633665680885315,3.2186508178710938e-06,0.00019702043243769913,PASS,LOW
2026-06-25 00:15:10.167967,180,noise,112.5,-1.633662462234497,-1.6336324214935303,3.0040740966796875e-05,0.0018388573694185254,PASS,LOW
2026-06-25 00:15:10.257789,180,noise,150.0,-1.633662462234497,-1.633547067642212,0.00011539459228515625,0.007063547355544177,PASS,LOW
2026-06-25 00:15:10.317783,180,blur,1.0,-1.633662462234497,-1.633662462234497,0.0,0.0,PASS,LOW
2026-06-25 00:15:10.377980,180,blur,4.75,-1.633662462234497,-1.6336653232574463,2.86102294921875e-06,0.0001751292732779548,PASS,LOW
2026-06-25 00:15:10.437659,180,blur,8.5,-1.633662462234497,-1.6336668729782104,4.410743713378906e-06,0.00026999096297018033,PASS,LOW
2026-06-25 00:15:10.497773,180,blur,12.25,-1.633662462234497,-1.6336698532104492,7.3909759521484375e-06,0.00045241728930138324,PASS,LOW
2026-06-25 00:15:10.558439,180,blur,16.0,-1.633662462234497,-1.6336711645126343,8.702278137207031e-06,0.0005326848728871125,PASS,LOW
2026-06-25 00:15:10.617972,180,contrast,0.1,-1.633662462234497,-1.6356253623962402,0.001962900161743164,0.12015327557478349,PASS,MEDIUM
2026-06-25 00:15:10.681911,180,contrast,1.075,-1.633662462234497,-1.6335195302963257,0.00014293193817138672,0.00874916661084449,PASS,LOW
2026-06-25 00:15:10.743751,180,contrast,2.05,-1.633662462234497,-1.6336523294448853,1.0132789611816406e-05,0.0006202495095260898,PASS,LOW
2026-06-25 00:15:10.807872,180,contrast,3.025,-1.633662462234497,-1.6312488317489624,0.002413630485534668,0.1477434331691146,PASS,MEDIUM
2026-06-25 00:15:10.870981,180,contrast,4.0,-1.633662462234497,-1.6299203634262085,0.0037420988082885742,0.2290617923945116,PASS,MEDIUM
2026-06-25 00:15:10.933030,180,rain,0.0,-1.633662462234497,-1.6345294713974,0.000867009162902832,0.05307146685627355,PASS,LOW
2026-06-25 00:15:10.998028,180,rain,0.375,-1.633662462234497,-1.634443759918213,0.0007812976837158203,0.047824885710988155,PASS,LOW
2026-06-25 00:15:11.077768,180,rain,0.75,-1.633662462234497,-1.6342997550964355,0.0006372928619384766,0.03901004562266443,PASS,LOW
2026-06-25 00:15:11.167859,180,rain,1.125,-1.633662462234497,-1.633937120437622,0.000274658203125,0.016812410234683658,PASS,LOW
2026-06-25 00:15:11.260403,180,rain,1.5,-1.633662462234497,-1.632842779159546,0.0008196830749511719,0.05017453679413404,PASS,LOW
2026-06-25 00:15:11.328663,180,snow,0.0,-1.633662462234497,-1.634326457977295,0.0006639957427978516,0.04064458550659201,PASS,LOW
2026-06-25 00:15:11.398003,180,snow,0.375,-1.633662462234497,-1.6338226795196533,0.00016021728515625,0.009807239303565468,PASS,LOW
2026-06-25 00:15:11.471376,180,snow,0.75,-1.633662462234497,-1.6335283517837524,0.0001341104507446289,0.008209184684904131,PASS,LOW
2026-06-25 00:15:11.550374,180,snow,1.125,-1.633662462234497,-1.6349353790283203,0.0012729167938232422,0.07791793250258339,PASS,MEDIUM
2026-06-25 00:15:11.637775,180,snow,1.5,-1.633662462234497,-1.6343878507614136,0.0007253885269165039,0.044402567829014784,PASS,LOW
2026-06-25 00:15:11.709090,180,fog,0.0,-1.633662462234497,-1.633681058883667,1.8596649169921875e-05,0.001138340276306706,PASS,LOW
2026-06-25 00:15:11.772426,180,fog,0.375,-1.633662462234497,-1.6299107074737549,0.0037517547607421875,0.22965285369182473,PASS,MEDIUM
2026-06-25 00:15:11.837550,180,fog,0.75,-1.633662462234497,-1.6280710697174072,0.005591392517089844,0.34226097640954967,PASS,MEDIUM
2026-06-25 00:15:11.914753,180,fog,1.125,-1.633662462234497,-1.6280710697174072,0.005591392517089844,0.34226097640954967,PASS,MEDIUM
2026-06-25 00:15:11.979000,180,fog,1.5,-1.633662462234497,-1.6280710697174072,0.005591392517089844,0.34226097640954967,PASS,MEDIUM
2026-06-25 00:15:12.037593,180,visibility,0.05,-1.633662462234497,-1.6333889961242676,0.0002734661102294922,0.01673943970415118,PASS,LOW
2026-06-25 00:15:12.098571,180,visibility,0.4125,-1.633662462234497,-1.6313599348068237,0.00230252742767334,0.14094257972348737,PASS,MEDIUM
2026-06-25 00:15:12.167973,180,visibility,0.775,-1.633662462234497,-1.6293336153030396,0.0043288469314575195,0.2649778875225989,PASS,MEDIUM
2026-06-25 00:15:12.228003,180,visibility,1.1375,-1.633662462234497,-1.6280710697174072,0.005591392517089844,0.34226097640954967,PASS,MEDIUM
2026-06-25 00:15:12.287734,180,visibility,1.5,-1.633662462234497,-1.6280710697174072,0.005591392517089844,0.34226097640954967,PASS,MEDIUM
2026-06-25 00:15:12.358016,180,darkness,0.05,-1.633662462234497,-1.6357300281524658,0.00206756591796875,0.12656008815553532,PASS,MEDIUM
2026-06-25 00:15:12.417774,180,darkness,0.4125,-1.633662462234497,-1.6349542140960693,0.0012917518615722656,0.07907086688499658,PASS,MEDIUM
2026-06-25 00:15:12.493686,180,darkness,0.775,-1.633662462234497,-1.634163737297058,0.0005012750625610352,0.030684108088908327,PASS,LOW
2026-06-25 00:15:12.557712,180,darkness,1.1375,-1.633662462234497,-1.6335688829421997,9.357929229736328e-05,0.005728186646799771,PASS,LOW
2026-06-25 00:15:12.627827,180,darkness,1.5,-1.633662462234497,-1.6352955102920532,0.0016330480575561523,0.09996232977644594,PASS,MEDIUM
2026-06-25 00:15:14.987783,210,brightness,0.1,-1.6335484981536865,-1.6356123685836792,0.0020638704299926758,0.12634269315532576,PASS,MEDIUM
2026-06-25 00:15:15.047979,210,brightness,0.4625,-1.6335484981536865,-1.6347897052764893,0.0012412071228027344,0.07598221689673955,PASS,MEDIUM
2026-06-25 00:15:15.112384,210,brightness,0.825,-1.6335484981536865,-1.6339616775512695,0.0004131793975830078,0.02529335034230688,PASS,LOW
2026-06-25 00:15:15.177977,210,brightness,1.1875,-1.6335484981536865,-1.633722186088562,0.00017368793487548828,0.010632548023295189,PASS,LOW
2026-06-25 00:15:15.243564,210,brightness,1.55,-1.6335484981536865,-1.6349775791168213,0.0014290809631347656,0.08748317481349535,PASS,MEDIUM
2026-06-25 00:15:15.301432,210,rotation,-60.0,-1.6335484981536865,-1.6311671733856201,0.0023813247680664062,0.1457761011073059,PASS,MEDIUM
2026-06-25 00:15:15.365007,210,rotation,-30.0,-1.6335484981536865,-1.635705590248108,0.0021570920944213867,0.13204938674092412,PASS,MEDIUM
2026-06-25 00:15:15.422435,210,rotation,0.0,-1.6335484981536865,-1.6335484981536865,0.0,0.0,PASS,LOW
2026-06-25 00:15:15.487523,210,rotation,30.0,-1.6335484981536865,-1.63350248336792,4.601478576660156e-05,0.0028168589821495837,PASS,LOW
2026-06-25 00:15:15.547938,210,rotation,60.0,-1.6335484981536865,-1.63624107837677,0.002692580223083496,0.16483003582853017,PASS,MEDIUM
2026-06-25 00:15:15.609009,210,translation,0.0,-1.6335484981536865,-1.6335484981536865,0.0,0.0,PASS,LOW
2026-06-25 00:15:15.671290,210,translation,10.0,-1.6335484981536865,-1.6337189674377441,0.0001704692840576172,0.010435513845787317,PASS,LOW
2026-06-25 00:15:15.727857,210,translation,20.0,-1.6335484981536865,-1.633797287940979,0.00024878978729248047,0.015230012165145548,PASS,LOW
2026-06-25 00:15:15.787544,210,translation,30.0,-1.6335484981536865,-1.6339279413223267,0.0003794431686401367,0.023228140259539183,PASS,LOW
2026-06-25 00:15:15.847598,210,translation,40.0,-1.6335484981536865,-1.6340872049331665,0.0005387067794799805,0.032977683265113904,PASS,LOW
2026-06-25 00:15:15.897950,210,noise,0.0,-1.6335484981536865,-1.6335484981536865,0.0,0.0,PASS,LOW
2026-06-25 00:15:15.977929,210,noise,37.5,-1.6335484981536865,-1.6335315704345703,1.6927719116210938e-05,0.0010362538224488104,PASS,LOW
2026-06-25 00:15:16.064057,210,noise,75.0,-1.6335484981536865,-1.6335710287094116,2.2530555725097656e-05,0.001379239242555107,PASS,LOW
2026-06-25 00:15:16.127742,210,noise,112.5,-1.6335484981536865,-1.6341867446899414,0.0006382465362548828,0.039071147643598106,PASS,LOW
2026-06-25 00:15:16.217863,210,noise,150.0,-1.6335484981536865,-1.6333402395248413,0.00020825862884521484,0.012748841040972339,PASS,LOW
2026-06-25 00:15:16.277926,210,blur,1.0,-1.6335484981536865,-1.6335484981536865,0.0,0.0,PASS,LOW
2026-06-25 00:15:16.339753,210,blur,4.75,-1.6335484981536865,-1.6335502862930298,1.7881393432617188e-06,0.00010946343194881801,PASS,LOW
2026-06-25 00:15:16.403876,210,blur,8.5,-1.6335484981536865,-1.6335546970367432,6.198883056640625e-06,0.00037947323075590247,PASS,LOW
2026-06-25 00:15:16.462041,210,blur,12.25,-1.6335484981536865,-1.6335629224777222,1.4424324035644531e-05,0.0008830050177204653,PASS,LOW
2026-06-25 00:15:16.517613,210,blur,16.0,-1.6335484981536865,-1.6335651874542236,1.6689300537109375e-05,0.0010216586981889682,PASS,LOW
2026-06-25 00:15:16.581574,210,contrast,0.1,-1.6335484981536865,-1.6356123685836792,0.0020638704299926758,0.12634269315532576,PASS,MEDIUM
2026-06-25 00:15:16.637899,210,contrast,1.075,-1.6335484981536865,-1.6333914995193481,0.0001569986343383789,0.00961088932510622,PASS,LOW
2026-06-25 00:15:16.707912,210,contrast,2.05,-1.6335484981536865,-1.6334153413772583,0.00013315677642822266,0.008151376899121982,PASS,LOW
2026-06-25 00:15:16.772864,210,contrast,3.025,-1.6335484981536865,-1.6310157775878906,0.0025327205657958984,0.15504400501230584,PASS,MEDIUM
2026-06-25 00:15:16.832431,210,contrast,4.0,-1.6335484981536865,-1.6297341585159302,0.0038143396377563477,0.23350009547108866,PASS,MEDIUM
2026-06-25 00:15:16.897639,210,rain,0.0,-1.6335484981536865,-1.6344653367996216,0.0009168386459350586,0.05612555034122396,PASS,LOW
2026-06-25 00:15:16.957905,210,rain,0.1875,-1.6335484981536865,-1.634421944618225,0.0008734464645385742,0.05346923772593264,PASS,LOW
2026-06-25 00:15:17.027508,210,rain,0.375,-1.6335484981536865,-1.6343903541564941,0.0008418560028076172,0.051535383761503524,PASS,LOW
2026-06-25 00:15:17.101905,210,rain,0.5625,-1.6335484981536865,-1.6342787742614746,0.0007302761077880859,0.04470486560789728,PASS,LOW
2026-06-25 00:15:17.177582,210,rain,0.75,-1.6335484981536865,-1.6339176893234253,0.00036919116973876953,0.02260054991636596,PASS,LOW
2026-06-25 00:15:17.239621,210,snow,0.0,-1.6335484981536865,-1.6342474222183228,0.0006989240646362305,0.042785606767728,PASS,LOW
2026-06-25 00:15:17.308390,210,snow,0.375,-1.6335484981536865,-1.6337151527404785,0.0001666545867919922,0.01020199185762984,PASS,LOW
2026-06-25 00:15:17.383657,210,snow,0.75,-1.6335484981536865,-1.633423924446106,0.0001245737075805664,0.007625952425767656,PASS,LOW
2026-06-25 00:15:17.463577,210,snow,1.125,-1.6335484981536865,-1.6347030401229858,0.0011545419692993164,0.07067688922828684,PASS,MEDIUM
2026-06-25 00:15:17.547529,210,snow,1.5,-1.6335484981536865,-1.634427547454834,0.0008790493011474609,0.053812223146038944,PASS,LOW
2026-06-25 00:15:17.617683,210,fog,0.0,-1.6335484981536865,-1.6335779428482056,2.944469451904297e-05,0.0018024978460905365,PASS,LOW
2026-06-25 00:15:17.686086,210,fog,0.375,-1.6335484981536865,-1.6298744678497314,0.003674030303955078,0.22491086484417142,PASS,MEDIUM
2026-06-25 00:15:17.748298,210,fog,0.75,-1.6335484981536865,-1.6280710697174072,0.005477428436279297,0.33530838474561936,PASS,MEDIUM
2026-06-25 00:15:17.817979,210,fog,1.125,-1.6335484981536865,-1.6280710697174072,0.005477428436279297,0.33530838474561936,PASS,MEDIUM
2026-06-25 00:15:17.887762,210,fog,1.5,-1.6335484981536865,-1.6280710697174072,0.005477428436279297,0.33530838474561936,PASS,MEDIUM
2026-06-25 00:15:17.942951,210,visibility,0.05,-1.6335484981536865,-1.6332778930664062,0.00027060508728027344,0.016565466034921126,PASS,LOW
2026-06-25 00:15:18.008011,210,visibility,0.4125,-1.6335484981536865,-1.631295084953308,0.002253413200378418,0.13794581694190047,PASS,MEDIUM
2026-06-25 00:15:18.067755,210,visibility,0.775,-1.6335484981536865,-1.6293065547943115,0.004241943359375,0.259676450831116,PASS,MEDIUM
2026-06-25 00:15:18.127851,210,visibility,1.1375,-1.6335484981536865,-1.6280710697174072,0.005477428436279297,0.33530838474561936,PASS,MEDIUM
2026-06-25 00:15:18.181970,210,visibility,1.5,-1.6335484981536865,-1.6280710697174072,0.005477428436279297,0.33530838474561936,PASS,MEDIUM
2026-06-25 00:15:18.247850,210,darkness,0.05,-1.6335484981536865,-1.6357245445251465,0.002176046371459961,0.1332096991195816,PASS,MEDIUM
2026-06-25 00:15:18.307730,210,darkness,0.4125,-1.6335484981536865,-1.6349056959152222,0.0013571977615356445,0.08308274484915287,PASS,MEDIUM
2026-06-25 00:15:18.370425,210,darkness,0.775,-1.6335484981536865,-1.6340781450271606,0.0005296468734741211,0.0324230685432399,PASS,LOW
2026-06-25 00:15:18.434917,210,darkness,1.1375,-1.6335484981536865,-1.633439540863037,0.00010895729064941406,0.006669971786747978,PASS,LOW
2026-06-25 00:15:18.497576,210,darkness,1.5,-1.6335484981536865,-1.6351368427276611,0.0015883445739746094,0.09723271781907009,PASS,MEDIUM
2026-06-25 00:15:20.832164,240,brightness,0.1,-1.6332863569259644,-1.6355832815170288,0.002296924591064453,0.14063199481244568,PASS,MEDIUM
2026-06-25 00:15:20.897986,240,brightness,0.4625,-1.6332863569259644,-1.634668231010437,0.0013818740844726562,0.08460691736899886,PASS,MEDIUM
2026-06-25 00:15:20.961864,240,brightness,0.825,-1.6332863569259644,-1.6337486505508423,0.0004622936248779297,0.028304488057020155,PASS,LOW
2026-06-25 00:15:21.020961,240,brightness,1.1875,-1.6332863569259644,-1.633414626121521,0.00012826919555664062,0.007853437119482642,PASS,LOW
2026-06-25 00:15:21.088545,240,brightness,1.55,-1.6332863569259644,-1.634677767753601,0.0013914108276367188,0.08519081603959237,PASS,MEDIUM
2026-06-25 00:15:21.147738,240,rotation,-60.0,-1.6332863569259644,-1.6307317018508911,0.002554655075073242,0.15641185638523514,PASS,MEDIUM
2026-06-25 00:15:21.208141,240,rotation,-30.0,-1.6332863569259644,-1.6356459856033325,0.002359628677368164,0.14447112857159797,PASS,MEDIUM
2026-06-25 00:15:21.268180,240,rotation,0.0,-1.6332863569259644,-1.6332863569259644,0.0,0.0,PASS,LOW
2026-06-25 00:15:21.329926,240,rotation,30.0,-1.6332863569259644,-1.6331974267959595,8.893013000488281e-05,0.005444855103284434,PASS,LOW
2026-06-25 00:15:21.388214,240,rotation,60.0,-1.6332863569259644,-1.635759949684143,0.002473592758178711,0.15144871768519036,PASS,MEDIUM
2026-06-25 00:15:21.452180,240,translation,0.0,-1.6332863569259644,-1.6332863569259644,0.0,0.0,PASS,LOW
2026-06-25 00:15:21.507705,240,translation,10.0,-1.6332863569259644,-1.6334896087646484,0.00020325183868408203,0.012444340417024075,PASS,LOW
2026-06-25 00:15:21.567964,240,translation,20.0,-1.6332863569259644,-1.6335670948028564,0.00028073787689208984,0.017188517115596304,PASS,LOW
2026-06-25 00:15:21.627765,240,translation,30.0,-1.6332863569259644,-1.6337395906448364,0.0004532337188720703,0.027749784319956325,PASS,LOW
2026-06-25 00:15:21.690461,240,translation,40.0,-1.6332863569259644,-1.6339528560638428,0.000666499137878418,0.04080721834110358,PASS,LOW
2026-06-25 00:15:21.747980,240,noise,0.0,-1.6332863569259644,-1.6332863569259644,0.0,0.0,PASS,LOW
2026-06-25 00:15:21.827897,240,noise,37.5,-1.6332863569259644,-1.6332861185073853,2.384185791015625e-07,1.4597466764837623e-05,PASS,LOW
2026-06-25 00:15:21.908035,240,noise,75.0,-1.6332863569259644,-1.633315086364746,2.872943878173828e-05,0.0017589947451629338,PASS,LOW
2026-06-25 00:15:21.981238,240,noise,112.5,-1.6332863569259644,-1.6334662437438965,0.0001798868179321289,0.011013788674069987,PASS,LOW
2026-06-25 00:15:22.058781,240,noise,150.0,-1.6332863569259644,-1.6332032680511475,8.308887481689453e-05,0.005087217167545913,PASS,LOW
2026-06-25 00:15:22.117813,240,blur,1.0,-1.6332863569259644,-1.6332863569259644,0.0,0.0,PASS,LOW
2026-06-25 00:15:22.183004,240,blur,4.75,-1.6332863569259644,-1.633287787437439,1.430511474609375e-06,8.758480058902574e-05,PASS,LOW
2026-06-25 00:15:22.238000,240,blur,8.5,-1.6332863569259644,-1.63329017162323,3.814697265625e-06,0.00023355946823740197,PASS,LOW
2026-06-25 00:15:22.300407,240,blur,12.25,-1.6332863569259644,-1.633294701576233,8.344650268554688e-06,0.0005109113367693168,PASS,LOW
2026-06-25 00:15:22.358782,240,blur,16.0,-1.6332863569259644,-1.6333019733428955,1.5616416931152344e-05,0.0009561340730968645,PASS,LOW
2026-06-25 00:15:22.422184,240,contrast,0.1,-1.6332863569259644,-1.6355832815170288,0.002296924591064453,0.14063199481244568,PASS,MEDIUM
2026-06-25 00:15:22.488032,240,contrast,1.075,-1.6332863569259644,-1.6331108808517456,0.00017547607421875,0.010743735538920492,PASS,LOW
2026-06-25 00:15:22.552754,240,contrast,2.05,-1.6332863569259644,-1.6331520080566406,0.00013434886932373047,0.008225672521986001,PASS,LOW
2026-06-25 00:15:22.612225,240,contrast,3.025,-1.6332863569259644,-1.6308327913284302,0.0024535655975341797,0.150222530476944,PASS,MEDIUM
2026-06-25 00:15:22.682852,240,contrast,4.0,-1.6332863569259644,-1.629597783088684,0.0036885738372802734,0.2258374083188029,PASS,MEDIUM
2026-06-25 00:15:22.737941,240,rain,0.0,-1.6332863569259644,-1.6343040466308594,0.0010176897048950195,0.0623092868857094,PASS,MEDIUM
2026-06-25 00:15:22.808033,240,rain,0.1875,-1.6332863569259644,-1.6343125104904175,0.001026153564453125,0.06282749695586114,PASS,MEDIUM
2026-06-25 00:15:22.928122,240,rain,0.375,-1.6332863569259644,-1.6340842247009277,0.0007978677749633789,0.048850422528529114,PASS,LOW
2026-06-25 00:15:23.017654,240,rain,0.5625,-1.6332863569259644,-1.6340917348861694,0.0008053779602050781,0.049310242731621504,PASS,LOW
2026-06-25 00:15:23.098148,240,rain,0.75,-1.6332863569259644,-1.6339819431304932,0.0006955862045288086,0.04258810928641377,PASS,LOW
2026-06-25 00:15:23.168034,240,snow,0.0,-1.6332863569259644,-1.6340632438659668,0.0007768869400024414,0.0475658454532234,PASS,LOW
2026-06-25 00:15:23.237969,240,snow,0.375,-1.6332863569259644,-1.633476972579956,0.00019061565399169922,0.01167067467848768,PASS,LOW
2026-06-25 00:15:23.317976,240,snow,0.75,-1.6332863569259644,-1.6331324577331543,0.0001538991928100586,0.009422664796702687,PASS,LOW
2026-06-25 00:15:23.397927,240,snow,1.125,-1.6332863569259644,-1.6344445943832397,0.0011582374572753906,0.07091449354358118,PASS,MEDIUM
2026-06-25 00:15:23.481911,240,snow,1.5,-1.6332863569259644,-1.634019374847412,0.0007330179214477539,0.044879911568493275,PASS,LOW
2026-06-25 00:15:23.552810,240,fog,0.0,-1.6332863569259644,-1.6333125829696655,2.6226043701171875e-05,0.0016057213441321386,PASS,LOW
2026-06-25 00:15:23.622877,240,fog,0.375,-1.6332863569259644,-1.629786729812622,0.003499627113342285,0.21426891590766908,PASS,MEDIUM
2026-06-25 00:15:23.688048,240,fog,0.75,-1.6332863569259644,-1.6280710697174072,0.005215287208557129,0.3193122867474406,PASS,MEDIUM
2026-06-25 00:15:23.756531,240,fog,1.125,-1.6332863569259644,-1.6280710697174072,0.005215287208557129,0.3193122867474406,PASS,MEDIUM
2026-06-25 00:15:23.828073,240,fog,1.5,-1.6332863569259644,-1.6280710697174072,0.005215287208557129,0.3193122867474406,PASS,MEDIUM
2026-06-25 00:15:23.887999,240,visibility,0.05,-1.6332863569259644,-1.6330280303955078,0.00025832653045654297,0.01581635523970157,PASS,LOW
2026-06-25 00:15:23.945492,240,visibility,0.4125,-1.6332863569259644,-1.6311384439468384,0.0021479129791259766,0.13150857808442218,PASS,MEDIUM
2026-06-25 00:15:24.003809,240,visibility,0.775,-1.6332863569259644,-1.6292493343353271,0.004037022590637207,0.24717160599561308,PASS,MEDIUM
2026-06-25 00:15:24.068018,240,visibility,1.1375,-1.6332863569259644,-1.6280710697174072,0.005215287208557129,0.3193122867474406,PASS,MEDIUM
2026-06-25 00:15:24.124875,240,visibility,1.5,-1.6332863569259644,-1.6280710697174072,0.005215287208557129,0.3193122867474406,PASS,MEDIUM
2026-06-25 00:15:24.188036,240,darkness,0.05,-1.6332863569259644,-1.635709524154663,0.0024231672286987305,0.1483613534644272,PASS,MEDIUM
2026-06-25 00:15:24.253250,240,darkness,0.4125,-1.6332863569259644,-1.6347966194152832,0.0015102624893188477,0.09246765322186393,PASS,MEDIUM
2026-06-25 00:15:24.319806,240,darkness,0.775,-1.6332863569259644,-1.6338732242584229,0.0005868673324584961,0.03593166444164781,PASS,LOW
2026-06-25 00:15:24.383822,240,darkness,1.1375,-1.6332863569259644,-1.6331409215927124,0.00014543533325195312,0.00890445472655095,PASS,LOW
2026-06-25 00:15:24.441697,240,darkness,1.5,-1.6332863569259644,-1.6348299980163574,0.0015436410903930664,0.0945112985689412,PASS,MEDIUM
2026-06-25 00:15:26.933351,270,brightness,0.1,-1.6332955360412598,-1.635589361190796,0.002293825149536133,0.14044143846014912,PASS,MEDIUM
2026-06-25 00:15:26.990016,270,brightness,0.4625,-1.6332955360412598,-1.634672999382019,0.0013774633407592773,0.08433639026125263,PASS,MEDIUM
2026-06-25 00:15:27.054657,270,brightness,0.825,-1.6332955360412598,-1.6337580680847168,0.00046253204345703125,0.028318926370719182,PASS,LOW
2026-06-25 00:15:27.118095,270,brightness,1.1875,-1.6332955360412598,-1.6334328651428223,0.0001373291015625,0.008408093602852705,PASS,LOW
2026-06-25 00:15:27.186320,270,brightness,1.55,-1.6332955360412598,-1.6346933841705322,0.001397848129272461,0.08558446665542607,PASS,MEDIUM
2026-06-25 00:15:27.243843,270,rotation,-60.0,-1.6332955360412598,-1.6306657791137695,0.0026297569274902344,0.16100915354073847,PASS,MEDIUM
2026-06-25 00:15:27.302400,270,rotation,-30.0,-1.6332955360412598,-1.6356053352355957,0.0023097991943359375,0.14141946323686982,PASS,MEDIUM
2026-06-25 00:15:27.361107,270,rotation,0.0,-1.6332955360412598,-1.6332955360412598,0.0,0.0,PASS,LOW
2026-06-25 00:15:27.418216,270,rotation,30.0,-1.6332955360412598,-1.633204460144043,9.107589721679688e-05,0.005576200965780788,PASS,LOW
2026-06-25 00:15:27.477717,270,rotation,60.0,-1.6332955360412598,-1.635776162147522,0.002480626106262207,0.1518784893938906,PASS,MEDIUM
2026-06-25 00:15:27.543624,270,translation,0.0,-1.6332955360412598,-1.6332955360412598,0.0,0.0,PASS,LOW
2026-06-25 00:15:27.602455,270,translation,10.0,-1.6332955360412598,-1.633481740951538,0.0001862049102783203,0.011400557471923548,PASS,LOW
2026-06-25 00:15:27.665352,270,translation,20.0,-1.6332955360412598,-1.6335622072219849,0.00026667118072509766,0.016327174817345056,PASS,LOW
2026-06-25 00:15:27.723466,270,translation,30.0,-1.6332955360412598,-1.6337357759475708,0.00044023990631103516,0.026954070898728335,PASS,LOW
2026-06-25 00:15:27.777598,270,translation,40.0,-1.6332955360412598,-1.633933663368225,0.000638127326965332,0.03906990022228345,PASS,LOW
2026-06-25 00:15:27.833906,270,noise,0.0,-1.6332955360412598,-1.6332955360412598,0.0,0.0,PASS,LOW
2026-06-25 00:15:27.915818,270,noise,37.5,-1.6332955360412598,-1.6333647966384888,6.92605972290039e-05,0.00424054026324429,PASS,LOW
2026-06-25 00:15:27.987514,270,noise,75.0,-1.6332955360412598,-1.6334428787231445,0.00014734268188476562,0.009021183761394049,PASS,LOW
2026-06-25 00:15:28.057533,270,noise,112.5,-1.6332955360412598,-1.6336103677749634,0.0003148317337036133,0.01927584653223437,PASS,LOW
2026-06-25 00:15:28.137564,270,noise,150.0,-1.6332955360412598,-1.6331604719161987,0.00013506412506103516,0.008269418447944545,PASS,LOW
2026-06-25 00:15:28.197852,270,blur,1.0,-1.6332955360412598,-1.6332955360412598,0.0,0.0,PASS,LOW
2026-06-25 00:15:28.257891,270,blur,4.75,-1.6332955360412598,-1.633300542831421,5.0067901611328125e-06,0.0003065450792706716,PASS,LOW
2026-06-25 00:15:28.317665,270,blur,8.5,-1.6332955360412598,-1.6333000659942627,4.5299530029296875e-06,0.00027735030981632195,PASS,LOW
2026-06-25 00:15:28.387839,270,blur,12.25,-1.6332955360412598,-1.6333069801330566,1.1444091796875e-05,0.0007006744669043922,PASS,LOW
2026-06-25 00:15:28.449003,270,blur,16.0,-1.6332955360412598,-1.6333109140396118,1.537799835205078e-05,0.0009415313149027769,PASS,LOW
2026-06-25 00:15:28.507988,270,contrast,0.1,-1.6332955360412598,-1.635589361190796,0.002293825149536133,0.14044143846014912,PASS,MEDIUM
2026-06-25 00:15:28.577759,270,contrast,1.075,-1.6332955360412598,-1.6331262588500977,0.00016927719116210938,0.010364143156294135,PASS,LOW
2026-06-25 00:15:28.637777,270,contrast,2.05,-1.6332955360412598,-1.6331608295440674,0.0001347064971923828,0.008247522370853784,PASS,LOW
2026-06-25 00:15:28.700122,270,contrast,3.025,-1.6332955360412598,-1.6308451890945435,0.0024503469467163086,0.15002462153353938,PASS,MEDIUM
2026-06-25 00:15:28.764779,270,contrast,4.0,-1.6332955360412598,-1.6296030282974243,0.0036925077438354492,0.2260769959621203,PASS,MEDIUM
2026-06-25 00:15:28.827545,270,rain,0.0,-1.6332955360412598,-1.6343148946762085,0.0010193586349487305,0.06241111840103601,PASS,MEDIUM
2026-06-25 00:15:28.907971,270,rain,0.1875,-1.6332955360412598,-1.6343061923980713,0.0010106563568115234,0.06187831385849413,PASS,MEDIUM
2026-06-25 00:15:28.985447,270,rain,0.375,-1.6332955360412598,-1.634141445159912,0.0008459091186523438,0.05179152101201632,PASS,LOW
2026-06-25 00:15:29.057633,270,rain,0.5625,-1.6332955360412598,-1.6341776847839355,0.0008821487426757812,0.0540103234905469,PASS,LOW
2026-06-25 00:15:29.137567,270,rain,0.75,-1.6332955360412598,-1.6338114738464355,0.0005159378051757812,0.03158874054960635,PASS,LOW
2026-06-25 00:15:29.201417,270,snow,0.0,-1.6332955360412598,-1.6340728998184204,0.0007773637771606445,0.04759477290295356,PASS,LOW
2026-06-25 00:15:29.267798,270,snow,0.375,-1.6332955360412598,-1.6334693431854248,0.00017380714416503906,0.010641493466110456,PASS,LOW
2026-06-25 00:15:29.347601,270,snow,0.75,-1.6332955360412598,-1.6331381797790527,0.00015735626220703125,0.009634273919935392,PASS,LOW
2026-06-25 00:15:29.430571,270,snow,1.125,-1.6332955360412598,-1.6343896389007568,0.0010941028594970703,0.06698739851300532,PASS,MEDIUM
2026-06-25 00:15:29.517953,270,snow,1.5,-1.6332955360412598,-1.6340268850326538,0.000731348991394043,0.04477747765060881,PASS,LOW
2026-06-25 00:15:29.587909,270,fog,0.0,-1.6332955360412598,-1.6333222389221191,2.6702880859375e-05,0.0016349070894435818,PASS,LOW
2026-06-25 00:15:29.653882,270,fog,0.375,-1.6332955360412598,-1.6297922134399414,0.0035033226013183594,0.21449397118110702,PASS,MEDIUM
2026-06-25 00:15:29.720842,270,fog,0.75,-1.6332955360412598,-1.6280710697174072,0.005224466323852539,0.3198724915265822,PASS,MEDIUM
2026-06-25 00:15:29.787657,270,fog,1.125,-1.6332955360412598,-1.6280710697174072,0.005224466323852539,0.3198724915265822,PASS,MEDIUM
2026-06-25 00:15:29.857843,270,fog,1.5,-1.6332955360412598,-1.6280710697174072,0.005224466323852539,0.3198724915265822,PASS,MEDIUM
2026-06-25 00:15:29.917579,270,visibility,0.05,-1.6332955360412598,-1.633041262626648,0.0002542734146118164,0.015568110811531964,PASS,LOW
2026-06-25 00:15:29.977729,270,visibility,0.4125,-1.6332955360412598,-1.6311441659927368,0.0021513700485229492,0.13171950108566213,PASS,MEDIUM
2026-06-25 00:15:30.034452,270,visibility,0.775,-1.6332955360412598,-1.6292527914047241,0.0040427446365356445,0.2475205541263401,PASS,MEDIUM
2026-06-25 00:15:30.098005,270,visibility,1.1375,-1.6332955360412598,-1.6280710697174072,0.005224466323852539,0.3198724915265822,PASS,MEDIUM
2026-06-25 00:15:30.165037,270,visibility,1.5,-1.6332955360412598,-1.6280710697174072,0.005224466323852539,0.3198724915265822,PASS,MEDIUM
2026-06-25 00:15:30.232261,270,darkness,0.05,-1.6332955360412598,-1.6357126235961914,0.0024170875549316406,0.1479882863640985,PASS,MEDIUM
2026-06-25 00:15:30.297974,270,darkness,0.4125,-1.6332955360412598,-1.634803295135498,0.0015077590942382812,0.09231386101465366,PASS,MEDIUM
2026-06-25 00:15:30.357940,270,darkness,0.775,-1.6332955360412598,-1.6338820457458496,0.0005865097045898438,0.0359095664288501,PASS,LOW
2026-06-25 00:15:30.421673,270,darkness,1.1375,-1.6332955360412598,-1.6331591606140137,0.00013637542724609375,0.008349704063944008,PASS,LOW
2026-06-25 00:15:30.487748,270,darkness,1.5,-1.6332955360412598,-1.6348475217819214,0.001551985740661621,0.0950216758815446,PASS,MEDIUM
2026-06-25 00:15:33.034475,300,brightness,0.1,-1.6332892179489136,-1.635586142539978,0.002296924591064453,0.14063174846837273,PASS,MEDIUM
2026-06-25 00:15:33.107939,300,brightness,0.4625,-1.6332892179489136,-1.63467276096344,0.0013835430145263672,0.08470895125202066,PASS,MEDIUM
2026-06-25 00:15:33.167962,300,brightness,0.825,-1.6332892179489136,-1.6337484121322632,0.0004591941833496094,0.0281146717407189,PASS,LOW
2026-06-25 00:15:33.237827,300,brightness,1.1875,-1.6332892179489136,-1.6334234476089478,0.0001342296600341797,0.00821835939253621,PASS,LOW
2026-06-25 00:15:33.303207,300,brightness,1.55,-1.6332892179489136,-1.6346937417984009,0.0014045238494873047,0.08599352607714178,PASS,MEDIUM
2026-06-25 00:15:33.359815,300,rotation,-60.0,-1.6332892179489136,-1.6308557987213135,0.0024334192276000977,0.14898878355225725,PASS,MEDIUM
2026-06-25 00:15:33.423907,300,rotation,-30.0,-1.6332892179489136,-1.635682225227356,0.002393007278442383,0.14651451726977968,PASS,MEDIUM
2026-06-25 00:15:33.487789,300,rotation,0.0,-1.6332892179489136,-1.6332892179489136,0.0,0.0,PASS,LOW
2026-06-25 00:15:33.547923,300,rotation,30.0,-1.6332892179489136,-1.6333140134811401,2.47955322265625e-05,0.0015181338842340426,PASS,LOW
2026-06-25 00:15:33.604384,300,rotation,60.0,-1.6332892179489136,-1.6357873678207397,0.002498149871826172,0.1529519888365798,PASS,MEDIUM
2026-06-25 00:15:33.667989,300,translation,0.0,-1.6332892179489136,-1.6332892179489136,0.0,0.0,PASS,LOW
2026-06-25 00:15:33.727661,300,translation,10.0,-1.6332892179489136,-1.6334837675094604,0.000194549560546875,0.01191151201475941,PASS,LOW
2026-06-25 00:15:33.787673,300,translation,20.0,-1.6332892179489136,-1.6335628032684326,0.00027358531951904297,0.01675056377075542,PASS,LOW
2026-06-25 00:15:33.852008,300,translation,30.0,-1.6332892179489136,-1.6337378025054932,0.00044858455657958984,0.027465085607561068,PASS,LOW
2026-06-25 00:15:33.907902,300,translation,40.0,-1.6332892179489136,-1.633943796157837,0.0006545782089233398,0.04007727479965927,PASS,LOW
2026-06-25 00:15:33.969636,300,noise,0.0,-1.6332892179489136,-1.6332892179489136,0.0,0.0,PASS,LOW
2026-06-25 00:15:34.047671,300,noise,37.5,-1.6332892179489136,-1.6333551406860352,6.592273712158203e-05,0.004036192490295315,PASS,LOW
2026-06-25 00:15:34.129724,300,noise,75.0,-1.6332892179489136,-1.6338471174240112,0.0005578994750976562,0.03415801239526596,PASS,LOW
2026-06-25 00:15:34.198014,300,noise,112.5,-1.6332892179489136,-1.6336075067520142,0.00031828880310058594,0.019487583994735068,PASS,LOW
2026-06-25 00:15:34.273454,300,noise,150.0,-1.6332892179489136,-1.6335443258285522,0.0002551078796386719,0.015619262078177168,PASS,LOW
2026-06-25 00:15:34.337964,300,blur,1.0,-1.6332892179489136,-1.6332892179489136,0.0,0.0,PASS,LOW
2026-06-25 00:15:34.394011,300,blur,4.75,-1.6332892179489136,-1.6332918405532837,2.6226043701171875e-06,0.00016057185314013913,PASS,LOW
2026-06-25 00:15:34.451945,300,blur,8.5,-1.6332892179489136,-1.6332999467849731,1.0728836059570312e-05,0.0006568848537551145,PASS,LOW
2026-06-25 00:15:34.509681,300,blur,12.25,-1.6332892179489136,-1.6333062648773193,1.704692840576172e-05,0.0010437170454109042,PASS,LOW
2026-06-25 00:15:34.574026,300,blur,16.0,-1.6332892179489136,-1.6333096027374268,2.0384788513183594e-05,0.0012480812221347178,PASS,LOW
2026-06-25 00:15:34.637945,300,contrast,0.1,-1.6332892179489136,-1.635586142539978,0.002296924591064453,0.14063174846837273,PASS,MEDIUM
2026-06-25 00:15:34.699301,300,contrast,1.075,-1.6332892179489136,-1.6331148147583008,0.00017440319061279297,0.010678028233819251,PASS,LOW
2026-06-25 00:15:34.757986,300,contrast,2.05,-1.6332892179489136,-1.6331912279129028,9.799003601074219e-05,0.00599954833096338,PASS,LOW
2026-06-25 00:15:34.827523,300,contrast,3.025,-1.6332892179489136,-1.6309007406234741,0.002388477325439453,0.14623716588708305,PASS,MEDIUM
2026-06-25 00:15:34.889452,300,contrast,4.0,-1.6332892179489136,-1.6296577453613281,0.0036314725875854492,0.22234092555491175,PASS,MEDIUM
2026-06-25 00:15:34.952721,300,rain,0.0,-1.6332892179489136,-1.6343061923980713,0.0010169744491577148,0.06226538541538758,PASS,MEDIUM
2026-06-25 00:15:35.017575,300,rain,0.1875,-1.6332892179489136,-1.6342833042144775,0.0009940862655639648,0.060864031060710005,PASS,LOW
2026-06-25 00:15:35.087710,300,rain,0.375,-1.6332892179489136,-1.6341943740844727,0.000905156135559082,0.05541918549513983,PASS,LOW
2026-06-25 00:15:35.175604,300,rain,0.5625,-1.6332892179489136,-1.6341137886047363,0.0008245706558227539,0.05048525037137919,PASS,LOW
2026-06-25 00:15:35.257960,300,rain,0.75,-1.6332892179489136,-1.6335134506225586,0.00022423267364501953,0.013728893443481894,PASS,LOW
2026-06-25 00:15:35.327920,300,snow,0.0,-1.6332892179489136,-1.6340668201446533,0.0007776021957397461,0.047609554456051244,PASS,LOW
2026-06-25 00:15:35.394538,300,snow,0.375,-1.6332892179489136,-1.6334861516952515,0.00019693374633789062,0.012057486426704992,PASS,LOW
2026-06-25 00:15:35.467669,300,snow,0.75,-1.6332892179489136,-1.63310706615448,0.00018215179443359375,0.01115244507264239,PASS,LOW
2026-06-25 00:15:35.552931,300,snow,1.125,-1.6332892179489136,-1.6344268321990967,0.0011376142501831055,0.06965169065983398,PASS,MEDIUM
2026-06-25 00:15:35.637669,300,snow,1.5,-1.6332892179489136,-1.6339197158813477,0.000630497932434082,0.0386029332390089,PASS,LOW
2026-06-25 00:15:35.699764,300,fog,0.0,-1.6332892179489136,-1.633321762084961,3.254413604736328e-05,0.0019925507230571806,PASS,LOW
2026-06-25 00:15:35.767660,300,fog,0.375,-1.6332892179489136,-1.629791259765625,0.0034979581832885742,0.2141663584859592,PASS,MEDIUM
2026-06-25 00:15:35.837964,300,fog,0.75,-1.6332892179489136,-1.6280710697174072,0.005218148231506348,0.3194868967046959,PASS,MEDIUM
2026-06-25 00:15:35.907558,300,fog,1.125,-1.6332892179489136,-1.6280710697174072,0.005218148231506348,0.3194868967046959,PASS,MEDIUM
2026-06-25 00:15:35.970592,300,fog,1.5,-1.6332892179489136,-1.6280710697174072,0.005218148231506348,0.3194868967046959,PASS,MEDIUM
2026-06-25 00:15:36.029514,300,visibility,0.05,-1.6332892179489136,-1.633032202720642,0.0002570152282714844,0.015736041607733633,PASS,LOW
2026-06-25 00:15:36.091920,300,visibility,0.4125,-1.6332892179489136,-1.6311410665512085,0.002148151397705078,0.1315229451629685,PASS,MEDIUM
2026-06-25 00:15:36.147558,300,visibility,0.775,-1.6332892179489136,-1.6292508840560913,0.004038333892822266,0.24725145895342512,PASS,MEDIUM
2026-06-25 00:15:36.207575,300,visibility,1.1375,-1.6332892179489136,-1.6280710697174072,0.005218148231506348,0.3194868967046959,PASS,MEDIUM
2026-06-25 00:15:36.270584,300,visibility,1.5,-1.6332892179489136,-1.6280710697174072,0.005218148231506348,0.3194868967046959,PASS,MEDIUM
2026-06-25 00:15:36.333273,300,darkness,0.05,-1.6332892179489136,-1.6357110738754272,0.002421855926513672,0.1482808076543212,PASS,MEDIUM
2026-06-25 00:15:36.394470,300,darkness,0.4125,-1.6332892179489136,-1.6347973346710205,0.0015081167221069336,0.09233611427617727,PASS,MEDIUM
2026-06-25 00:15:36.458023,300,darkness,0.775,-1.6332892179489136,-1.6338768005371094,0.0005875825881958008,0.03597539382398844,PASS,LOW
2026-06-25 00:15:36.523649,300,darkness,1.1375,-1.6332892179489136,-1.63314950466156,0.00013971328735351562,0.008554100540011048,PASS,LOW
2026-06-25 00:15:36.577792,300,darkness,1.5,-1.6332892179489136,-1.634850263595581,0.0015610456466674805,0.09557674622136918,PASS,MEDIUM
2026-06-25 00:15:37.431540,310,brightness,0.1,-1.633228063583374,-1.6355805397033691,0.002352476119995117,0.14403834541333013,PASS,MEDIUM
2026-06-25 00:15:37.511407,310,brightness,0.4625,-1.633228063583374,-1.6346412897109985,0.0014132261276245117,0.08652957255878324,PASS,MEDIUM
2026-06-25 00:15:37.577855,310,brightness,0.825,-1.633228063583374,-1.6336991786956787,0.0004711151123046875,0.02884562385089088,PASS,LOW
2026-06-25 00:15:37.643411,310,brightness,1.1875,-1.633228063583374,-1.6333627700805664,0.0001347064971923828,0.008247863095016876,PASS,LOW
2026-06-25 00:15:37.708570,310,brightness,1.55,-1.633228063583374,-1.6346485614776611,0.0014204978942871094,0.08697481118603637,PASS,MEDIUM
2026-06-25 00:15:37.767731,310,rotation,-60.0,-1.633228063583374,-1.6307848691940308,0.0024431943893432617,0.14959287976316007,PASS,MEDIUM
2026-06-25 00:15:37.827757,310,rotation,-30.0,-1.633228063583374,-1.6356106996536255,0.002382636070251465,0.14588499086734716,PASS,MEDIUM
2026-06-25 00:15:37.890955,310,rotation,0.0,-1.633228063583374,-1.633228063583374,0.0,0.0,PASS,LOW
2026-06-25 00:15:37.951990,310,rotation,30.0,-1.633228063583374,-1.633230447769165,2.384185791015625e-06,0.00014597987778790933,PASS,LOW
2026-06-25 00:15:38.008903,310,rotation,60.0,-1.633228063583374,-1.6357674598693848,0.002539396286010742,0.1554831678319022,PASS,MEDIUM
2026-06-25 00:15:38.072335,310,translation,0.0,-1.633228063583374,-1.633228063583374,0.0,0.0,PASS,LOW
2026-06-25 00:15:38.130320,310,translation,10.0,-1.633228063583374,-1.633423924446106,0.0001958608627319336,0.01199224696027675,PASS,LOW
2026-06-25 00:15:38.199046,310,translation,20.0,-1.633228063583374,-1.6335551738739014,0.00032711029052734375,0.020028439232501156,PASS,LOW
2026-06-25 00:15:38.256665,310,translation,30.0,-1.633228063583374,-1.6336928606033325,0.0004647970199584961,0.02845877717475292,PASS,LOW
2026-06-25 00:15:38.318122,310,translation,40.0,-1.633228063583374,-1.6338896751403809,0.0006616115570068359,0.040509416086144834,PASS,LOW
2026-06-25 00:15:38.377660,310,noise,0.0,-1.633228063583374,-1.633228063583374,0.0,0.0,PASS,LOW
2026-06-25 00:15:38.457644,310,noise,37.5,-1.633228063583374,-1.6332263946533203,1.6689300537109375e-06,0.00010218591445153653,PASS,LOW
2026-06-25 00:15:38.527594,310,noise,75.0,-1.633228063583374,-1.6337083578109741,0.00048029422760009766,0.02940764638037433,PASS,LOW
2026-06-25 00:15:38.607996,310,noise,112.5,-1.633228063583374,-1.6334384679794312,0.0002104043960571289,0.012882724214782999,PASS,LOW
2026-06-25 00:15:38.687656,310,noise,150.0,-1.633228063583374,-1.6336288452148438,0.00040078163146972656,0.024539217456147556,PASS,LOW
2026-06-25 00:15:38.747690,310,blur,1.0,-1.633228063583374,-1.633228063583374,0.0,0.0,PASS,LOW
2026-06-25 00:15:38.811457,310,blur,4.75,-1.633228063583374,-1.633230209350586,2.1457672119140625e-06,0.0001313818900091184,PASS,LOW
2026-06-25 00:15:38.867627,310,blur,8.5,-1.633228063583374,-1.6332355737686157,7.510185241699219e-06,0.0004598366150319144,PASS,LOW
2026-06-25 00:15:38.932386,310,blur,12.25,-1.633228063583374,-1.6332372426986694,9.179115295410156e-06,0.0005620225294834508,PASS,LOW
2026-06-25 00:15:38.989477,310,blur,16.0,-1.633228063583374,-1.6332423686981201,1.430511474609375e-05,0.000875879266727456,PASS,LOW
2026-06-25 00:15:39.052554,310,contrast,0.1,-1.633228063583374,-1.6355805397033691,0.002352476119995117,0.14403834541333013,PASS,MEDIUM
2026-06-25 00:15:39.117943,310,contrast,1.075,-1.633228063583374,-1.633049488067627,0.0001785755157470703,0.010933892846314406,PASS,LOW
2026-06-25 00:15:39.180451,310,contrast,2.05,-1.633228063583374,-1.6331632137298584,6.4849853515625e-05,0.003970652675831134,PASS,LOW
2026-06-25 00:15:39.243522,310,contrast,3.025,-1.633228063583374,-1.6308975219726562,0.0023305416107177734,0.14269533053768135,PASS,MEDIUM
2026-06-25 00:15:39.307858,310,contrast,4.0,-1.633228063583374,-1.6296743154525757,0.00355374813079834,0.21759030683676825,PASS,MEDIUM
2026-06-25 00:15:39.387757,310,rain,0.0,-1.633228063583374,-1.6342713832855225,0.0010433197021484375,0.06388079451998911,PASS,MEDIUM
2026-06-25 00:15:39.457639,310,rain,0.1875,-1.633228063583374,-1.6342403888702393,0.0010123252868652344,0.0619830561087463,PASS,MEDIUM
2026-06-25 00:15:39.523852,310,rain,0.375,-1.633228063583374,-1.634135127067566,0.0009070634841918945,0.055538044504410106,PASS,LOW
2026-06-25 00:15:39.604383,310,rain,0.5625,-1.633228063583374,-1.6339877843856812,0.0007597208023071289,0.0465164880571173,PASS,LOW
2026-06-25 00:15:39.678001,310,rain,0.75,-1.633228063583374,-1.633689045906067,0.0004609823226928711,0.028225209370292267,PASS,LOW
2026-06-25 00:15:39.747776,310,snow,0.0,-1.633228063583374,-1.6340230703353882,0.0007950067520141602,0.04867699024837836,PASS,LOW
2026-06-25 00:15:39.817540,310,snow,0.375,-1.633228063583374,-1.6334189176559448,0.00019085407257080078,0.01168568921692214,PASS,LOW
2026-06-25 00:15:39.893701,310,snow,0.75,-1.633228063583374,-1.6330524682998657,0.00017559528350830078,0.01075141799907952,PASS,LOW
2026-06-25 00:15:39.977552,310,snow,1.125,-1.633228063583374,-1.6344221830368042,0.0011941194534301758,0.07311402179007438,PASS,MEDIUM
2026-06-25 00:15:40.067675,310,snow,1.5,-1.633228063583374,-1.6339921951293945,0.0007641315460205078,0.04678655083102493,PASS,LOW
2026-06-25 00:15:40.135365,310,fog,0.0,-1.633228063583374,-1.6332578659057617,2.9802322387695312e-05,0.0018247484723488666,PASS,LOW
2026-06-25 00:15:40.198743,310,fog,0.375,-1.633228063583374,-1.6297693252563477,0.003458738327026367,0.21177300870692004,PASS,MEDIUM
2026-06-25 00:15:40.262144,310,fog,0.75,-1.633228063583374,-1.6280710697174072,0.005156993865966797,0.31575447565524783,PASS,MEDIUM
2026-06-25 00:15:40.331776,310,fog,1.125,-1.633228063583374,-1.6280710697174072,0.005156993865966797,0.31575447565524783,PASS,MEDIUM
2026-06-25 00:15:40.399716,310,fog,1.5,-1.633228063583374,-1.6280710697174072,0.005156993865966797,0.31575447565524783,PASS,MEDIUM
2026-06-25 00:15:40.463494,310,visibility,0.05,-1.633228063583374,-1.63297700881958,0.0002510547637939453,0.01537168113106685,PASS,LOW
2026-06-25 00:15:40.520392,310,visibility,0.4125,-1.633228063583374,-1.631105899810791,0.002122163772583008,0.12993668921901808,PASS,MEDIUM
2026-06-25 00:15:40.587563,310,visibility,0.775,-1.633228063583374,-1.629238247871399,0.003989815711975098,0.24429002648417683,PASS,MEDIUM
2026-06-25 00:15:40.643937,310,visibility,1.1375,-1.633228063583374,-1.6280710697174072,0.005156993865966797,0.31575447565524783,PASS,MEDIUM
2026-06-25 00:15:40.702954,310,visibility,1.5,-1.633228063583374,-1.6280710697174072,0.005156993865966797,0.31575447565524783,PASS,MEDIUM
2026-06-25 00:15:40.769289,310,darkness,0.05,-1.633228063583374,-1.6357077360153198,0.0024796724319458008,0.15182637189331508,PASS,MEDIUM
2026-06-25 00:15:40.828536,310,darkness,0.4125,-1.633228063583374,-1.6347728967666626,0.0015448331832885742,0.09458766181267585,PASS,MEDIUM
2026-06-25 00:15:40.897734,310,darkness,0.775,-1.633228063583374,-1.6338294744491577,0.0006014108657836914,0.03682342417200013,PASS,LOW
2026-06-25 00:15:40.957878,310,darkness,1.1375,-1.633228063583374,-1.633081316947937,0.00014674663543701172,0.008985061477845818,PASS,LOW
2026-06-25 00:15:41.020315,310,darkness,1.5,-1.633228063583374,-1.6348001956939697,0.0015721321105957031,0.09625913141334741,PASS,MEDIUM
2026-06-25 00:15:41.877999,320,brightness,0.1,-1.6331905126571655,-1.635575294494629,0.002384781837463379,0.14601973001827526,PASS,MEDIUM
2026-06-25 00:15:41.940368,320,brightness,0.4625,-1.6331905126571655,-1.6346229314804077,0.0014324188232421875,0.08770672711320147,PASS,MEDIUM
2026-06-25 00:15:42.008964,320,brightness,0.825,-1.6331905126571655,-1.6336677074432373,0.00047719478607177734,0.029218544327076025,PASS,LOW
2026-06-25 00:15:42.072685,320,brightness,1.1875,-1.6331905126571655,-1.6333508491516113,0.00016033649444580078,0.009817372500603862,PASS,LOW
2026-06-25 00:15:42.137975,320,brightness,1.55,-1.6331905126571655,-1.6347476243972778,0.0015571117401123047,0.09534165026236999,PASS,MEDIUM
2026-06-25 00:15:42.197539,320,rotation,-60.0,-1.6331905126571655,-1.630433201789856,0.0027573108673095703,0.16882961036354446,PASS,MEDIUM
2026-06-25 00:15:42.257985,320,rotation,-30.0,-1.6331905126571655,-1.6354347467422485,0.002244234085083008,0.1374140183616121,PASS,MEDIUM
2026-06-25 00:15:42.317645,320,rotation,0.0,-1.6331905126571655,-1.6331905126571655,0.0,0.0,PASS,LOW
2026-06-25 00:15:42.377854,320,rotation,30.0,-1.6331905126571655,-1.6330642700195312,0.00012624263763427734,0.007729812251404824,PASS,LOW
2026-06-25 00:15:42.438009,320,rotation,60.0,-1.6331905126571655,-1.6354113817214966,0.0022208690643310547,0.13598338266635682,PASS,MEDIUM
2026-06-25 00:15:42.497968,320,translation,0.0,-1.6331905126571655,-1.6331905126571655,0.0,0.0,PASS,LOW
2026-06-25 00:15:42.557693,320,translation,10.0,-1.6331905126571655,-1.6332917213439941,0.00010120868682861328,0.006196988292202735,PASS,LOW
2026-06-25 00:15:42.614504,320,translation,20.0,-1.6331905126571655,-1.6334587335586548,0.0002682209014892578,0.01642311384859382,PASS,LOW
2026-06-25 00:15:42.675901,320,translation,30.0,-1.6331905126571655,-1.6335511207580566,0.0003606081008911133,0.02207996417422058,PASS,LOW
2026-06-25 00:15:42.733006,320,translation,40.0,-1.6331905126571655,-1.6336783170700073,0.0004878044128417969,0.029868169719309293,PASS,LOW
2026-06-25 00:15:42.797980,320,noise,0.0,-1.6331905126571655,-1.6331905126571655,0.0,0.0,PASS,LOW
2026-06-25 00:15:42.872326,320,noise,37.5,-1.6331905126571655,-1.63322114944458,3.063678741455078e-05,0.0018758845595949383,PASS,LOW
2026-06-25 00:15:42.960564,320,noise,75.0,-1.6331905126571655,-1.6335675716400146,0.0003770589828491211,0.023087248490267664,PASS,LOW
2026-06-25 00:15:43.027974,320,noise,112.5,-1.6331905126571655,-1.633744716644287,0.000554203987121582,0.03393380279205007,PASS,LOW
2026-06-25 00:15:43.107787,320,noise,150.0,-1.6331905126571655,-1.6332669258117676,7.641315460205078e-05,0.004678762656421617,PASS,LOW
2026-06-25 00:15:43.167935,320,blur,1.0,-1.6331905126571655,-1.6331905126571655,0.0,0.0,PASS,LOW
2026-06-25 00:15:43.230647,320,blur,4.75,-1.6331905126571655,-1.6331870555877686,3.4570693969726562e-06,0.00021167568960409812,PASS,LOW
2026-06-25 00:15:43.288056,320,blur,8.5,-1.6331905126571655,-1.6331872940063477,3.2186508178710938e-06,0.00019707736618312582,PASS,LOW
2026-06-25 00:15:43.347982,320,blur,12.25,-1.6331905126571655,-1.633187174797058,3.337860107421875e-06,0.00020437652789361194,PASS,LOW
2026-06-25 00:15:43.407713,320,blur,16.0,-1.6331905126571655,-1.6331878900527954,2.6226043701171875e-06,0.00016058155763069512,PASS,LOW
2026-06-25 00:15:43.477709,320,contrast,0.1,-1.6331905126571655,-1.635575294494629,0.002384781837463379,0.14601973001827526,PASS,MEDIUM
2026-06-25 00:15:43.537674,320,contrast,1.075,-1.6331905126571655,-1.633010745048523,0.00017976760864257812,0.011007135859413101,PASS,LOW
2026-06-25 00:15:43.599753,320,contrast,2.05,-1.6331905126571655,-1.6333321332931519,0.00014162063598632812,0.008671404112057537,PASS,LOW
2026-06-25 00:15:43.673736,320,contrast,3.025,-1.6331905126571655,-1.6311763525009155,0.00201416015625,0.12332663626037385,PASS,MEDIUM
2026-06-25 00:15:43.736189,320,contrast,4.0,-1.6331905126571655,-1.6300116777420044,0.003178834915161133,0.19463944617182347,PASS,MEDIUM
2026-06-25 00:15:43.794147,320,rain,0.0,-1.6331905126571655,-1.6342486143112183,0.0010581016540527344,0.06478735934227499,PASS,MEDIUM
2026-06-25 00:15:43.858360,320,rain,0.1875,-1.6331905126571655,-1.634255051612854,0.0010645389556884766,0.06518151407464125,PASS,MEDIUM
2026-06-25 00:15:43.927696,320,rain,0.375,-1.6331905126571655,-1.6340889930725098,0.0008984804153442383,0.05501378181193405,PASS,LOW
2026-06-25 00:15:44.009652,320,rain,0.5625,-1.6331905126571655,-1.6339727640151978,0.0007822513580322266,0.04789709914421006,PASS,LOW
2026-06-25 00:15:44.087627,320,rain,0.75,-1.6331905126571655,-1.633587121963501,0.0003966093063354492,0.02428431101078739,PASS,LOW
2026-06-25 00:15:44.149599,320,snow,0.0,-1.6331905126571655,-1.6339958906173706,0.0008053779602050781,0.049313136516044374,PASS,LOW
2026-06-25 00:15:44.223406,320,snow,0.375,-1.6331905126571655,-1.6333962678909302,0.00020575523376464844,0.012598353112299081,PASS,LOW
2026-06-25 00:15:44.296334,320,snow,0.75,-1.6331905126571655,-1.633051872253418,0.0001386404037475586,0.008488925069295383,PASS,LOW
2026-06-25 00:15:44.371401,320,snow,1.125,-1.6331905126571655,-1.6344609260559082,0.0012704133987426758,0.07778716634865081,PASS,MEDIUM
2026-06-25 00:15:44.457979,320,snow,1.5,-1.6331905126571655,-1.6339635848999023,0.0007730722427368164,0.04733506369250263,PASS,LOW
2026-06-25 00:15:44.527930,320,fog,0.0,-1.6331905126571655,-1.633208990097046,1.8477439880371094e-05,0.001131370065125352,PASS,LOW
2026-06-25 00:15:44.590315,320,fog,0.375,-1.6331905126571655,-1.6297563314437866,0.0034341812133789062,0.21027425055568477,PASS,MEDIUM
2026-06-25 00:15:44.658817,320,fog,0.75,-1.6331905126571655,-1.6280710697174072,0.005119442939758301,0.3134624996568274,PASS,MEDIUM
2026-06-25 00:15:44.727987,320,fog,1.125,-1.6331905126571655,-1.6280710697174072,0.005119442939758301,0.3134624996568274,PASS,MEDIUM
2026-06-25 00:15:44.797521,320,fog,1.5,-1.6331905126571655,-1.6280710697174072,0.005119442939758301,0.3134624996568274,PASS,MEDIUM
2026-06-25 00:15:44.857800,320,visibility,0.05,-1.6331905126571655,-1.6329402923583984,0.00025022029876708984,0.015320940430310412,PASS,LOW
2026-06-25 00:15:44.917786,320,visibility,0.4125,-1.6331905126571655,-1.6310840845108032,0.0021064281463623047,0.12897618742429012,PASS,MEDIUM
2026-06-25 00:15:44.977759,320,visibility,0.775,-1.6331905126571655,-1.6292277574539185,0.00396275520324707,0.24263873357998034,PASS,MEDIUM
2026-06-25 00:15:45.033829,320,visibility,1.1375,-1.6331905126571655,-1.6280710697174072,0.005119442939758301,0.3134624996568274,PASS,MEDIUM
2026-06-25 00:15:45.092714,320,visibility,1.5,-1.6331905126571655,-1.6280710697174072,0.005119442939758301,0.3134624996568274,PASS,MEDIUM
2026-06-25 00:15:45.157840,320,darkness,0.05,-1.6331905126571655,-1.6357066631317139,0.00251615047454834,0.154063406223231,PASS,MEDIUM
2026-06-25 00:15:45.220316,320,darkness,0.4125,-1.6331905126571655,-1.6347538232803345,0.0015633106231689453,0.09572120667131526,PASS,MEDIUM
2026-06-25 00:15:45.288276,320,darkness,0.775,-1.6331905126571655,-1.6337987184524536,0.0006082057952880859,0.037240323046900295,PASS,LOW
2026-06-25 00:15:45.350926,320,darkness,1.1375,-1.6331905126571655,-1.6330504417419434,0.00014007091522216797,0.008576515009821217,PASS,LOW
2026-06-25 00:15:45.416523,320,darkness,1.5,-1.6331905126571655,-1.6348932981491089,0.0017027854919433594,0.10426122587258405,PASS,MEDIUM
2026-06-25 00:15:46.293657,330,brightness,0.1,-1.6330822706222534,-1.6355655193328857,0.0024832487106323242,0.15205891550687017,PASS,MEDIUM
2026-06-25 00:15:46.359881,330,brightness,0.4625,-1.6330822706222534,-1.6345758438110352,0.0014935731887817383,0.09145725852746275,PASS,MEDIUM
2026-06-25 00:15:46.427702,330,brightness,0.825,-1.6330822706222534,-1.6335777044296265,0.0004954338073730469,0.03033732671722685,PASS,LOW
2026-06-25 00:15:46.495140,330,brightness,1.1875,-1.6330822706222534,-1.6332218647003174,0.00013959407806396484,0.008547884885917382,PASS,LOW
2026-06-25 00:15:46.557870,330,brightness,1.55,-1.6330822706222534,-1.634587287902832,0.0015050172805786133,0.09215802449590688,PASS,MEDIUM
2026-06-25 00:15:46.621916,330,rotation,-60.0,-1.6330822706222534,-1.6304925680160522,0.002589702606201172,0.15857749894250145,PASS,MEDIUM
2026-06-25 00:15:46.687867,330,rotation,-30.0,-1.6330822706222534,-1.6354944705963135,0.0024121999740600586,0.1477083267861129,PASS,MEDIUM
2026-06-25 00:15:46.748105,330,rotation,0.0,-1.6330822706222534,-1.6330822706222534,0.0,0.0,PASS,LOW
2026-06-25 00:15:46.807983,330,rotation,30.0,-1.6330822706222534,-1.6330229043960571,5.936622619628906e-05,0.003635223461303891,PASS,LOW
2026-06-25 00:15:46.867827,330,rotation,60.0,-1.6330822706222534,-1.63542902469635,0.0023467540740966797,0.14370082140407306,PASS,MEDIUM
2026-06-25 00:15:46.937856,330,translation,0.0,-1.6330822706222534,-1.6330822706222534,0.0,0.0,PASS,LOW
2026-06-25 00:15:46.997909,330,translation,10.0,-1.6330822706222534,-1.6332165002822876,0.0001342296600341797,0.008219400838209198,PASS,LOW
2026-06-25 00:15:47.068788,330,translation,20.0,-1.6330822706222534,-1.6334000825881958,0.0003178119659423828,0.01946085491533368,PASS,LOW
2026-06-25 00:15:47.141710,330,translation,30.0,-1.6330822706222534,-1.6334996223449707,0.00041735172271728516,0.02555605891169663,PASS,LOW
2026-06-25 00:15:47.201014,330,translation,40.0,-1.6330822706222534,-1.6336373090744019,0.0005550384521484375,0.033987149469539985,PASS,LOW
2026-06-25 00:15:47.261111,330,noise,0.0,-1.6330822706222534,-1.6330822706222534,0.0,0.0,PASS,LOW
2026-06-25 00:15:47.338329,330,noise,37.5,-1.6330822706222534,-1.633131742477417,4.947185516357422e-05,0.003029352884419909,PASS,LOW
2026-06-25 00:15:47.417735,330,noise,75.0,-1.6330822706222534,-1.6333887577056885,0.0003064870834350586,0.018767388592394185,PASS,LOW
2026-06-25 00:15:47.487942,330,noise,112.5,-1.6330822706222534,-1.6332517862319946,0.00016951560974121094,0.010380095907578579,PASS,LOW
2026-06-25 00:15:47.557643,330,noise,150.0,-1.6330822706222534,-1.6328996419906616,0.00018262863159179688,0.011183056913087472,PASS,LOW
2026-06-25 00:15:47.628850,330,blur,1.0,-1.6330822706222534,-1.6330822706222534,0.0,0.0,PASS,LOW
2026-06-25 00:15:47.687957,330,blur,4.75,-1.6330822706222534,-1.6330817937850952,4.76837158203125e-07,2.919858201850515e-05,PASS,LOW
2026-06-25 00:15:47.744783,330,blur,8.5,-1.6330822706222534,-1.633086085319519,3.814697265625e-06,0.0002335886561480412,PASS,LOW
2026-06-25 00:15:47.803918,330,blur,12.25,-1.6330822706222534,-1.633089542388916,7.271766662597656e-06,0.0004452783757822035,PASS,LOW
2026-06-25 00:15:47.865493,330,blur,16.0,-1.6330822706222534,-1.633095622062683,1.33514404296875e-05,0.000817560296518144,PASS,LOW
2026-06-25 00:15:47.927732,330,contrast,0.1,-1.6330822706222534,-1.6355655193328857,0.0024832487106323242,0.15205891550687017,PASS,MEDIUM
2026-06-25 00:15:47.987672,330,contrast,1.075,-1.6330822706222534,-1.632893443107605,0.0001888275146484375,0.011562638479328037,PASS,LOW
2026-06-25 00:15:48.054384,330,contrast,2.05,-1.6330822706222534,-1.633176565170288,9.429454803466797e-05,0.005774019594159393,PASS,LOW
2026-06-25 00:15:48.119460,330,contrast,3.025,-1.6330822706222534,-1.631043553352356,0.002038717269897461,0.12483853742011874,PASS,MEDIUM
2026-06-25 00:15:48.182006,330,contrast,4.0,-1.6330822706222534,-1.6298660039901733,0.003216266632080078,0.1969444357148172,PASS,MEDIUM
2026-06-25 00:15:48.237914,330,rain,0.0,-1.6330822706222534,-1.6341840028762817,0.0011017322540283203,0.06746332375375615,PASS,MEDIUM
2026-06-25 00:15:48.299871,330,rain,0.1125,-1.6330822706222534,-1.634181261062622,0.0010989904403686523,0.06729543190714973,PASS,MEDIUM
2026-06-25 00:15:48.363736,330,rain,0.225,-1.6330822706222534,-1.6341286897659302,0.0010464191436767578,0.06407628823960955,PASS,MEDIUM
2026-06-25 00:15:48.430407,330,rain,0.3375,-1.6330822706222534,-1.63406240940094,0.0009801387786865234,0.06001768533903733,PASS,LOW
2026-06-25 00:15:48.507772,330,rain,0.45,-1.6330822706222534,-1.6340481042861938,0.0009658336639404297,0.059141727878482174,PASS,LOW
2026-06-25 00:15:48.567913,330,snow,0.0,-1.6330822706222534,-1.6339224576950073,0.0008401870727539062,0.05144790151660607,PASS,LOW
2026-06-25 00:15:48.637528,330,snow,0.375,-1.6330822706222534,-1.6332769393920898,0.00019466876983642578,0.011920321109054725,PASS,LOW
2026-06-25 00:15:48.716381,330,snow,0.75,-1.6330822706222534,-1.6329225301742554,0.00015974044799804688,0.009781524976199224,PASS,LOW
2026-06-25 00:15:48.797791,330,snow,1.125,-1.6330822706222534,-1.6343284845352173,0.0012462139129638672,0.0763104941053632,PASS,MEDIUM
2026-06-25 00:15:48.879529,330,snow,1.5,-1.6330822706222534,-1.6339759826660156,0.000893712043762207,0.054725442348183266,PASS,LOW
2026-06-25 00:15:48.948085,330,fog,0.0,-1.6330822706222534,-1.6331084966659546,2.6226043701171875e-05,0.001605922011017783,PASS,LOW
2026-06-25 00:15:49.021406,330,fog,0.375,-1.6330822706222534,-1.6297224760055542,0.0033597946166992188,0.20573320890238728,PASS,MEDIUM
2026-06-25 00:15:49.100906,330,fog,0.75,-1.6330822706222534,-1.6280710697174072,0.005011200904846191,0.30685519807797523,PASS,MEDIUM
2026-06-25 00:15:49.164231,330,fog,1.125,-1.6330822706222534,-1.6280710697174072,0.005011200904846191,0.30685519807797523,PASS,MEDIUM
2026-06-25 00:15:49.227861,330,fog,1.5,-1.6330822706222534,-1.6280710697174072,0.005011200904846191,0.30685519807797523,PASS,MEDIUM
2026-06-25 00:15:49.297946,330,visibility,0.05,-1.6330822706222534,-1.6328389644622803,0.00024330615997314453,0.01489857647494225,PASS,LOW
2026-06-25 00:15:49.357838,330,visibility,0.4125,-1.6330822706222534,-1.6310189962387085,0.002063274383544922,0.12634226439407178,PASS,MEDIUM
2026-06-25 00:15:49.417982,330,visibility,0.775,-1.6330822706222534,-1.6292040348052979,0.0038782358169555664,0.237479367202007,PASS,MEDIUM
2026-06-25 00:15:49.477785,330,visibility,1.1375,-1.6330822706222534,-1.6280710697174072,0.005011200904846191,0.30685519807797523,PASS,MEDIUM
2026-06-25 00:15:49.537970,330,visibility,1.5,-1.6330822706222534,-1.6280710697174072,0.005011200904846191,0.30685519807797523,PASS,MEDIUM
2026-06-25 00:15:49.597882,330,darkness,0.05,-1.6330822706222534,-1.6357024908065796,0.002620220184326172,0.16044620819168576,PASS,MEDIUM
2026-06-25 00:15:49.667684,330,darkness,0.4125,-1.6330822706222534,-1.6347101926803589,0.0016279220581054688,0.09968395901117656,PASS,MEDIUM
2026-06-25 00:15:49.730387,330,darkness,0.775,-1.6330822706222534,-1.6337157487869263,0.0006334781646728516,0.03879031621158409,PASS,LOW
2026-06-25 00:15:49.797748,330,darkness,1.1375,-1.6330822706222534,-1.6329265832901,0.0001556873321533203,0.00953333702904193,PASS,LOW
2026-06-25 00:15:49.857882,330,darkness,1.5,-1.6330822706222534,-1.6347360610961914,0.0016537904739379883,0.10126798208568047,PASS,MEDIUM
2026-06-25 00:15:50.727814,340,brightness,0.1,-1.6330515146255493,-1.6355633735656738,0.0025118589401245117,0.1538137272150411,PASS,MEDIUM
2026-06-25 00:15:50.787976,340,brightness,0.4625,-1.6330515146255493,-1.6345627307891846,0.001511216163635254,0.09253934886360762,PASS,MEDIUM
2026-06-25 00:15:50.857813,340,brightness,0.825,-1.6330515146255493,-1.6335523128509521,0.000500798225402832,0.030666388307644996,PASS,LOW
2026-06-25 00:15:50.917700,340,brightness,1.1875,-1.6330515146255493,-1.6331803798675537,0.00012886524200439453,0.007891065403609674,PASS,LOW
2026-06-25 00:15:50.978052,340,brightness,1.55,-1.6330515146255493,-1.6345405578613281,0.0014890432357788086,0.09118158922894398,PASS,MEDIUM
2026-06-25 00:15:51.041015,340,rotation,-60.0,-1.6330515146255493,-1.6305458545684814,0.002505660057067871,0.15343413849997384,PASS,MEDIUM
2026-06-25 00:15:51.103875,340,rotation,-30.0,-1.6330515146255493,-1.6354304552078247,0.0023789405822753906,0.14567446919004132,PASS,MEDIUM
2026-06-25 00:15:51.160316,340,rotation,0.0,-1.6330515146255493,-1.6330515146255493,0.0,0.0,PASS,LOW
2026-06-25 00:15:51.217749,340,rotation,30.0,-1.6330515146255493,-1.633074164390564,2.2649765014648438e-05,0.0013869587665918945,PASS,LOW
2026-06-25 00:15:51.279007,340,rotation,60.0,-1.6330515146255493,-1.635501742362976,0.002450227737426758,0.15003973941331475,PASS,MEDIUM
2026-06-25 00:15:51.341637,340,translation,0.0,-1.6330515146255493,-1.6330515146255493,0.0,0.0,PASS,LOW
2026-06-25 00:15:51.397708,340,translation,10.0,-1.6330515146255493,-1.633223056793213,0.00017154216766357422,0.010504387711188086,PASS,LOW
2026-06-25 00:15:51.457835,340,translation,20.0,-1.6330515146255493,-1.6333644390106201,0.0003129243850708008,0.01916193032791433,PASS,LOW
2026-06-25 00:15:51.517962,340,translation,30.0,-1.6330515146255493,-1.6334648132324219,0.0004132986068725586,0.025308347598811044,PASS,LOW
2026-06-25 00:15:51.574475,340,translation,40.0,-1.6330515146255493,-1.6336486339569092,0.0005971193313598633,0.036564612957151583,PASS,LOW
2026-06-25 00:15:51.627784,340,noise,0.0,-1.6330515146255493,-1.6330515146255493,0.0,0.0,PASS,LOW
2026-06-25 00:15:51.707809,340,noise,37.5,-1.6330515146255493,-1.6330299377441406,2.1576881408691406e-05,0.0013212607197533313,PASS,LOW
2026-06-25 00:15:51.781590,340,noise,75.0,-1.6330515146255493,-1.633349895477295,0.00029838085174560547,0.018271356804102697,PASS,LOW
2026-06-25 00:15:51.857666,340,noise,112.5,-1.6330515146255493,-1.6332985162734985,0.00024700164794921875,0.015125150338833715,PASS,LOW
2026-06-25 00:15:51.929046,340,noise,150.0,-1.6330515146255493,-1.6331952810287476,0.0001437664031982422,0.0088035382763675,PASS,LOW
2026-06-25 00:15:51.992618,340,blur,1.0,-1.6330515146255493,-1.6330515146255493,0.0,0.0,PASS,LOW
2026-06-25 00:15:52.055835,340,blur,4.75,-1.6330515146255493,-1.633061408996582,9.894371032714844e-06,0.000605881987511196,PASS,LOW
2026-06-25 00:15:52.108626,340,blur,8.5,-1.6330515146255493,-1.633067011833191,1.5497207641601562e-05,0.0009489717876681383,PASS,LOW
2026-06-25 00:15:52.177707,340,blur,12.25,-1.6330515146255493,-1.6330751180648804,2.3603439331054688e-05,0.0014453570304483955,PASS,LOW
2026-06-25 00:15:52.237880,340,blur,16.0,-1.6330515146255493,-1.6330819129943848,3.039836883544922e-05,0.0018614446604259638,PASS,LOW
2026-06-25 00:15:52.300267,340,contrast,0.1,-1.6330515146255493,-1.6355633735656738,0.0025118589401245117,0.1538137272150411,PASS,MEDIUM
2026-06-25 00:15:52.367581,340,contrast,1.075,-1.6330515146255493,-1.6328620910644531,0.0001894235610961914,0.011599355158497478,PASS,LOW
2026-06-25 00:15:52.427965,340,contrast,2.05,-1.6330515146255493,-1.6331321001052856,8.058547973632812e-05,0.00493465329587432,PASS,LOW
2026-06-25 00:15:52.497275,340,contrast,3.025,-1.6330515146255493,-1.6309140920639038,0.002137422561645508,0.13088510886838248,PASS,MEDIUM
2026-06-25 00:15:52.557772,340,contrast,4.0,-1.6330515146255493,-1.6297295093536377,0.003322005271911621,0.20342305236113858,PASS,MEDIUM
2026-06-25 00:15:52.627768,340,rain,0.0,-1.6330515146255493,-1.634163737297058,0.001112222671508789,0.0681069752226441,PASS,MEDIUM
2026-06-25 00:15:52.687592,340,rain,0.0375,-1.6330515146255493,-1.6341650485992432,0.0011135339736938477,0.06818727283544677,PASS,MEDIUM
2026-06-25 00:15:52.748009,340,rain,0.075,-1.6330515146255493,-1.6341681480407715,0.001116633415222168,0.06837706719298041,PASS,MEDIUM
2026-06-25 00:15:52.812665,340,rain,0.11249999999999999,-1.6330515146255493,-1.6341578960418701,0.0011063814163208008,0.06774928585652303,PASS,MEDIUM
2026-06-25 00:15:52.878004,340,rain,0.15,-1.6330515146255493,-1.6341335773468018,0.0010820627212524414,0.06626013012818224,PASS,MEDIUM
2026-06-25 00:15:52.947549,340,snow,0.0,-1.6330515146255493,-1.6338989734649658,0.0008474588394165039,0.051894157219483046,PASS,LOW
2026-06-25 00:15:53.017593,340,snow,0.375,-1.6330515146255493,-1.6332290172576904,0.00017750263214111328,0.010869376860291217,PASS,LOW
2026-06-25 00:15:53.097631,340,snow,0.75,-1.6330515146255493,-1.6328998804092407,0.00015163421630859375,0.00928532395318363,PASS,LOW
2026-06-25 00:15:53.178038,340,snow,1.125,-1.6330515146255493,-1.6342692375183105,0.0012177228927612305,0.07456728316176948,PASS,MEDIUM
2026-06-25 00:15:53.267710,340,snow,1.5,-1.6330515146255493,-1.6340147256851196,0.0009632110595703125,0.05898224649506583,PASS,LOW
2026-06-25 00:15:53.329894,340,fog,0.0,-1.6330515146255493,-1.6330914497375488,3.993511199951172e-05,0.002445427298990972,PASS,LOW
2026-06-25 00:15:53.404470,340,fog,0.375,-1.6330515146255493,-1.6297160387039185,0.0033354759216308594,0.20424792783811166,PASS,MEDIUM
2026-06-25 00:15:53.474037,340,fog,0.75,-1.6330515146255493,-1.6280710697174072,0.00498044490814209,0.3049776332075935,PASS,MEDIUM
2026-06-25 00:15:53.537890,340,fog,1.125,-1.6330515146255493,-1.6280710697174072,0.00498044490814209,0.3049776332075935,PASS,MEDIUM
2026-06-25 00:15:53.607639,340,fog,1.5,-1.6330515146255493,-1.6280710697174072,0.00498044490814209,0.3049776332075935,PASS,MEDIUM
2026-06-25 00:15:53.667707,340,visibility,0.05,-1.6330515146255493,-1.6328104734420776,0.0002410411834716797,0.014760161189730586,PASS,LOW
2026-06-25 00:15:53.737570,340,visibility,0.4125,-1.6330515146255493,-1.631003499031067,0.002048015594482422,0.12541027163183555,PASS,MEDIUM
2026-06-25 00:15:53.797731,340,visibility,0.775,-1.6330515146255493,-1.6291990280151367,0.0038524866104125977,0.23590708663131713,PASS,MEDIUM
2026-06-25 00:15:53.857649,340,visibility,1.1375,-1.6330515146255493,-1.6280710697174072,0.00498044490814209,0.3049776332075935,PASS,MEDIUM
2026-06-25 00:15:53.917562,340,visibility,1.5,-1.6330515146255493,-1.6280710697174072,0.00498044490814209,0.3049776332075935,PASS,MEDIUM
2026-06-25 00:15:53.987760,340,darkness,0.05,-1.6330515146255493,-1.6357027292251587,0.002651214599609375,0.1623471735210723,PASS,MEDIUM
2026-06-25 00:15:54.052835,340,darkness,0.4125,-1.6330515146255493,-1.6347016096115112,0.001650094985961914,0.10104359603771056,PASS,MEDIUM
2026-06-25 00:15:54.117992,340,darkness,0.775,-1.6330515146255493,-1.6336922645568848,0.0006407499313354492,0.03923633352858649,PASS,LOW
2026-06-25 00:15:54.183335,340,darkness,1.1375,-1.6330515146255493,-1.6328943967819214,0.0001571178436279297,0.009621113970358511,PASS,LOW
2026-06-25 00:15:54.247827,340,darkness,1.5,-1.6330515146255493,-1.6346853971481323,0.0016338825225830078,0.10005082555215004,PASS,MEDIUM
2026-06-25 00:15:55.119039,350,brightness,0.1,-1.633029580116272,-1.6355592012405396,0.002529621124267578,0.15490347548099614,PASS,MEDIUM
2026-06-25 00:15:55.187861,350,brightness,0.4625,-1.633029580116272,-1.6345504522323608,0.0015208721160888672,0.09313188219540758,PASS,MEDIUM
2026-06-25 00:15:55.247807,350,brightness,0.825,-1.633029580116272,-1.6335362195968628,0.0005066394805908203,0.031024494382386122,PASS,LOW
2026-06-25 00:15:55.309601,350,brightness,1.1875,-1.633029580116272,-1.6331549882888794,0.00012540817260742188,0.00767947484476946,PASS,LOW
2026-06-25 00:15:55.373965,350,brightness,1.55,-1.633029580116272,-1.6345044374465942,0.0014748573303222656,0.0903141281173838,PASS,MEDIUM
2026-06-25 00:15:55.431972,350,rotation,-60.0,-1.633029580116272,-1.6306166648864746,0.0024129152297973633,0.1477568919515006,PASS,MEDIUM
2026-06-25 00:15:55.487796,350,rotation,-30.0,-1.633029580116272,-1.6354984045028687,0.0024688243865966797,0.15118053615510982,PASS,MEDIUM
2026-06-25 00:15:55.550024,350,rotation,0.0,-1.633029580116272,-1.633029580116272,0.0,0.0,PASS,LOW
2026-06-25 00:15:55.607643,350,rotation,30.0,-1.633029580116272,-1.6330366134643555,7.033348083496094e-06,0.0004306929808378309,PASS,LOW
2026-06-25 00:15:55.667681,350,rotation,60.0,-1.633029580116272,-1.6354732513427734,0.002443671226501465,0.1496402612575372,PASS,MEDIUM
2026-06-25 00:15:55.727745,350,translation,0.0,-1.633029580116272,-1.633029580116272,0.0,0.0,PASS,LOW
2026-06-25 00:15:55.787726,350,translation,10.0,-1.633029580116272,-1.63319993019104,0.0001703500747680664,0.010431529993512888,PASS,LOW
2026-06-25 00:15:55.847590,350,translation,20.0,-1.633029580116272,-1.6333582401275635,0.0003286600112915039,0.02012577200287966,PASS,LOW
2026-06-25 00:15:55.910603,350,translation,30.0,-1.633029580116272,-1.6334753036499023,0.0004457235336303711,0.02729425517546864,PASS,LOW
2026-06-25 00:15:55.968096,350,translation,40.0,-1.633029580116272,-1.633657455444336,0.0006278753280639648,0.038448473391065344,PASS,LOW
2026-06-25 00:15:56.031304,350,noise,0.0,-1.633029580116272,-1.633029580116272,0.0,0.0,PASS,LOW
2026-06-25 00:15:56.107744,350,noise,37.5,-1.633029580116272,-1.6330803632736206,5.078315734863281e-05,0.0031097493192697623,PASS,LOW
2026-06-25 00:15:56.189159,350,noise,75.0,-1.633029580116272,-1.6332736015319824,0.00024402141571044922,0.014942856470763387,PASS,LOW
2026-06-25 00:15:56.257698,350,noise,112.5,-1.633029580116272,-1.6334108114242554,0.00038123130798339844,0.023345019537616665,PASS,LOW
2026-06-25 00:15:56.337548,350,noise,150.0,-1.633029580116272,-1.6331908702850342,0.00016129016876220703,0.009876739035145512,PASS,LOW
2026-06-25 00:15:56.399393,350,blur,1.0,-1.633029580116272,-1.633029580116272,0.0,0.0,PASS,LOW
2026-06-25 00:15:56.458430,350,blur,4.75,-1.633029580116272,-1.633034348487854,4.76837158203125e-06,0.000291995241245987,PASS,LOW
2026-06-25 00:15:56.517890,350,blur,8.5,-1.633029580116272,-1.6330394744873047,9.894371032714844e-06,0.0006058901255854231,PASS,LOW
2026-06-25 00:15:56.577732,350,blur,12.25,-1.633029580116272,-1.633042573928833,1.2993812561035156e-05,0.0007956870323953147,PASS,LOW
2026-06-25 00:15:56.640015,350,blur,16.0,-1.633029580116272,-1.6330468654632568,1.728534698486328e-05,0.0010584827495167032,PASS,LOW
2026-06-25 00:15:56.749142,350,contrast,0.1,-1.633029580116272,-1.6355592012405396,0.002529621124267578,0.15490347548099614,PASS,MEDIUM
2026-06-25 00:15:56.877578,350,contrast,1.075,-1.633029580116272,-1.632835030555725,0.000194549560546875,0.011913405842836271,PASS,LOW
2026-06-25 00:15:56.947705,350,contrast,2.05,-1.633029580116272,-1.633082389831543,5.2809715270996094e-05,0.0032338472967993067,PASS,LOW
2026-06-25 00:15:57.007793,350,contrast,3.025,-1.633029580116272,-1.630855679512024,0.002173900604248047,0.1331206304840455,PASS,MEDIUM
2026-06-25 00:15:57.077624,350,contrast,4.0,-1.633029580116272,-1.629677653312683,0.003351926803588867,0.2052580548338666,PASS,MEDIUM
2026-06-25 00:15:57.142325,350,rain,0.0,-1.633029580116272,-1.6341527700424194,0.001123189926147461,0.06877947907549226,PASS,MEDIUM
2026-06-25 00:15:57.197815,350,rain,0.0375,-1.633029580116272,-1.6341561079025269,0.0011265277862548828,0.06898387574436445,PASS,MEDIUM
2026-06-25 00:15:57.268392,350,rain,0.075,-1.633029580116272,-1.6341421604156494,0.0011125802993774414,0.06812978966371992,PASS,MEDIUM
2026-06-25 00:15:57.331555,350,rain,0.11249999999999999,-1.633029580116272,-1.6341440677642822,0.001114487648010254,0.06824658776021833,PASS,MEDIUM
2026-06-25 00:15:57.399619,350,rain,0.15,-1.633029580116272,-1.6341348886489868,0.0011053085327148438,0.06768449692081979,PASS,MEDIUM
2026-06-25 00:15:57.462831,350,snow,0.0,-1.633029580116272,-1.6338818073272705,0.0008522272109985352,0.05218684949168903,PASS,LOW
2026-06-25 00:15:57.529779,350,snow,0.375,-1.633029580116272,-1.6332159042358398,0.0001863241195678711,0.011409714051686944,PASS,LOW
2026-06-25 00:15:57.607568,350,snow,0.75,-1.633029580116272,-1.632822871208191,0.0002067089080810547,0.01265799370801354,PASS,LOW
2026-06-25 00:15:57.687855,350,snow,1.125,-1.633029580116272,-1.6342496871948242,0.001220107078552246,0.07471428235381694,PASS,MEDIUM
2026-06-25 00:15:57.779669,350,snow,1.5,-1.633029580116272,-1.6339311599731445,0.0009015798568725586,0.05520900023858501,PASS,LOW
2026-06-25 00:15:57.843447,350,fog,0.0,-1.633029580116272,-1.6330586671829224,2.9087066650390625e-05,0.0017811709716005208,PASS,LOW
2026-06-25 00:15:57.910401,350,fog,0.375,-1.633029580116272,-1.6297075748443604,0.003322005271911621,0.20342578469504805,PASS,MEDIUM
2026-06-25 00:15:57.977882,350,fog,0.75,-1.633029580116272,-1.6280710697174072,0.004958510398864746,0.3036385514906708,PASS,MEDIUM
2026-06-25 00:15:58.047868,350,fog,1.125,-1.633029580116272,-1.6280710697174072,0.004958510398864746,0.3036385514906708,PASS,MEDIUM
2026-06-25 00:15:58.108650,350,fog,1.5,-1.633029580116272,-1.6280710697174072,0.004958510398864746,0.3036385514906708,PASS,MEDIUM
2026-06-25 00:15:58.171139,350,visibility,0.05,-1.633029580116272,-1.6327885389328003,0.0002410411834716797,0.014760359444984645,PASS,LOW
2026-06-25 00:15:58.229516,350,visibility,0.4125,-1.633029580116272,-1.6309894323349,0.0020401477813720703,0.12493016396709557,PASS,MEDIUM
2026-06-25 00:15:58.287955,350,visibility,0.775,-1.633029580116272,-1.6291931867599487,0.003836393356323242,0.2349247713444589,PASS,MEDIUM
2026-06-25 00:15:58.415143,350,visibility,1.1375,-1.633029580116272,-1.6280710697174072,0.004958510398864746,0.3036385514906708,PASS,MEDIUM
2026-06-25 00:15:58.478621,350,visibility,1.5,-1.633029580116272,-1.6280710697174072,0.004958510398864746,0.3036385514906708,PASS,MEDIUM
2026-06-25 00:15:58.557741,350,darkness,0.05,-1.633029580116272,-1.6356996297836304,0.0026700496673583984,0.16350273533569046,PASS,MEDIUM
2026-06-25 00:15:58.620498,350,darkness,0.4125,-1.633029580116272,-1.6346919536590576,0.0016623735427856445,0.10179684097938223,PASS,MEDIUM
2026-06-25 00:15:58.694156,350,darkness,0.775,-1.633029580116272,-1.6336746215820312,0.0006450414657592773,0.039499656259550896,PASS,LOW
2026-06-25 00:15:58.767639,350,darkness,1.1375,-1.633029580116272,-1.6328679323196411,0.00016164779663085938,0.009898638678238961,PASS,LOW
2026-06-25 00:15:58.837932,350,darkness,1.5,-1.633029580116272,-1.634649634361267,0.0016200542449951172,0.09920538321332412,PASS,MEDIUM
2026-06-25 00:15:59.687705,360,brightness,0.1,-1.6332231760025024,-1.6355791091918945,0.00235593318939209,0.14425044791820912,PASS,MEDIUM
2026-06-25 00:15:59.757916,360,brightness,0.4625,-1.6332231760025024,-1.6346399784088135,0.0014168024063110352,0.08674880197884509,PASS,MEDIUM
2026-06-25 00:15:59.821323,360,brightness,0.825,-1.6332231760025024,-1.633696436882019,0.00047326087951660156,0.02897709245738452,PASS,LOW
2026-06-25 00:15:59.885594,360,brightness,1.1875,-1.6332231760025024,-1.6333794593811035,0.00015628337860107422,0.009569009625095996,PASS,LOW
2026-06-25 00:15:59.947870,360,brightness,1.55,-1.6332231760025024,-1.6347194910049438,0.0014963150024414062,0.09161724547231498,PASS,MEDIUM
2026-06-25 00:16:00.012111,360,rotation,-60.0,-1.6332231760025024,-1.630731225013733,0.0024919509887695312,0.15257862486880755,PASS,MEDIUM
2026-06-25 00:16:00.070007,360,rotation,-30.0,-1.6332231760025024,-1.6355973482131958,0.0023741722106933594,0.14536719732525694,PASS,MEDIUM
2026-06-25 00:16:00.127921,360,rotation,0.0,-1.6332231760025024,-1.6332231760025024,0.0,0.0,PASS,LOW
2026-06-25 00:16:00.190408,360,rotation,30.0,-1.6332231760025024,-1.633216142654419,7.033348083496094e-06,0.00043064192820798156,PASS,LOW
2026-06-25 00:16:00.253184,360,rotation,60.0,-1.6332231760025024,-1.6356275081634521,0.002404332160949707,0.14721384830553863,PASS,MEDIUM
2026-06-25 00:16:00.317860,360,translation,0.0,-1.6332231760025024,-1.6332231760025024,0.0,0.0,PASS,LOW
2026-06-25 00:16:00.377595,360,translation,10.0,-1.6332231760025024,-1.633400321006775,0.00017714500427246094,0.010846337378255263,PASS,LOW
2026-06-25 00:16:00.437989,360,translation,20.0,-1.6332231760025024,-1.6335241794586182,0.00030100345611572266,0.01843001472415514,PASS,LOW
2026-06-25 00:16:00.500078,360,translation,30.0,-1.6332231760025024,-1.633640170097351,0.0004169940948486328,0.025531957031720665,PASS,LOW
2026-06-25 00:16:00.557981,360,translation,40.0,-1.6332231760025024,-1.6338104009628296,0.0005872249603271484,0.03595495149750029,PASS,LOW
2026-06-25 00:16:00.620900,360,noise,0.0,-1.6332231760025024,-1.6332231760025024,0.0,0.0,PASS,LOW
2026-06-25 00:16:00.699748,360,noise,37.5,-1.6332231760025024,-1.633278489112854,5.53131103515625e-05,0.0033867432998051427,PASS,LOW
2026-06-25 00:16:00.773842,360,noise,75.0,-1.6332231760025024,-1.6334747076034546,0.00025153160095214844,0.015400923195234593,PASS,LOW
2026-06-25 00:16:00.842191,360,noise,112.5,-1.6332231760025024,-1.6336281299591064,0.0004049539566040039,0.024794756442754463,PASS,LOW
2026-06-25 00:16:00.927796,360,noise,150.0,-1.6332231760025024,-1.6330173015594482,0.00020587444305419922,0.01260540016974888,PASS,LOW
2026-06-25 00:16:00.987675,360,blur,1.0,-1.6332231760025024,-1.6332231760025024,0.0,0.0,PASS,LOW
2026-06-25 00:16:01.047863,360,blur,4.75,-1.6332231760025024,-1.633226752281189,3.5762786865234375e-06,0.0002189704719701601,PASS,LOW
2026-06-25 00:16:01.104662,360,blur,8.5,-1.6332231760025024,-1.6332288980484009,5.7220458984375e-06,0.00035035275515225617,PASS,LOW
2026-06-25 00:16:01.164218,360,blur,12.25,-1.6332231760025024,-1.6332333087921143,1.0132789611816406e-05,0.0006204163372487869,PASS,LOW
2026-06-25 00:16:01.222032,360,blur,16.0,-1.6332231760025024,-1.6332346200942993,1.1444091796875e-05,0.0007007055103045123,PASS,LOW
2026-06-25 00:16:01.282604,360,contrast,0.1,-1.6332231760025024,-1.6355791091918945,0.00235593318939209,0.14425044791820912,PASS,MEDIUM
2026-06-25 00:16:01.347646,360,contrast,1.075,-1.6332231760025024,-1.6330442428588867,0.00017893314361572266,0.010955822614240343,PASS,LOW
2026-06-25 00:16:01.407631,360,contrast,2.05,-1.6332231760025024,-1.6332849264144897,6.175041198730469e-05,0.003780890149351431,PASS,LOW
2026-06-25 00:16:01.478033,360,contrast,3.025,-1.6332231760025024,-1.6310967206954956,0.002126455307006836,0.13019984263345719,PASS,MEDIUM
2026-06-25 00:16:01.540834,360,contrast,4.0,-1.6332231760025024,-1.6298816204071045,0.0033415555953979492,0.20459870999318522,PASS,MEDIUM
2026-06-25 00:16:01.597897,360,rain,0.0,-1.6332231760025024,-1.6342706680297852,0.0010474920272827148,0.06413645124005989,PASS,MEDIUM
2026-06-25 00:16:01.657827,360,rain,0.0375,-1.6332231760025024,-1.6342676877975464,0.0010445117950439453,0.06395397584675142,PASS,MEDIUM
2026-06-25 00:16:01.721592,360,rain,0.075,-1.6332231760025024,-1.6342594623565674,0.0010362863540649414,0.06345034376122005,PASS,MEDIUM
2026-06-25 00:16:01.785632,360,rain,0.11249999999999999,-1.6332231760025024,-1.6342625617980957,0.0010393857955932617,0.06364011817026086,PASS,MEDIUM
2026-06-25 00:16:01.849543,360,rain,0.15,-1.6332231760025024,-1.6342377662658691,0.0010145902633666992,0.06212192289793442,PASS,MEDIUM
2026-06-25 00:16:01.912707,360,snow,0.0,-1.6332231760025024,-1.6340216398239136,0.0007984638214111328,0.04888880737520441,PASS,LOW
2026-06-25 00:16:01.977924,360,snow,0.375,-1.6332231760025024,-1.6334258317947388,0.00020265579223632812,0.01240832674497574,PASS,LOW
2026-06-25 00:16:02.057893,360,snow,0.75,-1.6332231760025024,-1.6330921649932861,0.0001310110092163086,0.008021618289840198,PASS,LOW
2026-06-25 00:16:02.137694,360,snow,1.125,-1.6332231760025024,-1.634488821029663,0.0012656450271606445,0.07749365003023966,PASS,MEDIUM
2026-06-25 00:16:02.217756,360,snow,1.5,-1.6332231760025024,-1.6340150833129883,0.0007919073104858398,0.04848736150992578,PASS,LOW
2026-06-25 00:16:02.287867,360,fog,0.0,-1.6332231760025024,-1.6332474946975708,2.4318695068359375e-05,0.0014889992093970886,PASS,LOW
2026-06-25 00:16:02.354559,360,fog,0.0375,-1.6332231760025024,-1.6329009532928467,0.0003222227096557617,0.019729239524511423,PASS,LOW
2026-06-25 00:16:02.424152,360,fog,0.075,-1.6332231760025024,-1.632556676864624,0.000666499137878418,0.040808796959505504,PASS,LOW
2026-06-25 00:16:02.489653,360,fog,0.11249999999999999,-1.6332231760025024,-1.6322076320648193,0.0010155439376831055,0.06218031502379312,PASS,MEDIUM
2026-06-25 00:16:02.557817,360,fog,0.15,-1.6332231760025024,-1.6318563222885132,0.0013668537139892578,0.08369051438699518,PASS,MEDIUM
2026-06-25 00:16:02.621117,360,visibility,0.05,-1.6332231760025024,-1.6329717636108398,0.00025141239166259766,0.015393624179502253,PASS,LOW
2026-06-25 00:16:02.677777,360,visibility,0.4125,-1.6332231760025024,-1.6311041116714478,0.0021190643310546875,0.1297473036580522,PASS,MEDIUM
2026-06-25 00:16:02.737930,360,visibility,0.775,-1.6332231760025024,-1.629236102104187,0.00398707389831543,0.24412288018379916,PASS,MEDIUM
2026-06-25 00:16:02.797888,360,visibility,1.1375,-1.6332231760025024,-1.6280710697174072,0.005152106285095215,0.315456160935945,PASS,MEDIUM
2026-06-25 00:16:02.860078,360,visibility,1.5,-1.6332231760025024,-1.6280710697174072,0.005152106285095215,0.315456160935945,PASS,MEDIUM
2026-06-25 00:16:02.927742,360,darkness,0.05,-1.6332231760025024,-1.6357098817825317,0.002486705780029297,0.15225746817658464,PASS,MEDIUM
2026-06-25 00:16:02.987846,360,darkness,0.4125,-1.6332231760025024,-1.6347712278366089,0.0015480518341064453,0.09478501830014997,PASS,MEDIUM
2026-06-25 00:16:03.051591,360,darkness,0.775,-1.6332231760025024,-1.6338235139846802,0.0006003379821777344,0.03675784322805754,PASS,LOW
2026-06-25 00:16:03.107987,360,darkness,1.1375,-1.6332231760025024,-1.6330887079238892,0.00013446807861328125,0.00823328974607802,PASS,LOW
2026-06-25 00:16:03.167963,360,darkness,1.5,-1.6332231760025024,-1.634863257408142,0.0016400814056396484,0.10041985844551542,PASS,MEDIUM
2026-06-25 00:16:04.027956,370,brightness,0.1,-1.633110761642456,-1.635568618774414,0.002457857131958008,0.1505014653428304,PASS,MEDIUM
2026-06-25 00:16:04.093680,370,brightness,0.4625,-1.633110761642456,-1.6345845460891724,0.0014737844467163086,0.09024394296408053,PASS,MEDIUM
2026-06-25 00:16:04.152815,370,brightness,0.825,-1.633110761642456,-1.6335997581481934,0.0004889965057373047,0.02994262347639394,PASS,LOW
2026-06-25 00:16:04.217872,370,brightness,1.1875,-1.633110761642456,-1.6332478523254395,0.00013709068298339844,0.008394445879535112,PASS,LOW
2026-06-25 00:16:04.278058,370,brightness,1.55,-1.633110761642456,-1.6345795392990112,0.0014687776565551758,0.0899373632015236,PASS,MEDIUM
2026-06-25 00:16:04.337948,370,rotation,-60.0,-1.633110761642456,-1.6306493282318115,0.0024614334106445312,0.1507204508875139,PASS,MEDIUM
2026-06-25 00:16:04.407576,370,rotation,-30.0,-1.633110761642456,-1.635544776916504,0.0024340152740478516,0.1490415617116069,PASS,MEDIUM
2026-06-25 00:16:04.468002,370,rotation,0.0,-1.633110761642456,-1.633110761642456,0.0,0.0,PASS,LOW
2026-06-25 00:16:04.528883,370,rotation,30.0,-1.633110761642456,-1.6331405639648438,2.9802322387695312e-05,0.0018248795390293723,PASS,LOW
2026-06-25 00:16:04.587884,370,rotation,60.0,-1.633110761642456,-1.635534405708313,0.0024236440658569336,0.14840650363202468,PASS,MEDIUM
2026-06-25 00:16:04.647803,370,translation,0.0,-1.633110761642456,-1.633110761642456,0.0,0.0,PASS,LOW
2026-06-25 00:16:04.707649,370,translation,10.0,-1.633110761642456,-1.6333093643188477,0.00019860267639160156,0.012160997248091738,PASS,LOW
2026-06-25 00:16:04.767836,370,translation,20.0,-1.633110761642456,-1.6334259510040283,0.0003151893615722656,0.01929992600477464,PASS,LOW
2026-06-25 00:16:04.831255,370,translation,30.0,-1.633110761642456,-1.6335281133651733,0.00041735172271728516,0.025555613064567332,PASS,LOW
2026-06-25 00:16:04.897761,370,translation,40.0,-1.633110761642456,-1.633726716041565,0.0006159543991088867,0.03771661031265907,PASS,LOW
2026-06-25 00:16:04.952832,370,noise,0.0,-1.633110761642456,-1.633110761642456,0.0,0.0,PASS,LOW
2026-06-25 00:16:05.031552,370,noise,37.5,-1.633110761642456,-1.6331121921539307,1.430511474609375e-06,8.759421787340988e-05,PASS,LOW
2026-06-25 00:16:05.102362,370,noise,75.0,-1.633110761642456,-1.6333670616149902,0.0002562999725341797,0.015693964035652604,PASS,LOW
2026-06-25 00:16:05.169355,370,noise,112.5,-1.633110761642456,-1.6332619190216064,0.00015115737915039062,0.009255789021956977,PASS,LOW
2026-06-25 00:16:05.258032,370,noise,150.0,-1.633110761642456,-1.6335294246673584,0.00041866302490234375,0.02563590776428462,PASS,LOW
2026-06-25 00:16:05.327701,370,blur,1.0,-1.633110761642456,-1.633110761642456,0.0,0.0,PASS,LOW
2026-06-25 00:16:05.387882,370,blur,4.75,-1.633110761642456,-1.6331188678741455,8.106231689453125e-06,0.0004963672346159892,PASS,LOW
2026-06-25 00:16:05.446410,370,blur,8.5,-1.633110761642456,-1.6331239938735962,1.3232231140136719e-05,0.0008102465153290414,PASS,LOW
2026-06-25 00:16:05.499835,370,blur,12.25,-1.633110761642456,-1.6331273317337036,1.6570091247558594e-05,0.001014633023700331,PASS,LOW
2026-06-25 00:16:05.563415,370,blur,16.0,-1.633110761642456,-1.6331310272216797,2.0265579223632812e-05,0.0012409180865399732,PASS,LOW
2026-06-25 00:16:05.628118,370,contrast,0.1,-1.633110761642456,-1.635568618774414,0.002457857131958008,0.1505014653428304,PASS,MEDIUM
2026-06-25 00:16:05.691433,370,contrast,1.075,-1.633110761642456,-1.6329232454299927,0.0001875162124633789,0.011482142059572811,PASS,LOW
2026-06-25 00:16:05.757798,370,contrast,2.05,-1.633110761642456,-1.6331477165222168,3.695487976074219e-05,0.0022628506283964215,PASS,LOW
2026-06-25 00:16:05.834800,370,contrast,3.025,-1.633110761642456,-1.6309198141098022,0.0021909475326538086,0.13415784419128332,PASS,MEDIUM
2026-06-25 00:16:05.907778,370,contrast,4.0,-1.633110761642456,-1.6297390460968018,0.003371715545654297,0.20645957152762706,PASS,MEDIUM
2026-06-25 00:16:05.971448,370,rain,0.0,-1.633110761642456,-1.6342008113861084,0.0010900497436523438,0.06674679401953831,PASS,MEDIUM
2026-06-25 00:16:06.034221,370,rain,0.0375,-1.633110761642456,-1.6341995000839233,0.0010887384414672852,0.06666649931982102,PASS,MEDIUM
2026-06-25 00:16:06.097899,370,rain,0.075,-1.633110761642456,-1.6341995000839233,0.0010887384414672852,0.06666649931982102,PASS,MEDIUM
2026-06-25 00:16:06.157870,370,rain,0.11249999999999999,-1.633110761642456,-1.6341978311538696,0.0010870695114135742,0.06656430606563539,PASS,MEDIUM
2026-06-25 00:16:06.229815,370,rain,0.15,-1.633110761642456,-1.6342065334320068,0.0010957717895507812,0.06709717089103195,PASS,MEDIUM
2026-06-25 00:16:06.293375,370,snow,0.0,-1.633110761642456,-1.6339399814605713,0.0008292198181152344,0.05077544829395326,PASS,LOW
2026-06-25 00:16:06.367756,370,snow,0.375,-1.633110761642456,-1.633309006690979,0.00019824504852294922,0.012139098693623384,PASS,LOW
2026-06-25 00:16:06.446787,370,snow,0.75,-1.633110761642456,-1.6329351663589478,0.00017559528350830078,0.010752190243961061,PASS,LOW
2026-06-25 00:16:06.527833,370,snow,1.125,-1.633110761642456,-1.6343404054641724,0.0012296438217163086,0.07529452978035191,PASS,MEDIUM
2026-06-25 00:16:06.617799,370,snow,1.5,-1.633110761642456,-1.634013295173645,0.0009025335311889648,0.055264651959965515,PASS,LOW
2026-06-25 00:16:06.690971,370,fog,0.0,-1.633110761642456,-1.6331408023834229,3.0040740966796875e-05,0.0018394785753416071,PASS,LOW
2026-06-25 00:16:06.757835,370,fog,0.0375,-1.633110761642456,-1.6328027248382568,0.00030803680419921875,0.018861954915407594,PASS,LOW
2026-06-25 00:16:06.817653,370,fog,0.075,-1.633110761642456,-1.6324619054794312,0.0006488561630249023,0.039731277323747496,PASS,LOW
2026-06-25 00:16:06.893363,370,fog,0.11249999999999999,-1.633110761642456,-1.63211989402771,0.0009908676147460938,0.06067359491364857,PASS,LOW
2026-06-25 00:16:06.959639,370,fog,0.15,-1.633110761642456,-1.6317784786224365,0.0013322830200195312,0.08157941491276906,PASS,MEDIUM
2026-06-25 00:16:07.019449,370,visibility,0.05,-1.633110761642456,-1.6328649520874023,0.00024580955505371094,0.015051606437914263,PASS,LOW
2026-06-25 00:16:07.082254,370,visibility,0.4125,-1.633110761642456,-1.631035327911377,0.0020754337310791016,0.1270846110980055,PASS,MEDIUM
2026-06-25 00:16:07.146223,370,visibility,0.775,-1.633110761642456,-1.629210114479065,0.0039006471633911133,0.23884753358632038,PASS,MEDIUM
2026-06-25 00:16:07.199389,370,visibility,1.1375,-1.633110761642456,-1.6280710697174072,0.005039691925048828,0.30859442956802297,PASS,MEDIUM
2026-06-25 00:16:07.267842,370,visibility,1.5,-1.633110761642456,-1.6280710697174072,0.005039691925048828,0.30859442956802297,PASS,MEDIUM
2026-06-25 00:16:07.328007,370,darkness,0.05,-1.633110761642456,-1.6357038021087646,0.0025930404663085938,0.15877911893186764,PASS,MEDIUM
2026-06-25 00:16:07.392168,370,darkness,0.4125,-1.633110761642456,-1.634723424911499,0.0016126632690429688,0.09874788161595739,PASS,MEDIUM
2026-06-25 00:16:07.458008,370,darkness,0.775,-1.633110761642456,-1.6337374448776245,0.000626683235168457,0.03837356694670964,PASS,LOW
2026-06-25 00:16:07.523332,370,darkness,1.1375,-1.633110761642456,-1.632962703704834,0.0001480579376220703,0.009066001549897921,PASS,LOW
2026-06-25 00:16:07.587771,370,darkness,1.5,-1.633110761642456,-1.634725570678711,0.0016148090362548828,0.0988792729427675,PASS,MEDIUM
2026-06-25 00:16:08.480011,380,brightness,0.1,-1.6330958604812622,-1.635567545890808,0.0024716854095458984,0.15134959042279406,PASS,MEDIUM
2026-06-25 00:16:08.543197,380,brightness,0.4625,-1.6330958604812622,-1.634587049484253,0.0014911890029907227,0.09131050576824204,PASS,MEDIUM
2026-06-25 00:16:08.615643,380,brightness,0.825,-1.6330958604812622,-1.6335920095443726,0.0004961490631103516,0.03038087177291737,PASS,LOW
2026-06-25 00:16:08.679603,380,brightness,1.1875,-1.6330958604812622,-1.6332286596298218,0.0001327991485595703,0.008131737423121085,PASS,LOW
2026-06-25 00:16:08.742984,380,brightness,1.55,-1.6330958604812622,-1.6345632076263428,0.0014673471450805664,0.08985058881615568,PASS,MEDIUM
2026-06-25 00:16:08.800033,380,rotation,-60.0,-1.6330958604812622,-1.6307802200317383,0.0023156404495239258,0.14179443397138874,PASS,MEDIUM
2026-06-25 00:16:08.860439,380,rotation,-30.0,-1.6330958604812622,-1.6355549097061157,0.0024590492248535156,0.15057583443818826,PASS,MEDIUM
2026-06-25 00:16:08.920447,380,rotation,0.0,-1.6330958604812622,-1.6330958604812622,0.0,0.0,PASS,LOW
2026-06-25 00:16:08.981114,380,rotation,30.0,-1.6330958604812622,-1.6331355571746826,3.9696693420410156e-05,0.0024307617252238073,PASS,LOW
2026-06-25 00:16:09.044027,380,rotation,60.0,-1.6330958604812622,-1.6355823278427124,0.0024864673614501953,0.15225473893308758,PASS,MEDIUM
2026-06-25 00:16:09.107904,380,translation,0.0,-1.6330958604812622,-1.6330958604812622,0.0,0.0,PASS,LOW
2026-06-25 00:16:09.160172,380,translation,10.0,-1.6330958604812622,-1.6332939863204956,0.00019812583923339844,0.012131909871837739,PASS,LOW
2026-06-25 00:16:09.225620,380,translation,20.0,-1.6330958604812622,-1.6334261894226074,0.00033032894134521484,0.020227149371156664,PASS,LOW
2026-06-25 00:16:09.282184,380,translation,30.0,-1.6330958604812622,-1.633533000946045,0.00043714046478271484,0.026767577316503605,PASS,LOW
2026-06-25 00:16:09.347910,380,translation,40.0,-1.6330958604812622,-1.6337412595748901,0.0006453990936279297,0.03951995189297806,PASS,LOW
2026-06-25 00:16:09.410420,380,noise,0.0,-1.6330958604812622,-1.6330958604812622,0.0,0.0,PASS,LOW
2026-06-25 00:16:09.510077,380,noise,37.5,-1.6330958604812622,-1.6331747770309448,7.891654968261719e-05,0.004832325111405886,PASS,LOW
2026-06-25 00:16:09.594432,380,noise,75.0,-1.6330958604812622,-1.6332674026489258,0.00017154216766357422,0.010504102470261437,PASS,LOW
2026-06-25 00:16:09.663712,380,noise,112.5,-1.6330958604812622,-1.6332573890686035,0.0001615285873413086,0.00989093735038516,PASS,LOW
2026-06-25 00:16:09.737636,380,noise,150.0,-1.6330958604812622,-1.633166790008545,7.092952728271484e-05,0.0043432529324569525,PASS,LOW
2026-06-25 00:16:09.801960,380,blur,1.0,-1.6330958604812622,-1.6330958604812622,0.0,0.0,PASS,LOW
2026-06-25 00:16:09.862990,380,blur,4.75,-1.6330958604812622,-1.6330994367599487,3.5762786865234375e-06,0.0002189875428129556,PASS,LOW
2026-06-25 00:16:09.922528,380,blur,8.5,-1.6330958604812622,-1.6331021785736084,6.318092346191406e-06,0.00038687799230288823,PASS,LOW
2026-06-25 00:16:09.987877,380,blur,12.25,-1.6330958604812622,-1.633101463317871,5.602836608886719e-06,0.00034308048374029706,PASS,LOW
2026-06-25 00:16:10.047959,380,blur,16.0,-1.6330958604812622,-1.6331044435501099,8.58306884765625e-06,0.0005255701027510935,PASS,LOW
2026-06-25 00:16:10.111983,380,contrast,0.1,-1.6330958604812622,-1.635567545890808,0.0024716854095458984,0.15134959042279406,PASS,MEDIUM
2026-06-25 00:16:10.177684,380,contrast,1.075,-1.6330958604812622,-1.6329102516174316,0.0001856088638305664,0.011365453471992394,PASS,LOW
2026-06-25 00:16:10.248021,380,contrast,2.05,-1.6330958604812622,-1.6331104040145874,1.4543533325195312e-05,0.000890549340772686,PASS,LOW
2026-06-25 00:16:10.312894,380,contrast,3.025,-1.6330958604812622,-1.6308706998825073,0.002225160598754883,0.13625404913822095,PASS,MEDIUM
2026-06-25 00:16:10.377669,380,contrast,4.0,-1.6330958604812622,-1.6296907663345337,0.0034050941467285156,0.20850533909697544,PASS,MEDIUM
2026-06-25 00:16:10.438299,380,rain,0.0,-1.6330958604812622,-1.634191870689392,0.0010960102081298828,0.06711238228741045,PASS,MEDIUM
2026-06-25 00:16:10.502944,380,rain,0.0375,-1.6330958604812622,-1.6341880559921265,0.0010921955108642578,0.06687879557507664,PASS,MEDIUM
2026-06-25 00:16:10.557864,380,rain,0.075,-1.6330958604812622,-1.6341825723648071,0.0010867118835449219,0.06654301467609677,PASS,MEDIUM
2026-06-25 00:16:10.627786,380,rain,0.11249999999999999,-1.6330958604812622,-1.63418447971344,0.0010886192321777344,0.06665980803226368,PASS,MEDIUM
2026-06-25 00:16:10.687872,380,rain,0.15,-1.6330958604812622,-1.6341826915740967,0.0010868310928344727,0.0665503142608572,PASS,MEDIUM
2026-06-25 00:16:10.752243,380,snow,0.0,-1.6330958604812622,-1.633928894996643,0.0008330345153808594,0.05100949830589779,PASS,LOW
2026-06-25 00:16:10.827565,380,snow,0.375,-1.6330958604812622,-1.633298635482788,0.0002027750015258789,0.012416593677494581,PASS,LOW
2026-06-25 00:16:10.900531,380,snow,0.75,-1.6330958604812622,-1.6329147815704346,0.00018107891082763672,0.011088069251095983,PASS,LOW
2026-06-25 00:16:10.987678,380,snow,1.125,-1.6330958604812622,-1.634350299835205,0.001254439353942871,0.07681353043402439,PASS,MEDIUM
2026-06-25 00:16:11.067581,380,snow,1.5,-1.6330958604812622,-1.6340030431747437,0.0009071826934814453,0.055549840026886406,PASS,LOW
2026-06-25 00:16:11.142105,380,fog,0.0,-1.6330958604812622,-1.6331185102462769,2.2649765014648438e-05,0.001386921104482052,PASS,LOW
2026-06-25 00:16:11.210431,380,fog,0.0375,-1.6330958604812622,-1.6327784061431885,0.00031745433807373047,0.019438794217030025,PASS,LOW
2026-06-25 00:16:11.280044,380,fog,0.075,-1.6330958604812622,-1.6324398517608643,0.0006560087203979492,0.04016961493665649,PASS,LOW
2026-06-25 00:16:11.350954,380,fog,0.11249999999999999,-1.6330958604812622,-1.632103681564331,0.0009921789169311523,0.06075444396107431,PASS,LOW
2026-06-25 00:16:11.417775,380,fog,0.15,-1.6330958604812622,-1.6317622661590576,0.0013335943222045898,0.08166045471495115,PASS,MEDIUM
2026-06-25 00:16:11.477771,380,visibility,0.05,-1.6330958604812622,-1.6328516006469727,0.0002442598342895508,0.014956849174124867,PASS,LOW
2026-06-25 00:16:11.540308,380,visibility,0.4125,-1.6330958604812622,-1.6310298442840576,0.00206601619720459,0.12650910348304445,PASS,MEDIUM
2026-06-25 00:16:11.598087,380,visibility,0.775,-1.6330958604812622,-1.6292080879211426,0.003887772560119629,0.23806135779196402,PASS,MEDIUM
2026-06-25 00:16:11.657712,380,visibility,1.1375,-1.6330958604812622,-1.6280710697174072,0.0050247907638549805,0.307684797236963,PASS,MEDIUM
2026-06-25 00:16:11.717997,380,visibility,1.5,-1.6330958604812622,-1.6280710697174072,0.0050247907638549805,0.307684797236963,PASS,MEDIUM
2026-06-25 00:16:11.794041,380,darkness,0.05,-1.6330958604812622,-1.6357018947601318,0.002606034278869629,0.15957622244780073,PASS,MEDIUM
2026-06-25 00:16:11.857769,380,darkness,0.4125,-1.6330958604812622,-1.6347203254699707,0.001624464988708496,0.09947144153040485,PASS,MEDIUM
2026-06-25 00:16:11.927752,380,darkness,0.775,-1.6330958604812622,-1.6337257623672485,0.0006299018859863281,0.03857100587412191,PASS,LOW
2026-06-25 00:16:11.994609,380,darkness,1.1375,-1.6330958604812622,-1.632946252822876,0.00014960765838623047,0.009160978874341976,PASS,LOW
2026-06-25 00:16:12.053803,380,darkness,1.5,-1.6330958604812622,-1.6347118616104126,0.0016160011291503906,0.09895317101241421,PASS,MEDIUM
