mr,param,original,transformed,difference,percent_change,passed,range_change,range_percent_change,range_passed,severity,status,sample_id,expected_behavior,actual_behavior,epsilon
BlurRelation,1.0,-1.630487322807312,-1.6304303407669067,5.698204040527344e-05,0.0034947837165226646,True,0.00040030479431152344,0.024551221171721985,True,5.698204040527344e-05,PASS,0,Blur should not significantly change output.,Consistent,0.01
BlurRelation,8.5,-1.630487322807312,-1.6305023431777954,1.5020370483398438e-05,0.0009212191386649702,True,0.00040030479431152344,0.024551221171721985,True,1.5020370483398438e-05,PASS,0,Blur should not significantly change output.,Consistent,0.01
BlurRelation,16.0,-1.630487322807312,-1.630619764328003,0.00013244152069091797,0.008122813198863349,True,0.00040030479431152344,0.024551221171721985,True,0.00013244152069091797,PASS,0,Blur should not significantly change output.,Consistent,0.01
BlurRelation,23.5,-1.630487322807312,-1.6303049325942993,0.0001823902130126953,0.011186232398074638,True,0.00040030479431152344,0.024551221171721985,True,0.0001823902130126953,PASS,0,Blur should not significantly change output.,Consistent,0.01
BlurRelation,31.0,-1.630487322807312,-1.6307052373886108,0.00021791458129882812,0.013364988773647345,True,0.00040030479431152344,0.024551221171721985,True,0.00021791458129882812,PASS,0,Blur should not significantly change output.,Consistent,0.01
BrightnessRelation,0.1,-1.630487322807312,-1.630976676940918,0.000489354133605957,0.030012734636664307,True,0.009580016136169434,0.587555028893119,True,0.000489354133605957,PASS,0,Output should remain approximately same under localized brightness change.,Consistent,0.01
BrightnessRelation,0.825,-1.630487322807312,-1.6304526329040527,3.4689903259277344e-05,0.0021275775345357645,True,0.009580016136169434,0.587555028893119,True,3.4689903259277344e-05,PASS,0,Output should remain approximately same under localized brightness change.,Consistent,0.01
BrightnessRelation,1.55,-1.630487322807312,-1.627241611480713,0.003245711326599121,0.19906375784469163,True,0.009580016136169434,0.587555028893119,True,0.003245711326599121,PASS,0,Output should remain approximately same under localized brightness change.,Consistent,0.01
BrightnessRelation,2.275,-1.630487322807312,-1.6253161430358887,0.00517117977142334,0.31715527790593445,False,0.009580016136169434,0.587555028893119,True,0.00517117977142334,FAIL,0,Output should remain approximately same under localized brightness change.,Violation,0.01
BrightnessRelation,3.0,-1.630487322807312,-1.634896159172058,0.004408836364746094,0.2703997509871846,True,0.009580016136169434,0.587555028893119,True,0.004408836364746094,PASS,0,Output should remain approximately same under localized brightness change.,Consistent,0.01
CompositeRelation,0.1,-1.630487322807312,-1.6298861503601074,0.0006011724472045898,0.03687069933561464,True,0.003818511962890625,0.23419437658505018,True,0.0006011724472045898,PASS,0,Prediction should remain approximately consistent under composite transformations.,Consistent,0.01
CompositeRelation,0.44999999999999996,-1.630487322807312,-1.63191556930542,0.0014282464981079102,0.08759624206623022,True,0.003818511962890625,0.23419437658505018,True,0.0014282464981079102,PASS,0,Prediction should remain approximately consistent under composite transformations.,Consistent,0.01
CompositeRelation,0.7999999999999999,-1.630487322807312,-1.6311349868774414,0.0006476640701293945,0.03972209190767288,True,0.003818511962890625,0.23419437658505018,True,0.0006476640701293945,PASS,0,Prediction should remain approximately consistent under composite transformations.,Consistent,0.01
CompositeRelation,1.15,-1.630487322807312,-1.6280970573425293,0.002390265464782715,0.14659813451881998,True,0.003818511962890625,0.23419437658505018,True,0.002390265464782715,PASS,0,Prediction should remain approximately consistent under composite transformations.,Consistent,0.01
CompositeRelation,1.5,-1.630487322807312,-1.630684494972229,0.0001971721649169922,0.012092829010729052,True,0.003818511962890625,0.23419437658505018,True,0.0001971721649169922,PASS,0,Prediction should remain approximately consistent under composite transformations.,Consistent,0.01
ContrastRelation,0.1,-1.630487322807312,-1.6304752826690674,1.2040138244628906e-05,0.0007384375635330316,True,0.0006307363510131836,0.03868389256092347,True,1.2040138244628906e-05,PASS,0,Contrast change should not significantly affect output.,Consistent,0.01
ContrastRelation,1.075,-1.630487322807312,-1.630517601966858,3.0279159545898438e-05,0.0018570608033404953,True,0.0006307363510131836,0.03868389256092347,True,3.0279159545898438e-05,PASS,0,Contrast change should not significantly affect output.,Consistent,0.01
ContrastRelation,2.05,-1.630487322807312,-1.6303040981292725,0.00018322467803955078,0.01123741123911158,True,0.0006307363510131836,0.03868389256092347,True,0.00018322467803955078,PASS,0,Contrast change should not significantly affect output.,Consistent,0.01
ContrastRelation,3.025,-1.630487322807312,-1.6309348344802856,0.0004475116729736328,0.02744648132181189,True,0.0006307363510131836,0.03868389256092347,True,0.0004475116729736328,PASS,0,Contrast change should not significantly affect output.,Consistent,0.01
ContrastRelation,4.0,-1.630487322807312,-1.6305162906646729,2.8967857360839844e-05,0.0017766369102824424,True,0.0006307363510131836,0.03868389256092347,True,2.8967857360839844e-05,PASS,0,Contrast change should not significantly affect output.,Consistent,0.01
DarkVisibilityRelation,0.05,-1.630487322807312,-1.6357530355453491,0.005265712738037109,0.32295310946911954,True,0.008826732635498047,0.5413551579627702,True,0.005265712738037109,PASS,0,Output should not change drastically under visibility degradation.,Consistent,0.01
DarkVisibilityRelation,0.4125,-1.630487322807312,-1.6393102407455444,0.008822917938232422,0.5411211975466014,True,0.008826732635498047,0.5413551579627702,True,0.008822917938232422,PASS,0,Output should not change drastically under visibility degradation.,Consistent,0.01
DarkVisibilityRelation,0.775,-1.630487322807312,-1.6328226327896118,0.0023353099822998047,0.14322764227338705,True,0.008826732635498047,0.5413551579627702,True,0.0023353099822998047,PASS,0,Output should not change drastically under visibility degradation.,Consistent,0.01
DarkVisibilityRelation,1.1375,-1.630487322807312,-1.6304939985275269,6.67572021484375e-06,0.0004094307282955423,True,0.008826732635498047,0.5413551579627702,True,6.67572021484375e-06,PASS,0,Output should not change drastically under visibility degradation.,Consistent,0.01
DarkVisibilityRelation,1.5,-1.630487322807312,-1.6304835081100464,3.814697265625e-06,0.00023396041616888133,True,0.008826732635498047,0.5413551579627702,True,3.814697265625e-06,PASS,0,Output should not change drastically under visibility degradation.,Consistent,0.01
DustRelation,0.0,-1.630487322807312,-1.630487322807312,0.0,0.0,True,0.0003788471221923828,0.023235193830772025,True,0.0,PASS,0,Dust should not significantly affect prediction.,Consistent,0.01
DustRelation,0.375,-1.630487322807312,-1.6305129528045654,2.562999725341797e-05,0.0015719215461346716,True,0.0003788471221923828,0.023235193830772025,True,2.562999725341797e-05,PASS,0,Dust should not significantly affect prediction.,Consistent,0.01
DustRelation,0.75,-1.630487322807312,-1.6306332349777222,0.00014591217041015625,0.00894898591845971,True,0.0003788471221923828,0.023235193830772025,True,0.00014591217041015625,PASS,0,Dust should not significantly affect prediction.,Consistent,0.01
DustRelation,1.125,-1.630487322807312,-1.6303892135620117,9.810924530029297e-05,0.006017169453343417,True,0.0003788471221923828,0.023235193830772025,True,9.810924530029297e-05,PASS,0,Dust should not significantly affect prediction.,Consistent,0.01
DustRelation,1.5,-1.630487322807312,-1.6302543878555298,0.00023293495178222656,0.014286207912312315,True,0.0003788471221923828,0.023235193830772025,True,0.00023293495178222656,PASS,0,Dust should not significantly affect prediction.,Consistent,0.01
FogRelation,0.0,-1.630487322807312,-1.630428433418274,5.888938903808594e-05,0.0036117639246071053,True,0.0016894340515136719,0.10361521931079332,True,5.888938903808594e-05,PASS,0,Fog should not significantly affect prediction.,Consistent,0.01
FogRelation,0.375,-1.630487322807312,-1.6311770677566528,0.0006897449493408203,0.04230296774853585,True,0.0016894340515136719,0.10361521931079332,True,0.0006897449493408203,PASS,0,Fog should not significantly affect prediction.,Consistent,0.01
FogRelation,0.75,-1.630487322807312,-1.631667971611023,0.0011806488037109375,0.07241074880426876,True,0.0016894340515136719,0.10361521931079332,True,0.0011806488037109375,PASS,0,Fog should not significantly affect prediction.,Consistent,0.01
FogRelation,1.125,-1.630487322807312,-1.6319606304168701,0.0014733076095581055,0.09035989948222513,True,0.0016894340515136719,0.10361521931079332,True,0.0014733076095581055,PASS,0,Fog should not significantly affect prediction.,Consistent,0.01
FogRelation,1.5,-1.630487322807312,-1.6321178674697876,0.001630544662475586,0.10000345538618621,True,0.0016894340515136719,0.10361521931079332,True,0.001630544662475586,PASS,0,Fog should not significantly affect prediction.,Consistent,0.01
HazeRelation,0.0,-1.630487322807312,-1.630487322807312,0.0,0.0,True,0.0010682344436645508,0.06551622779029205,True,0.0,PASS,0,Haze should not significantly affect prediction.,Consistent,0.01
HazeRelation,0.375,-1.630487322807312,-1.6302326917648315,0.00025463104248046875,0.015616857779272828,True,0.0010682344436645508,0.06551622779029205,True,0.00025463104248046875,PASS,0,Haze should not significantly affect prediction.,Consistent,0.01
HazeRelation,0.75,-1.630487322807312,-1.629958152770996,0.000529170036315918,0.032454696480427,True,0.0010682344436645508,0.06551622779029205,True,0.000529170036315918,PASS,0,Haze should not significantly affect prediction.,Consistent,0.01
HazeRelation,1.125,-1.630487322807312,-1.6296899318695068,0.0007973909378051758,0.04890503824230147,True,0.0010682344436645508,0.06551622779029205,True,0.0007973909378051758,PASS,0,Haze should not significantly affect prediction.,Consistent,0.01
HazeRelation,1.5,-1.630487322807312,-1.6294190883636475,0.0010682344436645508,0.06551622779029205,True,0.0010682344436645508,0.06551622779029205,True,0.0010682344436645508,PASS,0,Haze should not significantly affect prediction.,Consistent,0.01
NoiseRelation,0.0,-1.630487322807312,-1.6304875612258911,2.384185791015625e-07,1.4622526010555083e-05,True,0.0011243820190429688,0.06895983266577776,True,2.384185791015625e-07,PASS,0,Noise should not significantly affect prediction.,Consistent,0.01
NoiseRelation,37.5,-1.630487322807312,-1.6307673454284668,0.00028002262115478516,0.017174156799396944,True,0.0011243820190429688,0.06895983266577776,True,0.00028002262115478516,PASS,0,Noise should not significantly affect prediction.,Consistent,0.01
NoiseRelation,75.0,-1.630487322807312,-1.6307907104492188,0.0003033876419067383,0.018607164348431342,True,0.0011243820190429688,0.06895983266577776,True,0.0003033876419067383,PASS,0,Noise should not significantly affect prediction.,Consistent,0.01
NoiseRelation,112.5,-1.630487322807312,-1.631611943244934,0.0011246204376220703,0.06897445519178833,True,0.0011243820190429688,0.06895983266577776,True,0.0011246204376220703,PASS,0,Noise should not significantly affect prediction.,Consistent,0.01
NoiseRelation,150.0,-1.630487322807312,-1.6309701204299927,0.00048279762268066406,0.02961061517137404,True,0.0011243820190429688,0.06895983266577776,True,0.00048279762268066406,PASS,0,Noise should not significantly affect prediction.,Consistent,0.01
RainRelation,0.0,-1.630487322807312,-1.630487322807312,0.0,0.0,True,0.004883408546447754,0.29950588901119446,True,0.0,PASS,0,Rain should not significantly affect prediction.,Consistent,0.01
RainRelation,0.375,-1.630487322807312,-1.6318224668502808,0.00133514404296875,0.08188614565910847,True,0.004883408546447754,0.29950588901119446,True,0.00133514404296875,PASS,0,Rain should not significantly affect prediction.,Consistent,0.01
RainRelation,0.75,-1.630487322807312,-1.635177731513977,0.004690408706665039,0.28766895420565014,True,0.004883408546447754,0.29950588901119446,True,0.004690408706665039,PASS,0,Rain should not significantly affect prediction.,Consistent,0.01
RainRelation,1.125,-1.630487322807312,-1.6302943229675293,0.00019299983978271484,0.011836934805544338,True,0.004883408546447754,0.29950588901119446,True,0.00019299983978271484,PASS,0,Rain should not significantly affect prediction.,Consistent,0.01
RainRelation,1.5,-1.630487322807312,-1.632333755493164,0.0018464326858520508,0.11324415268874383,True,0.004883408546447754,0.29950588901119446,True,0.0018464326858520508,PASS,0,Rain should not significantly affect prediction.,Consistent,0.01
RotationRelation,-60.0,-1.630487322807312,-1.6306352615356445,0.00014793872833251953,0.009073277389549429,True,0.0011916160583496094,0.0730833850007543,True,0.00014793872833251953,PASS,0,Small rotation should not significantly change output.,Consistent,0.01
RotationRelation,-30.0,-1.630487322807312,-1.6302597522735596,0.0002275705337524414,0.013957201077074825,True,0.0011916160583496094,0.0730833850007543,True,0.0002275705337524414,PASS,0,Small rotation should not significantly change output.,Consistent,0.01
RotationRelation,0.0,-1.630487322807312,-1.6304876804351807,3.5762786865234375e-07,2.1933789015832625e-05,True,0.0011916160583496094,0.0730833850007543,True,3.5762786865234375e-07,PASS,0,Small rotation should not significantly change output.,Consistent,0.01
RotationRelation,30.0,-1.630487322807312,-1.630621075630188,0.00013375282287597656,0.008203237091921401,True,0.0011916160583496094,0.0730833850007543,True,0.00013375282287597656,PASS,0,Small rotation should not significantly change output.,Consistent,0.01
RotationRelation,60.0,-1.630487322807312,-1.629443645477295,0.0010436773300170898,0.06401010761120488,True,0.0011916160583496094,0.0730833850007543,True,0.0010436773300170898,PASS,0,Small rotation should not significantly change output.,Consistent,0.01
SandstormRelation,0.0,-1.630487322807312,-1.630426049232483,6.127357482910156e-05,0.003757989184712656,True,0.0010771751403808594,0.06606457251568787,True,6.127357482910156e-05,PASS,0,Sandstorm should not significantly affect prediction.,Consistent,0.01
SandstormRelation,0.375,-1.630487322807312,-1.6306382417678833,0.00015091896057128906,0.009256058964681367,True,0.0010771751403808594,0.06606457251568787,True,0.00015091896057128906,PASS,0,Sandstorm should not significantly affect prediction.,Consistent,0.01
SandstormRelation,0.75,-1.630487322807312,-1.6310285329818726,0.0005412101745605469,0.033193134043960036,True,0.0010771751403808594,0.06606457251568787,True,0.0005412101745605469,PASS,0,Sandstorm should not significantly affect prediction.,Consistent,0.01
SandstormRelation,1.125,-1.630487322807312,-1.6315032243728638,0.0010159015655517578,0.062306583330975204,True,0.0010771751403808594,0.06606457251568787,True,0.0010159015655517578,PASS,0,Sandstorm should not significantly affect prediction.,Consistent,0.01
SandstormRelation,1.5,-1.630487322807312,-1.6313940286636353,0.0009067058563232422,0.055609466418140976,True,0.0010771751403808594,0.06606457251568787,True,0.0009067058563232422,PASS,0,Sandstorm should not significantly affect prediction.,Consistent,0.01
SmokeRelation,0.0,-1.630487322807312,-1.630487322807312,0.0,0.0,True,0.0018000602722167969,0.11040007137969086,True,0.0,PASS,0,Smoke should not significantly affect prediction.,Consistent,0.01
SmokeRelation,0.375,-1.630487322807312,-1.6300514936447144,0.00043582916259765625,0.02672997754729469,True,0.0018000602722167969,0.11040007137969086,True,0.00043582916259765625,PASS,0,Smoke should not significantly affect prediction.,Consistent,0.01
SmokeRelation,0.75,-1.630487322807312,-1.6295992136001587,0.0008881092071533203,0.05446890938931768,True,0.0018000602722167969,0.11040007137969086,True,0.0008881092071533203,PASS,0,Smoke should not significantly affect prediction.,Consistent,0.01
SmokeRelation,1.125,-1.630487322807312,-1.6292448043823242,0.001242518424987793,0.07620529430400781,True,0.0018000602722167969,0.11040007137969086,True,0.001242518424987793,PASS,0,Smoke should not significantly affect prediction.,Consistent,0.01
SmokeRelation,1.5,-1.630487322807312,-1.6286872625350952,0.0018000602722167969,0.11040007137969086,True,0.0018000602722167969,0.11040007137969086,True,0.0018000602722167969,PASS,0,Smoke should not significantly affect prediction.,Consistent,0.01
SnowRelation,0.0,-1.630487322807312,-1.630487322807312,0.0,0.0,True,0.0011652708053588867,0.07146759587658796,True,0.0,PASS,0,Snow should not significantly affect prediction.,Consistent,0.01
SnowRelation,0.375,-1.630487322807312,-1.630569577217102,8.225440979003906e-05,0.005044771473641503,True,0.0011652708053588867,0.07146759587658796,True,8.225440979003906e-05,PASS,0,Snow should not significantly affect prediction.,Consistent,0.01
SnowRelation,0.75,-1.630487322807312,-1.6303836107254028,0.00010371208190917969,0.006360798814591461,True,0.0011652708053588867,0.07146759587658796,True,0.00010371208190917969,PASS,0,Snow should not significantly affect prediction.,Consistent,0.01
SnowRelation,1.125,-1.630487322807312,-1.6299163103103638,0.0005710124969482422,0.03502094979527942,True,0.0011652708053588867,0.07146759587658796,True,0.0005710124969482422,PASS,0,Snow should not significantly affect prediction.,Consistent,0.01
SnowRelation,1.5,-1.630487322807312,-1.6294043064117432,0.0010830163955688477,0.06642282440294646,True,0.0011652708053588867,0.07146759587658796,True,0.0010830163955688477,PASS,0,Snow should not significantly affect prediction.,Consistent,0.01
TranslationRelation,0.0,-1.630487322807312,-1.6302905082702637,0.00019681453704833984,0.01207089522171322,True,0.0024808645248413086,0.15215469440283091,True,0.00019681453704833984,PASS,0,Small translation should preserve prediction consistency.,Consistent,0.01
TranslationRelation,20.0,-1.630487322807312,-1.630954623222351,0.0004673004150390625,0.02866015098068796,True,0.0024808645248413086,0.15215469440283091,True,0.0004673004150390625,PASS,0,Small translation should preserve prediction consistency.,Consistent,0.01
TranslationRelation,40.0,-1.630487322807312,-1.6296361684799194,0.0008511543273925781,0.05220241785768165,True,0.0024808645248413086,0.15215469440283091,True,0.0008511543273925781,PASS,0,Small translation should preserve prediction consistency.,Consistent,0.01
TranslationRelation,60.0,-1.630487322807312,-1.6321170330047607,0.0016297101974487305,0.09995227654514927,True,0.0024808645248413086,0.15215469440283091,True,0.0016297101974487305,PASS,0,Small translation should preserve prediction consistency.,Consistent,0.01
TranslationRelation,80.0,-1.630487322807312,-1.631039023399353,0.0005517005920410156,0.03383652518842446,True,0.0024808645248413086,0.15215469440283091,True,0.0005517005920410156,PASS,0,Small translation should preserve prediction consistency.,Consistent,0.01
DarkVisibilityRelation,0.05,-1.630487322807312,-1.6303831338882446,0.00010418891906738281,0.0063900438666125705,True,0.0023270845413208008,0.14272316512602287,True,0.00010418891906738281,PASS,0,Output should not change drastically under visibility degradation.,Consistent,0.01
DarkVisibilityRelation,0.4125,-1.630487322807312,-1.6295100450515747,0.0009772777557373047,0.05993773411726529,True,0.0023270845413208008,0.14272316512602287,True,0.0009772777557373047,PASS,0,Output should not change drastically under visibility degradation.,Consistent,0.01
DarkVisibilityRelation,0.775,-1.630487322807312,-1.628663182258606,0.0018241405487060547,0.11187694650675692,True,0.0023270845413208008,0.14272316512602287,True,0.0018241405487060547,PASS,0,Output should not change drastically under visibility degradation.,Consistent,0.01
DarkVisibilityRelation,1.1375,-1.630487322807312,-1.6280560493469238,0.0024312734603881836,0.14911320899263547,True,0.0023270845413208008,0.14272316512602287,True,0.0024312734603881836,PASS,0,Output should not change drastically under visibility degradation.,Consistent,0.01
DarkVisibilityRelation,1.5,-1.630487322807312,-1.6280710697174072,0.002416253089904785,0.14819198985397047,True,0.0023270845413208008,0.14272316512602287,True,0.002416253089904785,PASS,0,Output should not change drastically under visibility degradation.,Consistent,0.01
TemporalSmoothnessRelation,0.0,-1.630487322807312,-1.63059401512146,0.00010669231414794922,0.0,True,,,,0.00010669231414794922,PASS,0,Predictions should change smoothly across consecutive frames.,Consistent,0.01
BlurRelation,1.0,-1.63059401512146,-1.630642056465149,4.8041343688964844e-05,0.0029462462011381986,True,0.0003161430358886719,0.019388200807490083,True,4.8041343688964844e-05,PASS,1,Blur should not significantly change output.,Consistent,0.01
BlurRelation,8.5,-1.63059401512146,-1.6304939985275269,0.00010001659393310547,0.006133748294677292,True,0.0003161430358886719,0.019388200807490083,True,0.00010001659393310547,PASS,1,Blur should not significantly change output.,Consistent,0.01
BlurRelation,16.0,-1.63059401512146,-1.6305886507034302,5.364418029785156e-06,0.0003289853078194018,True,0.0003161430358886719,0.019388200807490083,True,5.364418029785156e-06,PASS,1,Blur should not significantly change output.,Consistent,0.01
BlurRelation,23.5,-1.63059401512146,-1.6308101415634155,0.0002161264419555664,0.013254452512812789,True,0.0003161430358886719,0.019388200807490083,True,0.0002161264419555664,PASS,1,Blur should not significantly change output.,Consistent,0.01
BlurRelation,31.0,-1.63059401512146,-1.6306350231170654,4.100799560546875e-05,0.0025149099086638716,True,0.0003161430358886719,0.019388200807490083,True,4.100799560546875e-05,PASS,1,Blur should not significantly change output.,Consistent,0.01
BrightnessRelation,0.1,-1.63059401512146,-1.63665771484375,0.006063699722290039,0.3718703703898154,True,0.009612083435058594,0.5894831853354223,True,0.006063699722290039,PASS,1,Output should remain approximately same under localized brightness change.,Consistent,0.01
BrightnessRelation,0.825,-1.63059401512146,-1.6301746368408203,0.00041937828063964844,0.025719340286859012,True,0.009612083435058594,0.5894831853354223,True,0.00041937828063964844,PASS,1,Output should remain approximately same under localized brightness change.,Consistent,0.01
BrightnessRelation,1.55,-1.63059401512146,-1.6272048950195312,0.003389120101928711,0.20784560669567984,True,0.009612083435058594,0.5894831853354223,True,0.003389120101928711,PASS,1,Output should remain approximately same under localized brightness change.,Consistent,0.01
BrightnessRelation,2.275,-1.63059401512146,-1.6270456314086914,0.0035483837127685547,0.21761281494560697,True,0.009612083435058594,0.5894831853354223,True,0.0035483837127685547,PASS,1,Output should remain approximately same under localized brightness change.,Consistent,0.01
BrightnessRelation,3.0,-1.63059401512146,-1.6300971508026123,0.0004968643188476562,0.030471350288694816,True,0.009612083435058594,0.5894831853354223,True,0.0004968643188476562,PASS,1,Output should remain approximately same under localized brightness change.,Consistent,0.01
CompositeRelation,0.1,-1.63059401512146,-1.6306161880493164,2.2172927856445312e-05,0.0013598059389868609,True,0.006009340286254883,0.36853665260391216,True,2.2172927856445312e-05,PASS,1,Prediction should remain approximately consistent under composite transformations.,Consistent,0.01
CompositeRelation,0.44999999999999996,-1.63059401512146,-1.630258321762085,0.000335693359375,0.020587169484876346,True,0.006009340286254883,0.36853665260391216,True,0.000335693359375,PASS,1,Prediction should remain approximately consistent under composite transformations.,Consistent,0.01
CompositeRelation,0.7999999999999999,-1.63059401512146,-1.6341296434402466,0.003535628318786621,0.21683056099145864,True,0.006009340286254883,0.36853665260391216,True,0.003535628318786621,PASS,1,Prediction should remain approximately consistent under composite transformations.,Consistent,0.01
CompositeRelation,1.15,-1.63059401512146,-1.6302752494812012,0.00031876564025878906,0.019549038069090675,True,0.006009340286254883,0.36853665260391216,True,0.00031876564025878906,PASS,1,Prediction should remain approximately consistent under composite transformations.,Consistent,0.01
CompositeRelation,1.5,-1.63059401512146,-1.6281203031539917,0.0024737119674682617,0.1517060916124535,True,0.006009340286254883,0.36853665260391216,True,0.0024737119674682617,PASS,1,Prediction should remain approximately consistent under composite transformations.,Consistent,0.01
ContrastRelation,0.1,-1.63059401512146,-1.630792498588562,0.00019848346710205078,0.012172456389317866,True,0.0005333423614501953,0.032708450381866754,True,0.00019848346710205078,PASS,1,Contrast change should not significantly affect output.,Consistent,0.01
ContrastRelation,1.075,-1.63059401512146,-1.6305862665176392,7.748603820800781e-06,0.00047520100018358033,True,0.0005333423614501953,0.032708450381866754,True,7.748603820800781e-06,PASS,1,Contrast change should not significantly affect output.,Consistent,0.01
ContrastRelation,2.05,-1.63059401512146,-1.6304705142974854,0.00012350082397460938,0.00757397286446445,True,0.0005333423614501953,0.032708450381866754,True,0.00012350082397460938,PASS,1,Contrast change should not significantly affect output.,Consistent,0.01
ContrastRelation,3.025,-1.63059401512146,-1.63055419921875,3.981590270996094e-05,0.0024418020624817826,True,0.0005333423614501953,0.032708450381866754,True,3.981590270996094e-05,PASS,1,Contrast change should not significantly affect output.,Consistent,0.01
ContrastRelation,4.0,-1.63059401512146,-1.6302591562271118,0.00033485889434814453,0.020535993992548882,True,0.0005333423614501953,0.032708450381866754,True,0.00033485889434814453,PASS,1,Contrast change should not significantly affect output.,Consistent,0.01
DarkVisibilityRelation,0.05,-1.63059401512146,-1.635595440864563,0.005001425743103027,0.3067239686569556,True,0.005001544952392578,0.30673127944157386,True,0.005001425743103027,PASS,1,Output should not change drastically under visibility degradation.,Consistent,0.01
DarkVisibilityRelation,0.4125,-1.63059401512146,-1.6330070495605469,0.002413034439086914,0.14798490224178515,True,0.005001544952392578,0.30673127944157386,True,0.002413034439086914,PASS,1,Output should not change drastically under visibility degradation.,Consistent,0.01
DarkVisibilityRelation,0.775,-1.63059401512146,-1.6354000568389893,0.004806041717529297,0.29474159266771116,True,0.005001544952392578,0.30673127944157386,True,0.004806041717529297,PASS,1,Output should not change drastically under visibility degradation.,Consistent,0.01
DarkVisibilityRelation,1.1375,-1.63059401512146,-1.6306116580963135,1.7642974853515625e-05,0.0010819961234949213,True,0.005001544952392578,0.30673127944157386,True,1.7642974853515625e-05,PASS,1,Output should not change drastically under visibility degradation.,Consistent,0.01
DarkVisibilityRelation,1.5,-1.63059401512146,-1.6305938959121704,1.1920928955078125e-07,7.3107846182089286e-06,True,0.005001544952392578,0.30673127944157386,True,1.1920928955078125e-07,PASS,1,Output should not change drastically under visibility degradation.,Consistent,0.01
DustRelation,0.0,-1.63059401512146,-1.63059401512146,0.0,0.0,True,0.0004068613052368164,0.024951707901947076,True,0.0,PASS,1,Dust should not significantly affect prediction.,Consistent,0.01
DustRelation,0.375,-1.63059401512146,-1.63064706325531,5.3048133850097656e-05,0.0032532991551029733,True,0.0004068613052368164,0.024951707901947076,True,5.3048133850097656e-05,PASS,1,Dust should not significantly affect prediction.,Consistent,0.01
DustRelation,0.75,-1.63059401512146,-1.6305570602416992,3.695487976074219e-05,0.0022663432316447677,True,0.0004068613052368164,0.024951707901947076,True,3.695487976074219e-05,PASS,1,Dust should not significantly affect prediction.,Consistent,0.01
DustRelation,1.125,-1.63059401512146,-1.630352258682251,0.00024175643920898438,0.014826271205727708,True,0.0004068613052368164,0.024951707901947076,True,0.00024175643920898438,PASS,1,Dust should not significantly affect prediction.,Consistent,0.01
DustRelation,1.5,-1.63059401512146,-1.6307591199874878,0.00016510486602783203,0.010125436696219367,True,0.0004068613052368164,0.024951707901947076,True,0.00016510486602783203,PASS,1,Dust should not significantly affect prediction.,Consistent,0.01
FogRelation,0.0,-1.63059401512146,-1.6306612491607666,6.723403930664062e-05,0.004123282524669836,True,0.001729726791381836,0.10607948481021155,True,6.723403930664062e-05,PASS,1,Fog should not significantly affect prediction.,Consistent,0.01
FogRelation,0.375,-1.63059401512146,-1.6314404010772705,0.0008463859558105469,0.051906570789283395,True,0.001729726791381836,0.10607948481021155,True,0.0008463859558105469,PASS,1,Fog should not significantly affect prediction.,Consistent,0.01
FogRelation,0.75,-1.63059401512146,-1.6319375038146973,0.0013434886932373047,0.08239254264721463,True,0.001729726791381836,0.10607948481021155,True,0.0013434886932373047,PASS,1,Fog should not significantly affect prediction.,Consistent,0.01
FogRelation,1.125,-1.63059401512146,-1.632232666015625,0.001638650894165039,0.10049404536189993,True,0.001729726791381836,0.10607948481021155,True,0.001638650894165039,PASS,1,Fog should not significantly affect prediction.,Consistent,0.01
FogRelation,1.5,-1.63059401512146,-1.6323909759521484,0.0017969608306884766,0.1102027673348814,True,0.001729726791381836,0.10607948481021155,True,0.0017969608306884766,PASS,1,Fog should not significantly affect prediction.,Consistent,0.01
HazeRelation,0.0,-1.63059401512146,-1.63059401512146,0.0,0.0,True,0.0011210441589355469,0.06875061854963677,True,0.0,PASS,1,Haze should not significantly affect prediction.,Consistent,0.01
HazeRelation,0.375,-1.63059401512146,-1.6303240060806274,0.00027000904083251953,0.016558927160243226,True,0.0011210441589355469,0.06875061854963677,True,0.00027000904083251953,PASS,1,Haze should not significantly affect prediction.,Consistent,0.01
HazeRelation,0.75,-1.63059401512146,-1.6300432682037354,0.0005507469177246094,0.03377582493612525,True,0.0011210441589355469,0.06875061854963677,True,0.0005507469177246094,PASS,1,Haze should not significantly affect prediction.,Consistent,0.01
HazeRelation,1.125,-1.63059401512146,-1.6297574043273926,0.0008366107940673828,0.05130708645059026,True,0.0011210441589355469,0.06875061854963677,True,0.0008366107940673828,PASS,1,Haze should not significantly affect prediction.,Consistent,0.01
HazeRelation,1.5,-1.63059401512146,-1.6294729709625244,0.0011210441589355469,0.06875061854963677,True,0.0011210441589355469,0.06875061854963677,True,0.0011210441589355469,PASS,1,Haze should not significantly affect prediction.,Consistent,0.01
NoiseRelation,0.0,-1.63059401512146,-1.6306062936782837,1.2278556823730469e-05,0.0007530108156755198,True,0.0011135339736938477,0.06829003911868961,True,1.2278556823730469e-05,PASS,1,Noise should not significantly affect prediction.,Consistent,0.01
NoiseRelation,37.5,-1.63059401512146,-1.6308866739273071,0.00029265880584716797,0.01794797623770292,True,0.0011135339736938477,0.06829003911868961,True,0.00029265880584716797,PASS,1,Noise should not significantly affect prediction.,Consistent,0.01
NoiseRelation,75.0,-1.63059401512146,-1.6308971643447876,0.0003031492233276367,0.018591325284105308,True,0.0011135339736938477,0.06829003911868961,True,0.0003031492233276367,PASS,1,Noise should not significantly affect prediction.,Consistent,0.01
NoiseRelation,112.5,-1.63059401512146,-1.6317198276519775,0.0011258125305175781,0.06904304993436514,True,0.0011135339736938477,0.06829003911868961,True,0.0011258125305175781,PASS,1,Noise should not significantly affect prediction.,Consistent,0.01
NoiseRelation,150.0,-1.63059401512146,-1.631542444229126,0.0009484291076660156,0.05816460242247024,True,0.0011135339736938477,0.06829003911868961,True,0.0009484291076660156,PASS,1,Noise should not significantly affect prediction.,Consistent,0.01
RainRelation,0.0,-1.63059401512146,-1.63059401512146,0.0,0.0,True,0.0035452842712402344,0.21742273454553357,True,0.0,PASS,1,Rain should not significantly affect prediction.,Consistent,0.01
RainRelation,0.375,-1.63059401512146,-1.632569432258606,0.001975417137145996,0.12114701190834017,True,0.0035452842712402344,0.21742273454553357,True,0.001975417137145996,PASS,1,Rain should not significantly affect prediction.,Consistent,0.01
RainRelation,0.75,-1.63059401512146,-1.6331700086593628,0.002575993537902832,0.15797874481487675,True,0.0035452842712402344,0.21742273454553357,True,0.002575993537902832,PASS,1,Rain should not significantly affect prediction.,Consistent,0.01
RainRelation,1.125,-1.63059401512146,-1.6337265968322754,0.0031325817108154297,0.19211279819729424,True,0.0035452842712402344,0.21742273454553357,True,0.0031325817108154297,PASS,1,Rain should not significantly affect prediction.,Consistent,0.01
RainRelation,1.5,-1.63059401512146,-1.6341392993927002,0.0035452842712402344,0.21742273454553357,True,0.0035452842712402344,0.21742273454553357,True,0.0035452842712402344,PASS,1,Rain should not significantly affect prediction.,Consistent,0.01
RotationRelation,-60.0,-1.63059401512146,-1.6295514106750488,0.0010426044464111328,0.0639401222708553,True,0.0017075538635253906,0.1047196788712247,True,0.0010426044464111328,PASS,1,Small rotation should not significantly change output.,Consistent,0.01
RotationRelation,-30.0,-1.63059401512146,-1.6307992935180664,0.0002052783966064453,0.012589171112555777,True,0.0017075538635253906,0.1047196788712247,True,0.0002052783966064453,PASS,1,Small rotation should not significantly change output.,Consistent,0.01
RotationRelation,0.0,-1.63059401512146,-1.630594253540039,2.384185791015625e-07,1.4621569236417857e-05,True,0.0017075538635253906,0.1047196788712247,True,2.384185791015625e-07,PASS,1,Small rotation should not significantly change output.,Consistent,0.01
RotationRelation,30.0,-1.63059401512146,-1.631230115890503,0.0006361007690429688,0.03901034672276285,True,0.0017075538635253906,0.1047196788712247,True,0.0006361007690429688,PASS,1,Small rotation should not significantly change output.,Consistent,0.01
RotationRelation,60.0,-1.63059401512146,-1.6312589645385742,0.0006649494171142578,0.04077955660036941,True,0.0017075538635253906,0.1047196788712247,True,0.0006649494171142578,PASS,1,Small rotation should not significantly change output.,Consistent,0.01
SandstormRelation,0.0,-1.63059401512146,-1.6306356191635132,4.1604042053222656e-05,0.0025514638317549166,True,0.0009331703186035156,0.0572288219913395,True,4.1604042053222656e-05,PASS,1,Sandstorm should not significantly affect prediction.,Consistent,0.01
SandstormRelation,0.375,-1.63059401512146,-1.6309701204299927,0.00037610530853271484,0.02306552547044917,True,0.0009331703186035156,0.0572288219913395,True,0.00037610530853271484,PASS,1,Sandstorm should not significantly affect prediction.,Consistent,0.01
SandstormRelation,0.75,-1.63059401512146,-1.6314733028411865,0.0008792877197265625,0.05392434734390906,True,0.0009331703186035156,0.0572288219913395,True,0.0008792877197265625,PASS,1,Sandstorm should not significantly affect prediction.,Consistent,0.01
SandstormRelation,1.125,-1.63059401512146,-1.6314748525619507,0.0008808374404907227,0.05401938754394578,True,0.0009331703186035156,0.0572288219913395,True,0.0008808374404907227,PASS,1,Sandstorm should not significantly affect prediction.,Consistent,0.01
SandstormRelation,1.5,-1.63059401512146,-1.6315687894821167,0.0009747743606567383,0.059780285823094415,True,0.0009331703186035156,0.0572288219913395,True,0.0009747743606567383,PASS,1,Sandstorm should not significantly affect prediction.,Consistent,0.01
SmokeRelation,0.0,-1.63059401512146,-1.63059401512146,0.0,0.0,True,0.0022672414779663086,0.13904381265371563,True,0.0,PASS,1,Smoke should not significantly affect prediction.,Consistent,0.01
SmokeRelation,0.375,-1.63059401512146,-1.6301254034042358,0.0004686117172241211,0.0287386943341793,True,0.0022672414779663086,0.13904381265371563,True,0.0004686117172241211,PASS,1,Smoke should not significantly affect prediction.,Consistent,0.01
SmokeRelation,0.75,-1.63059401512146,-1.6309865713119507,0.00039255619049072266,0.024074413747762004,True,0.0022672414779663086,0.13904381265371563,True,0.00039255619049072266,PASS,1,Smoke should not significantly affect prediction.,Consistent,0.01
SmokeRelation,1.125,-1.63059401512146,-1.629184603691101,0.0014094114303588867,0.08643540654108417,True,0.0022672414779663086,0.13904381265371563,True,0.0014094114303588867,PASS,1,Smoke should not significantly affect prediction.,Consistent,0.01
SmokeRelation,1.5,-1.63059401512146,-1.6287193298339844,0.001874685287475586,0.11496939890595362,True,0.0022672414779663086,0.13904381265371563,True,0.001874685287475586,PASS,1,Smoke should not significantly affect prediction.,Consistent,0.01
SnowRelation,0.0,-1.63059401512146,-1.63059401512146,0.0,0.0,True,0.001392960548400879,0.08542651826377133,True,0.0,PASS,1,Snow should not significantly affect prediction.,Consistent,0.01
SnowRelation,0.375,-1.63059401512146,-1.6305962800979614,2.2649765014648438e-06,0.00013890490774596964,True,0.001392960548400879,0.08542651826377133,True,2.2649765014648438e-06,PASS,1,Snow should not significantly affect prediction.,Consistent,0.01
SnowRelation,0.75,-1.63059401512146,-1.6299182176589966,0.0006757974624633789,0.04144483800062642,True,0.001392960548400879,0.08542651826377133,True,0.0006757974624633789,PASS,1,Snow should not significantly affect prediction.,Consistent,0.01
SnowRelation,1.125,-1.63059401512146,-1.6295228004455566,0.0010712146759033203,0.06569471057922543,True,0.001392960548400879,0.08542651826377133,True,0.0010712146759033203,PASS,1,Snow should not significantly affect prediction.,Consistent,0.01
SnowRelation,1.5,-1.63059401512146,-1.6309157609939575,0.0003217458724975586,0.0197318076845459,True,0.001392960548400879,0.08542651826377133,True,0.0003217458724975586,PASS,1,Snow should not significantly affect prediction.,Consistent,0.01
TranslationRelation,0.0,-1.63059401512146,-1.6306869983673096,9.298324584960938e-05,0.005702412002202965,True,0.0014350414276123047,0.08800722523399909,True,9.298324584960938e-05,PASS,1,Small translation should preserve prediction consistency.,Consistent,0.01
TranslationRelation,20.0,-1.63059401512146,-1.6321220397949219,0.001528024673461914,0.09370963723620206,True,0.0014350414276123047,0.08800722523399909,True,0.001528024673461914,PASS,1,Small translation should preserve prediction consistency.,Consistent,0.01
TranslationRelation,40.0,-1.63059401512146,-1.6314122676849365,0.0008182525634765625,0.05018122561938609,True,0.0014350414276123047,0.08800722523399909,True,0.0008182525634765625,PASS,1,Small translation should preserve prediction consistency.,Consistent,0.01
TranslationRelation,60.0,-1.63059401512146,-1.6315782070159912,0.00098419189453125,0.06035783780793291,True,0.0014350414276123047,0.08800722523399909,True,0.00098419189453125,PASS,1,Small translation should preserve prediction consistency.,Consistent,0.01
TranslationRelation,80.0,-1.63059401512146,-1.6308363676071167,0.00024235248565673828,0.014862825128818754,True,0.0014350414276123047,0.08800722523399909,True,0.00024235248565673828,PASS,1,Small translation should preserve prediction consistency.,Consistent,0.01
DarkVisibilityRelation,0.05,-1.63059401512146,-1.63048255443573,0.00011146068572998047,0.006835583618025349,True,0.0024106502532958984,0.14783868654942098,True,0.00011146068572998047,PASS,1,Output should not change drastically under visibility degradation.,Consistent,0.01
DarkVisibilityRelation,0.4125,-1.63059401512146,-1.629571795463562,0.0010222196578979492,0.06268997810114157,True,0.0024106502532958984,0.14783868654942098,True,0.0010222196578979492,PASS,1,Output should not change drastically under visibility degradation.,Consistent,0.01
DarkVisibilityRelation,0.775,-1.63059401512146,-1.628848671913147,0.0017453432083129883,0.10703719759519693,True,0.0024106502532958984,0.14783868654942098,True,0.0017453432083129883,PASS,1,Output should not change drastically under visibility degradation.,Consistent,0.01
DarkVisibilityRelation,1.1375,-1.63059401512146,-1.628071904182434,0.002522110939025879,0.1546742701674463,True,0.0024106502532958984,0.14783868654942098,True,0.002522110939025879,PASS,1,Output should not change drastically under visibility degradation.,Consistent,0.01
DarkVisibilityRelation,1.5,-1.63059401512146,-1.6281121969223022,0.002481818199157715,0.1522032249664917,True,0.0024106502532958984,0.14783868654942098,True,0.002481818199157715,PASS,1,Output should not change drastically under visibility degradation.,Consistent,0.01
TemporalSmoothnessRelation,0.0,-1.630487322807312,-1.63059401512146,0.00010669231414794922,0.0,True,,,,0.00010669231414794922,PASS,1,Predictions should change smoothly across consecutive frames.,Consistent,0.01
BlurRelation,1.0,-1.6306160688400269,-1.6307220458984375,0.00010597705841064453,0.006499199624227747,True,0.0005059242248535156,0.031026550287089495,True,0.00010597705841064453,PASS,2,Blur should not significantly change output.,Consistent,0.01
BlurRelation,8.5,-1.6306160688400269,-1.6306215524673462,5.4836273193359375e-06,0.00033629154411077213,True,0.0005059242248535156,0.031026550287089495,True,5.4836273193359375e-06,PASS,2,Blur should not significantly change output.,Consistent,0.01
BlurRelation,16.0,-1.6306160688400269,-1.6305608749389648,5.519390106201172e-05,0.003384847498332336,True,0.0005059242248535156,0.031026550287089495,True,5.519390106201172e-05,PASS,2,Blur should not significantly change output.,Consistent,0.01
BlurRelation,23.5,-1.6306160688400269,-1.6306369304656982,2.086162567138672e-05,0.0012793700047692416,True,0.0005059242248535156,0.031026550287089495,True,2.086162567138672e-05,PASS,2,Blur should not significantly change output.,Consistent,0.01
BlurRelation,31.0,-1.6306160688400269,-1.6310667991638184,0.0004507303237915039,0.027641702788757157,True,0.0005059242248535156,0.031026550287089495,True,0.0004507303237915039,PASS,2,Blur should not significantly change output.,Consistent,0.01
BrightnessRelation,0.1,-1.6306160688400269,-1.6288334131240845,0.0017826557159423828,0.10932399457896708,True,0.011026263236999512,0.6762018776636057,True,0.0017826557159423828,PASS,2,Output should remain approximately same under localized brightness change.,Consistent,0.01
BrightnessRelation,0.825,-1.6306160688400269,-1.6310535669326782,0.0004374980926513672,0.026830216671446385,True,0.011026263236999512,0.6762018776636057,True,0.0004374980926513672,PASS,2,Output should remain approximately same under localized brightness change.,Consistent,0.01
BrightnessRelation,1.55,-1.6306160688400269,-1.6276605129241943,0.0029555559158325195,0.1812538315899646,True,0.011026263236999512,0.6762018776636057,True,0.0029555559158325195,PASS,2,Output should remain approximately same under localized brightness change.,Consistent,0.01
BrightnessRelation,2.275,-1.6306160688400269,-1.6356791257858276,0.005063056945800781,0.31049944481462416,False,0.011026263236999512,0.6762018776636057,True,0.005063056945800781,FAIL,2,Output should remain approximately same under localized brightness change.,Violation,0.01
BrightnessRelation,3.0,-1.6306160688400269,-1.6246528625488281,0.0059632062911987305,0.3657024328489816,False,0.011026263236999512,0.6762018776636057,True,0.0059632062911987305,FAIL,2,Output should remain approximately same under localized brightness change.,Violation,0.01
CompositeRelation,0.1,-1.6306160688400269,-1.6306233406066895,7.271766662597656e-06,0.00044595183023384997,True,0.007210969924926758,0.4422233805056653,True,7.271766662597656e-06,PASS,2,Prediction should remain approximately consistent under composite transformations.,Consistent,0.01
CompositeRelation,0.44999999999999996,-1.6306160688400269,-1.6329251527786255,0.002309083938598633,0.1416079828136012,True,0.007210969924926758,0.4422233805056653,True,0.002309083938598633,PASS,2,Prediction should remain approximately consistent under composite transformations.,Consistent,0.01
CompositeRelation,0.7999999999999999,-1.6306160688400269,-1.6308919191360474,0.0002758502960205078,0.016916926805920142,True,0.007210969924926758,0.4422233805056653,True,0.0002758502960205078,PASS,2,Prediction should remain approximately consistent under composite transformations.,Consistent,0.01
CompositeRelation,1.15,-1.6306160688400269,-1.6378343105316162,0.0072182416915893555,0.4426693323358991,False,0.007210969924926758,0.4422233805056653,True,0.0072182416915893555,FAIL,2,Prediction should remain approximately consistent under composite transformations.,Violation,0.01
CompositeRelation,1.5,-1.6306160688400269,-1.6318196058273315,0.0012035369873046875,0.07380868324657294,True,0.007210969924926758,0.4422233805056653,True,0.0012035369873046875,PASS,2,Prediction should remain approximately consistent under composite transformations.,Consistent,0.01
ContrastRelation,0.1,-1.6306160688400269,-1.630802035331726,0.00018596649169921875,0.011404669756800098,True,0.0004366636276245117,0.026779041871255613,True,0.00018596649169921875,PASS,2,Contrast change should not significantly affect output.,Consistent,0.01
ContrastRelation,1.075,-1.6306160688400269,-1.6306344270706177,1.8358230590820312e-05,0.0011258456041969326,True,0.0004366636276245117,0.026779041871255613,True,1.8358230590820312e-05,PASS,2,Contrast change should not significantly affect output.,Consistent,0.01
ContrastRelation,2.05,-1.6306160688400269,-1.6306533813476562,3.731250762939453e-05,0.0022882446371015577,True,0.0004366636276245117,0.026779041871255613,True,3.731250762939453e-05,PASS,2,Contrast change should not significantly affect output.,Consistent,0.01
ContrastRelation,3.025,-1.6306160688400269,-1.6303653717041016,0.00025069713592529297,0.015374372114455515,True,0.0004366636276245117,0.026779041871255613,True,0.00025069713592529297,PASS,2,Contrast change should not significantly affect output.,Consistent,0.01
ContrastRelation,4.0,-1.6306160688400269,-1.630729079246521,0.00011301040649414062,0.006930530082978521,True,0.0004366636276245117,0.026779041871255613,True,0.00011301040649414062,PASS,2,Contrast change should not significantly affect output.,Consistent,0.01
DarkVisibilityRelation,0.05,-1.6306160688400269,-1.6358206272125244,0.005204558372497559,0.3191772287898304,True,0.005203843116760254,0.31913336467538117,True,0.005204558372497559,PASS,2,Output should not change drastically under visibility degradation.,Consistent,0.01
DarkVisibilityRelation,0.4125,-1.6306160688400269,-1.6336396932601929,0.0030236244201660156,0.1854282331483831,True,0.005203843116760254,0.31913336467538117,True,0.0030236244201660156,PASS,2,Output should not change drastically under visibility degradation.,Consistent,0.01
DarkVisibilityRelation,0.775,-1.6306160688400269,-1.633642315864563,0.003026247024536133,0.18558906823469695,True,0.005203843116760254,0.31913336467538117,True,0.003026247024536133,PASS,2,Output should not change drastically under visibility degradation.,Consistent,0.01
DarkVisibilityRelation,1.1375,-1.6306160688400269,-1.6306167840957642,7.152557373046875e-07,4.3864114449231144e-05,True,0.005203843116760254,0.31913336467538117,True,7.152557373046875e-07,PASS,2,Output should not change drastically under visibility degradation.,Consistent,0.01
DarkVisibilityRelation,1.5,-1.6306160688400269,-1.6306335926055908,1.7523765563964844e-05,0.0010746708040061629,True,0.005203843116760254,0.31913336467538117,True,1.7523765563964844e-05,PASS,2,Output should not change drastically under visibility degradation.,Consistent,0.01
DustRelation,0.0,-1.6306160688400269,-1.6306160688400269,0.0,0.0,True,0.0003114938735961914,0.01910282184264016,True,0.0,PASS,2,Dust should not significantly affect prediction.,Consistent,0.01
DustRelation,0.375,-1.6306160688400269,-1.6307199001312256,0.00010383129119873047,0.0063676072808800535,True,0.0003114938735961914,0.01910282184264016,True,0.00010383129119873047,PASS,2,Dust should not significantly affect prediction.,Consistent,0.01
DustRelation,0.75,-1.6306160688400269,-1.6305419206619263,7.414817810058594e-05,0.004547246531236962,True,0.0003114938735961914,0.01910282184264016,True,7.414817810058594e-05,PASS,2,Dust should not significantly affect prediction.,Consistent,0.01
DustRelation,1.125,-1.6306160688400269,-1.6306564807891846,4.0411949157714844e-05,0.0024783224663815595,True,0.0003114938735961914,0.01910282184264016,True,4.0411949157714844e-05,PASS,2,Dust should not significantly affect prediction.,Consistent,0.01
DustRelation,1.5,-1.6306160688400269,-1.6304084062576294,0.00020766258239746094,0.012735214561760107,True,0.0003114938735961914,0.01910282184264016,True,0.00020766258239746094,PASS,2,Dust should not significantly affect prediction.,Consistent,0.01
FogRelation,0.0,-1.6306160688400269,-1.6306414604187012,2.5391578674316406e-05,0.0015571760629477054,True,0.0024341344833374023,0.1492768921564751,True,2.5391578674316406e-05,PASS,2,Fog should not significantly affect prediction.,Consistent,0.01
FogRelation,0.375,-1.6306160688400269,-1.631798505783081,0.0011824369430541992,0.07251469187032061,True,0.0024341344833374023,0.1492768921564751,True,0.0011824369430541992,PASS,2,Fog should not significantly affect prediction.,Consistent,0.01
FogRelation,0.75,-1.6306160688400269,-1.6324998140335083,0.0018837451934814453,0.11552345608779174,True,0.0024341344833374023,0.1492768921564751,True,0.0018837451934814453,PASS,2,Fog should not significantly affect prediction.,Consistent,0.01
FogRelation,1.125,-1.6306160688400269,-1.6328924894332886,0.0022764205932617188,0.13960485492041963,True,0.0024341344833374023,0.1492768921564751,True,0.0022764205932617188,PASS,2,Fog should not significantly affect prediction.,Consistent,0.01
FogRelation,1.5,-1.6306160688400269,-1.6330755949020386,0.0024595260620117188,0.1508340682194228,True,0.0024341344833374023,0.1492768921564751,True,0.0024595260620117188,PASS,2,Fog should not significantly affect prediction.,Consistent,0.01
HazeRelation,0.0,-1.6306160688400269,-1.6306160688400269,0.0,0.0,True,0.0011278390884399414,0.06916639780069597,True,0.0,PASS,2,Haze should not significantly affect prediction.,Consistent,0.01
HazeRelation,0.375,-1.6306160688400269,-1.6303476095199585,0.0002684593200683594,0.016463664289944755,True,0.0011278390884399414,0.06916639780069597,True,0.0002684593200683594,PASS,2,Haze should not significantly affect prediction.,Consistent,0.01
HazeRelation,0.75,-1.6306160688400269,-1.6300604343414307,0.0005556344985961914,0.034075106241311055,True,0.0011278390884399414,0.06916639780069597,True,0.0005556344985961914,PASS,2,Haze should not significantly affect prediction.,Consistent,0.01
HazeRelation,1.125,-1.6306160688400269,-1.6297755241394043,0.0008405447006225586,0.05154764516358813,True,0.0011278390884399414,0.06916639780069597,True,0.0008405447006225586,PASS,2,Haze should not significantly affect prediction.,Consistent,0.01
HazeRelation,1.5,-1.6306160688400269,-1.629488229751587,0.0011278390884399414,0.06916639780069597,True,0.0011278390884399414,0.06916639780069597,True,0.0011278390884399414,PASS,2,Haze should not significantly affect prediction.,Consistent,0.01
NoiseRelation,0.0,-1.6306160688400269,-1.630635380744934,1.9311904907226562e-05,0.001184331090129241,True,0.002076864242553711,0.12736676698908417,True,1.9311904907226562e-05,PASS,2,Noise should not significantly affect prediction.,Consistent,0.01
NoiseRelation,37.5,-1.6306160688400269,-1.6303454637527466,0.00027060508728027344,0.01659525663329245,True,0.002076864242553711,0.12736676698908417,True,0.00027060508728027344,PASS,2,Noise should not significantly affect prediction.,Consistent,0.01
NoiseRelation,75.0,-1.6306160688400269,-1.631108045578003,0.0004919767379760742,0.030171200055329486,True,0.002076864242553711,0.12736676698908417,True,0.0004919767379760742,PASS,2,Noise should not significantly affect prediction.,Consistent,0.01
NoiseRelation,112.5,-1.6306160688400269,-1.6301541328430176,0.00046193599700927734,0.02832890724846178,True,0.002076864242553711,0.12736676698908417,True,0.00046193599700927734,PASS,2,Noise should not significantly affect prediction.,Consistent,0.01
NoiseRelation,150.0,-1.6306160688400269,-1.6322309970855713,0.0016149282455444336,0.09903785974062237,True,0.002076864242553711,0.12736676698908417,True,0.0016149282455444336,PASS,2,Noise should not significantly affect prediction.,Consistent,0.01
RainRelation,0.0,-1.6306160688400269,-1.6306160688400269,0.0,0.0,True,0.0046912431716918945,0.2876974159867655,True,0.0,PASS,2,Rain should not significantly affect prediction.,Consistent,0.01
RainRelation,0.375,-1.6306160688400269,-1.632231593132019,0.0016155242919921875,0.09907441316933008,True,0.0046912431716918945,0.2876974159867655,True,0.0016155242919921875,PASS,2,Rain should not significantly affect prediction.,Consistent,0.01
RainRelation,0.75,-1.6306160688400269,-1.6335947513580322,0.002978682518005371,0.18267210462382308,True,0.0046912431716918945,0.2876974159867655,True,0.002978682518005371,PASS,2,Rain should not significantly affect prediction.,Consistent,0.01
RainRelation,1.125,-1.6306160688400269,-1.6353073120117188,0.0046912431716918945,0.2876974159867655,True,0.0046912431716918945,0.2876974159867655,True,0.0046912431716918945,PASS,2,Rain should not significantly affect prediction.,Consistent,0.01
RainRelation,1.5,-1.6306160688400269,-1.6323671340942383,0.0017510652542114258,0.10738666285745938,True,0.0046912431716918945,0.2876974159867655,True,0.0017510652542114258,PASS,2,Rain should not significantly affect prediction.,Consistent,0.01
RotationRelation,-60.0,-1.6306160688400269,-1.630373239517212,0.0002428293228149414,0.014891866855513972,True,0.0019174814224243164,0.11759238015264714,True,0.0002428293228149414,PASS,2,Small rotation should not significantly change output.,Consistent,0.01
RotationRelation,-30.0,-1.6306160688400269,-1.6308434009552002,0.00022733211517333984,0.013941477709113964,True,0.0019174814224243164,0.11759238015264714,True,0.00022733211517333984,PASS,2,Small rotation should not significantly change output.,Consistent,0.01
RotationRelation,0.0,-1.6306160688400269,-1.6306158304214478,2.384185791015625e-07,1.4621371483077048e-05,True,0.0019174814224243164,0.11759238015264714,True,2.384185791015625e-07,PASS,2,Small rotation should not significantly change output.,Consistent,0.01
RotationRelation,30.0,-1.6306160688400269,-1.6322907209396362,0.001674652099609375,0.10270051329713317,True,0.0019174814224243164,0.11759238015264714,True,0.001674652099609375,PASS,2,Small rotation should not significantly change output.,Consistent,0.01
RotationRelation,60.0,-1.6306160688400269,-1.6307532787322998,0.00013720989227294922,0.00841459928851084,True,0.0019174814224243164,0.11759238015264714,True,0.00013720989227294922,PASS,2,Small rotation should not significantly change output.,Consistent,0.01
SandstormRelation,0.0,-1.6306160688400269,-1.6306403875350952,2.4318695068359375e-05,0.0014913798912738587,True,0.0016995668411254883,0.10422844661711474,True,2.4318695068359375e-05,PASS,2,Sandstorm should not significantly affect prediction.,Consistent,0.01
SandstormRelation,0.375,-1.6306160688400269,-1.6313648223876953,0.000748753547668457,0.04591841714260347,True,0.0016995668411254883,0.10422844661711474,True,0.000748753547668457,PASS,2,Sandstorm should not significantly affect prediction.,Consistent,0.01
SandstormRelation,0.75,-1.6306160688400269,-1.6317204236984253,0.0011043548583984375,0.06772619270961287,True,0.0016995668411254883,0.10422844661711474,True,0.0011043548583984375,PASS,2,Sandstorm should not significantly affect prediction.,Consistent,0.01
SandstormRelation,1.125,-1.6306160688400269,-1.6321401596069336,0.0015240907669067383,0.09346711720557004,True,0.0016995668411254883,0.10422844661711474,True,0.0015240907669067383,PASS,2,Sandstorm should not significantly affect prediction.,Consistent,0.01
SandstormRelation,1.5,-1.6306160688400269,-1.6323399543762207,0.0017238855361938477,0.1057198265083886,True,0.0016995668411254883,0.10422844661711474,True,0.0017238855361938477,PASS,2,Sandstorm should not significantly affect prediction.,Consistent,0.01
SmokeRelation,0.0,-1.6306160688400269,-1.6306160688400269,0.0,0.0,True,0.0016330480575561523,0.10014908397333623,True,0.0,PASS,2,Smoke should not significantly affect prediction.,Consistent,0.01
SmokeRelation,0.375,-1.6306160688400269,-1.6301556825637817,0.0004603862762451172,0.02823386833382178,True,0.0016330480575561523,0.10014908397333623,True,0.0004603862762451172,PASS,2,Smoke should not significantly affect prediction.,Consistent,0.01
SmokeRelation,0.75,-1.6306160688400269,-1.6299885511398315,0.0006275177001953125,0.03848344974345879,True,0.0016330480575561523,0.10014908397333623,True,0.0006275177001953125,PASS,2,Smoke should not significantly affect prediction.,Consistent,0.01
SmokeRelation,1.125,-1.6306160688400269,-1.629191517829895,0.001424551010131836,0.08736269461138535,True,0.0016330480575561523,0.10014908397333623,True,0.001424551010131836,PASS,2,Smoke should not significantly affect prediction.,Consistent,0.01
SmokeRelation,1.5,-1.6306160688400269,-1.6289830207824707,0.0016330480575561523,0.10014908397333623,True,0.0016330480575561523,0.10014908397333623,True,0.0016330480575561523,PASS,2,Smoke should not significantly affect prediction.,Consistent,0.01
SnowRelation,0.0,-1.6306160688400269,-1.6306160688400269,0.0,0.0,True,0.001240372657775879,0.07606768514070833,True,0.0,PASS,2,Snow should not significantly affect prediction.,Consistent,0.01
SnowRelation,0.375,-1.6306160688400269,-1.6306979656219482,8.189678192138672e-05,0.005022441104436966,True,0.001240372657775879,0.07606768514070833,True,8.189678192138672e-05,PASS,2,Snow should not significantly affect prediction.,Consistent,0.01
SnowRelation,0.75,-1.6306160688400269,-1.6302787065505981,0.00033736228942871094,0.02068924064855402,True,0.001240372657775879,0.07606768514070833,True,0.00033736228942871094,PASS,2,Snow should not significantly affect prediction.,Consistent,0.01
SnowRelation,1.125,-1.6306160688400269,-1.630342721939087,0.0002733469009399414,0.016763402405347835,True,0.001240372657775879,0.07606768514070833,True,0.0002733469009399414,PASS,2,Snow should not significantly affect prediction.,Consistent,0.01
SnowRelation,1.5,-1.6306160688400269,-1.6294575929641724,0.0011584758758544922,0.07104524403627137,True,0.001240372657775879,0.07606768514070833,True,0.0011584758758544922,PASS,2,Snow should not significantly affect prediction.,Consistent,0.01
TranslationRelation,0.0,-1.6306160688400269,-1.6306536197662354,3.7550926208496094e-05,0.002302866008584635,True,0.003109455108642578,0.19069192688229086,True,3.7550926208496094e-05,PASS,2,Small translation should preserve prediction consistency.,Consistent,0.01
TranslationRelation,20.0,-1.6306160688400269,-1.6320916414260864,0.0014755725860595703,0.09049166810876386,True,0.003109455108642578,0.19069192688229086,True,0.0014755725860595703,PASS,2,Small translation should preserve prediction consistency.,Consistent,0.01
TranslationRelation,40.0,-1.6306160688400269,-1.6310064792633057,0.0003904104232788086,0.023942495803538667,True,0.003109455108642578,0.19069192688229086,True,0.0003904104232788086,PASS,2,Small translation should preserve prediction consistency.,Consistent,0.01
TranslationRelation,60.0,-1.6306160688400269,-1.6289821863174438,0.0016338825225830078,0.100200258773527,True,0.003109455108642578,0.19069192688229086,True,0.0016338825225830078,PASS,2,Small translation should preserve prediction consistency.,Consistent,0.01
TranslationRelation,80.0,-1.6306160688400269,-1.6313304901123047,0.000714421272277832,0.04381293964904037,True,0.003109455108642578,0.19069192688229086,True,0.000714421272277832,PASS,2,Small translation should preserve prediction consistency.,Consistent,0.01
DarkVisibilityRelation,0.05,-1.6306160688400269,-1.6305040121078491,0.00011205673217773438,0.006872044597046212,True,0.0071762800216674805,0.44009597095487757,True,0.00011205673217773438,PASS,2,Output should not change drastically under visibility degradation.,Consistent,0.01
DarkVisibilityRelation,0.4125,-1.6306160688400269,-1.6295857429504395,0.0010303258895874023,0.06318625686411745,True,0.0071762800216674805,0.44009597095487757,True,0.0010303258895874023,PASS,2,Output should not change drastically under visibility degradation.,Consistent,0.01
DarkVisibilityRelation,0.775,-1.6306160688400269,-1.6233277320861816,0.007288336753845215,0.44696801555192384,False,0.0071762800216674805,0.44009597095487757,True,0.007288336753845215,FAIL,2,Output should not change drastically under visibility degradation.,Violation,0.01
DarkVisibilityRelation,1.1375,-1.6306160688400269,-1.6280722618103027,0.002543807029724121,0.15600272303869056,True,0.0071762800216674805,0.44009597095487757,True,0.002543807029724121,PASS,2,Output should not change drastically under visibility degradation.,Consistent,0.01
DarkVisibilityRelation,1.5,-1.6306160688400269,-1.6280710697174072,0.002544999122619629,0.15607582989610594,True,0.0071762800216674805,0.44009597095487757,True,0.002544999122619629,PASS,2,Output should not change drastically under visibility degradation.,Consistent,0.01
TemporalSmoothnessRelation,0.0,-1.630487322807312,-1.63059401512146,0.00010669231414794922,0.0,True,,,,0.00010669231414794922,PASS,2,Predictions should change smoothly across consecutive frames.,Consistent,0.01
BlurRelation,1.0,-1.6298954486846924,-1.6297518014907837,0.0001436471939086914,0.008813271175884397,True,0.0006951093673706055,0.04264745578969454,True,0.0001436471939086914,PASS,3,Blur should not significantly change output.,Consistent,0.01
BlurRelation,8.5,-1.6298954486846924,-1.6298496723175049,4.57763671875e-05,0.00280854450750175,True,0.0006951093673706055,0.04264745578969454,True,4.57763671875e-05,PASS,3,Blur should not significantly change output.,Consistent,0.01
BlurRelation,16.0,-1.6298954486846924,-1.6300034523010254,0.00010800361633300781,0.0066264096973869405,True,0.0006951093673706055,0.04264745578969454,True,0.00010800361633300781,PASS,3,Blur should not significantly change output.,Consistent,0.01
BlurRelation,23.5,-1.6298954486846924,-1.6299915313720703,9.608268737792969e-05,0.00589501789855836,True,0.0006951093673706055,0.04264745578969454,True,9.608268737792969e-05,PASS,3,Blur should not significantly change output.,Consistent,0.01
BlurRelation,31.0,-1.6298954486846924,-1.6304469108581543,0.0005514621734619141,0.03383418461381014,True,0.0006951093673706055,0.04264745578969454,True,0.0005514621734619141,PASS,3,Blur should not significantly change output.,Consistent,0.01
BrightnessRelation,0.1,-1.6298954486846924,-1.6309764385223389,0.0010809898376464844,0.0663226083177757,True,0.004806041717529297,0.29486791761573056,True,0.0010809898376464844,PASS,3,Output should remain approximately same under localized brightness change.,Consistent,0.01
BrightnessRelation,0.825,-1.6298954486846924,-1.6323078870773315,0.00241243839263916,0.14801175832893987,True,0.004806041717529297,0.29486791761573056,True,0.00241243839263916,PASS,3,Output should remain approximately same under localized brightness change.,Consistent,0.01
BrightnessRelation,1.55,-1.6298954486846924,-1.6275018453598022,0.0023936033248901367,0.14685615928679072,True,0.004806041717529297,0.29486791761573056,True,0.0023936033248901367,PASS,3,Output should remain approximately same under localized brightness change.,Consistent,0.01
BrightnessRelation,2.275,-1.6298954486846924,-1.632096290588379,0.0022008419036865234,0.13502955389973256,True,0.004806041717529297,0.29486791761573056,True,0.0022008419036865234,PASS,3,Output should remain approximately same under localized brightness change.,Consistent,0.01
BrightnessRelation,3.0,-1.6298954486846924,-1.6293632984161377,0.0005321502685546875,0.03264932989970784,True,0.004806041717529297,0.29486791761573056,True,0.0005321502685546875,PASS,3,Output should remain approximately same under localized brightness change.,Consistent,0.01
CompositeRelation,0.1,-1.6298954486846924,-1.6402496099472046,0.010354161262512207,0.6352649747085404,False,0.010500788688659668,0.6442610938341319,True,0.010354161262512207,FAIL,3,Prediction should remain approximately consistent under composite transformations.,Violation,0.01
CompositeRelation,0.44999999999999996,-1.6298954486846924,-1.6326688528060913,0.0027734041213989258,0.17015830199746929,True,0.010500788688659668,0.6442610938341319,True,0.0027734041213989258,PASS,3,Prediction should remain approximately consistent under composite transformations.,Consistent,0.01
CompositeRelation,0.7999999999999999,-1.6298954486846924,-1.6300712823867798,0.00017583370208740234,0.010788029032721564,True,0.010500788688659668,0.6442610938341319,True,0.00017583370208740234,PASS,3,Prediction should remain approximately consistent under composite transformations.,Consistent,0.01
CompositeRelation,1.15,-1.6298954486846924,-1.636567234992981,0.006671786308288574,0.40933804805039176,False,0.010500788688659668,0.6442610938341319,True,0.006671786308288574,FAIL,3,Prediction should remain approximately consistent under composite transformations.,Violation,0.01
CompositeRelation,1.5,-1.6298954486846924,-1.629748821258545,0.00014662742614746094,0.008996119125591541,True,0.010500788688659668,0.6442610938341319,True,0.00014662742614746094,PASS,3,Prediction should remain approximately consistent under composite transformations.,Consistent,0.01
ContrastRelation,0.1,-1.6298954486846924,-1.6302361488342285,0.0003407001495361328,0.020903177610520834,True,0.0005924701690673828,0.03635017240178046,True,0.0003407001495361328,PASS,3,Contrast change should not significantly affect output.,Consistent,0.01
ContrastRelation,1.075,-1.6298954486846924,-1.629876732826233,1.8715858459472656e-05,0.0011482851241608714,True,0.0005924701690673828,0.03635017240178046,True,1.8715858459472656e-05,PASS,3,Contrast change should not significantly affect output.,Consistent,0.01
ContrastRelation,2.05,-1.6298954486846924,-1.6301120519638062,0.00021660327911376953,0.01328938898471531,True,0.0005924701690673828,0.03635017240178046,True,0.00021660327911376953,PASS,3,Contrast change should not significantly affect output.,Consistent,0.01
ContrastRelation,3.025,-1.6298954486846924,-1.6296436786651611,0.00025177001953125,0.015446994791259622,True,0.0005924701690673828,0.03635017240178046,True,0.00025177001953125,PASS,3,Contrast change should not significantly affect output.,Consistent,0.01
ContrastRelation,4.0,-1.6298954486846924,-1.6299068927764893,1.1444091796875e-05,0.0007021361268754375,True,0.0005924701690673828,0.03635017240178046,True,1.1444091796875e-05,PASS,3,Contrast change should not significantly affect output.,Consistent,0.01
DarkVisibilityRelation,0.05,-1.6298954486846924,-1.635810375213623,0.005914926528930664,0.36290198274276514,True,0.0060503482818603516,0.37121059357745784,True,0.005914926528930664,PASS,3,Output should not change drastically under visibility degradation.,Consistent,0.01
DarkVisibilityRelation,0.4125,-1.6298954486846924,-1.6359546184539795,0.006059169769287109,0.371751823508591,True,0.0060503482818603516,0.37121059357745784,True,0.006059169769287109,PASS,3,Output should not change drastically under visibility degradation.,Consistent,0.01
DarkVisibilityRelation,0.775,-1.6298954486846924,-1.634558081626892,0.004662632942199707,0.28606927427582274,True,0.0060503482818603516,0.37121059357745784,True,0.004662632942199707,PASS,3,Output should not change drastically under visibility degradation.,Consistent,0.01
DarkVisibilityRelation,1.1375,-1.6298954486846924,-1.6299042701721191,8.821487426757812e-06,0.0005412299311331497,True,0.0060503482818603516,0.37121059357745784,True,8.821487426757812e-06,PASS,3,Output should not change drastically under visibility degradation.,Consistent,0.01
DarkVisibilityRelation,1.5,-1.6298954486846924,-1.629905343055725,9.894371032714844e-06,0.000607055193027722,True,0.0060503482818603516,0.37121059357745784,True,9.894371032714844e-06,PASS,3,Output should not change drastically under visibility degradation.,Consistent,0.01
DustRelation,0.0,-1.6298954486846924,-1.6298954486846924,0.0,0.0,True,0.0002614259719848633,0.016039422148310774,True,0.0,PASS,3,Dust should not significantly affect prediction.,Consistent,0.01
DustRelation,0.375,-1.6298954486846924,-1.6299101114273071,1.4662742614746094e-05,0.0008996119125591542,True,0.0002614259719848633,0.016039422148310774,True,1.4662742614746094e-05,PASS,3,Dust should not significantly affect prediction.,Consistent,0.01
DustRelation,0.75,-1.6298954486846924,-1.6298235654830933,7.18832015991211e-05,0.004410292546936341,True,0.0002614259719848633,0.016039422148310774,True,7.18832015991211e-05,PASS,3,Dust should not significantly affect prediction.,Consistent,0.01
DustRelation,1.125,-1.6298954486846924,-1.6300082206726074,0.00011277198791503906,0.006918966416918373,True,0.0002614259719848633,0.016039422148310774,True,0.00011277198791503906,PASS,3,Dust should not significantly affect prediction.,Consistent,0.01
DustRelation,1.5,-1.6298954486846924,-1.6297467947006226,0.00014865398406982422,0.009120455731392401,True,0.0002614259719848633,0.016039422148310774,True,0.00014865398406982422,PASS,3,Dust should not significantly affect prediction.,Consistent,0.01
FogRelation,0.0,-1.6298954486846924,-1.629878044128418,1.7404556274414062e-05,0.0010678320262897277,True,0.000914454460144043,0.056105064888140425,True,1.7404556274414062e-05,PASS,3,Fog should not significantly affect prediction.,Consistent,0.01
FogRelation,0.375,-1.6298954486846924,-1.6303460597991943,0.0004506111145019531,0.02764660999572035,True,0.000914454460144043,0.056105064888140425,True,0.0004506111145019531,PASS,3,Fog should not significantly affect prediction.,Consistent,0.01
FogRelation,0.75,-1.6298954486846924,-1.6306151151657104,0.0007196664810180664,0.044154122895281415,True,0.000914454460144043,0.056105064888140425,True,0.0007196664810180664,PASS,3,Fog should not significantly affect prediction.,Consistent,0.01
FogRelation,1.125,-1.6298954486846924,-1.6307491064071655,0.0008536577224731445,0.05237496671411466,True,0.000914454460144043,0.056105064888140425,True,0.0008536577224731445,PASS,3,Fog should not significantly affect prediction.,Consistent,0.01
FogRelation,1.5,-1.6298954486846924,-1.630792498588562,0.0008970499038696289,0.05503723286185069,True,0.000914454460144043,0.056105064888140425,True,0.0008970499038696289,PASS,3,Fog should not significantly affect prediction.,Consistent,0.01
HazeRelation,0.0,-1.6298954486846924,-1.6298954486846924,0.0,0.0,True,0.000805974006652832,0.049449399518800334,True,0.0,PASS,3,Haze should not significantly affect prediction.,Consistent,0.01
HazeRelation,0.375,-1.6298954486846924,-1.6297017335891724,0.00019371509552001953,0.011885116730964436,True,0.000805974006652832,0.049449399518800334,True,0.00019371509552001953,PASS,3,Haze should not significantly affect prediction.,Consistent,0.01
HazeRelation,0.75,-1.6298954486846924,-1.6294989585876465,0.00039649009704589844,0.02432609122903859,True,0.000805974006652832,0.049449399518800334,True,0.00039649009704589844,PASS,3,Haze should not significantly affect prediction.,Consistent,0.01
HazeRelation,1.125,-1.6298954486846924,-1.629294514656067,0.0006009340286254883,0.03686946057894875,True,0.000805974006652832,0.049449399518800334,True,0.0006009340286254883,PASS,3,Haze should not significantly affect prediction.,Consistent,0.01
HazeRelation,1.5,-1.6298954486846924,-1.6290894746780396,0.000805974006652832,0.049449399518800334,True,0.000805974006652832,0.049449399518800334,True,0.000805974006652832,PASS,3,Haze should not significantly affect prediction.,Consistent,0.01
NoiseRelation,0.0,-1.6298954486846924,-1.6299304962158203,3.504753112792969e-05,0.0021502918885560273,True,0.0014165639877319336,0.08691128745480024,True,3.504753112792969e-05,PASS,3,Noise should not significantly affect prediction.,Consistent,0.01
NoiseRelation,37.5,-1.6298954486846924,-1.6299382448196411,4.279613494873047e-05,0.002625696557794604,True,0.0014165639877319336,0.08691128745480024,True,4.279613494873047e-05,PASS,3,Noise should not significantly affect prediction.,Consistent,0.01
NoiseRelation,75.0,-1.6298954486846924,-1.6313470602035522,0.0014516115188598633,0.08906157934335626,True,0.0014165639877319336,0.08691128745480024,True,0.0014516115188598633,PASS,3,Noise should not significantly affect prediction.,Consistent,0.01
NoiseRelation,112.5,-1.6298954486846924,-1.6309125423431396,0.0010170936584472656,0.0624023482760545,True,0.0014165639877319336,0.08691128745480024,True,0.0010170936584472656,PASS,3,Noise should not significantly affect prediction.,Consistent,0.01
NoiseRelation,150.0,-1.6298954486846924,-1.6310606002807617,0.001165151596069336,0.07148623441750547,True,0.0014165639877319336,0.08691128745480024,True,0.001165151596069336,PASS,3,Noise should not significantly affect prediction.,Consistent,0.01
RainRelation,0.0,-1.6298954486846924,-1.6298954486846924,0.0,0.0,True,0.004982709884643555,0.3057071440743701,True,0.0,PASS,3,Rain should not significantly affect prediction.,Consistent,0.01
RainRelation,0.375,-1.6298954486846924,-1.6319600343704224,0.0020645856857299805,0.1266697456391219,True,0.004982709884643555,0.3057071440743701,True,0.0020645856857299805,PASS,3,Rain should not significantly affect prediction.,Consistent,0.01
RainRelation,0.75,-1.6298954486846924,-1.634878158569336,0.004982709884643555,0.3057071440743701,True,0.004982709884643555,0.3057071440743701,True,0.004982709884643555,PASS,3,Rain should not significantly affect prediction.,Consistent,0.01
RainRelation,1.125,-1.6298954486846924,-1.6336588859558105,0.003763437271118164,0.23090039089018294,True,0.004982709884643555,0.3057071440743701,True,0.003763437271118164,PASS,3,Rain should not significantly affect prediction.,Consistent,0.01
RainRelation,1.5,-1.6298954486846924,-1.6336582899093628,0.00376284122467041,0.23086382130024147,True,0.004982709884643555,0.3057071440743701,True,0.00376284122467041,PASS,3,Rain should not significantly affect prediction.,Consistent,0.01
RotationRelation,-60.0,-1.6298954486846924,-1.633174180984497,0.0032787322998046875,0.20116200034981285,True,0.0049468278884887695,0.3035056547598961,True,0.0032787322998046875,PASS,3,Small rotation should not significantly change output.,Consistent,0.01
RotationRelation,-30.0,-1.6298954486846924,-1.6282273530960083,0.001668095588684082,0.10234365441008329,True,0.0049468278884887695,0.3035056547598961,True,0.001668095588684082,PASS,3,Small rotation should not significantly change output.,Consistent,0.01
RotationRelation,0.0,-1.6298954486846924,-1.6298962831497192,8.344650268554688e-07,5.119742591800065e-05,True,0.0049468278884887695,0.3035056547598961,True,8.344650268554688e-07,PASS,3,Small rotation should not significantly change output.,Consistent,0.01
RotationRelation,30.0,-1.6298954486846924,-1.6306140422821045,0.0007185935974121094,0.04408829763338684,True,0.0049468278884887695,0.3035056547598961,True,0.0007185935974121094,PASS,3,Small rotation should not significantly change output.,Consistent,0.01
RotationRelation,60.0,-1.6298954486846924,-1.630066156387329,0.00017070770263671875,0.010473530559225275,True,0.0049468278884887695,0.3035056547598961,True,0.00017070770263671875,PASS,3,Small rotation should not significantly change output.,Consistent,0.01
SandstormRelation,0.0,-1.6298954486846924,-1.6297886371612549,0.0001068115234375,0.006553270517504083,True,0.000491023063659668,0.030126028193749238,True,0.0001068115234375,PASS,3,Sandstorm should not significantly affect prediction.,Consistent,0.01
SandstormRelation,0.375,-1.6298954486846924,-1.6299026012420654,7.152557373046875e-06,0.0004388350792971484,True,0.000491023063659668,0.030126028193749238,True,7.152557373046875e-06,PASS,3,Sandstorm should not significantly affect prediction.,Consistent,0.01
SandstormRelation,0.75,-1.6298954486846924,-1.6300287246704102,0.00013327598571777344,0.00817696031090353,True,0.000491023063659668,0.030126028193749238,True,0.00013327598571777344,PASS,3,Sandstorm should not significantly affect prediction.,Consistent,0.01
SandstormRelation,1.125,-1.6298954486846924,-1.63021981716156,0.0003243684768676758,0.01990117084612568,True,0.000491023063659668,0.030126028193749238,True,0.0003243684768676758,PASS,3,Sandstorm should not significantly affect prediction.,Consistent,0.01
SandstormRelation,1.5,-1.6298954486846924,-1.6302796602249146,0.00038421154022216797,0.023572757676245153,True,0.000491023063659668,0.030126028193749238,True,0.00038421154022216797,PASS,3,Sandstorm should not significantly affect prediction.,Consistent,0.01
SmokeRelation,0.0,-1.6298954486846924,-1.6298954486846924,0.0,0.0,True,0.0062514543533325195,0.38354917322369597,True,0.0,PASS,3,Smoke should not significantly affect prediction.,Consistent,0.01
SmokeRelation,0.375,-1.6298954486846924,-1.6295708417892456,0.00032460689544677734,0.01991579868210225,True,0.0062514543533325195,0.38354917322369597,True,0.00032460689544677734,PASS,3,Smoke should not significantly affect prediction.,Consistent,0.01
SmokeRelation,0.75,-1.6298954486846924,-1.6267105340957642,0.0031849145889282227,0.19540594689303187,True,0.0062514543533325195,0.38354917322369597,True,0.0031849145889282227,PASS,3,Smoke should not significantly affect prediction.,Consistent,0.01
SmokeRelation,1.125,-1.6298954486846924,-1.6236439943313599,0.0062514543533325195,0.38354917322369597,False,0.0062514543533325195,0.38354917322369597,True,0.0062514543533325195,FAIL,3,Smoke should not significantly affect prediction.,Violation,0.01
SmokeRelation,1.5,-1.6298954486846924,-1.6286780834197998,0.0012173652648925781,0.07468973049637466,True,0.0062514543533325195,0.38354917322369597,True,0.0012173652648925781,PASS,3,Smoke should not significantly affect prediction.,Consistent,0.01
SnowRelation,0.0,-1.6298954486846924,-1.6298954486846924,0.0,0.0,True,0.0020977258682250977,0.12870301483986535,True,0.0,PASS,3,Snow should not significantly affect prediction.,Consistent,0.01
SnowRelation,0.375,-1.6298954486846924,-1.6299253702163696,2.9921531677246094e-05,0.0018357934150597375,True,0.0020977258682250977,0.12870301483986535,True,2.9921531677246094e-05,PASS,3,Snow should not significantly affect prediction.,Consistent,0.01
SnowRelation,0.75,-1.6298954486846924,-1.6295630931854248,0.0003323554992675781,0.020391203351340828,True,0.0020977258682250977,0.12870301483986535,True,0.0003323554992675781,PASS,3,Snow should not significantly affect prediction.,Consistent,0.01
SnowRelation,1.125,-1.6298954486846924,-1.6291464567184448,0.0007489919662475586,0.04595334672039972,True,0.0020977258682250977,0.12870301483986535,True,0.0007489919662475586,PASS,3,Snow should not significantly affect prediction.,Consistent,0.01
SnowRelation,1.5,-1.6298954486846924,-1.6278276443481445,0.0020678043365478516,0.12686722142480558,True,0.0020977258682250977,0.12870301483986535,True,0.0020678043365478516,PASS,3,Snow should not significantly affect prediction.,Consistent,0.01
TranslationRelation,0.0,-1.6298954486846924,-1.6298145055770874,8.094310760498047e-05,0.0049661503140460625,True,0.004565834999084473,0.2801303728693347,True,8.094310760498047e-05,PASS,3,Small translation should preserve prediction consistency.,Consistent,0.01
TranslationRelation,20.0,-1.6298954486846924,-1.6296268701553345,0.00026857852935791016,0.01647825722760792,True,0.004565834999084473,0.2801303728693347,True,0.00026857852935791016,PASS,3,Small translation should preserve prediction consistency.,Consistent,0.01
TranslationRelation,40.0,-1.6298954486846924,-1.6291050910949707,0.0007903575897216797,0.0484912762623349,True,0.004565834999084473,0.2801303728693347,True,0.0007903575897216797,PASS,3,Small translation should preserve prediction consistency.,Consistent,0.01
TranslationRelation,60.0,-1.6298954486846924,-1.6336709260940552,0.003775477409362793,0.23163909660699977,True,0.004565834999084473,0.2801303728693347,True,0.003775477409362793,PASS,3,Small translation should preserve prediction consistency.,Consistent,0.01
TranslationRelation,80.0,-1.6298954486846924,-1.6300928592681885,0.00019741058349609375,0.012111848188601296,True,0.004565834999084473,0.2801303728693347,True,0.00019741058349609375,PASS,3,Small translation should preserve prediction consistency.,Consistent,0.01
DarkVisibilityRelation,0.05,-1.6298954486846924,-1.629820466041565,7.49826431274414e-05,0.004600454414631772,True,0.0017493963241577148,0.10733174647809421,True,7.49826431274414e-05,PASS,3,Output should not change drastically under visibility degradation.,Consistent,0.01
DarkVisibilityRelation,0.4125,-1.6298954486846924,-1.629028558731079,0.0008668899536132812,0.053186811610814386,True,0.0017493963241577148,0.10733174647809421,True,0.0008668899536132812,PASS,3,Output should not change drastically under visibility degradation.,Consistent,0.01
DarkVisibilityRelation,0.775,-1.6298954486846924,-1.628520131111145,0.0013753175735473633,0.08438067183085335,True,0.0017493963241577148,0.10733174647809421,True,0.0013753175735473633,PASS,3,Output should not change drastically under visibility degradation.,Consistent,0.01
DarkVisibilityRelation,1.1375,-1.6298954486846924,-1.62807297706604,0.0018224716186523438,0.11181517820491342,True,0.0017493963241577148,0.10733174647809421,True,0.0018224716186523438,PASS,3,Output should not change drastically under visibility degradation.,Consistent,0.01
DarkVisibilityRelation,1.5,-1.6298954486846924,-1.6280710697174072,0.0018243789672851562,0.11193220089272599,True,0.0017493963241577148,0.10733174647809421,True,0.0018243789672851562,PASS,3,Output should not change drastically under visibility degradation.,Consistent,0.01
TemporalSmoothnessRelation,0.0,-1.630487322807312,-1.63059401512146,0.00010669231414794922,0.0,True,,,,0.00010669231414794922,PASS,3,Predictions should change smoothly across consecutive frames.,Consistent,0.01
BlurRelation,1.0,-1.6303092241287231,-1.6303561925888062,4.696846008300781e-05,0.002880952311276149,True,0.0005859136581420898,0.0359387832739144,True,4.696846008300781e-05,PASS,4,Blur should not significantly change output.,Consistent,0.01
BlurRelation,8.5,-1.6303092241287231,-1.630252718925476,5.650520324707031e-05,0.0034659172475758745,True,0.0005859136581420898,0.0359387832739144,True,5.650520324707031e-05,PASS,4,Blur should not significantly change output.,Consistent,0.01
BlurRelation,16.0,-1.6303092241287231,-1.6302624940872192,4.673004150390625e-05,0.002866328187868656,True,0.0005859136581420898,0.0359387832739144,True,4.673004150390625e-05,PASS,4,Blur should not significantly change output.,Consistent,0.01
BlurRelation,23.5,-1.6303092241287231,-1.6306474208831787,0.0003381967544555664,0.020744319053529022,True,0.0005859136581420898,0.0359387832739144,True,0.0003381967544555664,PASS,4,Blur should not significantly change output.,Consistent,0.01
BlurRelation,31.0,-1.6303092241287231,-1.6300615072250366,0.00024771690368652344,0.015194464220385376,True,0.0005859136581420898,0.0359387832739144,True,0.00024771690368652344,PASS,4,Blur should not significantly change output.,Consistent,0.01
BrightnessRelation,0.1,-1.6303092241287231,-1.6337637901306152,0.00345456600189209,0.21189623611287187,True,0.009630203247070312,0.590697592675463,True,0.00345456600189209,PASS,4,Output should remain approximately same under localized brightness change.,Consistent,0.01
BrightnessRelation,0.825,-1.6303092241287231,-1.6304417848587036,0.00013256072998046875,0.008131012614566188,True,0.009630203247070312,0.590697592675463,True,0.00013256072998046875,PASS,4,Output should remain approximately same under localized brightness change.,Consistent,0.01
BrightnessRelation,1.55,-1.6303092241287231,-1.6310584545135498,0.0007492303848266602,0.0459563078080472,True,0.009630203247070312,0.590697592675463,True,0.0007492303848266602,PASS,4,Output should remain approximately same under localized brightness change.,Consistent,0.01
BrightnessRelation,2.275,-1.6303092241287231,-1.624133586883545,0.006175637245178223,0.3788013565625911,False,0.009630203247070312,0.590697592675463,True,0.006175637245178223,FAIL,4,Output should remain approximately same under localized brightness change.,Violation,0.01
BrightnessRelation,3.0,-1.6303092241287231,-1.6265549659729004,0.003754258155822754,0.23027875923609076,True,0.009630203247070312,0.590697592675463,True,0.003754258155822754,PASS,4,Output should remain approximately same under localized brightness change.,Consistent,0.01
CompositeRelation,0.1,-1.6303092241287231,-1.6304192543029785,0.0001100301742553711,0.006749032952558085,True,0.007624030113220215,0.46764290626311195,True,0.0001100301742553711,PASS,4,Prediction should remain approximately consistent under composite transformations.,Consistent,0.01
CompositeRelation,0.44999999999999996,-1.6303092241287231,-1.6356947422027588,0.0053855180740356445,0.3303370115901589,True,0.007624030113220215,0.46764290626311195,True,0.0053855180740356445,PASS,4,Prediction should remain approximately consistent under composite transformations.,Consistent,0.01
CompositeRelation,0.7999999999999999,-1.6303092241287231,-1.6289011240005493,0.0014081001281738281,0.08637007284465449,True,0.007624030113220215,0.46764290626311195,True,0.0014081001281738281,PASS,4,Prediction should remain approximately consistent under composite transformations.,Consistent,0.01
CompositeRelation,1.15,-1.6303092241287231,-1.6304072141647339,9.799003601074219e-05,0.006010514720479682,True,0.007624030113220215,0.46764290626311195,True,9.799003601074219e-05,PASS,4,Prediction should remain approximately consistent under composite transformations.,Consistent,0.01
CompositeRelation,1.5,-1.6303092241287231,-1.6280707120895386,0.0022385120391845703,0.1373058946729531,True,0.007624030113220215,0.46764290626311195,True,0.0022385120391845703,PASS,4,Prediction should remain approximately consistent under composite transformations.,Consistent,0.01
ContrastRelation,0.1,-1.6303092241287231,-1.6305469274520874,0.0002377033233642578,0.014580251037270663,True,0.0006902217864990234,0.042336837264692645,True,0.0002377033233642578,PASS,4,Contrast change should not significantly affect output.,Consistent,0.01
ContrastRelation,1.075,-1.6303092241287231,-1.6303033828735352,5.841255187988281e-06,0.000358291023483582,True,0.0006902217864990234,0.042336837264692645,True,5.841255187988281e-06,PASS,4,Contrast change should not significantly affect output.,Consistent,0.01
ContrastRelation,2.05,-1.6303092241287231,-1.6303855180740356,7.62939453125e-05,0.004679719490397805,True,0.0006902217864990234,0.042336837264692645,True,7.62939453125e-05,PASS,4,Contrast change should not significantly affect output.,Consistent,0.01
ContrastRelation,3.025,-1.6303092241287231,-1.6300945281982422,0.00021469593048095703,0.013169023128447574,True,0.0006902217864990234,0.042336837264692645,True,0.00021469593048095703,PASS,4,Contrast change should not significantly affect output.,Consistent,0.01
ContrastRelation,4.0,-1.6303092241287231,-1.6298567056655884,0.0004525184631347656,0.02775658622742198,True,0.0006902217864990234,0.042336837264692645,True,0.0004525184631347656,PASS,4,Contrast change should not significantly affect output.,Consistent,0.01
DarkVisibilityRelation,0.05,-1.6303092241287231,-1.635826587677002,0.005517363548278809,0.33842415183450253,True,0.005515098571777344,0.33828522266213135,True,0.005517363548278809,PASS,4,Output should not change drastically under visibility degradation.,Consistent,0.01
DarkVisibilityRelation,0.4125,-1.6303092241287231,-1.6351914405822754,0.004882216453552246,0.2994654870769408,True,0.005515098571777344,0.33828522266213135,True,0.004882216453552246,PASS,4,Output should not change drastically under visibility degradation.,Consistent,0.01
DarkVisibilityRelation,0.775,-1.6303092241287231,-1.6327532529830933,0.002444028854370117,0.1499118890502122,True,0.005515098571777344,0.33828522266213135,True,0.002444028854370117,PASS,4,Output should not change drastically under visibility degradation.,Consistent,0.01
DarkVisibilityRelation,1.1375,-1.6303092241287231,-1.6303151845932007,5.9604644775390625e-06,0.00036560308518732853,True,0.005515098571777344,0.33828522266213135,True,5.9604644775390625e-06,PASS,4,Output should not change drastically under visibility degradation.,Consistent,0.01
DarkVisibilityRelation,1.5,-1.6303092241287231,-1.6303114891052246,2.2649765014648438e-06,0.00013892917237118486,True,0.005515098571777344,0.33828522266213135,True,2.2649765014648438e-06,PASS,4,Output should not change drastically under visibility degradation.,Consistent,0.01
DustRelation,0.0,-1.6303092241287231,-1.6303092241287231,0.0,0.0,True,0.00024044513702392578,0.014748428456456833,True,0.0,PASS,4,Dust should not significantly affect prediction.,Consistent,0.01
DustRelation,0.375,-1.6303092241287231,-1.6304073333740234,9.810924530029297e-05,0.006017826782183428,True,0.00024044513702392578,0.014748428456456833,True,9.810924530029297e-05,PASS,4,Dust should not significantly affect prediction.,Consistent,0.01
DustRelation,0.75,-1.6303092241287231,-1.6302592754364014,4.9948692321777344e-05,0.003063753853869813,True,0.00024044513702392578,0.014748428456456833,True,4.9948692321777344e-05,PASS,4,Dust should not significantly affect prediction.,Consistent,0.01
DustRelation,1.125,-1.6303092241287231,-1.6303437948226929,3.457069396972656e-05,0.0021204978940865056,True,0.00024044513702392578,0.014748428456456833,True,3.457069396972656e-05,PASS,4,Dust should not significantly affect prediction.,Consistent,0.01
DustRelation,1.5,-1.6303092241287231,-1.6301668882369995,0.0001423358917236328,0.008730601674273407,True,0.00024044513702392578,0.014748428456456833,True,0.0001423358917236328,PASS,4,Dust should not significantly affect prediction.,Consistent,0.01
FogRelation,0.0,-1.6303092241287231,-1.6302440166473389,6.520748138427734e-05,0.003999697751949374,True,0.00244748592376709,0.15012393883962086,True,6.520748138427734e-05,PASS,4,Fog should not significantly affect prediction.,Consistent,0.01
FogRelation,0.375,-1.6303092241287231,-1.6312966346740723,0.000987410545349121,0.06056580709213285,True,0.00244748592376709,0.15012393883962086,True,0.000987410545349121,PASS,4,Fog should not significantly affect prediction.,Consistent,0.01
FogRelation,0.75,-1.6303092241287231,-1.632001519203186,0.0016922950744628906,0.10380202794638632,True,0.00244748592376709,0.15012393883962086,True,0.0016922950744628906,PASS,4,Fog should not significantly affect prediction.,Consistent,0.01
FogRelation,1.125,-1.6303092241287231,-1.632443904876709,0.00213468074798584,0.13093708892898984,True,0.00244748592376709,0.15012393883962086,True,0.00213468074798584,PASS,4,Fog should not significantly affect prediction.,Consistent,0.01
FogRelation,1.5,-1.6303092241287231,-1.632691502571106,0.0023822784423828125,0.14612424108767147,True,0.00244748592376709,0.15012393883962086,True,0.0023822784423828125,PASS,4,Fog should not significantly affect prediction.,Consistent,0.01
HazeRelation,0.0,-1.6303092241287231,-1.6303092241287231,0.0,0.0,True,0.0009877681732177734,0.060587743277244095,True,0.0,PASS,4,Haze should not significantly affect prediction.,Consistent,0.01
HazeRelation,0.375,-1.6303092241287231,-1.6300737857818604,0.00023543834686279297,0.014441321864899477,True,0.0009877681732177734,0.060587743277244095,True,0.00023543834686279297,PASS,4,Haze should not significantly affect prediction.,Consistent,0.01
HazeRelation,0.75,-1.6303092241287231,-1.629821538925171,0.0004876852035522461,0.029913644430027222,True,0.0009877681732177734,0.060587743277244095,True,0.0004876852035522461,PASS,4,Haze should not significantly affect prediction.,Consistent,0.01
HazeRelation,1.125,-1.6303092241287231,-1.6295723915100098,0.0007368326187133789,0.045195853390857556,True,0.0009877681732177734,0.060587743277244095,True,0.0007368326187133789,PASS,4,Haze should not significantly affect prediction.,Consistent,0.01
HazeRelation,1.5,-1.6303092241287231,-1.6293214559555054,0.0009877681732177734,0.060587743277244095,True,0.0009877681732177734,0.060587743277244095,True,0.0009877681732177734,PASS,4,Haze should not significantly affect prediction.,Consistent,0.01
NoiseRelation,0.0,-1.6303092241287231,-1.6303156614303589,6.4373016357421875e-06,0.0003948513320023148,True,0.0018928050994873047,0.11610091573208807,True,6.4373016357421875e-06,PASS,4,Noise should not significantly affect prediction.,Consistent,0.01
NoiseRelation,37.5,-1.6303092241287231,-1.6312081813812256,0.0008989572525024414,0.05514025730795289,True,0.0018928050994873047,0.11610091573208807,True,0.0008989572525024414,PASS,4,Noise should not significantly affect prediction.,Consistent,0.01
NoiseRelation,75.0,-1.6303092241287231,-1.6322084665298462,0.0018992424011230469,0.11649576706409039,True,0.0018928050994873047,0.11610091573208807,True,0.0018992424011230469,PASS,4,Noise should not significantly affect prediction.,Consistent,0.01
NoiseRelation,112.5,-1.6303092241287231,-1.6308107376098633,0.0005015134811401367,0.030761843587661823,True,0.0018928050994873047,0.11610091573208807,True,0.0005015134811401367,PASS,4,Noise should not significantly affect prediction.,Consistent,0.01
NoiseRelation,150.0,-1.6303092241287231,-1.6317371129989624,0.0014278888702392578,0.08758387508747642,True,0.0018928050994873047,0.11610091573208807,True,0.0014278888702392578,PASS,4,Noise should not significantly affect prediction.,Consistent,0.01
RainRelation,0.0,-1.6303092241287231,-1.6303092241287231,0.0,0.0,True,0.009114503860473633,0.5590656137450553,True,0.0,PASS,4,Rain should not significantly affect prediction.,Consistent,0.01
RainRelation,0.375,-1.6303092241287231,-1.6322444677352905,0.0019352436065673828,0.11870400969862184,True,0.009114503860473633,0.5590656137450553,True,0.0019352436065673828,PASS,4,Rain should not significantly affect prediction.,Consistent,0.01
RainRelation,0.75,-1.6303092241287231,-1.633828043937683,0.003518819808959961,0.21583743737119127,True,0.009114503860473633,0.5590656137450553,True,0.003518819808959961,PASS,4,Rain should not significantly affect prediction.,Consistent,0.01
RainRelation,1.125,-1.6303092241287231,-1.6394237279891968,0.009114503860473633,0.5590656137450553,False,0.009114503860473633,0.5590656137450553,True,0.009114503860473633,FAIL,4,Rain should not significantly affect prediction.,Violation,0.01
RainRelation,1.5,-1.6303092241287231,-1.636308193206787,0.005998969078063965,0.3679648811176387,False,0.009114503860473633,0.5590656137450553,True,0.005998969078063965,FAIL,4,Rain should not significantly affect prediction.,Violation,0.01
RotationRelation,-60.0,-1.6303092241287231,-1.6310688257217407,0.0007596015930175781,0.04659245717627315,True,0.0029598474502563477,0.1815511800423236,True,0.0007596015930175781,PASS,4,Small rotation should not significantly change output.,Consistent,0.01
RotationRelation,-30.0,-1.6303092241287231,-1.6298367977142334,0.0004724264144897461,0.028977700531947658,True,0.0029598474502563477,0.1815511800423236,True,0.0004724264144897461,PASS,4,Small rotation should not significantly change output.,Consistent,0.01
RotationRelation,0.0,-1.6303092241287231,-1.6303091049194336,1.1920928955078125e-07,7.312061703746571e-06,True,0.0029598474502563477,0.1815511800423236,True,1.1920928955078125e-07,PASS,4,Small rotation should not significantly change output.,Consistent,0.01
RotationRelation,30.0,-1.6303092241287231,-1.6289342641830444,0.001374959945678711,0.08433731969101295,True,0.0029598474502563477,0.1815511800423236,True,0.001374959945678711,PASS,4,Small rotation should not significantly change output.,Consistent,0.01
RotationRelation,60.0,-1.6303092241287231,-1.6318941116333008,0.0015848875045776367,0.09721386035131066,True,0.0029598474502563477,0.1815511800423236,True,0.0015848875045776367,PASS,4,Small rotation should not significantly change output.,Consistent,0.01
SandstormRelation,0.0,-1.6303092241287231,-1.6302684545516968,4.076957702636719e-05,0.0025007251026813275,True,0.0019097328186035156,0.11713922849402006,True,4.076957702636719e-05,PASS,4,Sandstorm should not significantly affect prediction.,Consistent,0.01
SandstormRelation,0.375,-1.6303092241287231,-1.6309057474136353,0.0005965232849121094,0.03658955676554784,True,0.0019097328186035156,0.11713922849402006,True,0.0005965232849121094,PASS,4,Sandstorm should not significantly affect prediction.,Consistent,0.01
SandstormRelation,0.75,-1.6303092241287231,-1.6312730312347412,0.0009638071060180664,0.059118018874791026,True,0.0019097328186035156,0.11713922849402006,True,0.0009638071060180664,PASS,4,Sandstorm should not significantly affect prediction.,Consistent,0.01
SandstormRelation,1.125,-1.6303092241287231,-1.631601095199585,0.0012918710708618164,0.07924081268350158,True,0.0019097328186035156,0.11713922849402006,True,0.0012918710708618164,PASS,4,Sandstorm should not significantly affect prediction.,Consistent,0.01
SandstormRelation,1.5,-1.6303092241287231,-1.6321781873703003,0.0018689632415771484,0.11463850339133874,True,0.0019097328186035156,0.11713922849402006,True,0.0018689632415771484,PASS,4,Sandstorm should not significantly affect prediction.,Consistent,0.01
SmokeRelation,0.0,-1.6303092241287231,-1.6303092241287231,0.0,0.0,True,0.001658320426940918,0.10171809036081855,True,0.0,PASS,4,Smoke should not significantly affect prediction.,Consistent,0.01
SmokeRelation,0.375,-1.6303092241287231,-1.629899501800537,0.00040972232818603516,0.025131556075776964,True,0.001658320426940918,0.10171809036081855,True,0.00040972232818603516,PASS,4,Smoke should not significantly affect prediction.,Consistent,0.01
SmokeRelation,0.75,-1.6303092241287231,-1.6294870376586914,0.0008221864700317383,0.0504312895707401,True,0.001658320426940918,0.10171809036081855,True,0.0008221864700317383,PASS,4,Smoke should not significantly affect prediction.,Consistent,0.01
SmokeRelation,1.125,-1.6303092241287231,-1.629826545715332,0.0004826784133911133,0.029606537838469865,True,0.001658320426940918,0.10171809036081855,True,0.0004826784133911133,PASS,4,Smoke should not significantly affect prediction.,Consistent,0.01
SmokeRelation,1.5,-1.6303092241287231,-1.6286509037017822,0.001658320426940918,0.10171809036081855,True,0.001658320426940918,0.10171809036081855,True,0.001658320426940918,PASS,4,Smoke should not significantly affect prediction.,Consistent,0.01
SnowRelation,0.0,-1.6303092241287231,-1.6303092241287231,0.0,0.0,True,0.00142669677734375,0.08751075447043896,True,0.0,PASS,4,Snow should not significantly affect prediction.,Consistent,0.01
SnowRelation,0.375,-1.6303092241287231,-1.6303831338882446,7.390975952148438e-05,0.004533478256322874,True,0.00142669677734375,0.08751075447043896,True,7.390975952148438e-05,PASS,4,Snow should not significantly affect prediction.,Consistent,0.01
SnowRelation,0.75,-1.6303092241287231,-1.6296039819717407,0.0007052421569824219,0.04325815703936472,True,0.00142669677734375,0.08751075447043896,True,0.0007052421569824219,PASS,4,Snow should not significantly affect prediction.,Consistent,0.01
SnowRelation,1.125,-1.6303092241287231,-1.6289564371109009,0.0013527870178222656,0.08297727621411609,True,0.00142669677734375,0.08751075447043896,True,0.0013527870178222656,PASS,4,Snow should not significantly affect prediction.,Consistent,0.01
SnowRelation,1.5,-1.6303092241287231,-1.6295156478881836,0.0007935762405395508,0.04867639476184092,True,0.00142669677734375,0.08751075447043896,True,0.0007935762405395508,PASS,4,Snow should not significantly affect prediction.,Consistent,0.01
TranslationRelation,0.0,-1.6303092241287231,-1.6303119659423828,2.7418136596679688e-06,0.00016817741918617114,True,0.003469705581665039,0.2128248679492477,True,2.7418136596679688e-06,PASS,4,Small translation should preserve prediction consistency.,Consistent,0.01
TranslationRelation,20.0,-1.6303092241287231,-1.631469964981079,0.001160740852355957,0.07119754480938036,True,0.003469705581665039,0.2128248679492477,True,0.001160740852355957,PASS,4,Small translation should preserve prediction consistency.,Consistent,0.01
TranslationRelation,40.0,-1.6303092241287231,-1.6313165426254272,0.0010073184967041016,0.06178692139665853,True,0.003469705581665039,0.2128248679492477,True,0.0010073184967041016,PASS,4,Small translation should preserve prediction consistency.,Consistent,0.01
TranslationRelation,60.0,-1.6303092241287231,-1.628000259399414,0.002308964729309082,0.14162732313986734,True,0.003469705581665039,0.2128248679492477,True,0.002308964729309082,PASS,4,Small translation should preserve prediction consistency.,Consistent,0.01
TranslationRelation,80.0,-1.6303092241287231,-1.6297615766525269,0.0005476474761962891,0.03359161146701175,True,0.003469705581665039,0.2128248679492477,True,0.0005476474761962891,PASS,4,Small translation should preserve prediction consistency.,Consistent,0.01
DarkVisibilityRelation,0.05,-1.6303092241287231,-1.630452036857605,0.00014281272888183594,0.008759849921088391,True,0.0023810863494873047,0.146051120470634,True,0.00014281272888183594,PASS,4,Output should not change drastically under visibility degradation.,Consistent,0.01
DarkVisibilityRelation,0.4125,-1.6303092241287231,-1.6294044256210327,0.0009047985076904297,0.05549854833143648,True,0.0023810863494873047,0.146051120470634,True,0.0009047985076904297,PASS,4,Output should not change drastically under visibility degradation.,Consistent,0.01
DarkVisibilityRelation,0.775,-1.6303092241287231,-1.6285957098007202,0.0017135143280029297,0.10510357492965322,True,0.0023810863494873047,0.146051120470634,True,0.0017135143280029297,PASS,4,Output should not change drastically under visibility degradation.,Consistent,0.01
DarkVisibilityRelation,1.1375,-1.6303092241287231,-1.6280709505081177,0.0022382736206054688,0.13729127054954562,True,0.0023810863494873047,0.146051120470634,True,0.0022382736206054688,PASS,4,Output should not change drastically under visibility degradation.,Consistent,0.01
DarkVisibilityRelation,1.5,-1.6303092241287231,-1.6281183958053589,0.002190828323364258,0.1343810699914545,True,0.0023810863494873047,0.146051120470634,True,0.002190828323364258,PASS,4,Output should not change drastically under visibility degradation.,Consistent,0.01
TemporalSmoothnessRelation,0.0,-1.630487322807312,-1.63059401512146,0.00010669231414794922,0.0,True,,,,0.00010669231414794922,PASS,4,Predictions should change smoothly across consecutive frames.,Consistent,0.01
BlurRelation,1.0,-1.6362489461898804,-1.636270523071289,2.1576881408691406e-05,0.001318678815478934,True,0.00020205974578857422,0.012348953548269573,True,2.1576881408691406e-05,PASS,5,Blur should not significantly change output.,Consistent,0.01
BlurRelation,8.5,-1.6362489461898804,-1.6360695362091064,0.00017940998077392578,0.010964705067932571,True,0.00020205974578857422,0.012348953548269573,True,0.00017940998077392578,PASS,5,Blur should not significantly change output.,Consistent,0.01
BlurRelation,16.0,-1.6362489461898804,-1.6360684633255005,0.0001804828643798828,0.01103027473279064,True,0.00020205974578857422,0.012348953548269573,True,0.0001804828643798828,PASS,5,Blur should not significantly change output.,Consistent,0.01
BlurRelation,23.5,-1.6362489461898804,-1.6362583637237549,9.417533874511719e-06,0.0005755559470874905,True,0.00020205974578857422,0.012348953548269573,True,9.417533874511719e-06,PASS,5,Blur should not significantly change output.,Consistent,0.01
BlurRelation,31.0,-1.6362489461898804,-1.6361132860183716,0.00013566017150878906,0.008290919845386888,True,0.00020205974578857422,0.012348953548269573,True,0.00013566017150878906,PASS,5,Blur should not significantly change output.,Consistent,0.01
BrightnessRelation,0.1,-1.6362489461898804,-1.6356796026229858,0.0005693435668945312,0.0347956354846817,True,0.0072040557861328125,0.44027844296697755,True,0.0005693435668945312,PASS,5,Output should remain approximately same under localized brightness change.,Consistent,0.01
BrightnessRelation,0.825,-1.6362489461898804,-1.635365605354309,0.0008833408355712891,0.05398569073314309,True,0.0072040557861328125,0.44027844296697755,True,0.0008833408355712891,PASS,5,Output should remain approximately same under localized brightness change.,Consistent,0.01
BrightnessRelation,1.55,-1.6362489461898804,-1.6349799633026123,0.0012689828872680664,0.07755434249045995,True,0.0072040557861328125,0.44027844296697755,True,0.0012689828872680664,PASS,5,Output should remain approximately same under localized brightness change.,Consistent,0.01
BrightnessRelation,2.275,-1.6362489461898804,-1.640209436416626,0.0039604902267456055,0.24204677506440123,True,0.0072040557861328125,0.44027844296697755,True,0.0039604902267456055,PASS,5,Output should remain approximately same under localized brightness change.,Consistent,0.01
BrightnessRelation,3.0,-1.6362489461898804,-1.6330053806304932,0.003243565559387207,0.19823166790257632,True,0.0072040557861328125,0.44027844296697755,True,0.003243565559387207,PASS,5,Output should remain approximately same under localized brightness change.,Consistent,0.01
CompositeRelation,0.1,-1.6362489461898804,-1.6356134414672852,0.0006355047225952148,0.038839098150929265,True,0.002687692642211914,0.16425929598777925,True,0.0006355047225952148,PASS,5,Prediction should remain approximately consistent under composite transformations.,Consistent,0.01
CompositeRelation,0.44999999999999996,-1.6362489461898804,-1.6348292827606201,0.001419663429260254,0.08676323764385979,True,0.002687692642211914,0.16425929598777925,True,0.001419663429260254,PASS,5,Prediction should remain approximately consistent under composite transformations.,Consistent,0.01
CompositeRelation,0.7999999999999999,-1.6362489461898804,-1.635385274887085,0.0008636713027954102,0.05278358021074517,True,0.002687692642211914,0.16425929598777925,True,0.0008636713027954102,PASS,5,Prediction should remain approximately consistent under composite transformations.,Consistent,0.01
CompositeRelation,1.15,-1.6362489461898804,-1.636511206626892,0.00026226043701171875,0.016028140298638974,True,0.002687692642211914,0.16425929598777925,True,0.00026226043701171875,PASS,5,Prediction should remain approximately consistent under composite transformations.,Consistent,0.01
CompositeRelation,1.5,-1.6362489461898804,-1.6338235139846802,0.0024254322052001953,0.14823115568914025,True,0.002687692642211914,0.16425929598777925,True,0.0024254322052001953,PASS,5,Prediction should remain approximately consistent under composite transformations.,Consistent,0.01
ContrastRelation,0.1,-1.6362489461898804,-1.6362718343734741,2.288818359375e-05,0.0013988195169721289,True,0.0002865791320800781,0.01751438603542186,True,2.288818359375e-05,PASS,5,Contrast change should not significantly affect output.,Consistent,0.01
ContrastRelation,1.075,-1.6362489461898804,-1.6362782716751099,2.9325485229492188e-05,0.00179223750612054,True,0.0002865791320800781,0.01751438603542186,True,2.9325485229492188e-05,PASS,5,Contrast change should not significantly affect output.,Consistent,0.01
ContrastRelation,2.05,-1.6362489461898804,-1.6362385749816895,1.0371208190917969e-05,0.0006338400936279959,True,0.0002865791320800781,0.01751438603542186,True,1.0371208190917969e-05,PASS,5,Contrast change should not significantly affect output.,Consistent,0.01
ContrastRelation,3.025,-1.6362489461898804,-1.6361182928085327,0.00013065338134765625,0.007984928076049235,True,0.0002865791320800781,0.01751438603542186,True,0.00013065338134765625,PASS,5,Contrast change should not significantly affect output.,Consistent,0.01
ContrastRelation,4.0,-1.6362489461898804,-1.6359916925430298,0.00025725364685058594,0.015722148529301323,True,0.0002865791320800781,0.01751438603542186,True,0.00025725364685058594,PASS,5,Contrast change should not significantly affect output.,Consistent,0.01
DarkVisibilityRelation,0.05,-1.6362489461898804,-1.6351861953735352,0.0010627508163452148,0.06495039580107566,True,0.0012912750244140625,0.07891673441584426,True,0.0010627508163452148,PASS,5,Output should not change drastically under visibility degradation.,Consistent,0.01
DarkVisibilityRelation,0.4125,-1.6362489461898804,-1.6349722146987915,0.0012767314910888672,0.07802790118110155,True,0.0012912750244140625,0.07891673441584426,True,0.0012767314910888672,PASS,5,Output should not change drastically under visibility degradation.,Consistent,0.01
DarkVisibilityRelation,0.775,-1.6362489461898804,-1.635939598083496,0.00030934810638427734,0.018905920034076425,True,0.0012912750244140625,0.07891673441584426,True,0.00030934810638427734,PASS,5,Output should not change drastically under visibility degradation.,Consistent,0.01
DarkVisibilityRelation,1.1375,-1.6362489461898804,-1.6362634897232056,1.4543533325195312e-05,0.0008888332347427068,True,0.0012912750244140625,0.07891673441584426,True,1.4543533325195312e-05,PASS,5,Output should not change drastically under visibility degradation.,Consistent,0.01
DarkVisibilityRelation,1.5,-1.6362489461898804,-1.6362614631652832,1.2516975402832031e-05,0.0007649794233441329,True,0.0012912750244140625,0.07891673441584426,True,1.2516975402832031e-05,PASS,5,Output should not change drastically under visibility degradation.,Consistent,0.01
DustRelation,0.0,-1.6362489461898804,-1.6362489461898804,0.0,0.0,True,0.00022232532501220703,0.013587491662255313,True,0.0,PASS,5,Dust should not significantly affect prediction.,Consistent,0.01
DustRelation,0.375,-1.6362489461898804,-1.6362099647521973,3.898143768310547e-05,0.0023823644898431566,True,0.00022232532501220703,0.013587491662255313,True,3.898143768310547e-05,PASS,5,Dust should not significantly affect prediction.,Consistent,0.01
DustRelation,0.75,-1.6362489461898804,-1.6361815929412842,6.73532485961914e-05,0.004116317849423191,True,0.00022232532501220703,0.013587491662255313,True,6.73532485961914e-05,PASS,5,Dust should not significantly affect prediction.,Consistent,0.01
DustRelation,1.125,-1.6362489461898804,-1.6360266208648682,0.00022232532501220703,0.013587491662255313,True,0.00022232532501220703,0.013587491662255313,True,0.00022232532501220703,PASS,5,Dust should not significantly affect prediction.,Consistent,0.01
DustRelation,1.5,-1.6362489461898804,-1.6360982656478882,0.0001506805419921875,0.009208895153399848,True,0.00022232532501220703,0.013587491662255313,True,0.0001506805419921875,PASS,5,Dust should not significantly affect prediction.,Consistent,0.01
FogRelation,0.0,-1.6362489461898804,-1.6360489130020142,0.00020003318786621094,0.012225099736871,True,0.0013592243194580078,0.08306947985685527,True,0.00020003318786621094,PASS,5,Fog should not significantly affect prediction.,Consistent,0.01
FogRelation,0.375,-1.6362489461898804,-1.6357697248458862,0.0004792213439941406,0.029287783636603944,True,0.0013592243194580078,0.08306947985685527,True,0.0004792213439941406,PASS,5,Fog should not significantly affect prediction.,Consistent,0.01
FogRelation,0.75,-1.6362489461898804,-1.635432481765747,0.0008164644241333008,0.04989851495699016,True,0.0013592243194580078,0.08306947985685527,True,0.0008164644241333008,PASS,5,Fog should not significantly affect prediction.,Consistent,0.01
FogRelation,1.125,-1.6362489461898804,-1.6350655555725098,0.0011833906173706055,0.07232334033844959,True,0.0013592243194580078,0.08306947985685527,True,0.0011833906173706055,PASS,5,Fog should not significantly affect prediction.,Consistent,0.01
FogRelation,1.5,-1.6362489461898804,-1.6346896886825562,0.0015592575073242188,0.09529457959372627,True,0.0013592243194580078,0.08306947985685527,True,0.0015592575073242188,PASS,5,Fog should not significantly affect prediction.,Consistent,0.01
HazeRelation,0.0,-1.6362489461898804,-1.6362489461898804,0.0,0.0,True,0.003663301467895508,0.22388397789871622,True,0.0,PASS,5,Haze should not significantly affect prediction.,Consistent,0.01
HazeRelation,0.375,-1.6362489461898804,-1.6353466510772705,0.0009022951126098633,0.05514408814563564,True,0.003663301467895508,0.22388397789871622,True,0.0009022951126098633,PASS,5,Haze should not significantly affect prediction.,Consistent,0.01
HazeRelation,0.75,-1.6362489461898804,-1.6344257593154907,0.0018231868743896484,0.11142471714881114,True,0.003663301467895508,0.22388397789871622,True,0.0018231868743896484,PASS,5,Haze should not significantly affect prediction.,Consistent,0.01
HazeRelation,1.125,-1.6362489461898804,-1.6335086822509766,0.0027402639389038086,0.16747220956582462,True,0.003663301467895508,0.22388397789871622,True,0.0027402639389038086,PASS,5,Haze should not significantly affect prediction.,Consistent,0.01
HazeRelation,1.5,-1.6362489461898804,-1.6325856447219849,0.003663301467895508,0.22388397789871622,True,0.003663301467895508,0.22388397789871622,True,0.003663301467895508,PASS,5,Haze should not significantly affect prediction.,Consistent,0.01
NoiseRelation,0.0,-1.6362489461898804,-1.636286735534668,3.7789344787597656e-05,0.002309509306667525,True,0.0014529228210449219,0.08879589725445992,True,3.7789344787597656e-05,PASS,5,Noise should not significantly affect prediction.,Consistent,0.01
NoiseRelation,37.5,-1.6362489461898804,-1.63590669631958,0.00034224987030029297,0.020916723089723862,True,0.0014529228210449219,0.08879589725445992,True,0.00034224987030029297,PASS,5,Noise should not significantly affect prediction.,Consistent,0.01
NoiseRelation,75.0,-1.6362489461898804,-1.634833812713623,0.0014151334762573242,0.0864863879477924,True,0.0014529228210449219,0.08879589725445992,True,0.0014151334762573242,PASS,5,Noise should not significantly affect prediction.,Consistent,0.01
NoiseRelation,112.5,-1.6362489461898804,-1.635191559791565,0.0010573863983154297,0.06462254747678532,True,0.0014529228210449219,0.08879589725445992,True,0.0010573863983154297,PASS,5,Noise should not significantly affect prediction.,Consistent,0.01
NoiseRelation,150.0,-1.6362489461898804,-1.634946346282959,0.0013025999069213867,0.07960885865601276,True,0.0014529228210449219,0.08879589725445992,True,0.0013025999069213867,PASS,5,Noise should not significantly affect prediction.,Consistent,0.01
RainRelation,0.0,-1.6362489461898804,-1.6362489461898804,0.0,0.0,True,0.0025839805603027344,0.15792089505149928,True,0.0,PASS,5,Rain should not significantly affect prediction.,Consistent,0.01
RainRelation,0.375,-1.6362489461898804,-1.635860800743103,0.00038814544677734375,0.023721647641985682,True,0.0025839805603027344,0.15792089505149928,True,0.00038814544677734375,PASS,5,Rain should not significantly affect prediction.,Consistent,0.01
RainRelation,0.75,-1.6362489461898804,-1.6336649656295776,0.0025839805603027344,0.15792089505149928,True,0.0025839805603027344,0.15792089505149928,True,0.0025839805603027344,PASS,5,Rain should not significantly affect prediction.,Consistent,0.01
RainRelation,1.125,-1.6362489461898804,-1.6344177722930908,0.0018311738967895508,0.11191284687608787,True,0.0025839805603027344,0.15792089505149928,True,0.0018311738967895508,PASS,5,Rain should not significantly affect prediction.,Consistent,0.01
RainRelation,1.5,-1.6362489461898804,-1.6347469091415405,0.0015020370483398438,0.09179753080129595,True,0.0025839805603027344,0.15792089505149928,True,0.0015020370483398438,PASS,5,Rain should not significantly affect prediction.,Consistent,0.01
RotationRelation,-60.0,-1.6362489461898804,-1.6350010633468628,0.0012478828430175781,0.07626480574825127,True,0.0029964447021484375,0.18312878843026786,True,0.0012478828430175781,PASS,5,Small rotation should not significantly change output.,Consistent,0.01
RotationRelation,-30.0,-1.6362489461898804,-1.6356269121170044,0.0006220340728759766,0.03801583458104463,True,0.0029964447021484375,0.18312878843026786,True,0.0006220340728759766,PASS,5,Small rotation should not significantly change output.,Consistent,0.01
RotationRelation,0.0,-1.6362489461898804,-1.6362497806549072,8.344650268554688e-07,5.0998628222942195e-05,True,0.0029964447021484375,0.18312878843026786,True,8.344650268554688e-07,PASS,5,Small rotation should not significantly change output.,Consistent,0.01
RotationRelation,30.0,-1.6362489461898804,-1.6355278491973877,0.0007210969924926758,0.04407010030293962,True,0.0029964447021484375,0.18312878843026786,True,0.0007210969924926758,PASS,5,Small rotation should not significantly change output.,Consistent,0.01
RotationRelation,60.0,-1.6362489461898804,-1.6332533359527588,0.002995610237121582,0.1830777898020449,True,0.0029964447021484375,0.18312878843026786,True,0.002995610237121582,PASS,5,Small rotation should not significantly change output.,Consistent,0.01
SandstormRelation,0.0,-1.6362489461898804,-1.6361349821090698,0.00011396408081054688,0.006964955511590391,True,0.0017009973526000977,0.10395706087330887,True,0.00011396408081054688,PASS,5,Sandstorm should not significantly affect prediction.,Consistent,0.01
SandstormRelation,0.375,-1.6362489461898804,-1.6356065273284912,0.0006424188613891602,0.03926165821334793,True,0.0017009973526000977,0.10395706087330887,True,0.0006424188613891602,PASS,5,Sandstorm should not significantly affect prediction.,Consistent,0.01
SandstormRelation,0.75,-1.6362489461898804,-1.635093331336975,0.0011556148529052734,0.07062581457045737,True,0.0017009973526000977,0.10395706087330887,True,0.0011556148529052734,PASS,5,Sandstorm should not significantly affect prediction.,Consistent,0.01
SandstormRelation,1.125,-1.6362489461898804,-1.6346291303634644,0.0016198158264160156,0.09899562289904837,True,0.0017009973526000977,0.10395706087330887,True,0.0016198158264160156,PASS,5,Sandstorm should not significantly affect prediction.,Consistent,0.01
SandstormRelation,1.5,-1.6362489461898804,-1.6344339847564697,0.0018149614334106445,0.11092201638489926,True,0.0017009973526000977,0.10395706087330887,True,0.0018149614334106445,PASS,5,Sandstorm should not significantly affect prediction.,Consistent,0.01
SmokeRelation,0.0,-1.6362489461898804,-1.6362489461898804,0.0,0.0,True,0.00866246223449707,0.5294094740640454,True,0.0,PASS,5,Smoke should not significantly affect prediction.,Consistent,0.01
SmokeRelation,0.375,-1.6362489461898804,-1.6376078128814697,0.0013588666915893555,0.08304762330190259,True,0.00866246223449707,0.5294094740640454,True,0.0013588666915893555,PASS,5,Smoke should not significantly affect prediction.,Consistent,0.01
SmokeRelation,0.75,-1.6362489461898804,-1.633209228515625,0.003039717674255371,0.18577343157954326,True,0.00866246223449707,0.5294094740640454,True,0.003039717674255371,PASS,5,Smoke should not significantly affect prediction.,Consistent,0.01
SmokeRelation,1.125,-1.6362489461898804,-1.6316683292388916,0.0045806169509887695,0.27994604135236484,True,0.00866246223449707,0.5294094740640454,True,0.0045806169509887695,PASS,5,Smoke should not significantly affect prediction.,Consistent,0.01
SmokeRelation,1.5,-1.6362489461898804,-1.6289453506469727,0.007303595542907715,0.44636185076214274,False,0.00866246223449707,0.5294094740640454,True,0.007303595542907715,FAIL,5,Smoke should not significantly affect prediction.,Violation,0.01
SnowRelation,0.0,-1.6362489461898804,-1.6362489461898804,0.0,0.0,True,0.0009760856628417969,0.05965382398420724,True,0.0,PASS,5,Snow should not significantly affect prediction.,Consistent,0.01
SnowRelation,0.375,-1.6362489461898804,-1.6360268592834473,0.00022208690643310547,0.013572920625620186,True,0.0009760856628417969,0.05965382398420724,True,0.00022208690643310547,PASS,5,Snow should not significantly affect prediction.,Consistent,0.01
SnowRelation,0.75,-1.6362489461898804,-1.6361881494522095,6.079673767089844e-05,0.003715614341957217,True,0.0009760856628417969,0.05965382398420724,True,6.079673767089844e-05,PASS,5,Snow should not significantly affect prediction.,Consistent,0.01
SnowRelation,1.125,-1.6362489461898804,-1.6354855298995972,0.0007634162902832031,0.046656459305674546,True,0.0009760856628417969,0.05965382398420724,True,0.0007634162902832031,PASS,5,Snow should not significantly affect prediction.,Consistent,0.01
SnowRelation,1.5,-1.6362489461898804,-1.6352728605270386,0.0009760856628417969,0.05965382398420724,True,0.0009760856628417969,0.05965382398420724,True,0.0009760856628417969,PASS,5,Snow should not significantly affect prediction.,Consistent,0.01
TranslationRelation,0.0,-1.6362489461898804,-1.6363056898117065,5.6743621826171875e-05,0.003467906719160069,True,0.0011191368103027344,0.06839644596528305,True,5.6743621826171875e-05,PASS,5,Small translation should preserve prediction consistency.,Consistent,0.01
TranslationRelation,20.0,-1.6362489461898804,-1.636620044708252,0.00037109851837158203,0.022679818522574148,True,0.0011191368103027344,0.06839644596528305,True,0.00037109851837158203,PASS,5,Small translation should preserve prediction consistency.,Consistent,0.01
TranslationRelation,40.0,-1.6362489461898804,-1.6358152627944946,0.0004336833953857422,0.026504715639294817,True,0.0011191368103027344,0.06839644596528305,True,0.0004336833953857422,PASS,5,Small translation should preserve prediction consistency.,Consistent,0.01
TranslationRelation,60.0,-1.6362489461898804,-1.6355009078979492,0.0007480382919311523,0.0457166274427089,True,0.0011191368103027344,0.06839644596528305,True,0.0007480382919311523,PASS,5,Small translation should preserve prediction consistency.,Consistent,0.01
TranslationRelation,80.0,-1.6362489461898804,-1.6365095376968384,0.0002605915069580078,0.01592614304219309,True,0.0011191368103027344,0.06839644596528305,True,0.0002605915069580078,PASS,5,Small translation should preserve prediction consistency.,Consistent,0.01
DarkVisibilityRelation,0.05,-1.6362489461898804,-1.6358563899993896,0.00039255619049072266,0.02399121181973552,True,0.007785320281982422,0.4758026302834156,True,0.00039255619049072266,PASS,5,Output should not change drastically under visibility degradation.,Consistent,0.01
DarkVisibilityRelation,0.4125,-1.6362489461898804,-1.6328481435775757,0.0034008026123046875,0.20784126656344212,True,0.007785320281982422,0.4758026302834156,True,0.0034008026123046875,PASS,5,Output should not change drastically under visibility degradation.,Consistent,0.01
DarkVisibilityRelation,0.775,-1.6362489461898804,-1.6299270391464233,0.006321907043457031,0.3863656074170101,False,0.007785320281982422,0.4758026302834156,True,0.006321907043457031,FAIL,5,Output should not change drastically under visibility degradation.,Violation,0.01
DarkVisibilityRelation,1.1375,-1.6362489461898804,-1.6280968189239502,0.008152127265930176,0.49822017014655745,False,0.007785320281982422,0.4758026302834156,True,0.008152127265930176,FAIL,5,Output should not change drastically under visibility degradation.,Violation,0.01
DarkVisibilityRelation,1.5,-1.6362489461898804,-1.6280710697174072,0.008177876472473145,0.49979384210315103,False,0.007785320281982422,0.4758026302834156,True,0.008177876472473145,FAIL,5,Output should not change drastically under visibility degradation.,Violation,0.01
TemporalSmoothnessRelation,0.0,-1.630487322807312,-1.63059401512146,0.00010669231414794922,0.0,True,,,,0.00010669231414794922,PASS,5,Predictions should change smoothly across consecutive frames.,Consistent,0.01
BlurRelation,1.0,-1.6347743272781372,-1.6351652145385742,0.0003908872604370117,0.0239107633883752,True,0.0006144046783447266,0.037583432297555903,True,0.0003908872604370117,PASS,6,Blur should not significantly change output.,Consistent,0.01
BlurRelation,8.5,-1.6347743272781372,-1.6347452402114868,2.9087066650390625e-05,0.001779269980714715,True,0.0006144046783447266,0.037583432297555903,True,2.9087066650390625e-05,PASS,6,Blur should not significantly change output.,Consistent,0.01
BlurRelation,16.0,-1.6347743272781372,-1.6346890926361084,8.52346420288086e-05,0.005213844410700906,True,0.0006144046783447266,0.037583432297555903,True,8.52346420288086e-05,PASS,6,Blur should not significantly change output.,Consistent,0.01
BlurRelation,23.5,-1.6347743272781372,-1.6347129344940186,6.139278411865234e-05,0.0037554263937216313,True,0.0006144046783447266,0.037583432297555903,True,6.139278411865234e-05,PASS,6,Blur should not significantly change output.,Consistent,0.01
BlurRelation,31.0,-1.6347743272781372,-1.6345508098602295,0.00022351741790771484,0.013672668909180697,True,0.0006144046783447266,0.037583432297555903,True,0.00022351741790771484,PASS,6,Blur should not significantly change output.,Consistent,0.01
BrightnessRelation,0.1,-1.6347743272781372,-1.637133002281189,0.002358675003051758,0.14428129441975962,True,0.0057991743087768555,0.3547383063599538,True,0.002358675003051758,PASS,6,Output should remain approximately same under localized brightness change.,Consistent,0.01
BrightnessRelation,0.825,-1.6347743272781372,-1.6344135999679565,0.00036072731018066406,0.022065864596896422,True,0.0057991743087768555,0.3547383063599538,True,0.00036072731018066406,PASS,6,Output should remain approximately same under localized brightness change.,Consistent,0.01
BrightnessRelation,1.55,-1.6347743272781372,-1.6340069770812988,0.0007673501968383789,0.04693918387647795,True,0.0057991743087768555,0.3547383063599538,True,0.0007673501968383789,PASS,6,Output should remain approximately same under localized brightness change.,Consistent,0.01
BrightnessRelation,2.275,-1.6347743272781372,-1.6398061513900757,0.0050318241119384766,0.30779912248347585,False,0.0057991743087768555,0.3547383063599538,True,0.0050318241119384766,FAIL,6,Output should remain approximately same under localized brightness change.,Violation,0.01
BrightnessRelation,3.0,-1.6347743272781372,-1.6343568563461304,0.00041747093200683594,0.025536899477307095,True,0.0057991743087768555,0.3547383063599538,True,0.00041747093200683594,PASS,6,Output should remain approximately same under localized brightness change.,Consistent,0.01
CompositeRelation,0.1,-1.6347743272781372,-1.6349120140075684,0.00013768672943115234,0.00842236404805531,True,0.003129124641418457,0.19141007263844487,True,0.00013768672943115234,PASS,6,Prediction should remain approximately consistent under composite transformations.,Consistent,0.01
CompositeRelation,0.44999999999999996,-1.6347743272781372,-1.6346197128295898,0.00015461444854736328,0.009457840840110594,True,0.003129124641418457,0.19141007263844487,True,0.00015461444854736328,PASS,6,Prediction should remain approximately consistent under composite transformations.,Consistent,0.01
CompositeRelation,0.7999999999999999,-1.6347743272781372,-1.6348185539245605,4.4226646423339844e-05,0.002705365421496554,True,0.003129124641418457,0.19141007263844487,True,4.4226646423339844e-05,PASS,6,Prediction should remain approximately consistent under composite transformations.,Consistent,0.01
CompositeRelation,1.15,-1.6347743272781372,-1.6377488374710083,0.0029745101928710938,0.18195223179833425,True,0.003129124641418457,0.19141007263844487,True,0.0029745101928710938,PASS,6,Prediction should remain approximately consistent under composite transformations.,Consistent,0.01
CompositeRelation,1.5,-1.6347743272781372,-1.6354196071624756,0.0006452798843383789,0.03947208362954406,True,0.003129124641418457,0.19141007263844487,True,0.0006452798843383789,PASS,6,Prediction should remain approximately consistent under composite transformations.,Consistent,0.01
ContrastRelation,0.1,-1.6347743272781372,-1.6348779201507568,0.0001035928726196289,0.006336826283774947,True,0.0002435445785522461,0.014897740043443288,True,0.0001035928726196289,PASS,6,Contrast change should not significantly affect output.,Consistent,0.01
ContrastRelation,1.075,-1.6347743272781372,-1.634824514389038,5.0187110900878906e-05,0.0030699699257413725,True,0.0002435445785522461,0.014897740043443288,True,5.0187110900878906e-05,PASS,6,Contrast change should not significantly affect output.,Consistent,0.01
ContrastRelation,2.05,-1.6347743272781372,-1.6350680589675903,0.000293731689453125,0.017967709969184658,True,0.0002435445785522461,0.014897740043443288,True,0.000293731689453125,PASS,6,Contrast change should not significantly affect output.,Consistent,0.01
ContrastRelation,3.025,-1.6347743272781372,-1.6350489854812622,0.000274658203125,0.01680097555560124,True,0.0002435445785522461,0.014897740043443288,True,0.000274658203125,PASS,6,Contrast change should not significantly affect output.,Consistent,0.01
ContrastRelation,4.0,-1.6347743272781372,-1.6349589824676514,0.00018465518951416016,0.01129544754150448,True,0.0002435445785522461,0.014897740043443288,True,0.00018465518951416016,PASS,6,Contrast change should not significantly affect output.,Consistent,0.01
DarkVisibilityRelation,0.05,-1.6347743272781372,-1.6358169317245483,0.0010426044464111328,0.06377661988250366,True,0.001031041145324707,0.06306928714426872,True,0.0010426044464111328,PASS,6,Output should not change drastically under visibility degradation.,Consistent,0.01
DarkVisibilityRelation,0.4125,-1.6347743272781372,-1.6356714963912964,0.0008971691131591797,0.0548802699789301,True,0.001031041145324707,0.06306928714426872,True,0.0008971691131591797,PASS,6,Output should not change drastically under visibility degradation.,Consistent,0.01
DarkVisibilityRelation,0.775,-1.6347743272781372,-1.6348739862442017,9.965896606445312e-05,0.006096187310973367,True,0.001031041145324707,0.06306928714426872,True,9.965896606445312e-05,PASS,6,Output should not change drastically under visibility degradation.,Consistent,0.01
DarkVisibilityRelation,1.1375,-1.6347743272781372,-1.6347928047180176,1.8477439880371094e-05,0.0011302739631589376,True,0.001031041145324707,0.06306928714426872,True,1.8477439880371094e-05,PASS,6,Output should not change drastically under visibility degradation.,Consistent,0.01
DarkVisibilityRelation,1.5,-1.6347743272781372,-1.6347858905792236,1.1563301086425781e-05,0.0007073327382349481,True,0.001031041145324707,0.06306928714426872,True,1.1563301086425781e-05,PASS,6,Output should not change drastically under visibility degradation.,Consistent,0.01
DustRelation,0.0,-1.6347743272781372,-1.6347743272781372,0.0,0.0,True,0.00045812129974365234,0.028023502196256756,True,0.0,PASS,6,Dust should not significantly affect prediction.,Consistent,0.01
DustRelation,0.375,-1.6347743272781372,-1.6348544359207153,8.0108642578125e-05,0.004900284537050362,True,0.00045812129974365234,0.028023502196256756,True,8.0108642578125e-05,PASS,6,Dust should not significantly affect prediction.,Consistent,0.01
DustRelation,0.75,-1.6347743272781372,-1.6343963146209717,0.00037801265716552734,0.023123217659206392,True,0.00045812129974365234,0.028023502196256756,True,0.00037801265716552734,PASS,6,Dust should not significantly affect prediction.,Consistent,0.01
DustRelation,1.125,-1.6347743272781372,-1.6347389221191406,3.540515899658203e-05,0.0021657507552142225,True,0.00045812129974365234,0.028023502196256756,True,3.540515899658203e-05,PASS,6,Dust should not significantly affect prediction.,Consistent,0.01
DustRelation,1.5,-1.6347743272781372,-1.6347826719284058,8.344650268554688e-06,0.000510446305942746,True,0.00045812129974365234,0.028023502196256756,True,8.344650268554688e-06,PASS,6,Dust should not significantly affect prediction.,Consistent,0.01
FogRelation,0.0,-1.6347743272781372,-1.6346174478530884,0.00015687942504882812,0.009596390551723625,True,0.00042831897735595703,0.026200479675032667,True,0.00015687942504882812,PASS,6,Fog should not significantly affect prediction.,Consistent,0.01
FogRelation,0.375,-1.6347743272781372,-1.6349601745605469,0.00018584728240966797,0.011368368442353444,True,0.00042831897735595703,0.026200479675032667,True,0.00018584728240966797,PASS,6,Fog should not significantly affect prediction.,Consistent,0.01
FogRelation,0.75,-1.6347743272781372,-1.6350457668304443,0.0002714395523071289,0.01660408912330904,True,0.00042831897735595703,0.026200479675032667,True,0.0002714395523071289,PASS,6,Fog should not significantly affect prediction.,Consistent,0.01
FogRelation,1.125,-1.6347743272781372,-1.634967565536499,0.0001932382583618164,0.011820478027617019,True,0.00042831897735595703,0.026200479675032667,True,0.0001932382583618164,PASS,6,Fog should not significantly affect prediction.,Consistent,0.01
FogRelation,1.5,-1.6347743272781372,-1.6347880363464355,1.3709068298339844e-05,0.0008385903597630827,True,0.00042831897735595703,0.026200479675032667,True,1.3709068298339844e-05,PASS,6,Fog should not significantly affect prediction.,Consistent,0.01
HazeRelation,0.0,-1.6347743272781372,-1.6347743272781372,0.0,0.0,True,0.002998828887939453,0.18343981817565314,True,0.0,PASS,6,Haze should not significantly affect prediction.,Consistent,0.01
HazeRelation,0.375,-1.6347743272781372,-1.634037733078003,0.0007365942001342773,0.04505782463457468,True,0.002998828887939453,0.18343981817565314,True,0.0007365942001342773,PASS,6,Haze should not significantly affect prediction.,Consistent,0.01
HazeRelation,0.75,-1.6347743272781372,-1.6332813501358032,0.0014929771423339844,0.09132613622324216,True,0.002998828887939453,0.18343981817565314,True,0.0014929771423339844,PASS,6,Haze should not significantly affect prediction.,Consistent,0.01
HazeRelation,1.125,-1.6347743272781372,-1.6325314044952393,0.0022429227828979492,0.13720067494732524,True,0.002998828887939453,0.18343981817565314,True,0.0022429227828979492,PASS,6,Haze should not significantly affect prediction.,Consistent,0.01
HazeRelation,1.5,-1.6347743272781372,-1.6317754983901978,0.002998828887939453,0.18343981817565314,True,0.002998828887939453,0.18343981817565314,True,0.002998828887939453,PASS,6,Haze should not significantly affect prediction.,Consistent,0.01
NoiseRelation,0.0,-1.6347743272781372,-1.6347600221633911,1.430511474609375e-05,0.0008750508101875647,True,0.001834869384765625,0.11223985058672495,True,1.430511474609375e-05,PASS,6,Noise should not significantly affect prediction.,Consistent,0.01
NoiseRelation,37.5,-1.6347743272781372,-1.6341992616653442,0.0005750656127929688,0.035177042569540094,True,0.001834869384765625,0.11223985058672495,True,0.0005750656127929688,PASS,6,Noise should not significantly affect prediction.,Consistent,0.01
NoiseRelation,75.0,-1.6347743272781372,-1.6342296600341797,0.0005446672439575195,0.03331755959789152,True,0.001834869384765625,0.11223985058672495,True,0.0005446672439575195,PASS,6,Noise should not significantly affect prediction.,Consistent,0.01
NoiseRelation,112.5,-1.6347743272781372,-1.634229302406311,0.0005450248718261719,0.033339435868146215,True,0.001834869384765625,0.11223985058672495,True,0.0005450248718261719,PASS,6,Noise should not significantly affect prediction.,Consistent,0.01
NoiseRelation,150.0,-1.6347743272781372,-1.6329251527786255,0.0018491744995117188,0.11311490139691252,True,0.001834869384765625,0.11223985058672495,True,0.0018491744995117188,PASS,6,Noise should not significantly affect prediction.,Consistent,0.01
RainRelation,0.0,-1.6347743272781372,-1.6347743272781372,0.0,0.0,True,0.00173187255859375,0.1059394847533745,True,0.0,PASS,6,Rain should not significantly affect prediction.,Consistent,0.01
RainRelation,0.375,-1.6347743272781372,-1.6360429525375366,0.001268625259399414,0.07760242268346719,True,0.00173187255859375,0.1059394847533745,True,0.001268625259399414,PASS,6,Rain should not significantly affect prediction.,Consistent,0.01
RainRelation,0.75,-1.6347743272781372,-1.6357656717300415,0.0009913444519042969,0.06064102114599823,True,0.00173187255859375,0.1059394847533745,True,0.0009913444519042969,PASS,6,Rain should not significantly affect prediction.,Consistent,0.01
RainRelation,1.125,-1.6347743272781372,-1.6351895332336426,0.0004152059555053711,0.02539834976569406,True,0.00173187255859375,0.1059394847533745,True,0.0004152059555053711,PASS,6,Rain should not significantly affect prediction.,Consistent,0.01
RainRelation,1.5,-1.6347743272781372,-1.6343110799789429,0.00046324729919433594,0.0283370620699073,True,0.00173187255859375,0.1059394847533745,True,0.00046324729919433594,PASS,6,Rain should not significantly affect prediction.,Consistent,0.01
RotationRelation,-60.0,-1.6347743272781372,-1.6328624486923218,0.0019118785858154297,0.116950540781568,True,0.0027365684509277344,0.1673972199888811,True,0.0019118785858154297,PASS,6,Small rotation should not significantly change output.,Consistent,0.01
RotationRelation,-30.0,-1.6347743272781372,-1.6343547105789185,0.00041961669921875,0.02566815709883523,True,0.0027365684509277344,0.1673972199888811,True,0.00041961669921875,PASS,6,Small rotation should not significantly change output.,Consistent,0.01
RotationRelation,0.0,-1.6347743272781372,-1.6347743272781372,0.0,0.0,True,0.0027365684509277344,0.1673972199888811,True,0.0,PASS,6,Small rotation should not significantly change output.,Consistent,0.01
RotationRelation,30.0,-1.6347743272781372,-1.6354275941848755,0.0006532669067382812,0.03996065366523212,True,0.0027365684509277344,0.1673972199888811,True,0.0006532669067382812,PASS,6,Small rotation should not significantly change output.,Consistent,0.01
RotationRelation,60.0,-1.6347743272781372,-1.6355990171432495,0.0008246898651123047,0.0504466792073131,True,0.0027365684509277344,0.1673972199888811,True,0.0008246898651123047,PASS,6,Small rotation should not significantly change output.,Consistent,0.01
SandstormRelation,0.0,-1.6347743272781372,-1.6346609592437744,0.00011336803436279297,0.0069347776707364495,True,0.00045943260192871094,0.028103715187190615,True,0.00011336803436279297,PASS,6,Sandstorm should not significantly affect prediction.,Consistent,0.01
SandstormRelation,0.375,-1.6347743272781372,-1.6345449686050415,0.00022935867309570312,0.014029981323340619,True,0.00045943260192871094,0.028103715187190615,True,0.00022935867309570312,PASS,6,Sandstorm should not significantly affect prediction.,Consistent,0.01
SandstormRelation,0.75,-1.6347743272781372,-1.6344525814056396,0.0003217458724975586,0.019681351139135307,True,0.00045943260192871094,0.028103715187190615,True,0.0003217458724975586,PASS,6,Sandstorm should not significantly affect prediction.,Consistent,0.01
SandstormRelation,1.125,-1.6347743272781372,-1.6346032619476318,0.0001710653305053711,0.010464149271826293,True,0.00045943260192871094,0.028103715187190615,True,0.0001710653305053711,PASS,6,Sandstorm should not significantly affect prediction.,Consistent,0.01
SandstormRelation,1.5,-1.6347743272781372,-1.6342015266418457,0.0005728006362915039,0.03503849285792707,True,0.00045943260192871094,0.028103715187190615,True,0.0005728006362915039,PASS,6,Sandstorm should not significantly affect prediction.,Consistent,0.01
SmokeRelation,0.0,-1.6347743272781372,-1.6347743272781372,0.0,0.0,True,0.005774974822998047,0.35325801207271984,True,0.0,PASS,6,Smoke should not significantly affect prediction.,Consistent,0.01
SmokeRelation,0.375,-1.6347743272781372,-1.6335314512252808,0.0012428760528564453,0.07602733122512957,True,0.005774974822998047,0.35325801207271984,True,0.0012428760528564453,PASS,6,Smoke should not significantly affect prediction.,Consistent,0.01
SmokeRelation,0.75,-1.6347743272781372,-1.632185459136963,0.0025888681411743164,0.1583623203736945,True,0.005774974822998047,0.35325801207271984,True,0.0025888681411743164,PASS,6,Smoke should not significantly affect prediction.,Consistent,0.01
SmokeRelation,1.125,-1.6347743272781372,-1.6310193538665771,0.0037549734115600586,0.2296935455841508,True,0.005774974822998047,0.35325801207271984,True,0.0037549734115600586,PASS,6,Smoke should not significantly affect prediction.,Consistent,0.01
SmokeRelation,1.5,-1.6347743272781372,-1.6289993524551392,0.005774974822998047,0.35325801207271984,False,0.005774974822998047,0.35325801207271984,True,0.005774974822998047,FAIL,6,Smoke should not significantly affect prediction.,Violation,0.01
SnowRelation,0.0,-1.6347743272781372,-1.6347743272781372,0.0,0.0,True,0.0025620460510253906,0.15672160010459282,True,0.0,PASS,6,Snow should not significantly affect prediction.,Consistent,0.01
SnowRelation,0.375,-1.6347743272781372,-1.6346007585525513,0.0001735687255859375,0.010617283163609118,True,0.0025620460510253906,0.15672160010459282,True,0.0001735687255859375,PASS,6,Snow should not significantly affect prediction.,Consistent,0.01
SnowRelation,0.75,-1.6347743272781372,-1.6343973875045776,0.0003769397735595703,0.023057588848442327,True,0.0025620460510253906,0.15672160010459282,True,0.0003769397735595703,PASS,6,Snow should not significantly affect prediction.,Consistent,0.01
SnowRelation,1.125,-1.6347743272781372,-1.6344188451766968,0.0003554821014404297,0.02174501263316098,True,0.0025620460510253906,0.15672160010459282,True,0.0003554821014404297,PASS,6,Snow should not significantly affect prediction.,Consistent,0.01
SnowRelation,1.5,-1.6347743272781372,-1.6322122812271118,0.0025620460510253906,0.15672160010459282,True,0.0025620460510253906,0.15672160010459282,True,0.0025620460510253906,PASS,6,Snow should not significantly affect prediction.,Consistent,0.01
TranslationRelation,0.0,-1.6347743272781372,-1.6349161863327026,0.0001418590545654297,0.008677587201026682,True,0.0016838312149047852,0.10300077244916124,True,0.0001418590545654297,PASS,6,Small translation should preserve prediction consistency.,Consistent,0.01
TranslationRelation,20.0,-1.6347743272781372,-1.6366000175476074,0.0018256902694702148,0.11167835965018792,True,0.0016838312149047852,0.10300077244916124,True,0.0018256902694702148,PASS,6,Small translation should preserve prediction consistency.,Consistent,0.01
TranslationRelation,40.0,-1.6347743272781372,-1.6360571384429932,0.001282811164855957,0.07847018140356986,True,0.0016838312149047852,0.10300077244916124,True,0.001282811164855957,PASS,6,Small translation should preserve prediction consistency.,Consistent,0.01
TranslationRelation,60.0,-1.6347743272781372,-1.636595606803894,0.001821279525756836,0.11140855231704677,True,0.0016838312149047852,0.10300077244916124,True,0.001821279525756836,PASS,6,Small translation should preserve prediction consistency.,Consistent,0.01
TranslationRelation,80.0,-1.6347743272781372,-1.635855793952942,0.0010814666748046875,0.06615384125017988,True,0.0016838312149047852,0.10300077244916124,True,0.0010814666748046875,PASS,6,Small translation should preserve prediction consistency.,Consistent,0.01
DarkVisibilityRelation,0.05,-1.6347743272781372,-1.6344528198242188,0.00032150745391845703,0.019666766958965517,True,0.008465886116027832,0.5178623615590856,True,0.00032150745391845703,PASS,6,Output should not change drastically under visibility degradation.,Consistent,0.01
DarkVisibilityRelation,0.4125,-1.6347743272781372,-1.6321181058883667,0.002656221389770508,0.16248235127166094,True,0.008465886116027832,0.5178623615590856,True,0.002656221389770508,PASS,6,Output should not change drastically under visibility degradation.,Consistent,0.01
DarkVisibilityRelation,0.775,-1.6347743272781372,-1.6295948028564453,0.0051795244216918945,0.31683402209866246,False,0.008465886116027832,0.5178623615590856,True,0.0051795244216918945,FAIL,6,Output should not change drastically under visibility degradation.,Violation,0.01
DarkVisibilityRelation,1.1375,-1.6347743272781372,-1.625986933708191,0.008787393569946289,0.5375291285180512,False,0.008465886116027832,0.5178623615590856,True,0.008787393569946289,FAIL,6,Output should not change drastically under visibility degradation.,Violation,0.01
DarkVisibilityRelation,1.5,-1.6347743272781372,-1.6331217288970947,0.0016525983810424805,0.1010902448469184,True,0.008465886116027832,0.5178623615590856,True,0.0016525983810424805,PASS,6,Output should not change drastically under visibility degradation.,Consistent,0.01
TemporalSmoothnessRelation,0.0,-1.630487322807312,-1.63059401512146,0.00010669231414794922,0.0,True,,,,0.00010669231414794922,PASS,6,Predictions should change smoothly across consecutive frames.,Consistent,0.01
BlurRelation,1.0,-1.6333321332931519,-1.6334697008132935,0.00013756752014160156,0.008422502264693288,True,0.0005792379379272461,0.035463551563383613,True,0.00013756752014160156,PASS,7,Blur should not significantly change output.,Consistent,0.01
BlurRelation,8.5,-1.6333321332931519,-1.6336417198181152,0.0003095865249633789,0.01895427935997268,True,0.0005792379379272461,0.035463551563383613,True,0.0003095865249633789,PASS,7,Blur should not significantly change output.,Consistent,0.01
BlurRelation,16.0,-1.6333321332931519,-1.6333621740341187,3.0040740966796875e-05,0.0018392292640404756,True,0.0005792379379272461,0.035463551563383613,True,3.0040740966796875e-05,PASS,7,Blur should not significantly change output.,Consistent,0.01
BlurRelation,23.5,-1.6333321332931519,-1.633062481880188,0.0002696514129638672,0.016509272203410936,True,0.0005792379379272461,0.035463551563383613,True,0.0002696514129638672,PASS,7,Blur should not significantly change output.,Consistent,0.01
BlurRelation,31.0,-1.6333321332931519,-1.6332688331604004,6.330013275146484e-05,0.003875518806371002,True,0.0005792379379272461,0.035463551563383613,True,6.330013275146484e-05,PASS,7,Blur should not significantly change output.,Consistent,0.01
BrightnessRelation,0.1,-1.6333321332931519,-1.634920358657837,0.0015882253646850586,0.09723829954290181,True,0.00814831256866455,0.49887634081332793,True,0.0015882253646850586,PASS,7,Output should remain approximately same under localized brightness change.,Consistent,0.01
BrightnessRelation,0.825,-1.6333321332931519,-1.6340787410736084,0.000746607780456543,0.045710686034466264,True,0.00814831256866455,0.49887634081332793,True,0.000746607780456543,PASS,7,Output should remain approximately same under localized brightness change.,Consistent,0.01
BrightnessRelation,1.55,-1.6333321332931519,-1.6307158470153809,0.002616286277770996,0.1601808121345092,True,0.00814831256866455,0.49887634081332793,True,0.002616286277770996,PASS,7,Output should remain approximately same under localized brightness change.,Consistent,0.01
BrightnessRelation,2.275,-1.6333321332931519,-1.633962631225586,0.000630497932434082,0.03860191895837331,True,0.00814831256866455,0.49887634081332793,True,0.000630497932434082,PASS,7,Output should remain approximately same under localized brightness change.,Consistent,0.01
BrightnessRelation,3.0,-1.6333321332931519,-1.6267720460891724,0.006560087203979492,0.40163804127042607,False,0.00814831256866455,0.49887634081332793,True,0.006560087203979492,FAIL,7,Output should remain approximately same under localized brightness change.,Violation,0.01
CompositeRelation,0.1,-1.6333321332931519,-1.633043646812439,0.0002884864807128906,0.01766243975784901,True,0.0037789344787597656,0.23136336377017094,True,0.0002884864807128906,PASS,7,Prediction should remain approximately consistent under composite transformations.,Consistent,0.01
CompositeRelation,0.44999999999999996,-1.6333321332931519,-1.6333396434783936,7.510185241699219e-06,0.0004598073160101189,True,0.0037789344787597656,0.23136336377017094,True,7.510185241699219e-06,PASS,7,Prediction should remain approximately consistent under composite transformations.,Consistent,0.01
CompositeRelation,0.7999999999999999,-1.6333321332931519,-1.6323003768920898,0.0010317564010620117,0.06316876698519967,True,0.0037789344787597656,0.23136336377017094,True,0.0010317564010620117,PASS,7,Prediction should remain approximately consistent under composite transformations.,Consistent,0.01
CompositeRelation,1.15,-1.6333321332931519,-1.6309458017349243,0.002386331558227539,0.1461019500300089,True,0.0037789344787597656,0.23136336377017094,True,0.002386331558227539,PASS,7,Prediction should remain approximately consistent under composite transformations.,Consistent,0.01
CompositeRelation,1.5,-1.6333321332931519,-1.634724736213684,0.0013926029205322266,0.08526141374016205,True,0.0037789344787597656,0.23136336377017094,True,0.0013926029205322266,PASS,7,Prediction should remain approximately consistent under composite transformations.,Consistent,0.01
ContrastRelation,0.1,-1.6333321332931519,-1.6332099437713623,0.00012218952178955078,0.007480992046196379,True,0.0007880926132202148,0.04825057406576025,True,0.00012218952178955078,PASS,7,Contrast change should not significantly affect output.,Consistent,0.01
ContrastRelation,1.075,-1.6333321332931519,-1.633326530456543,5.602836608886719e-06,0.0003430308548011998,True,0.0007880926132202148,0.04825057406576025,True,5.602836608886719e-06,PASS,7,Contrast change should not significantly affect output.,Consistent,0.01
ContrastRelation,2.05,-1.6333321332931519,-1.6332446336746216,8.749961853027344e-05,0.005357120157959163,True,0.0007880926132202148,0.04825057406576025,True,8.749961853027344e-05,PASS,7,Contrast change should not significantly affect output.,Consistent,0.01
ContrastRelation,3.025,-1.6333321332931519,-1.6336952447891235,0.0003631114959716797,0.02223131880264797,True,0.0007880926132202148,0.04825057406576025,True,0.0003631114959716797,PASS,7,Contrast change should not significantly affect output.,Consistent,0.01
ContrastRelation,4.0,-1.6333321332931519,-1.6339980363845825,0.0006659030914306641,0.04076958201956388,True,0.0007880926132202148,0.04825057406576025,True,0.0006659030914306641,PASS,7,Contrast change should not significantly affect output.,Consistent,0.01
DarkVisibilityRelation,0.05,-1.6333321332931519,-1.6351428031921387,0.0018106698989868164,0.110857354331392,True,0.002499818801879883,0.15305014947193957,True,0.0018106698989868164,PASS,7,Output should not change drastically under visibility degradation.,Consistent,0.01
DarkVisibilityRelation,0.4125,-1.6333321332931519,-1.6358206272125244,0.0024884939193725586,0.15235678923351162,True,0.002499818801879883,0.15305014947193957,True,0.0024884939193725586,PASS,7,Output should not change drastically under visibility degradation.,Consistent,0.01
DarkVisibilityRelation,0.775,-1.6333321332931519,-1.6346523761749268,0.0013202428817749023,0.08083120674304868,True,0.002499818801879883,0.15305014947193957,True,0.0013202428817749023,PASS,7,Output should not change drastically under visibility degradation.,Consistent,0.01
DarkVisibilityRelation,1.1375,-1.6333321332931519,-1.6333208084106445,1.1324882507324219e-05,0.000693360238427957,True,0.002499818801879883,0.15305014947193957,True,1.1324882507324219e-05,PASS,7,Output should not change drastically under visibility degradation.,Consistent,0.01
DarkVisibilityRelation,1.5,-1.6333321332931519,-1.6333285570144653,3.5762786865234375e-06,0.00021895586476672327,True,0.002499818801879883,0.15305014947193957,True,3.5762786865234375e-06,PASS,7,Output should not change drastically under visibility degradation.,Consistent,0.01
DustRelation,0.0,-1.6333321332931519,-1.6333321332931519,0.0,0.0,True,0.00014853477478027344,0.009093966916644573,True,0.0,PASS,7,Dust should not significantly affect prediction.,Consistent,0.01
DustRelation,0.375,-1.6333321332931519,-1.6333056688308716,2.6464462280273438e-05,0.0016202733992737523,True,0.00014853477478027344,0.009093966916644573,True,2.6464462280273438e-05,PASS,7,Dust should not significantly affect prediction.,Consistent,0.01
DustRelation,0.75,-1.6333321332931519,-1.6332371234893799,9.500980377197266e-05,0.005816927473969282,True,0.00014853477478027344,0.009093966916644573,True,9.500980377197266e-05,PASS,7,Dust should not significantly affect prediction.,Consistent,0.01
DustRelation,1.125,-1.6333321332931519,-1.6333856582641602,5.352497100830078e-05,0.0032770394426752916,True,0.00014853477478027344,0.009093966916644573,True,5.352497100830078e-05,PASS,7,Dust should not significantly affect prediction.,Consistent,0.01
DustRelation,1.5,-1.6333321332931519,-1.6333047151565552,2.7418136596679688e-05,0.0016786616298782118,True,0.00014853477478027344,0.009093966916644573,True,2.7418136596679688e-05,PASS,7,Dust should not significantly affect prediction.,Consistent,0.01
FogRelation,0.0,-1.6333321332931519,-1.6332616806030273,7.045269012451172e-05,0.0043134305359044485,True,0.0014666318893432617,0.08979380014083321,True,7.045269012451172e-05,PASS,7,Fog should not significantly affect prediction.,Consistent,0.01
FogRelation,0.375,-1.6333321332931519,-1.634086012840271,0.0007538795471191406,0.046155896292825266,True,0.0014666318893432617,0.08979380014083321,True,0.0007538795471191406,PASS,7,Fog should not significantly affect prediction.,Consistent,0.01
FogRelation,0.75,-1.6333321332931519,-1.6345226764678955,0.0011905431747436523,0.07289040738084218,True,0.0014666318893432617,0.08979380014083321,True,0.0011905431747436523,PASS,7,Fog should not significantly affect prediction.,Consistent,0.01
FogRelation,1.125,-1.6333321332931519,-1.6347074508666992,0.0013753175735473633,0.08420312706045621,True,0.0014666318893432617,0.08979380014083321,True,0.0013753175735473633,PASS,7,Fog should not significantly affect prediction.,Consistent,0.01
FogRelation,1.5,-1.6333321332931519,-1.6347283124923706,0.00139617919921875,0.08548036960492876,True,0.0014666318893432617,0.08979380014083321,True,0.00139617919921875,PASS,7,Fog should not significantly affect prediction.,Consistent,0.01
HazeRelation,0.0,-1.6333321332931519,-1.6333321332931519,0.0,0.0,True,0.002349257469177246,0.14383210756526052,True,0.0,PASS,7,Haze should not significantly affect prediction.,Consistent,0.01
HazeRelation,0.375,-1.6333321332931519,-1.6327581405639648,0.0005739927291870117,0.035142416295059084,True,0.002349257469177246,0.14383210756526052,True,0.0005739927291870117,PASS,7,Haze should not significantly affect prediction.,Consistent,0.01
HazeRelation,0.75,-1.6333321332931519,-1.6321667432785034,0.0011653900146484375,0.07135041779864956,True,0.002349257469177246,0.14383210756526052,True,0.0011653900146484375,PASS,7,Haze should not significantly affect prediction.,Consistent,0.01
HazeRelation,1.125,-1.6333321332931519,-1.631575107574463,0.0017570257186889648,0.10757301635989115,True,0.002349257469177246,0.14383210756526052,True,0.0017570257186889648,PASS,7,Haze should not significantly affect prediction.,Consistent,0.01
HazeRelation,1.5,-1.6333321332931519,-1.6309828758239746,0.002349257469177246,0.14383210756526052,True,0.002349257469177246,0.14383210756526052,True,0.002349257469177246,PASS,7,Haze should not significantly affect prediction.,Consistent,0.01
NoiseRelation,0.0,-1.6333321332931519,-1.6333379745483398,5.841255187988281e-06,0.0003576279124523147,True,0.0011451244354248047,0.07010966789830479,True,5.841255187988281e-06,PASS,7,Noise should not significantly affect prediction.,Consistent,0.01
NoiseRelation,37.5,-1.6333321332931519,-1.6332250833511353,0.00010704994201660156,0.006554078885350583,True,0.0011451244354248047,0.07010966789830479,True,0.00010704994201660156,PASS,7,Noise should not significantly affect prediction.,Consistent,0.01
NoiseRelation,75.0,-1.6333321332931519,-1.6336804628372192,0.0003483295440673828,0.021326301228278846,True,0.0011451244354248047,0.07010966789830479,True,0.0003483295440673828,PASS,7,Noise should not significantly affect prediction.,Consistent,0.01
NoiseRelation,112.5,-1.6333321332931519,-1.6341835260391235,0.0008513927459716797,0.05212609287213126,True,0.0011451244354248047,0.07010966789830479,True,0.0008513927459716797,PASS,7,Noise should not significantly affect prediction.,Consistent,0.01
NoiseRelation,150.0,-1.6333321332931519,-1.63437020778656,0.0010380744934082031,0.06355558901295422,True,0.0011451244354248047,0.07010966789830479,True,0.0010380744934082031,PASS,7,Noise should not significantly affect prediction.,Consistent,0.01
RainRelation,0.0,-1.6333321332931519,-1.6333321332931519,0.0,0.0,True,0.0020302534103393555,0.12430124442806881,True,0.0,PASS,7,Rain should not significantly affect prediction.,Consistent,0.01
RainRelation,0.375,-1.6333321332931519,-1.6337471008300781,0.00041496753692626953,0.02540617884176546,True,0.0020302534103393555,0.12430124442806881,True,0.00041496753692626953,PASS,7,Rain should not significantly affect prediction.,Consistent,0.01
RainRelation,0.75,-1.6333321332931519,-1.6337100267410278,0.00037789344787597656,0.023136336377017095,True,0.0020302534103393555,0.12430124442806881,True,0.00037789344787597656,PASS,7,Rain should not significantly affect prediction.,Consistent,0.01
RainRelation,1.125,-1.6333321332931519,-1.6333316564559937,4.76837158203125e-07,2.919411530222977e-05,True,0.0020302534103393555,0.12430124442806881,True,4.76837158203125e-07,PASS,7,Rain should not significantly affect prediction.,Consistent,0.01
RainRelation,1.5,-1.6333321332931519,-1.635361909866333,0.0020297765731811523,0.12427205031276657,True,0.0020302534103393555,0.12430124442806881,True,0.0020297765731811523,PASS,7,Rain should not significantly affect prediction.,Consistent,0.01
RotationRelation,-60.0,-1.6333321332931519,-1.6329447031021118,0.00038743019104003906,0.02372021868306169,True,0.0003879070281982422,0.023749412798363918,True,0.00038743019104003906,PASS,7,Small rotation should not significantly change output.,Consistent,0.01
RotationRelation,-30.0,-1.6333321332931519,-1.6330883502960205,0.00024378299713134766,0.014925491448264971,True,0.0003879070281982422,0.023749412798363918,True,0.00024378299713134766,PASS,7,Small rotation should not significantly change output.,Consistent,0.01
RotationRelation,0.0,-1.6333321332931519,-1.63333261013031,4.76837158203125e-07,2.919411530222977e-05,True,0.0003879070281982422,0.023749412798363918,True,4.76837158203125e-07,PASS,7,Small rotation should not significantly change output.,Consistent,0.01
RotationRelation,30.0,-1.6333321332931519,-1.6333271265029907,5.0067901611328125e-06,0.0003065382106734126,True,0.0003879070281982422,0.023749412798363918,True,5.0067901611328125e-06,PASS,7,Small rotation should not significantly change output.,Consistent,0.01
RotationRelation,60.0,-1.6333321332931519,-1.63324773311615,8.440017700195312e-05,0.005167358408494669,True,0.0003879070281982422,0.023749412798363918,True,8.440017700195312e-05,PASS,7,Small rotation should not significantly change output.,Consistent,0.01
SandstormRelation,0.0,-1.6333321332931519,-1.6333227157592773,9.417533874511719e-06,0.000576583777219038,True,0.0010979175567626953,0.06721945048338406,True,9.417533874511719e-06,PASS,7,Sandstorm should not significantly affect prediction.,Consistent,0.01
SandstormRelation,0.375,-1.6333321332931519,-1.63442063331604,0.0010885000228881836,0.06664286670616501,True,0.0010979175567626953,0.06721945048338406,True,0.0010885000228881836,PASS,7,Sandstorm should not significantly affect prediction.,Consistent,0.01
SandstormRelation,0.75,-1.6333321332931519,-1.6339694261550903,0.0006372928619384766,0.03901793510143009,True,0.0010979175567626953,0.06721945048338406,True,0.0006372928619384766,PASS,7,Sandstorm should not significantly affect prediction.,Consistent,0.01
SandstormRelation,1.125,-1.6333321332931519,-1.633896827697754,0.0005646944046020508,0.03457313104666561,True,0.0010979175567626953,0.06721945048338406,True,0.0005646944046020508,PASS,7,Sandstorm should not significantly affect prediction.,Consistent,0.01
SandstormRelation,1.5,-1.6333321332931519,-1.6342053413391113,0.0008732080459594727,0.053461723647208276,True,0.0010979175567626953,0.06721945048338406,True,0.0008732080459594727,PASS,7,Sandstorm should not significantly affect prediction.,Consistent,0.01
SmokeRelation,0.0,-1.6333321332931519,-1.6333321332931519,0.0,0.0,True,0.003934025764465332,0.2408587497722212,True,0.0,PASS,7,Smoke should not significantly affect prediction.,Consistent,0.01
SmokeRelation,0.375,-1.6333321332931519,-1.6323641538619995,0.0009679794311523438,0.05926405406352644,True,0.003934025764465332,0.2408587497722212,True,0.0009679794311523438,PASS,7,Smoke should not significantly affect prediction.,Consistent,0.01
SmokeRelation,0.75,-1.6333321332931519,-1.6317585706710815,0.0015735626220703125,0.09634058049735825,True,0.003934025764465332,0.2408587497722212,True,0.0015735626220703125,PASS,7,Smoke should not significantly affect prediction.,Consistent,0.01
SmokeRelation,1.125,-1.6333321332931519,-1.6303917169570923,0.0029404163360595703,0.18002551201119987,True,0.003934025764465332,0.2408587497722212,True,0.0029404163360595703,PASS,7,Smoke should not significantly affect prediction.,Consistent,0.01
SmokeRelation,1.5,-1.6333321332931519,-1.6293981075286865,0.003934025764465332,0.2408587497722212,True,0.003934025764465332,0.2408587497722212,True,0.003934025764465332,PASS,7,Smoke should not significantly affect prediction.,Consistent,0.01
SnowRelation,0.0,-1.6333321332931519,-1.6333321332931519,0.0,0.0,True,0.00203096866607666,0.12434503560102214,True,0.0,PASS,7,Snow should not significantly affect prediction.,Consistent,0.01
SnowRelation,0.375,-1.6333321332931519,-1.633628249168396,0.0002961158752441406,0.018129545602684687,True,0.00203096866607666,0.12434503560102214,True,0.0002961158752441406,PASS,7,Snow should not significantly affect prediction.,Consistent,0.01
SnowRelation,0.75,-1.6333321332931519,-1.633101224899292,0.00023090839385986328,0.014137250335104766,True,0.00203096866607666,0.12434503560102214,True,0.00023090839385986328,PASS,7,Snow should not significantly affect prediction.,Consistent,0.01
SnowRelation,1.125,-1.6333321332931519,-1.6326203346252441,0.0007117986679077148,0.04357951561740349,True,0.00203096866607666,0.12434503560102214,True,0.0007117986679077148,PASS,7,Snow should not significantly affect prediction.,Consistent,0.01
SnowRelation,1.5,-1.6333321332931519,-1.6315972805023193,0.0017348527908325195,0.10621548999833745,True,0.00203096866607666,0.12434503560102214,True,0.0017348527908325195,PASS,7,Snow should not significantly affect prediction.,Consistent,0.01
TranslationRelation,0.0,-1.6333321332931519,-1.6334495544433594,0.00011742115020751953,0.007189050893174081,True,0.0030471086502075195,0.1865576953100738,True,0.00011742115020751953,PASS,7,Small translation should preserve prediction consistency.,Consistent,0.01
TranslationRelation,20.0,-1.6333321332931519,-1.6313482522964478,0.0019838809967041016,0.12146211671492696,True,0.0030471086502075195,0.1865576953100738,True,0.0019838809967041016,PASS,7,Small translation should preserve prediction consistency.,Consistent,0.01
TranslationRelation,40.0,-1.6333321332931519,-1.63248872756958,0.0008434057235717773,0.051637091440818905,True,0.0030471086502075195,0.1865576953100738,True,0.0008434057235717773,PASS,7,Small translation should preserve prediction consistency.,Consistent,0.01
TranslationRelation,60.0,-1.6333321332931519,-1.6332454681396484,8.666515350341797e-05,0.005306030456180261,True,0.0030471086502075195,0.1865576953100738,True,8.666515350341797e-05,PASS,7,Small translation should preserve prediction consistency.,Consistent,0.01
TranslationRelation,80.0,-1.6333321332931519,-1.6343953609466553,0.001063227653503418,0.06509557859514684,True,0.0030471086502075195,0.1865576953100738,True,0.001063227653503418,PASS,7,Small translation should preserve prediction consistency.,Consistent,0.01
DarkVisibilityRelation,0.05,-1.6333321332931519,-1.633083462715149,0.0002486705780029297,0.015224731130112827,True,0.005012392997741699,0.3068812415282138,True,0.0002486705780029297,PASS,7,Output should not change drastically under visibility degradation.,Consistent,0.01
DarkVisibilityRelation,0.4125,-1.6333321332931519,-1.6312729120254517,0.0020592212677001953,0.12607478693267926,True,0.005012392997741699,0.3068812415282138,True,0.0020592212677001953,PASS,7,Output should not change drastically under visibility degradation.,Consistent,0.01
DarkVisibilityRelation,0.775,-1.6333321332931519,-1.629347562789917,0.003984570503234863,0.2439533259942575,True,0.005012392997741699,0.3068812415282138,True,0.003984570503234863,PASS,7,Output should not change drastically under visibility degradation.,Consistent,0.01
DarkVisibilityRelation,1.1375,-1.6333321332931519,-1.6282178163528442,0.005114316940307617,0.3131214836740654,False,0.005012392997741699,0.3068812415282138,True,0.005114316940307617,FAIL,7,Output should not change drastically under visibility degradation.,Violation,0.01
DarkVisibilityRelation,1.5,-1.6333321332931519,-1.6280710697174072,0.005261063575744629,0.32210597265832663,False,0.005012392997741699,0.3068812415282138,True,0.005261063575744629,FAIL,7,Output should not change drastically under visibility degradation.,Violation,0.01
TemporalSmoothnessRelation,0.0,-1.630487322807312,-1.63059401512146,0.00010669231414794922,0.0,True,,,,0.00010669231414794922,PASS,7,Predictions should change smoothly across consecutive frames.,Consistent,0.01
BlurRelation,1.0,-1.6327346563339233,-1.6327334642410278,1.1920928955078125e-06,7.301199620914069e-05,True,0.0005003213882446289,0.030643134808976354,True,1.1920928955078125e-06,PASS,8,Blur should not significantly change output.,Consistent,0.01
BlurRelation,8.5,-1.6327346563339233,-1.6327396631240845,5.0067901611328125e-06,0.00030665038407839094,True,0.0005003213882446289,0.030643134808976354,True,5.0067901611328125e-06,PASS,8,Blur should not significantly change output.,Consistent,0.01
BlurRelation,16.0,-1.6327346563339233,-1.6332337856292725,0.0004991292953491211,0.03057012281276721,True,0.0005003213882446289,0.030643134808976354,True,0.0004991292953491211,PASS,8,Blur should not significantly change output.,Consistent,0.01
BlurRelation,23.5,-1.6327346563339233,-1.6329001188278198,0.00016546249389648438,0.010134065073828729,True,0.0005003213882446289,0.030643134808976354,True,0.00016546249389648438,PASS,8,Blur should not significantly change output.,Consistent,0.01
BlurRelation,31.0,-1.6327346563339233,-1.632859230041504,0.0001245737075805664,0.007629753603855202,True,0.0005003213882446289,0.030643134808976354,True,0.0001245737075805664,PASS,8,Blur should not significantly change output.,Consistent,0.01
BrightnessRelation,0.1,-1.6327346563339233,-1.6342302560806274,0.0014955997467041016,0.09160085044398791,True,0.0035561323165893555,0.21780208589148758,True,0.0014955997467041016,PASS,8,Output should remain approximately same under localized brightness change.,Consistent,0.01
BrightnessRelation,0.825,-1.6327346563339233,-1.6332944631576538,0.0005598068237304688,0.03428643341981247,True,0.0035561323165893555,0.21780208589148758,True,0.0005598068237304688,PASS,8,Output should remain approximately same under localized brightness change.,Consistent,0.01
BrightnessRelation,1.55,-1.6327346563339233,-1.6330825090408325,0.0003478527069091797,0.021304900493827255,True,0.0035561323165893555,0.21780208589148758,True,0.0003478527069091797,PASS,8,Output should remain approximately same under localized brightness change.,Consistent,0.01
BrightnessRelation,2.275,-1.6327346563339233,-1.630674123764038,0.002060532569885254,0.1262012354474997,True,0.0035561323165893555,0.21780208589148758,True,0.002060532569885254,PASS,8,Output should remain approximately same under localized brightness change.,Consistent,0.01
BrightnessRelation,3.0,-1.6327346563339233,-1.6334612369537354,0.0007265806198120117,0.04450081168947125,True,0.0035561323165893555,0.21780208589148758,True,0.0007265806198120117,PASS,8,Output should remain approximately same under localized brightness change.,Consistent,0.01
CompositeRelation,0.1,-1.6327346563339233,-1.632534146308899,0.00020051002502441406,0.012280617762377464,True,0.005063295364379883,0.3101111526987042,True,0.00020051002502441406,PASS,8,Prediction should remain approximately consistent under composite transformations.,Consistent,0.01
CompositeRelation,0.44999999999999996,-1.6327346563339233,-1.6317031383514404,0.0010315179824829102,0.06317728031976944,True,0.005063295364379883,0.3101111526987042,True,0.0010315179824829102,PASS,8,Prediction should remain approximately consistent under composite transformations.,Consistent,0.01
CompositeRelation,0.7999999999999999,-1.6327346563339233,-1.6321123838424683,0.0006222724914550781,0.03811226202117144,True,0.005063295364379883,0.3101111526987042,True,0.0006222724914550781,PASS,8,Prediction should remain approximately consistent under composite transformations.,Consistent,0.01
CompositeRelation,1.15,-1.6327346563339233,-1.627470850944519,0.005263805389404297,0.32239177046108164,False,0.005063295364379883,0.3101111526987042,True,0.005263805389404297,FAIL,8,Prediction should remain approximately consistent under composite transformations.,Violation,0.01
CompositeRelation,1.5,-1.6327346563339233,-1.6306707859039307,0.0020638704299926758,0.1264056690368853,True,0.005063295364379883,0.3101111526987042,True,0.0020638704299926758,PASS,8,Prediction should remain approximately consistent under composite transformations.,Consistent,0.01
ContrastRelation,0.1,-1.6327346563339233,-1.6330571174621582,0.0003224611282348633,0.019749744974572558,True,0.0005310773849487305,0.03252684431117218,True,0.0003224611282348633,PASS,8,Contrast change should not significantly affect output.,Consistent,0.01
ContrastRelation,1.075,-1.6327346563339233,-1.6327563524246216,2.1696090698242188e-05,0.0013288183310063606,True,0.0005310773849487305,0.03252684431117218,True,2.1696090698242188e-05,PASS,8,Contrast change should not significantly affect output.,Consistent,0.01
ContrastRelation,2.05,-1.6327346563339233,-1.6325328350067139,0.00020182132720947266,0.01236093095820752,True,0.0005310773849487305,0.03252684431117218,True,0.00020182132720947266,PASS,8,Contrast change should not significantly affect output.,Consistent,0.01
ContrastRelation,3.025,-1.6327346563339233,-1.6325260400772095,0.0002086162567138672,0.012777099336599622,True,0.0005310773849487305,0.03252684431117218,True,0.0002086162567138672,PASS,8,Contrast change should not significantly affect output.,Consistent,0.01
ContrastRelation,4.0,-1.6327346563339233,-1.6327747106552124,4.00543212890625e-05,0.0024532030726271276,True,0.0005310773849487305,0.03252684431117218,True,4.00543212890625e-05,PASS,8,Contrast change should not significantly affect output.,Consistent,0.01
DarkVisibilityRelation,0.05,-1.6327346563339233,-1.6358201503753662,0.003085494041442871,0.18897694978811885,True,0.0030919313430786133,0.18937121456764822,True,0.003085494041442871,PASS,8,Output should not change drastically under visibility degradation.,Consistent,0.01
DarkVisibilityRelation,0.4125,-1.6327346563339233,-1.6353286504745483,0.002593994140625,0.15887410375109015,True,0.0030919313430786133,0.18937121456764822,True,0.002593994140625,PASS,8,Output should not change drastically under visibility degradation.,Consistent,0.01
DarkVisibilityRelation,0.775,-1.6327346563339233,-1.6350582838058472,0.002323627471923828,0.14231498301085704,True,0.0030919313430786133,0.18937121456764822,True,0.002323627471923828,PASS,8,Output should not change drastically under visibility degradation.,Consistent,0.01
DarkVisibilityRelation,1.1375,-1.6327346563339233,-1.6327369213104248,2.2649765014648438e-06,0.00013872279279736734,True,0.0030919313430786133,0.18937121456764822,True,2.2649765014648438e-06,PASS,8,Output should not change drastically under visibility degradation.,Consistent,0.01
DarkVisibilityRelation,1.5,-1.6327346563339233,-1.6327282190322876,6.4373016357421875e-06,0.00039426477952935975,True,0.0030919313430786133,0.18937121456764822,True,6.4373016357421875e-06,PASS,8,Output should not change drastically under visibility degradation.,Consistent,0.01
DustRelation,0.0,-1.6327346563339233,-1.6327346563339233,0.0,0.0,True,0.0003790855407714844,0.02321781479450674,True,0.0,PASS,8,Dust should not significantly affect prediction.,Consistent,0.01
DustRelation,0.375,-1.6327346563339233,-1.6326978206634521,3.6835670471191406e-05,0.0022560706828624474,True,0.0003790855407714844,0.02321781479450674,True,3.6835670471191406e-05,PASS,8,Dust should not significantly affect prediction.,Consistent,0.01
DustRelation,0.75,-1.6327346563339233,-1.632724404335022,1.0251998901367188e-05,0.00062790316739861,True,0.0003790855407714844,0.02321781479450674,True,1.0251998901367188e-05,PASS,8,Dust should not significantly affect prediction.,Consistent,0.01
DustRelation,1.125,-1.6327346563339233,-1.6327579021453857,2.3245811462402344e-05,0.0014237339260782435,True,0.0003790855407714844,0.02321781479450674,True,2.3245811462402344e-05,PASS,8,Dust should not significantly affect prediction.,Consistent,0.01
DustRelation,1.5,-1.6327346563339233,-1.6323788166046143,0.00035583972930908203,0.021794080868428496,True,0.0003790855407714844,0.02321781479450674,True,0.00035583972930908203,PASS,8,Dust should not significantly affect prediction.,Consistent,0.01
FogRelation,0.0,-1.6327346563339233,-1.6327922344207764,5.7578086853027344e-05,0.0035264794169014954,True,0.0002275705337524414,0.013937990076324958,True,5.7578086853027344e-05,PASS,8,Fog should not significantly affect prediction.,Consistent,0.01
FogRelation,0.375,-1.6327346563339233,-1.6329656839370728,0.00023102760314941406,0.014149724865331465,True,0.0002275705337524414,0.013937990076324958,True,0.00023102760314941406,PASS,8,Fog should not significantly affect prediction.,Consistent,0.01
FogRelation,0.75,-1.6327346563339233,-1.6330198049545288,0.00028514862060546875,0.017464469493226453,True,0.0002275705337524414,0.013937990076324958,True,0.00028514862060546875,PASS,8,Fog should not significantly affect prediction.,Consistent,0.01
FogRelation,1.125,-1.6327346563339233,-1.6329898834228516,0.00025522708892822266,0.015631868388377025,True,0.0002275705337524414,0.013937990076324958,True,0.00025522708892822266,PASS,8,Fog should not significantly affect prediction.,Consistent,0.01
FogRelation,1.5,-1.6327346563339233,-1.632896065711975,0.0001614093780517578,0.009885824286717651,True,0.0002275705337524414,0.013937990076324958,True,0.0001614093780517578,PASS,8,Fog should not significantly affect prediction.,Consistent,0.01
HazeRelation,0.0,-1.6327346563339233,-1.6327346563339233,0.0,0.0,True,0.0020824670791625977,0.12754465617774788,True,0.0,PASS,8,Haze should not significantly affect prediction.,Consistent,0.01
HazeRelation,0.375,-1.6327346563339233,-1.6322216987609863,0.0005129575729370117,0.03141706196879324,True,0.0020824670791625977,0.12754465617774788,True,0.0005129575729370117,PASS,8,Haze should not significantly affect prediction.,Consistent,0.01
HazeRelation,0.75,-1.6327346563339233,-1.6316990852355957,0.0010355710983276367,0.06342552110688053,True,0.0020824670791625977,0.12754465617774788,True,0.0010355710983276367,PASS,8,Haze should not significantly affect prediction.,Consistent,0.01
HazeRelation,1.125,-1.6327346563339233,-1.6311739683151245,0.0015606880187988281,0.095587305437007,True,0.0020824670791625977,0.12754465617774788,True,0.0015606880187988281,PASS,8,Haze should not significantly affect prediction.,Consistent,0.01
HazeRelation,1.5,-1.6327346563339233,-1.6306521892547607,0.0020824670791625977,0.12754465617774788,True,0.0020824670791625977,0.12754465617774788,True,0.0020824670791625977,PASS,8,Haze should not significantly affect prediction.,Consistent,0.01
NoiseRelation,0.0,-1.6327346563339233,-1.6327422857284546,7.62939453125e-06,0.0004672767757385005,True,0.0008802413940429688,0.05391205800082949,True,7.62939453125e-06,PASS,8,Noise should not significantly affect prediction.,Consistent,0.01
NoiseRelation,37.5,-1.6327346563339233,-1.6327369213104248,2.2649765014648438e-06,0.00013872279279736734,True,0.0008802413940429688,0.05391205800082949,True,2.2649765014648438e-06,PASS,8,Noise should not significantly affect prediction.,Consistent,0.01
NoiseRelation,75.0,-1.6327346563339233,-1.6326711177825928,6.35385513305664e-05,0.003891539397947199,True,0.0008802413940429688,0.05391205800082949,True,6.35385513305664e-05,PASS,8,Noise should not significantly affect prediction.,Consistent,0.01
NoiseRelation,112.5,-1.6327346563339233,-1.6318620443344116,0.0008726119995117188,0.05344478122509099,True,0.0008802413940429688,0.05391205800082949,True,0.0008726119995117188,PASS,8,Noise should not significantly affect prediction.,Consistent,0.01
NoiseRelation,150.0,-1.6327346563339233,-1.6326367855072021,9.78708267211914e-05,0.005994284888770451,True,0.0008802413940429688,0.05391205800082949,True,9.78708267211914e-05,PASS,8,Noise should not significantly affect prediction.,Consistent,0.01
RainRelation,0.0,-1.6327346563339233,-1.6327346563339233,0.0,0.0,True,0.00353848934173584,0.21672150834759232,True,0.0,PASS,8,Rain should not significantly affect prediction.,Consistent,0.01
RainRelation,0.375,-1.6327346563339233,-1.6335315704345703,0.0007969141006469727,0.04880851946581055,True,0.00353848934173584,0.21672150834759232,True,0.0007969141006469727,PASS,8,Rain should not significantly affect prediction.,Consistent,0.01
RainRelation,0.75,-1.6327346563339233,-1.6356831789016724,0.0029485225677490234,0.1805878714236886,True,0.00353848934173584,0.21672150834759232,True,0.0029485225677490234,PASS,8,Rain should not significantly affect prediction.,Consistent,0.01
RainRelation,1.125,-1.6327346563339233,-1.6352120637893677,0.002477407455444336,0.1517335305218362,True,0.00353848934173584,0.21672150834759232,True,0.002477407455444336,PASS,8,Rain should not significantly affect prediction.,Consistent,0.01
RainRelation,1.5,-1.6327346563339233,-1.6362731456756592,0.00353848934173584,0.21672150834759232,True,0.00353848934173584,0.21672150834759232,True,0.00353848934173584,PASS,8,Rain should not significantly affect prediction.,Consistent,0.01
RotationRelation,-60.0,-1.6327346563339233,-1.6329231262207031,0.00018846988677978516,0.011543196600665143,True,0.0006673336029052734,0.04087211547787696,True,0.00018846988677978516,PASS,8,Small rotation should not significantly change output.,Consistent,0.01
RotationRelation,-30.0,-1.6327346563339233,-1.6327937841415405,5.91278076171875e-05,0.0036213950119733784,True,0.0006673336029052734,0.04087211547787696,True,5.91278076171875e-05,PASS,8,Small rotation should not significantly change output.,Consistent,0.01
RotationRelation,0.0,-1.6327346563339233,-1.6327346563339233,0.0,0.0,True,0.0006673336029052734,0.04087211547787696,True,0.0,PASS,8,Small rotation should not significantly change output.,Consistent,0.01
RotationRelation,30.0,-1.6327346563339233,-1.6332215070724487,0.0004868507385253906,0.02981809925181306,True,0.0006673336029052734,0.04087211547787696,True,0.0004868507385253906,PASS,8,Small rotation should not significantly change output.,Consistent,0.01
RotationRelation,60.0,-1.6327346563339233,-1.6334019899368286,0.0006673336029052734,0.04087211547787696,True,0.0006673336029052734,0.04087211547787696,True,0.0006673336029052734,PASS,8,Small rotation should not significantly change output.,Consistent,0.01
SandstormRelation,0.0,-1.6327346563339233,-1.6327273845672607,7.271766662597656e-06,0.00044537317687575823,True,0.0004004240036010742,0.02452472952665036,True,7.271766662597656e-06,PASS,8,Sandstorm should not significantly affect prediction.,Consistent,0.01
SandstormRelation,0.375,-1.6327346563339233,-1.6325249671936035,0.00020968914031982422,0.012842810133187848,True,0.0004004240036010742,0.02452472952665036,True,0.00020968914031982422,PASS,8,Sandstorm should not significantly affect prediction.,Consistent,0.01
SandstormRelation,0.75,-1.6327346563339233,-1.6323517560958862,0.0003829002380371094,0.02345145318237599,True,0.0004004240036010742,0.02452472952665036,True,0.0003829002380371094,PASS,8,Sandstorm should not significantly affect prediction.,Consistent,0.01
SandstormRelation,1.125,-1.6327346563339233,-1.6323269605636597,0.0004076957702636719,0.02497010270352612,True,0.0004004240036010742,0.02452472952665036,True,0.0004076957702636719,PASS,8,Sandstorm should not significantly affect prediction.,Consistent,0.01
SandstormRelation,1.5,-1.6327346563339233,-1.6323729753494263,0.0003616809844970703,0.02215183964985329,True,0.0004004240036010742,0.02452472952665036,True,0.0003616809844970703,PASS,8,Sandstorm should not significantly affect prediction.,Consistent,0.01
SmokeRelation,0.0,-1.6327346563339233,-1.6327346563339233,0.0,0.0,True,0.0034865140914916992,0.21353818531287377,True,0.0,PASS,8,Smoke should not significantly affect prediction.,Consistent,0.01
SmokeRelation,0.375,-1.6327346563339233,-1.6318730115890503,0.0008616447448730469,0.052773070859966895,True,0.0034865140914916992,0.21353818531287377,True,0.0008616447448730469,PASS,8,Smoke should not significantly affect prediction.,Consistent,0.01
SmokeRelation,0.75,-1.6327346563339233,-1.6309950351715088,0.0017396211624145508,0.10654640606799902,True,0.0034865140914916992,0.21353818531287377,True,0.0017396211624145508,PASS,8,Smoke should not significantly affect prediction.,Consistent,0.01
SmokeRelation,1.125,-1.6327346563339233,-1.630110502243042,0.0026241540908813477,0.1607213072551814,True,0.0034865140914916992,0.21353818531287377,True,0.0026241540908813477,PASS,8,Smoke should not significantly affect prediction.,Consistent,0.01
SmokeRelation,1.5,-1.6327346563339233,-1.6292481422424316,0.0034865140914916992,0.21353818531287377,True,0.0034865140914916992,0.21353818531287377,True,0.0034865140914916992,PASS,8,Smoke should not significantly affect prediction.,Consistent,0.01
SnowRelation,0.0,-1.6327346563339233,-1.6327346563339233,0.0,0.0,True,0.0015991926193237305,0.09794559291456224,True,0.0,PASS,8,Snow should not significantly affect prediction.,Consistent,0.01
SnowRelation,0.375,-1.6327346563339233,-1.632675051689148,5.9604644775390625e-05,0.0036505998104570344,True,0.0015991926193237305,0.09794559291456224,True,5.9604644775390625e-05,PASS,8,Snow should not significantly affect prediction.,Consistent,0.01
SnowRelation,0.75,-1.6327346563339233,-1.632631778717041,0.00010287761688232422,0.006300935272848842,True,0.0015991926193237305,0.09794559291456224,True,0.00010287761688232422,PASS,8,Snow should not significantly affect prediction.,Consistent,0.01
SnowRelation,1.125,-1.6327346563339233,-1.632280945777893,0.00045371055603027344,0.027788365757198945,True,0.0015991926193237305,0.09794559291456224,True,0.00045371055603027344,PASS,8,Snow should not significantly affect prediction.,Consistent,0.01
SnowRelation,1.5,-1.6327346563339233,-1.6311354637145996,0.0015991926193237305,0.09794559291456224,True,0.0015991926193237305,0.09794559291456224,True,0.0015991926193237305,PASS,8,Snow should not significantly affect prediction.,Consistent,0.01
TranslationRelation,0.0,-1.6327346563339233,-1.6329065561294556,0.00017189979553222656,0.010528329853358089,True,0.0032426118850708008,0.1985999308884836,True,0.00017189979553222656,PASS,8,Small translation should preserve prediction consistency.,Consistent,0.01
TranslationRelation,20.0,-1.6327346563339233,-1.6337411403656006,0.001006484031677246,0.06164402839937749,True,0.0032426118850708008,0.1985999308884836,True,0.001006484031677246,PASS,8,Small translation should preserve prediction consistency.,Consistent,0.01
TranslationRelation,40.0,-1.6327346563339233,-1.6356555223464966,0.002920866012573242,0.17889399311163653,True,0.0032426118850708008,0.1985999308884836,True,0.002920866012573242,PASS,8,Small translation should preserve prediction consistency.,Consistent,0.01
TranslationRelation,60.0,-1.6327346563339233,-1.6361491680145264,0.0034145116806030273,0.2091282607418417,True,0.0032426118850708008,0.1985999308884836,True,0.0034145116806030273,PASS,8,Small translation should preserve prediction consistency.,Consistent,0.01
TranslationRelation,80.0,-1.6327346563339233,-1.6338106393814087,0.0010759830474853516,0.06590062777837039,True,0.0032426118850708008,0.1985999308884836,True,0.0010759830474853516,PASS,8,Small translation should preserve prediction consistency.,Consistent,0.01
DarkVisibilityRelation,0.05,-1.6327346563339233,-1.6325123310089111,0.00022232532501220703,0.013616737293004739,True,0.007270455360412598,0.44529286367992815,True,0.00022232532501220703,PASS,8,Output should not change drastically under visibility degradation.,Consistent,0.01
DarkVisibilityRelation,0.4125,-1.6327346563339233,-1.6309573650360107,0.0017772912979125977,0.10885358514820787,True,0.007270455360412598,0.44529286367992815,True,0.0017772912979125977,PASS,8,Output should not change drastically under visibility degradation.,Consistent,0.01
DarkVisibilityRelation,0.775,-1.6327346563339233,-1.6291371583938599,0.0035974979400634766,0.2203356021599448,True,0.007270455360412598,0.44529286367992815,True,0.0035974979400634766,PASS,8,Output should not change drastically under visibility degradation.,Consistent,0.01
DarkVisibilityRelation,1.1375,-1.6327346563339233,-1.6252418756484985,0.007492780685424805,0.45890960097293293,False,0.007270455360412598,0.44529286367992815,True,0.007492780685424805,FAIL,8,Output should not change drastically under visibility degradation.,Violation,0.01
DarkVisibilityRelation,1.5,-1.6327346563339233,-1.6282885074615479,0.004446148872375488,0.27231284226123204,True,0.007270455360412598,0.44529286367992815,True,0.004446148872375488,PASS,8,Output should not change drastically under visibility degradation.,Consistent,0.01
TemporalSmoothnessRelation,0.0,-1.630487322807312,-1.63059401512146,0.00010669231414794922,0.0,True,,,,0.00010669231414794922,PASS,8,Predictions should change smoothly across consecutive frames.,Consistent,0.01
BlurRelation,1.0,-1.637725830078125,-1.6378004550933838,7.462501525878906e-05,0.004556621647044105,True,0.0006098747253417969,0.037239099594692716,True,7.462501525878906e-05,PASS,9,Blur should not significantly change output.,Consistent,0.01
BlurRelation,8.5,-1.637725830078125,-1.6375582218170166,0.00016760826110839844,0.010234201335054332,True,0.0006098747253417969,0.037239099594692716,True,0.00016760826110839844,PASS,9,Blur should not significantly change output.,Consistent,0.01
BlurRelation,16.0,-1.637725830078125,-1.6378308534622192,0.00010502338409423828,0.006412753468124372,True,0.0006098747253417969,0.037239099594692716,True,0.00010502338409423828,PASS,9,Blur should not significantly change output.,Consistent,0.01
BlurRelation,23.5,-1.637725830078125,-1.6381680965423584,0.00044226646423339844,0.027004898259638387,True,0.0006098747253417969,0.037239099594692716,True,0.00044226646423339844,PASS,9,Blur should not significantly change output.,Consistent,0.01
BlurRelation,31.0,-1.637725830078125,-1.637712836265564,1.2993812561035156e-05,0.0007934053666578392,True,0.0006098747253417969,0.037239099594692716,True,1.2993812561035156e-05,PASS,9,Blur should not significantly change output.,Consistent,0.01
BrightnessRelation,0.1,-1.637725830078125,-1.6348903179168701,0.002835512161254883,0.17313706469104007,True,0.005010247230529785,0.3059269188556177,True,0.002835512161254883,PASS,9,Output should remain approximately same under localized brightness change.,Consistent,0.01
BrightnessRelation,0.825,-1.637725830078125,-1.6367127895355225,0.001013040542602539,0.06185650280603962,True,0.005010247230529785,0.3059269188556177,True,0.001013040542602539,PASS,9,Output should remain approximately same under localized brightness change.,Consistent,0.01
BrightnessRelation,1.55,-1.637725830078125,-1.6375423669815063,0.00018346309661865234,0.011202301461343255,True,0.005010247230529785,0.3059269188556177,True,0.00018346309661865234,PASS,9,Output should remain approximately same under localized brightness change.,Consistent,0.01
BrightnessRelation,2.275,-1.637725830078125,-1.633750557899475,0.003975272178649902,0.2427310895590731,True,0.005010247230529785,0.3059269188556177,True,0.003975272178649902,PASS,9,Output should remain approximately same under localized brightness change.,Consistent,0.01
BrightnessRelation,3.0,-1.637725830078125,-1.6387608051300049,0.0010349750518798828,0.0631958292965446,True,0.005010247230529785,0.3059269188556177,True,0.0010349750518798828,PASS,9,Output should remain approximately same under localized brightness change.,Consistent,0.01
CompositeRelation,0.1,-1.637725830078125,-1.6376070976257324,0.00011873245239257812,0.007249832524689982,True,0.0038286447525024414,0.23377798312798007,True,0.00011873245239257812,PASS,9,Prediction should remain approximately consistent under composite transformations.,Consistent,0.01
CompositeRelation,0.44999999999999996,-1.637725830078125,-1.6376993656158447,2.6464462280273438e-05,0.0016159265265875261,True,0.0038286447525024414,0.23377798312798007,True,2.6464462280273438e-05,PASS,9,Prediction should remain approximately consistent under composite transformations.,Consistent,0.01
CompositeRelation,0.7999999999999999,-1.637725830078125,-1.6359161138534546,0.0018097162246704102,0.11050171441497852,True,0.0038286447525024414,0.23377798312798007,True,0.0018097162246704102,PASS,9,Prediction should remain approximately consistent under composite transformations.,Consistent,0.01
CompositeRelation,1.15,-1.637725830078125,-1.6338707208633423,0.003855109214782715,0.23539390965456758,True,0.0038286447525024414,0.23377798312798007,True,0.003855109214782715,PASS,9,Prediction should remain approximately consistent under composite transformations.,Consistent,0.01
CompositeRelation,1.5,-1.637725830078125,-1.6376162767410278,0.00010955333709716797,0.0066893535042069205,True,0.0038286447525024414,0.23377798312798007,True,0.00010955333709716797,PASS,9,Prediction should remain approximately consistent under composite transformations.,Consistent,0.01
ContrastRelation,0.1,-1.637725830078125,-1.63778817653656,6.23464584350586e-05,0.0038068899702940365,True,0.0009589195251464844,0.05855186026968495,True,6.23464584350586e-05,PASS,9,Contrast change should not significantly affect output.,Consistent,0.01
ContrastRelation,1.075,-1.637725830078125,-1.637717843055725,7.987022399902344e-06,0.0004876895373034425,True,0.0009589195251464844,0.05855186026968495,True,7.987022399902344e-06,PASS,9,Contrast change should not significantly affect output.,Consistent,0.01
ContrastRelation,2.05,-1.637725830078125,-1.6370927095413208,0.0006331205368041992,0.03865849451669527,True,0.0009589195251464844,0.05855186026968495,True,0.0006331205368041992,PASS,9,Contrast change should not significantly affect output.,Consistent,0.01
ContrastRelation,3.025,-1.637725830078125,-1.6378027200698853,7.68899917602539e-05,0.0046949216650853795,True,0.0009589195251464844,0.05855186026968495,True,7.68899917602539e-05,PASS,9,Contrast change should not significantly affect output.,Consistent,0.01
ContrastRelation,4.0,-1.637725830078125,-1.6368438005447388,0.0008820295333862305,0.053856938604599565,True,0.0009589195251464844,0.05855186026968495,True,0.0008820295333862305,PASS,9,Contrast change should not significantly affect output.,Consistent,0.01
DarkVisibilityRelation,0.05,-1.637725830078125,-1.635826587677002,0.0018992424011230469,0.11596820460176786,True,0.0019229650497436523,0.11741671531704226,True,0.0018992424011230469,PASS,9,Output should not change drastically under visibility degradation.,Consistent,0.01
DarkVisibilityRelation,0.4125,-1.637725830078125,-1.6366063356399536,0.0011194944381713867,0.06835660365397953,True,0.0019229650497436523,0.11741671531704226,True,0.0011194944381713867,PASS,9,Output should not change drastically under visibility degradation.,Consistent,0.01
DarkVisibilityRelation,0.775,-1.637725830078125,-1.6367677450180054,0.0009580850601196289,0.058500907631459216,True,0.0019229650497436523,0.11741671531704226,True,0.0009580850601196289,PASS,9,Output should not change drastically under visibility degradation.,Consistent,0.01
DarkVisibilityRelation,1.1375,-1.637725830078125,-1.637742042541504,1.621246337890625e-05,0.0009899369712428087,True,0.0019229650497436523,0.11741671531704226,True,1.621246337890625e-05,PASS,9,Output should not change drastically under visibility degradation.,Consistent,0.01
DarkVisibilityRelation,1.5,-1.637725830078125,-1.6377495527267456,2.372264862060547e-05,0.0014485107152744038,True,0.0019229650497436523,0.11741671531704226,True,2.372264862060547e-05,PASS,9,Output should not change drastically under visibility degradation.,Consistent,0.01
DustRelation,0.0,-1.637725830078125,-1.637725830078125,0.0,0.0,True,0.0004975795745849609,0.030382330279172674,True,0.0,PASS,9,Dust should not significantly affect prediction.,Consistent,0.01
DustRelation,0.375,-1.637725830078125,-1.6377226114273071,3.2186508178710938e-06,0.00019653160458496936,True,0.0004975795745849609,0.030382330279172674,True,3.2186508178710938e-06,PASS,9,Dust should not significantly affect prediction.,Consistent,0.01
DustRelation,0.75,-1.637725830078125,-1.6377005577087402,2.5272369384765625e-05,0.0015431370434079077,True,0.0004975795745849609,0.030382330279172674,True,2.5272369384765625e-05,PASS,9,Dust should not significantly affect prediction.,Consistent,0.01
DustRelation,1.125,-1.637725830078125,-1.6373809576034546,0.00034487247467041016,0.02105799748386357,True,0.0004975795745849609,0.030382330279172674,True,0.00034487247467041016,PASS,9,Dust should not significantly affect prediction.,Consistent,0.01
DustRelation,1.5,-1.637725830078125,-1.6378785371780396,0.00015270709991455078,0.009324332795309103,True,0.0004975795745849609,0.030382330279172674,True,0.00015270709991455078,PASS,9,Dust should not significantly affect prediction.,Consistent,0.01
FogRelation,0.0,-1.637725830078125,-1.6378533840179443,0.00012755393981933594,0.007788474700219156,True,0.00289154052734375,0.17655817040048213,True,0.00012755393981933594,PASS,9,Fog should not significantly affect prediction.,Consistent,0.01
FogRelation,0.375,-1.637725830078125,-1.6369482278823853,0.0007776021957397461,0.04748057987806501,True,0.00289154052734375,0.17655817040048213,True,0.0007776021957397461,PASS,9,Fog should not significantly affect prediction.,Consistent,0.01
FogRelation,0.75,-1.637725830078125,-1.6361877918243408,0.0015380382537841797,0.09391299119834351,True,0.00289154052734375,0.17655817040048213,True,0.0015380382537841797,PASS,9,Fog should not significantly affect prediction.,Consistent,0.01
FogRelation,1.125,-1.637725830078125,-1.6355293989181519,0.0021964311599731445,0.1341146227584467,True,0.00289154052734375,0.17655817040048213,True,0.0021964311599731445,PASS,9,Fog should not significantly affect prediction.,Consistent,0.01
FogRelation,1.5,-1.637725830078125,-1.6349618434906006,0.002763986587524414,0.16876969570026296,True,0.00289154052734375,0.17655817040048213,True,0.002763986587524414,PASS,9,Fog should not significantly affect prediction.,Consistent,0.01
HazeRelation,0.0,-1.637725830078125,-1.637725830078125,0.0,0.0,True,0.004326224327087402,0.2641603134071527,True,0.0,PASS,9,Haze should not significantly affect prediction.,Consistent,0.01
HazeRelation,0.375,-1.637725830078125,-1.6366584300994873,0.0010673999786376953,0.06517570323903021,True,0.004326224327087402,0.2641603134071527,True,0.0010673999786376953,PASS,9,Haze should not significantly affect prediction.,Consistent,0.01
HazeRelation,0.75,-1.637725830078125,-1.6355715990066528,0.002154231071472168,0.1315378750538882,True,0.004326224327087402,0.2641603134071527,True,0.002154231071472168,PASS,9,Haze should not significantly affect prediction.,Consistent,0.01
HazeRelation,1.125,-1.637725830078125,-1.6344906091690063,0.0032352209091186523,0.19754337840116606,True,0.004326224327087402,0.2641603134071527,True,0.0032352209091186523,PASS,9,Haze should not significantly affect prediction.,Consistent,0.01
HazeRelation,1.5,-1.637725830078125,-1.6333996057510376,0.004326224327087402,0.2641603134071527,True,0.004326224327087402,0.2641603134071527,True,0.004326224327087402,PASS,9,Haze should not significantly affect prediction.,Consistent,0.01
NoiseRelation,0.0,-1.637725830078125,-1.6377183198928833,7.510185241699219e-06,0.0004585737440315952,True,0.002552032470703125,0.15582772559092684,True,7.510185241699219e-06,PASS,9,Noise should not significantly affect prediction.,Consistent,0.01
NoiseRelation,37.5,-1.637725830078125,-1.6372369527816772,0.0004888772964477539,0.02985096705196146,True,0.002552032470703125,0.15582772559092684,True,0.0004888772964477539,PASS,9,Noise should not significantly affect prediction.,Consistent,0.01
NoiseRelation,75.0,-1.637725830078125,-1.6368231773376465,0.0009026527404785156,0.05511619666360697,True,0.002552032470703125,0.15582772559092684,True,0.0009026527404785156,PASS,9,Noise should not significantly affect prediction.,Consistent,0.01
NoiseRelation,112.5,-1.637725830078125,-1.635643720626831,0.0020821094512939453,0.1271341113215213,True,0.002552032470703125,0.15582772559092684,True,0.0020821094512939453,PASS,9,Noise should not significantly affect prediction.,Consistent,0.01
NoiseRelation,150.0,-1.637725830078125,-1.6351662874221802,0.0025595426559448242,0.1562862993349584,True,0.002552032470703125,0.15582772559092684,True,0.0025595426559448242,PASS,9,Noise should not significantly affect prediction.,Consistent,0.01
RainRelation,0.0,-1.637725830078125,-1.637725830078125,0.0,0.0,True,0.0037070512771606445,0.22635345584365896,True,0.0,PASS,9,Rain should not significantly affect prediction.,Consistent,0.01
RainRelation,0.375,-1.637725830078125,-1.637355923652649,0.0003699064254760742,0.022586576630635555,True,0.0037070512771606445,0.22635345584365896,True,0.0003699064254760742,PASS,9,Rain should not significantly affect prediction.,Consistent,0.01
RainRelation,0.75,-1.637725830078125,-1.6341334581375122,0.003592371940612793,0.21935110756177972,True,0.0037070512771606445,0.22635345584365896,True,0.003592371940612793,PASS,9,Rain should not significantly affect prediction.,Consistent,0.01
RainRelation,1.125,-1.637725830078125,-1.6378405094146729,0.00011467933654785156,0.007002348281879279,True,0.0037070512771606445,0.22635345584365896,True,0.00011467933654785156,PASS,9,Rain should not significantly affect prediction.,Consistent,0.01
RainRelation,1.5,-1.637725830078125,-1.6371456384658813,0.0005801916122436523,0.03542664146352022,True,0.0037070512771606445,0.22635345584365896,True,0.0005801916122436523,PASS,9,Rain should not significantly affect prediction.,Consistent,0.01
RotationRelation,-60.0,-1.637725830078125,-1.6350942850112915,0.002631545066833496,0.16068278411900735,True,0.005051851272583008,0.30846727181858635,True,0.002631545066833496,PASS,9,Small rotation should not significantly change output.,Consistent,0.01
RotationRelation,-30.0,-1.637725830078125,-1.6385008096694946,0.0007749795913696289,0.04732044301506985,True,0.005051851272583008,0.30846727181858635,True,0.0007749795913696289,PASS,9,Small rotation should not significantly change output.,Consistent,0.01
RotationRelation,0.0,-1.637725830078125,-1.6377267837524414,9.5367431640625e-07,5.823158654369463e-05,True,0.005051851272583008,0.30846727181858635,True,9.5367431640625e-07,PASS,9,Small rotation should not significantly change output.,Consistent,0.01
RotationRelation,30.0,-1.637725830078125,-1.6391438245773315,0.001417994499206543,0.08658309024215595,True,0.005051851272583008,0.30846727181858635,True,0.001417994499206543,PASS,9,Small rotation should not significantly change output.,Consistent,0.01
RotationRelation,60.0,-1.637725830078125,-1.6401461362838745,0.0024203062057495117,0.147784487699579,True,0.005051851272583008,0.30846727181858635,True,0.0024203062057495117,PASS,9,Small rotation should not significantly change output.,Consistent,0.01
SandstormRelation,0.0,-1.637725830078125,-1.6377874612808228,6.16312026977539e-05,0.0037632162803862656,True,0.0031670331954956055,0.1933798199632919,True,6.16312026977539e-05,PASS,9,Sandstorm should not significantly affect prediction.,Consistent,0.01
SandstormRelation,0.375,-1.637725830078125,-1.636728286743164,0.0009975433349609375,0.06091023952470458,True,0.0031670331954956055,0.1933798199632919,True,0.0009975433349609375,PASS,9,Sandstorm should not significantly affect prediction.,Consistent,0.01
SandstormRelation,0.75,-1.637725830078125,-1.6357773542404175,0.0019484758377075195,0.11897441025708608,True,0.0031670331954956055,0.1933798199632919,True,0.0019484758377075195,PASS,9,Sandstorm should not significantly affect prediction.,Consistent,0.01
SandstormRelation,1.125,-1.637725830078125,-1.6351619958877563,0.0025638341903686523,0.15654834147440505,True,0.0031670331954956055,0.1933798199632919,True,0.0025638341903686523,PASS,9,Sandstorm should not significantly affect prediction.,Consistent,0.01
SandstormRelation,1.5,-1.637725830078125,-1.6346204280853271,0.0031054019927978516,0.18961660368290564,True,0.0031670331954956055,0.1933798199632919,True,0.0031054019927978516,PASS,9,Sandstorm should not significantly affect prediction.,Consistent,0.01
SmokeRelation,0.0,-1.637725830078125,-1.637725830078125,0.0,0.0,True,0.007229208946228027,0.4414172628461592,True,0.0,PASS,9,Smoke should not significantly affect prediction.,Consistent,0.01
SmokeRelation,0.375,-1.637725830078125,-1.6352500915527344,0.002475738525390625,0.15116919866743128,True,0.007229208946228027,0.4414172628461592,True,0.002475738525390625,PASS,9,Smoke should not significantly affect prediction.,Consistent,0.01
SmokeRelation,0.75,-1.637725830078125,-1.6341218948364258,0.0036039352416992188,0.220057165548622,True,0.007229208946228027,0.4414172628461592,True,0.0036039352416992188,PASS,9,Smoke should not significantly affect prediction.,Consistent,0.01
SmokeRelation,1.125,-1.637725830078125,-1.6323113441467285,0.005414485931396484,0.33060983260182625,False,0.007229208946228027,0.4414172628461592,True,0.005414485931396484,FAIL,9,Smoke should not significantly affect prediction.,Violation,0.01
SmokeRelation,1.5,-1.637725830078125,-1.630496621131897,0.007229208946228027,0.4414172628461592,False,0.007229208946228027,0.4414172628461592,True,0.007229208946228027,FAIL,9,Smoke should not significantly affect prediction.,Violation,0.01
SnowRelation,0.0,-1.637725830078125,-1.637725830078125,0.0,0.0,True,0.0011528730392456055,0.07039470918300884,True,0.0,PASS,9,Snow should not significantly affect prediction.,Consistent,0.01
SnowRelation,0.375,-1.637725830078125,-1.6376992464065552,2.658367156982422e-05,0.001623205474905488,True,0.0011528730392456055,0.07039470918300884,True,2.658367156982422e-05,PASS,9,Snow should not significantly affect prediction.,Consistent,0.01
SnowRelation,0.75,-1.637725830078125,-1.637667179107666,5.8650970458984375e-05,0.00358124257243722,True,0.0011528730392456055,0.07039470918300884,True,5.8650970458984375e-05,PASS,9,Snow should not significantly affect prediction.,Consistent,0.01
SnowRelation,1.125,-1.637725830078125,-1.6365729570388794,0.0011528730392456055,0.07039470918300884,True,0.0011528730392456055,0.07039470918300884,True,0.0011528730392456055,PASS,9,Snow should not significantly affect prediction.,Consistent,0.01
SnowRelation,1.5,-1.637725830078125,-1.6375073194503784,0.00021851062774658203,0.013342312266824032,True,0.0011528730392456055,0.07039470918300884,True,0.00021851062774658203,PASS,9,Snow should not significantly affect prediction.,Consistent,0.01
TranslationRelation,0.0,-1.637725830078125,-1.6377516984939575,2.586841583251953e-05,0.0015795317849977167,True,0.004459738731384277,0.27231273552326996,True,2.586841583251953e-05,PASS,9,Small translation should preserve prediction consistency.,Consistent,0.01
TranslationRelation,20.0,-1.637725830078125,-1.6358978748321533,0.0018279552459716797,0.11161539350762668,True,0.004459738731384277,0.27231273552326996,True,0.0018279552459716797,PASS,9,Small translation should preserve prediction consistency.,Consistent,0.01
TranslationRelation,40.0,-1.637725830078125,-1.6349326372146606,0.0027931928634643555,0.17055303803816363,True,0.004459738731384277,0.27231273552326996,True,0.0027931928634643555,PASS,9,Small translation should preserve prediction consistency.,Consistent,0.01
TranslationRelation,60.0,-1.637725830078125,-1.639392375946045,0.0016665458679199219,0.10175969748510638,True,0.004459738731384277,0.27231273552326996,True,0.0016665458679199219,PASS,9,Small translation should preserve prediction consistency.,Consistent,0.01
TranslationRelation,80.0,-1.637725830078125,-1.6369119882583618,0.0008138418197631836,0.04969338016672541,True,0.004459738731384277,0.27231273552326996,True,0.0008138418197631836,PASS,9,Small translation should preserve prediction consistency.,Consistent,0.01
DarkVisibilityRelation,0.05,-1.637725830078125,-1.6372554302215576,0.0004703998565673828,0.02872273006267738,True,0.00918436050415039,0.5607992942090512,True,0.0004703998565673828,PASS,9,Output should not change drastically under visibility degradation.,Consistent,0.01
DarkVisibilityRelation,0.4125,-1.637725830078125,-1.6337562799453735,0.003969550132751465,0.24238170003981094,True,0.00918436050415039,0.5607992942090512,True,0.003969550132751465,PASS,9,Output should not change drastically under visibility degradation.,Consistent,0.01
DarkVisibilityRelation,0.775,-1.637725830078125,-1.6302595138549805,0.007466316223144531,0.45589509105058523,False,0.00918436050415039,0.5607992942090512,True,0.007466316223144531,FAIL,9,Output should not change drastically under visibility degradation.,Violation,0.01
DarkVisibilityRelation,1.1375,-1.637725830078125,-1.6286243200302124,0.009101510047912598,0.5557404251280676,False,0.00918436050415039,0.5607992942090512,True,0.009101510047912598,FAIL,9,Output should not change drastically under visibility degradation.,Violation,0.01
DarkVisibilityRelation,1.5,-1.637725830078125,-1.6280710697174072,0.009654760360717773,0.5895220242717285,False,0.00918436050415039,0.5607992942090512,True,0.009654760360717773,FAIL,9,Output should not change drastically under visibility degradation.,Violation,0.01
TemporalSmoothnessRelation,0.0,-1.630487322807312,-1.63059401512146,0.00010669231414794922,0.0,True,,,,0.00010669231414794922,PASS,9,Predictions should change smoothly across consecutive frames.,Consistent,0.01
BlurRelation,1.0,-1.630487322807312,-1.630542516708374,5.519390106201172e-05,0.0033851147714435014,True,0.0002630949020385742,0.016135957452647533,True,5.519390106201172e-05,PASS,0,Blur should not significantly change output.,Consistent,0.07333333333333333
BlurRelation,8.5,-1.630487322807312,-1.6304781436920166,9.179115295410156e-06,0.0005629672514063707,True,0.0002630949020385742,0.016135957452647533,True,9.179115295410156e-06,PASS,0,Blur should not significantly change output.,Consistent,0.07333333333333333
BlurRelation,16.0,-1.630487322807312,-1.6303552389144897,0.00013208389282226562,0.008100879409847515,True,0.0002630949020385742,0.016135957452647533,True,0.00013208389282226562,PASS,0,Blur should not significantly change output.,Consistent,0.07333333333333333
BlurRelation,23.5,-1.630487322807312,-1.630526065826416,3.8743019104003906e-05,0.0023761604767152007,True,0.0002630949020385742,0.016135957452647533,True,3.8743019104003906e-05,PASS,0,Blur should not significantly change output.,Consistent,0.07333333333333333
BlurRelation,31.0,-1.630487322807312,-1.6302794218063354,0.0002079010009765625,0.012750842681204032,True,0.0002630949020385742,0.016135957452647533,True,0.0002079010009765625,PASS,0,Blur should not significantly change output.,Consistent,0.07333333333333333
BrightnessRelation,0.1,-1.630487322807312,-1.6284759044647217,0.002011418342590332,0.12336294068804796,True,0.0038264989852905273,0.23468423120640378,True,0.002011418342590332,PASS,0,Output should remain approximately same under localized brightness change.,Consistent,0.07333333333333333
BrightnessRelation,0.825,-1.630487322807312,-1.6305233240127563,3.600120544433594e-05,0.0022080014275938174,True,0.0038264989852905273,0.23468423120640378,True,3.600120544433594e-05,PASS,0,Output should remain approximately same under localized brightness change.,Consistent,0.07333333333333333
BrightnessRelation,1.55,-1.630487322807312,-1.628577470779419,0.0019098520278930664,0.11713374460755148,True,0.0038264989852905273,0.23468423120640378,True,0.0019098520278930664,PASS,0,Output should remain approximately same under localized brightness change.,Consistent,0.07333333333333333
BrightnessRelation,2.275,-1.630487322807312,-1.632010579109192,0.0015232563018798828,0.09342331868143643,True,0.0038264989852905273,0.23468423120640378,True,0.0015232563018798828,PASS,0,Output should remain approximately same under localized brightness change.,Consistent,0.07333333333333333
BrightnessRelation,3.0,-1.630487322807312,-1.6281840801239014,0.0023032426834106445,0.14126091252496736,True,0.0038264989852905273,0.23468423120640378,True,0.0023032426834106445,PASS,0,Output should remain approximately same under localized brightness change.,Consistent,0.07333333333333333
CompositeRelation,0.1,-1.630487322807312,-1.6361068487167358,0.005619525909423828,0.34465293806878333,True,0.006747841835021973,0.41385404241373525,True,0.005619525909423828,PASS,0,Prediction should remain approximately consistent under composite transformations.,Consistent,0.07333333333333333
CompositeRelation,0.44999999999999996,-1.630487322807312,-1.6308801174163818,0.0003927946090698242,0.024090611602389497,True,0.006747841835021973,0.41385404241373525,True,0.0003927946090698242,PASS,0,Prediction should remain approximately consistent under composite transformations.,Consistent,0.07333333333333333
CompositeRelation,0.7999999999999999,-1.630487322807312,-1.6304627656936646,2.4557113647460938e-05,0.0015061201790871734,True,0.006747841835021973,0.41385404241373525,True,2.4557113647460938e-05,PASS,0,Prediction should remain approximately consistent under composite transformations.,Consistent,0.07333333333333333
CompositeRelation,1.15,-1.630487322807312,-1.6293590068817139,0.0011283159255981445,0.06920110434495193,True,0.006747841835021973,0.41385404241373525,True,0.0011283159255981445,PASS,0,Prediction should remain approximately consistent under composite transformations.,Consistent,0.07333333333333333
CompositeRelation,1.5,-1.630487322807312,-1.6306259632110596,0.0001386404037475586,0.00850299887513778,True,0.006747841835021973,0.41385404241373525,True,0.0001386404037475586,PASS,0,Prediction should remain approximately consistent under composite transformations.,Consistent,0.07333333333333333
ContrastRelation,0.1,-1.630487322807312,-1.6299681663513184,0.0005191564559936523,0.03184055038798369,True,0.0019838809967041016,0.12167403893382885,True,0.0005191564559936523,PASS,0,Contrast change should not significantly affect output.,Consistent,0.07333333333333333
ContrastRelation,1.075,-1.630487322807312,-1.6305017471313477,1.4424324035644531e-05,0.0008846628236385824,True,0.0019838809967041016,0.12167403893382885,True,1.4424324035644531e-05,PASS,0,Contrast change should not significantly affect output.,Consistent,0.07333333333333333
ContrastRelation,2.05,-1.630487322807312,-1.630666732788086,0.00017940998077392578,0.0110034508229427,True,0.0019838809967041016,0.12167403893382885,True,0.00017940998077392578,PASS,0,Contrast change should not significantly affect output.,Consistent,0.07333333333333333
ContrastRelation,3.025,-1.630487322807312,-1.6304049491882324,8.237361907958984e-05,0.005052082736646781,True,0.0019838809967041016,0.12167403893382885,True,8.237361907958984e-05,PASS,0,Contrast change should not significantly affect output.,Consistent,0.07333333333333333
ContrastRelation,4.0,-1.630487322807312,-1.6319520473480225,0.0014647245407104492,0.08983348854584515,True,0.0019838809967041016,0.12167403893382885,True,0.0014647245407104492,PASS,0,Contrast change should not significantly affect output.,Consistent,0.07333333333333333
DarkVisibilityRelation,0.05,-1.630487322807312,-1.6358275413513184,0.005340218544006348,0.327522648847418,True,0.005342841148376465,0.32768349663353413,True,0.005340218544006348,PASS,0,Output should not change drastically under visibility degradation.,Consistent,0.07333333333333333
DarkVisibilityRelation,0.4125,-1.630487322807312,-1.6347094774246216,0.00422215461730957,0.25895031312092,True,0.005342841148376465,0.32768349663353413,True,0.00422215461730957,PASS,0,Output should not change drastically under visibility degradation.,Consistent,0.07333333333333333
DarkVisibilityRelation,0.775,-1.630487322807312,-1.630768060684204,0.00028073787689208984,0.01721802437742861,True,0.005342841148376465,0.32768349663353413,True,0.00028073787689208984,PASS,0,Output should not change drastically under visibility degradation.,Consistent,0.07333333333333333
DarkVisibilityRelation,1.1375,-1.630487322807312,-1.630496859550476,9.5367431640625e-06,0.0005849010404222033,True,0.005342841148376465,0.32768349663353413,True,9.5367431640625e-06,PASS,0,Output should not change drastically under visibility degradation.,Consistent,0.07333333333333333
DarkVisibilityRelation,1.5,-1.630487322807312,-1.630484700202942,2.6226043701171875e-06,0.0001608477861161059,True,0.005342841148376465,0.32768349663353413,True,2.6226043701171875e-06,PASS,0,Output should not change drastically under visibility degradation.,Consistent,0.07333333333333333
DustRelation,0.0,-1.630487322807312,-1.630487322807312,0.0,0.0,True,0.00046813488006591797,0.028711329821724904,True,0.0,PASS,0,Dust should not significantly affect prediction.,Consistent,0.07333333333333333
DustRelation,0.375,-1.630487322807312,-1.6304640769958496,2.3245811462402344e-05,0.0014256962860291205,True,0.00046813488006591797,0.028711329821724904,True,2.3245811462402344e-05,PASS,0,Dust should not significantly affect prediction.,Consistent,0.07333333333333333
DustRelation,0.75,-1.630487322807312,-1.630469560623169,1.7762184143066406e-05,0.0010893781877863535,True,0.00046813488006591797,0.028711329821724904,True,1.7762184143066406e-05,PASS,0,Dust should not significantly affect prediction.,Consistent,0.07333333333333333
DustRelation,1.125,-1.630487322807312,-1.6308060884475708,0.00031876564025878906,0.019550317276112145,True,0.00046813488006591797,0.028711329821724904,True,0.00031876564025878906,PASS,0,Dust should not significantly affect prediction.,Consistent,0.07333333333333333
DustRelation,1.5,-1.630487322807312,-1.6303379535675049,0.0001493692398071289,0.00916101254561276,True,0.00046813488006591797,0.028711329821724904,True,0.0001493692398071289,PASS,0,Dust should not significantly affect prediction.,Consistent,0.07333333333333333
FogRelation,0.0,-1.630487322807312,-1.630428433418274,5.888938903808594e-05,0.0036117639246071053,True,0.0016894340515136719,0.10361521931079332,True,5.888938903808594e-05,PASS,0,Fog should not significantly affect prediction.,Consistent,0.07333333333333333
FogRelation,0.375,-1.630487322807312,-1.6311770677566528,0.0006897449493408203,0.04230296774853585,True,0.0016894340515136719,0.10361521931079332,True,0.0006897449493408203,PASS,0,Fog should not significantly affect prediction.,Consistent,0.07333333333333333
FogRelation,0.75,-1.630487322807312,-1.631667971611023,0.0011806488037109375,0.07241074880426876,True,0.0016894340515136719,0.10361521931079332,True,0.0011806488037109375,PASS,0,Fog should not significantly affect prediction.,Consistent,0.07333333333333333
FogRelation,1.125,-1.630487322807312,-1.6319606304168701,0.0014733076095581055,0.09035989948222513,True,0.0016894340515136719,0.10361521931079332,True,0.0014733076095581055,PASS,0,Fog should not significantly affect prediction.,Consistent,0.07333333333333333
FogRelation,1.5,-1.630487322807312,-1.6321178674697876,0.001630544662475586,0.10000345538618621,True,0.0016894340515136719,0.10361521931079332,True,0.001630544662475586,PASS,0,Fog should not significantly affect prediction.,Consistent,0.07333333333333333
HazeRelation,0.0,-1.630487322807312,-1.630487322807312,0.0,0.0,True,0.0010682344436645508,0.06551622779029205,True,0.0,PASS,0,Haze should not significantly affect prediction.,Consistent,0.07333333333333333
HazeRelation,0.375,-1.630487322807312,-1.6302326917648315,0.00025463104248046875,0.015616857779272828,True,0.0010682344436645508,0.06551622779029205,True,0.00025463104248046875,PASS,0,Haze should not significantly affect prediction.,Consistent,0.07333333333333333
HazeRelation,0.75,-1.630487322807312,-1.629958152770996,0.000529170036315918,0.032454696480427,True,0.0010682344436645508,0.06551622779029205,True,0.000529170036315918,PASS,0,Haze should not significantly affect prediction.,Consistent,0.07333333333333333
HazeRelation,1.125,-1.630487322807312,-1.6296899318695068,0.0007973909378051758,0.04890503824230147,True,0.0010682344436645508,0.06551622779029205,True,0.0007973909378051758,PASS,0,Haze should not significantly affect prediction.,Consistent,0.07333333333333333
HazeRelation,1.5,-1.630487322807312,-1.6294190883636475,0.0010682344436645508,0.06551622779029205,True,0.0010682344436645508,0.06551622779029205,True,0.0010682344436645508,PASS,0,Haze should not significantly affect prediction.,Consistent,0.07333333333333333
NoiseRelation,0.0,-1.630487322807312,-1.6305073499679565,2.002716064453125e-05,0.0012282921848866268,True,0.001515030860900879,0.09291884153407227,True,2.002716064453125e-05,PASS,0,Noise should not significantly affect prediction.,Consistent,0.07333333333333333
NoiseRelation,37.5,-1.630487322807312,-1.6309359073638916,0.00044858455657958984,0.02751228268885939,True,0.001515030860900879,0.09291884153407227,True,0.00044858455657958984,PASS,0,Noise should not significantly affect prediction.,Consistent,0.07333333333333333
NoiseRelation,75.0,-1.630487322807312,-1.6308112144470215,0.00032389163970947266,0.01986470158533908,True,0.001515030860900879,0.09291884153407227,True,0.00032389163970947266,PASS,0,Noise should not significantly affect prediction.,Consistent,0.07333333333333333
NoiseRelation,112.5,-1.630487322807312,-1.6318285465240479,0.0013412237167358398,0.08225902007237762,True,0.001515030860900879,0.09291884153407227,True,0.0013412237167358398,PASS,0,Noise should not significantly affect prediction.,Consistent,0.07333333333333333
NoiseRelation,150.0,-1.630487322807312,-1.630313515663147,0.00017380714416503906,0.010659821461694655,True,0.001515030860900879,0.09291884153407227,True,0.00017380714416503906,PASS,0,Noise should not significantly affect prediction.,Consistent,0.07333333333333333
RainRelation,0.0,-1.630487322807312,-1.630487322807312,0.0,0.0,True,0.0076024532318115234,0.46626848689856987,True,0.0,PASS,0,Rain should not significantly affect prediction.,Consistent,0.07333333333333333
RainRelation,0.375,-1.630487322807312,-1.6323729753494263,0.0018856525421142578,0.11564955821748014,True,0.0076024532318115234,0.46626848689856987,True,0.0018856525421142578,PASS,0,Rain should not significantly affect prediction.,Consistent,0.07333333333333333
RainRelation,0.75,-1.630487322807312,-1.6341267824172974,0.0036394596099853516,0.2232128595511233,True,0.0076024532318115234,0.46626848689856987,True,0.0036394596099853516,PASS,0,Rain should not significantly affect prediction.,Consistent,0.07333333333333333
RainRelation,1.125,-1.630487322807312,-1.6316354274749756,0.0011481046676635742,0.070414774003828,True,0.0076024532318115234,0.46626848689856987,True,0.0011481046676635742,PASS,0,Rain should not significantly affect prediction.,Consistent,0.07333333333333333
RainRelation,1.5,-1.630487322807312,-1.6380897760391235,0.0076024532318115234,0.46626848689856987,True,0.0076024532318115234,0.46626848689856987,True,0.0076024532318115234,PASS,0,Rain should not significantly affect prediction.,Consistent,0.07333333333333333
RotationRelation,-60.0,-1.630487322807312,-1.6306246519088745,0.0001373291015625,0.008422574982079727,True,0.0008772611618041992,0.053803584455837425,True,0.0001373291015625,PASS,0,Small rotation should not significantly change output.,Consistent,0.07333333333333333
RotationRelation,-30.0,-1.630487322807312,-1.630671501159668,0.00018417835235595703,0.011295901343153801,True,0.0008772611618041992,0.053803584455837425,True,0.00018417835235595703,PASS,0,Small rotation should not significantly change output.,Consistent,0.07333333333333333
RotationRelation,0.0,-1.630487322807312,-1.6304876804351807,3.5762786865234375e-07,2.1933789015832625e-05,True,0.0008772611618041992,0.053803584455837425,True,3.5762786865234375e-07,PASS,0,Small rotation should not significantly change output.,Consistent,0.07333333333333333
RotationRelation,30.0,-1.630487322807312,-1.6302307844161987,0.00025653839111328125,0.01573383798735727,True,0.0008772611618041992,0.053803584455837425,True,0.00025653839111328125,PASS,0,Small rotation should not significantly change output.,Consistent,0.07333333333333333
RotationRelation,60.0,-1.630487322807312,-1.6297942399978638,0.0006930828094482422,0.042507683112683624,True,0.0008772611618041992,0.053803584455837425,True,0.0006930828094482422,PASS,0,Small rotation should not significantly change output.,Consistent,0.07333333333333333
SandstormRelation,0.0,-1.630487322807312,-1.630426049232483,6.127357482910156e-05,0.003757989184712656,True,0.0011475086212158203,0.0703782176888016,True,6.127357482910156e-05,PASS,0,Sandstorm should not significantly affect prediction.,Consistent,0.07333333333333333
SandstormRelation,0.375,-1.630487322807312,-1.63066828250885,0.00018095970153808594,0.011098497242011307,True,0.0011475086212158203,0.0703782176888016,True,0.00018095970153808594,PASS,0,Sandstorm should not significantly affect prediction.,Consistent,0.07333333333333333
SandstormRelation,0.75,-1.630487322807312,-1.6311241388320923,0.0006368160247802734,0.03905676697419262,True,0.0011475086212158203,0.0703782176888016,True,0.0006368160247802734,PASS,0,Sandstorm should not significantly affect prediction.,Consistent,0.07333333333333333
SandstormRelation,1.125,-1.630487322807312,-1.631195306777954,0.0007079839706420898,0.04342159098834331,True,0.0011475086212158203,0.0703782176888016,True,0.0007079839706420898,PASS,0,Sandstorm should not significantly affect prediction.,Consistent,0.07333333333333333
SandstormRelation,1.5,-1.630487322807312,-1.6315735578536987,0.0010862350463867188,0.06662022850408895,True,0.0011475086212158203,0.0703782176888016,True,0.0010862350463867188,PASS,0,Sandstorm should not significantly affect prediction.,Consistent,0.07333333333333333
SmokeRelation,0.0,-1.630487322807312,-1.630487322807312,0.0,0.0,True,0.0017998218536376953,0.1103854488536803,True,0.0,PASS,0,Smoke should not significantly affect prediction.,Consistent,0.07333333333333333
SmokeRelation,0.375,-1.630487322807312,-1.6300519704818726,0.0004353523254394531,0.026700732495273584,True,0.0017998218536376953,0.1103854488536803,True,0.0004353523254394531,PASS,0,Smoke should not significantly affect prediction.,Consistent,0.07333333333333333
SmokeRelation,0.75,-1.630487322807312,-1.6295992136001587,0.0008881092071533203,0.05446890938931768,True,0.0017998218536376953,0.1103854488536803,True,0.0008881092071533203,PASS,0,Smoke should not significantly affect prediction.,Consistent,0.07333333333333333
SmokeRelation,1.125,-1.630487322807312,-1.6291447877883911,0.0013425350189208984,0.08233944396543567,True,0.0017998218536376953,0.1103854488536803,True,0.0013425350189208984,PASS,0,Smoke should not significantly affect prediction.,Consistent,0.07333333333333333
SmokeRelation,1.5,-1.630487322807312,-1.6286875009536743,0.0017998218536376953,0.1103854488536803,True,0.0017998218536376953,0.1103854488536803,True,0.0017998218536376953,PASS,0,Smoke should not significantly affect prediction.,Consistent,0.07333333333333333
SnowRelation,0.0,-1.630487322807312,-1.630487322807312,0.0,0.0,True,0.000592350959777832,0.0363296658732241,True,0.0,PASS,0,Snow should not significantly affect prediction.,Consistent,0.07333333333333333
SnowRelation,0.375,-1.630487322807312,-1.6306065320968628,0.00011920928955078125,0.0073112630052775416,True,0.000592350959777832,0.0363296658732241,True,0.00011920928955078125,PASS,0,Snow should not significantly affect prediction.,Consistent,0.07333333333333333
SnowRelation,0.75,-1.630487322807312,-1.630273699760437,0.000213623046875,0.013101783305457354,True,0.000592350959777832,0.0363296658732241,True,0.000213623046875,PASS,0,Snow should not significantly affect prediction.,Consistent,0.07333333333333333
SnowRelation,1.125,-1.630487322807312,-1.6304106712341309,7.665157318115234e-05,0.004701142112393458,True,0.000592350959777832,0.0363296658732241,True,7.665157318115234e-05,PASS,0,Snow should not significantly affect prediction.,Consistent,0.07333333333333333
SnowRelation,1.5,-1.630487322807312,-1.630014181137085,0.0004731416702270508,0.02901840286794656,True,0.000592350959777832,0.0363296658732241,True,0.0004731416702270508,PASS,0,Snow should not significantly affect prediction.,Consistent,0.07333333333333333
TranslationRelation,0.0,-1.630487322807312,-1.630237340927124,0.0002499818801879883,0.015331718522067004,True,0.0011410713195800781,0.06998340948651663,True,0.0002499818801879883,PASS,0,Small translation should preserve prediction consistency.,Consistent,0.07333333333333333
TranslationRelation,20.0,-1.630487322807312,-1.6312373876571655,0.0007500648498535156,0.046002466829206286,True,0.0011410713195800781,0.06998340948651663,True,0.0007500648498535156,PASS,0,Small translation should preserve prediction consistency.,Consistent,0.07333333333333333
TranslationRelation,40.0,-1.630487322807312,-1.6305222511291504,3.4928321838378906e-05,0.0021422000605463196,True,0.0011410713195800781,0.06998340948651663,True,3.4928321838378906e-05,PASS,0,Small translation should preserve prediction consistency.,Consistent,0.07333333333333333
TranslationRelation,60.0,-1.630487322807312,-1.6300963163375854,0.0003910064697265625,0.023980942657310336,True,0.0011410713195800781,0.06998340948651663,True,0.0003910064697265625,PASS,0,Small translation should preserve prediction consistency.,Consistent,0.07333333333333333
TranslationRelation,80.0,-1.630487322807312,-1.6309016942977905,0.0004143714904785156,0.02541395020634473,True,0.0011410713195800781,0.06998340948651663,True,0.0004143714904785156,PASS,0,Small translation should preserve prediction consistency.,Consistent,0.07333333333333333
DarkVisibilityRelation,0.05,-1.630487322807312,-1.6304354667663574,5.1856040954589844e-05,0.0031803994072957305,True,0.006038308143615723,0.3703374050063233,True,5.1856040954589844e-05,PASS,0,Output should not change drastically under visibility degradation.,Consistent,0.07333333333333333
DarkVisibilityRelation,0.4125,-1.630487322807312,-1.62942373752594,0.0010635852813720703,0.06523108853308622,True,0.006038308143615723,0.3703374050063233,True,0.0010635852813720703,PASS,0,Output should not change drastically under visibility degradation.,Consistent,0.07333333333333333
DarkVisibilityRelation,0.775,-1.630487322807312,-1.628611445426941,0.0018758773803710938,0.11505003465104738,True,0.006038308143615723,0.3703374050063233,True,0.0018758773803710938,PASS,0,Output should not change drastically under visibility degradation.,Consistent,0.07333333333333333
DarkVisibilityRelation,1.1375,-1.630487322807312,-1.6280652284622192,0.0024220943450927734,0.14855024174122908,True,0.006038308143615723,0.3703374050063233,True,0.0024220943450927734,PASS,0,Output should not change drastically under visibility degradation.,Consistent,0.07333333333333333
DarkVisibilityRelation,1.5,-1.630487322807312,-1.6243971586227417,0.0060901641845703125,0.37351780441361904,True,0.006038308143615723,0.3703374050063233,True,0.0060901641845703125,PASS,0,Output should not change drastically under visibility degradation.,Consistent,0.07333333333333333
TemporalSmoothnessRelation,0.0,-1.630487322807312,-1.63059401512146,0.00010669231414794922,0.0,True,,,,0.00010669231414794922,PASS,0,Predictions should change smoothly across consecutive frames.,Consistent,0.07333333333333333
BlurRelation,1.0,-1.63059401512146,-1.630629539489746,3.552436828613281e-05,0.002178613816226261,True,0.0005333423614501953,0.032708450381866754,True,3.552436828613281e-05,PASS,1,Blur should not significantly change output.,Consistent,0.07333333333333333
BlurRelation,8.5,-1.63059401512146,-1.6305317878723145,6.222724914550781e-05,0.003816229570705061,True,0.0005333423614501953,0.032708450381866754,True,6.222724914550781e-05,PASS,1,Blur should not significantly change output.,Consistent,0.07333333333333333
BlurRelation,16.0,-1.63059401512146,-1.6306222677230835,2.8252601623535156e-05,0.0017326559545155162,True,0.0005333423614501953,0.032708450381866754,True,2.8252601623535156e-05,PASS,1,Blur should not significantly change output.,Consistent,0.07333333333333333
BlurRelation,23.5,-1.63059401512146,-1.6307047605514526,0.00011074542999267578,0.0067917189103160955,True,0.0005333423614501953,0.032708450381866754,True,0.00011074542999267578,PASS,1,Blur should not significantly change output.,Consistent,0.07333333333333333
BlurRelation,31.0,-1.63059401512146,-1.6310651302337646,0.0004711151123046875,0.028892220811161686,True,0.0005333423614501953,0.032708450381866754,True,0.0004711151123046875,PASS,1,Blur should not significantly change output.,Consistent,0.07333333333333333
BrightnessRelation,0.1,-1.63059401512146,-1.6367073059082031,0.006113290786743164,0.3749116567909903,True,0.007168889045715332,0.43964865458523034,True,0.006113290786743164,PASS,1,Output should remain approximately same under localized brightness change.,Consistent,0.07333333333333333
BrightnessRelation,0.825,-1.63059401512146,-1.6312898397445679,0.0006958246231079102,0.042673049816485516,True,0.007168889045715332,0.43964865458523034,True,0.0006958246231079102,PASS,1,Output should remain approximately same under localized brightness change.,Consistent,0.07333333333333333
BrightnessRelation,1.55,-1.63059401512146,-1.6295384168624878,0.001055598258972168,0.06473699779424007,True,0.007168889045715332,0.43964865458523034,True,0.001055598258972168,PASS,1,Output should remain approximately same under localized brightness change.,Consistent,0.07333333333333333
BrightnessRelation,2.275,-1.63059401512146,-1.6326111555099487,0.0020171403884887695,0.12370578652471328,True,0.007168889045715332,0.43964865458523034,True,0.0020171403884887695,PASS,1,Output should remain approximately same under localized brightness change.,Consistent,0.07333333333333333
BrightnessRelation,3.0,-1.63059401512146,-1.6309657096862793,0.00037169456481933594,0.02279502643957544,True,0.007168889045715332,0.43964865458523034,True,0.00037169456481933594,PASS,1,Output should remain approximately same under localized brightness change.,Consistent,0.07333333333333333
CompositeRelation,0.1,-1.63059401512146,-1.6306060552597046,1.2040138244628906e-05,0.0007383892464391019,True,0.0030335187911987305,0.18603753617956262,True,1.2040138244628906e-05,PASS,1,Prediction should remain approximately consistent under composite transformations.,Consistent,0.07333333333333333
CompositeRelation,0.44999999999999996,-1.63059401512146,-1.631104588508606,0.0005105733871459961,0.031312090519788845,True,0.0030335187911987305,0.18603753617956262,True,0.0005105733871459961,PASS,1,Prediction should remain approximately consistent under composite transformations.,Consistent,0.07333333333333333
CompositeRelation,0.7999999999999999,-1.63059401512146,-1.6310656070709229,0.0004715919494628906,0.028921463949634525,True,0.0030335187911987305,0.18603753617956262,True,0.0004715919494628906,PASS,1,Prediction should remain approximately consistent under composite transformations.,Consistent,0.07333333333333333
CompositeRelation,1.15,-1.63059401512146,-1.6280710697174072,0.0025229454040527344,0.15472544565977378,True,0.0030335187911987305,0.18603753617956262,True,0.0025229454040527344,PASS,1,Prediction should remain approximately consistent under composite transformations.,Consistent,0.07333333333333333
CompositeRelation,1.5,-1.63059401512146,-1.6304885149002075,0.0001055002212524414,0.006470044387114902,True,0.0030335187911987305,0.18603753617956262,True,0.0001055002212524414,PASS,1,Prediction should remain approximately consistent under composite transformations.,Consistent,0.07333333333333333
ContrastRelation,0.1,-1.63059401512146,-1.6307319402694702,0.0001379251480102539,0.00845857780326773,True,0.0006775856018066406,0.041554499769899556,True,0.0001379251480102539,PASS,1,Contrast change should not significantly affect output.,Consistent,0.07333333333333333
ContrastRelation,1.075,-1.63059401512146,-1.630593180656433,8.344650268554688e-07,5.11754923274625e-05,True,0.0006775856018066406,0.041554499769899556,True,8.344650268554688e-07,PASS,1,Contrast change should not significantly affect output.,Consistent,0.07333333333333333
ContrastRelation,2.05,-1.63059401512146,-1.6304899454116821,0.00010406970977783203,0.006382314971696395,True,0.0006775856018066406,0.041554499769899556,True,0.00010406970977783203,PASS,1,Contrast change should not significantly affect output.,Consistent,0.07333333333333333
ContrastRelation,3.025,-1.63059401512146,-1.6300543546676636,0.0005396604537963867,0.033095921966631824,True,0.0006775856018066406,0.041554499769899556,True,0.0005396604537963867,PASS,1,Contrast change should not significantly affect output.,Consistent,0.07333333333333333
ContrastRelation,4.0,-1.63059401512146,-1.630353331565857,0.00024068355560302734,0.014760474144163828,True,0.0006775856018066406,0.041554499769899556,True,0.00024068355560302734,PASS,1,Contrast change should not significantly affect output.,Consistent,0.07333333333333333
DarkVisibilityRelation,0.05,-1.63059401512146,-1.635810375213623,0.005216360092163086,0.3199053133235863,True,0.005217790603637695,0.31999304273900486,True,0.005216360092163086,PASS,1,Output should not change drastically under visibility degradation.,Consistent,0.07333333333333333
DarkVisibilityRelation,0.4125,-1.63059401512146,-1.6353498697280884,0.004755854606628418,0.2916637523434452,True,0.005217790603637695,0.31999304273900486,True,0.004755854606628418,PASS,1,Output should not change drastically under visibility degradation.,Consistent,0.07333333333333333
DarkVisibilityRelation,0.775,-1.63059401512146,-1.63528573513031,0.004691720008850098,0.28773055021884886,True,0.005217790603637695,0.31999304273900486,True,0.004691720008850098,PASS,1,Output should not change drastically under visibility degradation.,Consistent,0.07333333333333333
DarkVisibilityRelation,1.1375,-1.63059401512146,-1.6305925846099854,1.430511474609375e-06,8.772941541850716e-05,True,0.005217790603637695,0.31999304273900486,True,1.430511474609375e-06,PASS,1,Output should not change drastically under visibility degradation.,Consistent,0.07333333333333333
DarkVisibilityRelation,1.5,-1.63059401512146,-1.630608320236206,1.430511474609375e-05,0.0008772941541850714,True,0.005217790603637695,0.31999304273900486,True,1.430511474609375e-05,PASS,1,Output should not change drastically under visibility degradation.,Consistent,0.07333333333333333
DustRelation,0.0,-1.63059401512146,-1.63059401512146,0.0,0.0,True,0.00030422210693359375,0.018657122345669186,True,0.0,PASS,1,Dust should not significantly affect prediction.,Consistent,0.07333333333333333
DustRelation,0.375,-1.63059401512146,-1.630609393119812,1.537799835205078e-05,0.0009430912157489518,True,0.00030422210693359375,0.018657122345669186,True,1.537799835205078e-05,PASS,1,Dust should not significantly affect prediction.,Consistent,0.07333333333333333
DustRelation,0.75,-1.63059401512146,-1.6308982372283936,0.00030422210693359375,0.018657122345669186,True,0.00030422210693359375,0.018657122345669186,True,0.00030422210693359375,PASS,1,Dust should not significantly affect prediction.,Consistent,0.07333333333333333
DustRelation,1.125,-1.63059401512146,-1.6307156085968018,0.00012159347534179688,0.007457000310573107,True,0.00030422210693359375,0.018657122345669186,True,0.00012159347534179688,PASS,1,Dust should not significantly affect prediction.,Consistent,0.07333333333333333
DustRelation,1.5,-1.63059401512146,-1.630792498588562,0.00019848346710205078,0.012172456389317866,True,0.00030422210693359375,0.018657122345669186,True,0.00019848346710205078,PASS,1,Dust should not significantly affect prediction.,Consistent,0.07333333333333333
FogRelation,0.0,-1.63059401512146,-1.6306612491607666,6.723403930664062e-05,0.004123282524669836,True,0.001729726791381836,0.10607948481021155,True,6.723403930664062e-05,PASS,1,Fog should not significantly affect prediction.,Consistent,0.07333333333333333
FogRelation,0.375,-1.63059401512146,-1.6314404010772705,0.0008463859558105469,0.051906570789283395,True,0.001729726791381836,0.10607948481021155,True,0.0008463859558105469,PASS,1,Fog should not significantly affect prediction.,Consistent,0.07333333333333333
FogRelation,0.75,-1.63059401512146,-1.6319375038146973,0.0013434886932373047,0.08239254264721463,True,0.001729726791381836,0.10607948481021155,True,0.0013434886932373047,PASS,1,Fog should not significantly affect prediction.,Consistent,0.07333333333333333
FogRelation,1.125,-1.63059401512146,-1.632232666015625,0.001638650894165039,0.10049404536189993,True,0.001729726791381836,0.10607948481021155,True,0.001638650894165039,PASS,1,Fog should not significantly affect prediction.,Consistent,0.07333333333333333
FogRelation,1.5,-1.63059401512146,-1.6323909759521484,0.0017969608306884766,0.1102027673348814,True,0.001729726791381836,0.10607948481021155,True,0.0017969608306884766,PASS,1,Fog should not significantly affect prediction.,Consistent,0.07333333333333333
HazeRelation,0.0,-1.63059401512146,-1.63059401512146,0.0,0.0,True,0.0011210441589355469,0.06875061854963677,True,0.0,PASS,1,Haze should not significantly affect prediction.,Consistent,0.07333333333333333
HazeRelation,0.375,-1.63059401512146,-1.6303240060806274,0.00027000904083251953,0.016558927160243226,True,0.0011210441589355469,0.06875061854963677,True,0.00027000904083251953,PASS,1,Haze should not significantly affect prediction.,Consistent,0.07333333333333333
HazeRelation,0.75,-1.63059401512146,-1.6300432682037354,0.0005507469177246094,0.03377582493612525,True,0.0011210441589355469,0.06875061854963677,True,0.0005507469177246094,PASS,1,Haze should not significantly affect prediction.,Consistent,0.07333333333333333
HazeRelation,1.125,-1.63059401512146,-1.6297574043273926,0.0008366107940673828,0.05130708645059026,True,0.0011210441589355469,0.06875061854963677,True,0.0008366107940673828,PASS,1,Haze should not significantly affect prediction.,Consistent,0.07333333333333333
HazeRelation,1.5,-1.63059401512146,-1.6294729709625244,0.0011210441589355469,0.06875061854963677,True,0.0011210441589355469,0.06875061854963677,True,0.0011210441589355469,PASS,1,Haze should not significantly affect prediction.,Consistent,0.07333333333333333
NoiseRelation,0.0,-1.63059401512146,-1.6305657625198364,2.8252601623535156e-05,0.0017326559545155162,True,0.0014078617095947266,0.08634036634104746,True,2.8252601623535156e-05,PASS,1,Noise should not significantly affect prediction.,Consistent,0.07333333333333333
NoiseRelation,37.5,-1.63059401512146,-1.6309006214141846,0.0003066062927246094,0.018803338038033364,True,0.0014078617095947266,0.08634036634104746,True,0.0003066062927246094,PASS,1,Noise should not significantly affect prediction.,Consistent,0.07333333333333333
NoiseRelation,75.0,-1.63059401512146,-1.630213737487793,0.0003802776336669922,0.023321402932086482,True,0.0014078617095947266,0.08634036634104746,True,0.0003802776336669922,PASS,1,Noise should not significantly affect prediction.,Consistent,0.07333333333333333
NoiseRelation,112.5,-1.63059401512146,-1.6312823295593262,0.0006883144378662109,0.04221247038553835,True,0.0014078617095947266,0.08634036634104746,True,0.0006883144378662109,PASS,1,Noise should not significantly affect prediction.,Consistent,0.07333333333333333
NoiseRelation,150.0,-1.63059401512146,-1.6316215991973877,0.0010275840759277344,0.06301896340896097,True,0.0014078617095947266,0.08634036634104746,True,0.0010275840759277344,PASS,1,Noise should not significantly affect prediction.,Consistent,0.07333333333333333
RainRelation,0.0,-1.63059401512146,-1.63059401512146,0.0,0.0,True,0.0029119253158569336,0.17858053586898953,True,0.0,PASS,1,Rain should not significantly affect prediction.,Consistent,0.07333333333333333
RainRelation,0.375,-1.63059401512146,-1.6327481269836426,0.002154111862182617,0.13210587805103535,True,0.0029119253158569336,0.17858053586898953,True,0.002154111862182617,PASS,1,Rain should not significantly affect prediction.,Consistent,0.07333333333333333
RainRelation,0.75,-1.63059401512146,-1.6326016187667847,0.002007603645324707,0.12312092375525657,True,0.0029119253158569336,0.17858053586898953,True,0.002007603645324707,PASS,1,Rain should not significantly affect prediction.,Consistent,0.07333333333333333
RainRelation,1.125,-1.63059401512146,-1.633505940437317,0.0029119253158569336,0.17858053586898953,True,0.0029119253158569336,0.17858053586898953,True,0.0029119253158569336,PASS,1,Rain should not significantly affect prediction.,Consistent,0.07333333333333333
RainRelation,1.5,-1.63059401512146,-1.6333949565887451,0.0028009414672851562,0.171774195389437,True,0.0029119253158569336,0.17858053586898953,True,0.0028009414672851562,PASS,1,Rain should not significantly affect prediction.,Consistent,0.07333333333333333
RotationRelation,-60.0,-1.63059401512146,-1.6305221319198608,7.18832015991211e-05,0.004408403124779984,True,0.0006127357482910156,0.03757743293759389,True,7.18832015991211e-05,PASS,1,Small rotation should not significantly change output.,Consistent,0.07333333333333333
RotationRelation,-30.0,-1.63059401512146,-1.6306252479553223,3.123283386230469e-05,0.0019154255699707393,True,0.0006127357482910156,0.03757743293759389,True,3.123283386230469e-05,PASS,1,Small rotation should not significantly change output.,Consistent,0.07333333333333333
RotationRelation,0.0,-1.63059401512146,-1.6305952072143555,1.1920928955078125e-06,7.310784618208929e-05,True,0.0006127357482910156,0.03757743293759389,True,1.1920928955078125e-06,PASS,1,Small rotation should not significantly change output.,Consistent,0.07333333333333333
RotationRelation,30.0,-1.63059401512146,-1.6306657791137695,7.176399230957031e-05,0.004401092340161775,True,0.0006127357482910156,0.03757743293759389,True,7.176399230957031e-05,PASS,1,Small rotation should not significantly change output.,Consistent,0.07333333333333333
RotationRelation,60.0,-1.63059401512146,-1.6311348676681519,0.0005408525466918945,0.033169029812813916,True,0.0006127357482910156,0.03757743293759389,True,0.0005408525466918945,PASS,1,Small rotation should not significantly change output.,Consistent,0.07333333333333333
SandstormRelation,0.0,-1.63059401512146,-1.6306356191635132,4.1604042053222656e-05,0.0025514638317549166,True,0.0009175539016723633,0.05627110920635413,True,4.1604042053222656e-05,PASS,1,Sandstorm should not significantly affect prediction.,Consistent,0.07333333333333333
SandstormRelation,0.375,-1.63059401512146,-1.6310111284255981,0.0004171133041381836,0.025580435379113045,True,0.0009175539016723633,0.05627110920635413,True,0.0004171133041381836,PASS,1,Sandstorm should not significantly affect prediction.,Consistent,0.07333333333333333
SandstormRelation,0.75,-1.63059401512146,-1.6313362121582031,0.0007421970367431641,0.04551694503296879,True,0.0009175539016723633,0.05627110920635413,True,0.0007421970367431641,PASS,1,Sandstorm should not significantly affect prediction.,Consistent,0.07333333333333333
SandstormRelation,1.125,-1.63059401512146,-1.631468653678894,0.000874638557434082,0.05363922674379891,True,0.0009175539016723633,0.05627110920635413,True,0.000874638557434082,PASS,1,Sandstorm should not significantly affect prediction.,Consistent,0.07333333333333333
SandstormRelation,1.5,-1.63059401512146,-1.6315531730651855,0.0009591579437255859,0.05882257303810904,True,0.0009175539016723633,0.05627110920635413,True,0.0009591579437255859,PASS,1,Sandstorm should not significantly affect prediction.,Consistent,0.07333333333333333
SmokeRelation,0.0,-1.63059401512146,-1.63059401512146,0.0,0.0,True,0.0018787384033203125,0.11521796558297273,True,0.0,PASS,1,Smoke should not significantly affect prediction.,Consistent,0.07333333333333333
SmokeRelation,0.375,-1.63059401512146,-1.6301370859146118,0.00045692920684814453,0.02802223744159482,True,0.0018787384033203125,0.11521796558297273,True,0.00045692920684814453,PASS,1,Smoke should not significantly affect prediction.,Consistent,0.07333333333333333
SmokeRelation,0.75,-1.63059401512146,-1.629663348197937,0.0009306669235229492,0.05707529551435711,True,0.0018787384033203125,0.11521796558297273,True,0.0009306669235229492,PASS,1,Smoke should not significantly affect prediction.,Consistent,0.07333333333333333
SmokeRelation,1.125,-1.63059401512146,-1.6295044422149658,0.0010895729064941406,0.06682057141042962,True,0.0018787384033203125,0.11521796558297273,True,0.0010895729064941406,PASS,1,Smoke should not significantly affect prediction.,Consistent,0.07333333333333333
SmokeRelation,1.5,-1.63059401512146,-1.6287152767181396,0.0018787384033203125,0.11521796558297273,True,0.0018787384033203125,0.11521796558297273,True,0.0018787384033203125,PASS,1,Smoke should not significantly affect prediction.,Consistent,0.07333333333333333
SnowRelation,0.0,-1.63059401512146,-1.63059401512146,0.0,0.0,True,0.0006173849105834961,0.03786255353770404,True,0.0,PASS,1,Snow should not significantly affect prediction.,Consistent,0.07333333333333333
SnowRelation,0.375,-1.63059401512146,-1.6306532621383667,5.924701690673828e-05,0.0036334599552498375,True,0.0006173849105834961,0.03786255353770404,True,5.924701690673828e-05,PASS,1,Snow should not significantly affect prediction.,Consistent,0.07333333333333333
SnowRelation,0.75,-1.63059401512146,-1.6303021907806396,0.0002918243408203125,0.017896800745375457,True,0.0006173849105834961,0.03786255353770404,True,0.0002918243408203125,PASS,1,Snow should not significantly affect prediction.,Consistent,0.07333333333333333
SnowRelation,1.125,-1.63059401512146,-1.6300787925720215,0.0005152225494384766,0.031597211119898994,True,0.0006173849105834961,0.03786255353770404,True,0.0005152225494384766,PASS,1,Snow should not significantly affect prediction.,Consistent,0.07333333333333333
SnowRelation,1.5,-1.63059401512146,-1.630696177482605,0.00010216236114501953,0.006265342417805053,True,0.0006173849105834961,0.03786255353770404,True,0.00010216236114501953,PASS,1,Snow should not significantly affect prediction.,Consistent,0.07333333333333333
TranslationRelation,0.0,-1.63059401512146,-1.630671501159668,7.748603820800781e-05,0.004752010001835803,True,0.0028859376907348633,0.17698678482221997,True,7.748603820800781e-05,PASS,1,Small translation should preserve prediction consistency.,Consistent,0.07333333333333333
TranslationRelation,20.0,-1.63059401512146,-1.6311674118041992,0.0005733966827392578,0.03516487401358495,True,0.0028859376907348633,0.17698678482221997,True,0.0005733966827392578,PASS,1,Small translation should preserve prediction consistency.,Consistent,0.07333333333333333
TranslationRelation,40.0,-1.63059401512146,-1.6330254077911377,0.0024313926696777344,0.14911076307298932,True,0.0028859376907348633,0.17698678482221997,True,0.0024313926696777344,PASS,1,Small translation should preserve prediction consistency.,Consistent,0.07333333333333333
TranslationRelation,60.0,-1.63059401512146,-1.6301394701004028,0.0004545450210571289,0.027876021749230647,True,0.0028859376907348633,0.17698678482221997,True,0.0004545450210571289,PASS,1,Small translation should preserve prediction consistency.,Consistent,0.07333333333333333
TranslationRelation,80.0,-1.63059401512146,-1.632161259651184,0.001567244529724121,0.09611488537559279,True,0.0028859376907348633,0.17698678482221997,True,0.001567244529724121,PASS,1,Small translation should preserve prediction consistency.,Consistent,0.07333333333333333
DarkVisibilityRelation,0.05,-1.63059401512146,-1.6304839849472046,0.0001100301742553711,0.006747854202606842,True,0.0024129152297973633,0.14797759145716693,True,0.0001100301742553711,PASS,1,Output should not change drastically under visibility degradation.,Consistent,0.07333333333333333
DarkVisibilityRelation,0.4125,-1.63059401512146,-1.629571795463562,0.0010222196578979492,0.06268997810114157,True,0.0024129152297973633,0.14797759145716693,True,0.0010222196578979492,PASS,1,Output should not change drastically under visibility degradation.,Consistent,0.07333333333333333
DarkVisibilityRelation,0.775,-1.63059401512146,-1.628685474395752,0.0019085407257080078,0.11704566173752495,True,0.0024129152297973633,0.14797759145716693,True,0.0019085407257080078,PASS,1,Output should not change drastically under visibility degradation.,Consistent,0.07333333333333333
DarkVisibilityRelation,1.1375,-1.63059401512146,-1.6291887760162354,0.0014052391052246094,0.08617952907944686,True,0.0024129152297973633,0.14797759145716693,True,0.0014052391052246094,PASS,1,Output should not change drastically under visibility degradation.,Consistent,0.07333333333333333
DarkVisibilityRelation,1.5,-1.63059401512146,-1.6280710697174072,0.0025229454040527344,0.15472544565977378,True,0.0024129152297973633,0.14797759145716693,True,0.0025229454040527344,PASS,1,Output should not change drastically under visibility degradation.,Consistent,0.07333333333333333
TemporalSmoothnessRelation,0.0,-1.630487322807312,-1.63059401512146,0.00010669231414794922,0.0,True,,,,0.00010669231414794922,PASS,1,Predictions should change smoothly across consecutive frames.,Consistent,0.07333333333333333
BlurRelation,1.0,-1.6306160688400269,-1.6306487321853638,3.266334533691406e-05,0.0020031278931815556,True,0.0004481077194213867,0.02748086770244331,True,3.266334533691406e-05,PASS,2,Blur should not significantly change output.,Consistent,0.07333333333333333
BlurRelation,8.5,-1.6306160688400269,-1.6306411027908325,2.5033950805664062e-05,0.00153524400572309,True,0.0004481077194213867,0.02748086770244331,True,2.5033950805664062e-05,PASS,2,Blur should not significantly change output.,Consistent,0.07333333333333333
BlurRelation,16.0,-1.6306160688400269,-1.6307135820388794,9.751319885253906e-05,0.005980140936578513,True,0.0004481077194213867,0.02748086770244331,True,9.751319885253906e-05,PASS,2,Blur should not significantly change output.,Consistent,0.07333333333333333
BlurRelation,23.5,-1.6306160688400269,-1.631089210510254,0.0004731416702270508,0.0290161117081664,True,0.0004481077194213867,0.02748086770244331,True,0.0004731416702270508,PASS,2,Blur should not significantly change output.,Consistent,0.07333333333333333
BlurRelation,31.0,-1.6306160688400269,-1.6306431293487549,2.7060508728027344e-05,0.001659525663329245,True,0.0004481077194213867,0.02748086770244331,True,2.7060508728027344e-05,PASS,2,Blur should not significantly change output.,Consistent,0.07333333333333333
BrightnessRelation,0.1,-1.6306160688400269,-1.6313432455062866,0.0007271766662597656,0.04459518302338499,True,0.006048679351806641,0.3709441945256647,True,0.0007271766662597656,PASS,2,Output should remain approximately same under localized brightness change.,Consistent,0.07333333333333333
BrightnessRelation,0.825,-1.6306160688400269,-1.6321008205413818,0.0014847517013549805,0.09105459091086232,True,0.006048679351806641,0.3709441945256647,True,0.0014847517013549805,PASS,2,Output should remain approximately same under localized brightness change.,Consistent,0.07333333333333333
BrightnessRelation,1.55,-1.6306160688400269,-1.6260521411895752,0.00456392765045166,0.27988960361480236,True,0.006048679351806641,0.3709441945256647,True,0.00456392765045166,PASS,2,Output should remain approximately same under localized brightness change.,Consistent,0.07333333333333333
BrightnessRelation,2.275,-1.6306160688400269,-1.6298497915267944,0.0007662773132324219,0.046993087946609634,True,0.006048679351806641,0.3709441945256647,True,0.0007662773132324219,PASS,2,Output should remain approximately same under localized brightness change.,Consistent,0.07333333333333333
BrightnessRelation,3.0,-1.6306160688400269,-1.63162100315094,0.001004934310913086,0.06162908080116975,True,0.006048679351806641,0.3709441945256647,True,0.001004934310913086,PASS,2,Output should remain approximately same under localized brightness change.,Consistent,0.07333333333333333
CompositeRelation,0.1,-1.6306160688400269,-1.6355663537979126,0.004950284957885742,0.30358353610312877,True,0.006942152976989746,0.42573778415849595,True,0.004950284957885742,PASS,2,Prediction should remain approximately consistent under composite transformations.,Consistent,0.07333333333333333
CompositeRelation,0.44999999999999996,-1.6306160688400269,-1.6331794261932373,0.0025633573532104492,0.15720167550030287,True,0.006942152976989746,0.42573778415849595,True,0.0025633573532104492,PASS,2,Prediction should remain approximately consistent under composite transformations.,Consistent,0.07333333333333333
CompositeRelation,0.7999999999999999,-1.6306160688400269,-1.6286242008209229,0.001991868019104004,0.12215424805536719,True,0.006942152976989746,0.42573778415849595,True,0.001991868019104004,PASS,2,Prediction should remain approximately consistent under composite transformations.,Consistent,0.07333333333333333
CompositeRelation,1.15,-1.6306160688400269,-1.6318978071212769,0.00128173828125,0.07860449309302221,True,0.006942152976989746,0.42573778415849595,True,0.00128173828125,PASS,2,Prediction should remain approximately consistent under composite transformations.,Consistent,0.07333333333333333
CompositeRelation,1.5,-1.6306160688400269,-1.6295677423477173,0.0010483264923095703,0.06429017041108978,True,0.006942152976989746,0.42573778415849595,True,0.0010483264923095703,PASS,2,Prediction should remain approximately consistent under composite transformations.,Consistent,0.07333333333333333
ContrastRelation,0.1,-1.6306160688400269,-1.6306357383728027,1.9669532775878906e-05,0.0012062631473538563,True,0.0005227327346801758,0.032057356976646426,True,1.9669532775878906e-05,PASS,2,Contrast change should not significantly affect output.,Consistent,0.07333333333333333
ContrastRelation,1.075,-1.6306160688400269,-1.6306402683258057,2.4199485778808594e-05,0.0014840692055323203,True,0.0005227327346801758,0.032057356976646426,True,2.4199485778808594e-05,PASS,2,Contrast change should not significantly affect output.,Consistent,0.07333333333333333
ContrastRelation,2.05,-1.6306160688400269,-1.6304781436920166,0.0001379251480102539,0.008458463402960071,True,0.0005227327346801758,0.032057356976646426,True,0.0001379251480102539,PASS,2,Contrast change should not significantly affect output.,Consistent,0.07333333333333333
ContrastRelation,3.025,-1.6306160688400269,-1.6306555271148682,3.9458274841308594e-05,0.002419836980449251,True,0.0005227327346801758,0.032057356976646426,True,3.9458274841308594e-05,PASS,2,Contrast change should not significantly affect output.,Consistent,0.07333333333333333
ContrastRelation,4.0,-1.6306160688400269,-1.6310008764266968,0.0003848075866699219,0.023598893573686355,True,0.0005227327346801758,0.032057356976646426,True,0.0003848075866699219,PASS,2,Contrast change should not significantly affect output.,Consistent,0.07333333333333333
DarkVisibilityRelation,0.05,-1.6306160688400269,-1.635826587677002,0.005210518836975098,0.3195427630769074,True,0.005209445953369141,0.3194769669052335,True,0.005210518836975098,PASS,2,Output should not change drastically under visibility degradation.,Consistent,0.07333333333333333
DarkVisibilityRelation,0.4125,-1.6306160688400269,-1.6338551044464111,0.0032390356063842773,0.19863864228334324,True,0.005209445953369141,0.3194769669052335,True,0.0032390356063842773,PASS,2,Output should not change drastically under visibility degradation.,Consistent,0.07333333333333333
DarkVisibilityRelation,0.775,-1.6306160688400269,-1.6334878206253052,0.0028717517852783203,0.17611441951366305,True,0.005209445953369141,0.3194769669052335,True,0.0028717517852783203,PASS,2,Output should not change drastically under visibility degradation.,Consistent,0.07333333333333333
DarkVisibilityRelation,1.1375,-1.6306160688400269,-1.6306171417236328,1.0728836059570312e-06,6.579617167384672e-05,True,0.005209445953369141,0.3194769669052335,True,1.0728836059570312e-06,PASS,2,Output should not change drastically under visibility degradation.,Consistent,0.07333333333333333
DarkVisibilityRelation,1.5,-1.6306160688400269,-1.6306267976760864,1.0728836059570312e-05,0.0006579617167384672,True,0.005209445953369141,0.3194769669052335,True,1.0728836059570312e-05,PASS,2,Output should not change drastically under visibility degradation.,Consistent,0.07333333333333333
DustRelation,0.0,-1.6306160688400269,-1.6306160688400269,0.0,0.0,True,0.00021255016326904297,0.013034952677163189,True,0.0,PASS,2,Dust should not significantly affect prediction.,Consistent,0.07333333333333333
DustRelation,0.375,-1.6306160688400269,-1.6306039094924927,1.2159347534179688e-05,0.0007456899456369293,True,0.00021255016326904297,0.013034952677163189,True,1.2159347534179688e-05,PASS,2,Dust should not significantly affect prediction.,Consistent,0.07333333333333333
DustRelation,0.75,-1.6306160688400269,-1.6305851936340332,3.0875205993652344e-05,0.0018934676070584775,True,0.00021255016326904297,0.013034952677163189,True,3.0875205993652344e-05,PASS,2,Dust should not significantly affect prediction.,Consistent,0.07333333333333333
DustRelation,1.125,-1.6306160688400269,-1.6304872035980225,0.00012886524200439453,0.007902851286603145,True,0.00021255016326904297,0.013034952677163189,True,0.00012886524200439453,PASS,2,Dust should not significantly affect prediction.,Consistent,0.07333333333333333
DustRelation,1.5,-1.6306160688400269,-1.6304035186767578,0.00021255016326904297,0.013034952677163189,True,0.00021255016326904297,0.013034952677163189,True,0.00021255016326904297,PASS,2,Dust should not significantly affect prediction.,Consistent,0.07333333333333333
FogRelation,0.0,-1.6306160688400269,-1.6306414604187012,2.5391578674316406e-05,0.0015571760629477054,True,0.0024341344833374023,0.1492768921564751,True,2.5391578674316406e-05,PASS,2,Fog should not significantly affect prediction.,Consistent,0.07333333333333333
FogRelation,0.375,-1.6306160688400269,-1.631798505783081,0.0011824369430541992,0.07251469187032061,True,0.0024341344833374023,0.1492768921564751,True,0.0011824369430541992,PASS,2,Fog should not significantly affect prediction.,Consistent,0.07333333333333333
FogRelation,0.75,-1.6306160688400269,-1.6324998140335083,0.0018837451934814453,0.11552345608779174,True,0.0024341344833374023,0.1492768921564751,True,0.0018837451934814453,PASS,2,Fog should not significantly affect prediction.,Consistent,0.07333333333333333
FogRelation,1.125,-1.6306160688400269,-1.6328924894332886,0.0022764205932617188,0.13960485492041963,True,0.0024341344833374023,0.1492768921564751,True,0.0022764205932617188,PASS,2,Fog should not significantly affect prediction.,Consistent,0.07333333333333333
FogRelation,1.5,-1.6306160688400269,-1.6330755949020386,0.0024595260620117188,0.1508340682194228,True,0.0024341344833374023,0.1492768921564751,True,0.0024595260620117188,PASS,2,Fog should not significantly affect prediction.,Consistent,0.07333333333333333
HazeRelation,0.0,-1.6306160688400269,-1.6306160688400269,0.0,0.0,True,0.0011278390884399414,0.06916639780069597,True,0.0,PASS,2,Haze should not significantly affect prediction.,Consistent,0.07333333333333333
HazeRelation,0.375,-1.6306160688400269,-1.6303476095199585,0.0002684593200683594,0.016463664289944755,True,0.0011278390884399414,0.06916639780069597,True,0.0002684593200683594,PASS,2,Haze should not significantly affect prediction.,Consistent,0.07333333333333333
HazeRelation,0.75,-1.6306160688400269,-1.6300604343414307,0.0005556344985961914,0.034075106241311055,True,0.0011278390884399414,0.06916639780069597,True,0.0005556344985961914,PASS,2,Haze should not significantly affect prediction.,Consistent,0.07333333333333333
HazeRelation,1.125,-1.6306160688400269,-1.6297755241394043,0.0008405447006225586,0.05154764516358813,True,0.0011278390884399414,0.06916639780069597,True,0.0008405447006225586,PASS,2,Haze should not significantly affect prediction.,Consistent,0.07333333333333333
HazeRelation,1.5,-1.6306160688400269,-1.629488229751587,0.0011278390884399414,0.06916639780069597,True,0.0011278390884399414,0.06916639780069597,True,0.0011278390884399414,PASS,2,Haze should not significantly affect prediction.,Consistent,0.07333333333333333
NoiseRelation,0.0,-1.6306160688400269,-1.6306036710739136,1.239776611328125e-05,0.0007603113171200064,True,0.001963496208190918,0.12041430484888102,True,1.239776611328125e-05,PASS,2,Noise should not significantly affect prediction.,Consistent,0.07333333333333333
NoiseRelation,37.5,-1.6306160688400269,-1.6311063766479492,0.0004903078079223633,0.03006885045494795,True,0.001963496208190918,0.12041430484888102,True,0.0004903078079223633,PASS,2,Noise should not significantly affect prediction.,Consistent,0.07333333333333333
NoiseRelation,75.0,-1.6306160688400269,-1.630177617073059,0.00043845176696777344,0.02688870215737869,True,0.001963496208190918,0.12041430484888102,True,0.00043845176696777344,PASS,2,Noise should not significantly affect prediction.,Consistent,0.07333333333333333
NoiseRelation,112.5,-1.6306160688400269,-1.63214111328125,0.0015250444412231445,0.09352560269150234,True,0.001963496208190918,0.12041430484888102,True,0.0015250444412231445,PASS,2,Noise should not significantly affect prediction.,Consistent,0.07333333333333333
NoiseRelation,150.0,-1.6306160688400269,-1.6318336725234985,0.0012176036834716797,0.07467134416407448,True,0.001963496208190918,0.12041430484888102,True,0.0012176036834716797,PASS,2,Noise should not significantly affect prediction.,Consistent,0.07333333333333333
RainRelation,0.0,-1.6306160688400269,-1.6306160688400269,0.0,0.0,True,0.00290071964263916,0.1778909161488569,True,0.0,PASS,2,Rain should not significantly affect prediction.,Consistent,0.07333333333333333
RainRelation,0.375,-1.6306160688400269,-1.632628321647644,0.0020122528076171875,0.12340437531717027,True,0.00290071964263916,0.1778909161488569,True,0.0020122528076171875,PASS,2,Rain should not significantly affect prediction.,Consistent,0.07333333333333333
RainRelation,0.75,-1.6306160688400269,-1.633516788482666,0.00290071964263916,0.1778909161488569,True,0.00290071964263916,0.1778909161488569,True,0.00290071964263916,PASS,2,Rain should not significantly affect prediction.,Consistent,0.07333333333333333
RainRelation,1.125,-1.6306160688400269,-1.633312463760376,0.002696394920349121,0.16536040078785988,True,0.00290071964263916,0.1778909161488569,True,0.002696394920349121,PASS,2,Rain should not significantly affect prediction.,Consistent,0.07333333333333333
RainRelation,1.5,-1.6306160688400269,-1.6331062316894531,0.0024901628494262695,0.1527129144549982,True,0.00290071964263916,0.1778909161488569,True,0.0024901628494262695,PASS,2,Rain should not significantly affect prediction.,Consistent,0.07333333333333333
RotationRelation,-60.0,-1.6306160688400269,-1.6311352252960205,0.0005191564559936523,0.03183803640440027,True,0.0007781982421875,0.04772415652076348,True,0.0005191564559936523,PASS,2,Small rotation should not significantly change output.,Consistent,0.07333333333333333
RotationRelation,-30.0,-1.6306160688400269,-1.6310428380966187,0.0004267692565917969,0.026172254954707916,True,0.0007781982421875,0.04772415652076348,True,0.0004267692565917969,PASS,2,Small rotation should not significantly change output.,Consistent,0.07333333333333333
RotationRelation,0.0,-1.6306160688400269,-1.6306161880493164,1.1920928955078125e-07,7.310685741538524e-06,True,0.0007781982421875,0.04772415652076348,True,1.1920928955078125e-07,PASS,2,Small rotation should not significantly change output.,Consistent,0.07333333333333333
RotationRelation,30.0,-1.6306160688400269,-1.630357027053833,0.00025904178619384766,0.01588612011636321,True,0.0007781982421875,0.04772415652076348,True,0.00025904178619384766,PASS,2,Small rotation should not significantly change output.,Consistent,0.07333333333333333
RotationRelation,60.0,-1.6306160688400269,-1.6308724880218506,0.00025641918182373047,0.015725285030049364,True,0.0007781982421875,0.04772415652076348,True,0.00025641918182373047,PASS,2,Small rotation should not significantly change output.,Consistent,0.07333333333333333
SandstormRelation,0.0,-1.6306160688400269,-1.6306403875350952,2.4318695068359375e-05,0.0014913798912738587,True,0.0015734434127807617,0.09649374110256696,True,2.4318695068359375e-05,PASS,2,Sandstorm should not significantly affect prediction.,Consistent,0.07333333333333333
SandstormRelation,0.375,-1.6306160688400269,-1.6312308311462402,0.0006147623062133789,0.03770120636911417,True,0.0015734434127807617,0.09649374110256696,True,0.0006147623062133789,PASS,2,Sandstorm should not significantly affect prediction.,Consistent,0.07333333333333333
SandstormRelation,0.75,-1.6306160688400269,-1.6318778991699219,0.0012618303298950195,0.07738360857418528,True,0.0015734434127807617,0.09649374110256696,True,0.0012618303298950195,PASS,2,Sandstorm should not significantly affect prediction.,Consistent,0.07333333333333333
SandstormRelation,1.125,-1.6306160688400269,-1.632213830947876,0.001597762107849121,0.09798512099384084,True,0.0015734434127807617,0.09649374110256696,True,0.001597762107849121,PASS,2,Sandstorm should not significantly affect prediction.,Consistent,0.07333333333333333
SandstormRelation,1.5,-1.6306160688400269,-1.6321474313735962,0.001531362533569336,0.09391306903580388,True,0.0015734434127807617,0.09649374110256696,True,0.001531362533569336,PASS,2,Sandstorm should not significantly affect prediction.,Consistent,0.07333333333333333
SmokeRelation,0.0,-1.6306160688400269,-1.6306160688400269,0.0,0.0,True,0.0018962621688842773,0.11629107809065328,True,0.0,PASS,2,Smoke should not significantly affect prediction.,Consistent,0.07333333333333333
SmokeRelation,0.375,-1.6306160688400269,-1.630180835723877,0.00043523311614990234,0.02669131364235715,True,0.0018962621688842773,0.11629107809065328,True,0.00043523311614990234,PASS,2,Smoke should not significantly affect prediction.,Consistent,0.07333333333333333
SmokeRelation,0.75,-1.6306160688400269,-1.629780888557434,0.0008351802825927734,0.051218664305218896,True,0.0018962621688842773,0.11629107809065328,True,0.0008351802825927734,PASS,2,Smoke should not significantly affect prediction.,Consistent,0.07333333333333333
SmokeRelation,1.125,-1.6306160688400269,-1.6293643712997437,0.0012516975402832031,0.0767622002861545,True,0.0018962621688842773,0.11629107809065328,True,0.0012516975402832031,PASS,2,Smoke should not significantly affect prediction.,Consistent,0.07333333333333333
SmokeRelation,1.5,-1.6306160688400269,-1.6287198066711426,0.0018962621688842773,0.11629107809065328,True,0.0018962621688842773,0.11629107809065328,True,0.0018962621688842773,PASS,2,Smoke should not significantly affect prediction.,Consistent,0.07333333333333333
SnowRelation,0.0,-1.6306160688400269,-1.6306160688400269,0.0,0.0,True,0.0008422136306762695,0.05164999476396966,True,0.0,PASS,2,Snow should not significantly affect prediction.,Consistent,0.07333333333333333
SnowRelation,0.375,-1.6306160688400269,-1.6305286884307861,8.738040924072266e-05,0.005358732648547738,True,0.0008422136306762695,0.05164999476396966,True,8.738040924072266e-05,PASS,2,Snow should not significantly affect prediction.,Consistent,0.07333333333333333
SnowRelation,0.75,-1.6306160688400269,-1.6306674480438232,5.137920379638672e-05,0.0031509055546031037,True,0.0008422136306762695,0.05164999476396966,True,5.137920379638672e-05,PASS,2,Snow should not significantly affect prediction.,Consistent,0.07333333333333333
SnowRelation,1.125,-1.6306160688400269,-1.629825234413147,0.0007908344268798828,0.04849908920936657,True,0.0008422136306762695,0.05164999476396966,True,0.0007908344268798828,PASS,2,Snow should not significantly affect prediction.,Consistent,0.07333333333333333
SnowRelation,1.5,-1.6306160688400269,-1.6301218271255493,0.0004942417144775391,0.03031010308441872,True,0.0008422136306762695,0.05164999476396966,True,0.0004942417144775391,PASS,2,Snow should not significantly affect prediction.,Consistent,0.07333333333333333
TranslationRelation,0.0,-1.6306160688400269,-1.6306018829345703,1.4185905456542969e-05,0.0008699716032430843,True,0.0023511648178100586,0.1441886548803643,True,1.4185905456542969e-05,PASS,2,Small translation should preserve prediction consistency.,Consistent,0.07333333333333333
TranslationRelation,20.0,-1.6306160688400269,-1.6312050819396973,0.0005890130996704102,0.036122098248941845,True,0.0023511648178100586,0.1441886548803643,True,0.0005890130996704102,PASS,2,Small translation should preserve prediction consistency.,Consistent,0.07333333333333333
TranslationRelation,40.0,-1.6306160688400269,-1.6325217485427856,0.001905679702758789,0.11686862226423483,True,0.0023511648178100586,0.1441886548803643,True,0.001905679702758789,PASS,2,Small translation should preserve prediction consistency.,Consistent,0.07333333333333333
TranslationRelation,60.0,-1.6306160688400269,-1.6310534477233887,0.0004373788833618164,0.026822905985704845,True,0.0023511648178100586,0.1441886548803643,True,0.0004373788833618164,PASS,2,Small translation should preserve prediction consistency.,Consistent,0.07333333333333333
TranslationRelation,80.0,-1.6306160688400269,-1.6329530477523804,0.0023369789123535156,0.14331868327712122,True,0.0023511648178100586,0.1441886548803643,True,0.0023369789123535156,PASS,2,Small translation should preserve prediction consistency.,Consistent,0.07333333333333333
DarkVisibilityRelation,0.05,-1.6306160688400269,-1.6305029392242432,0.0001131296157836914,0.00693784076872006,True,0.00741422176361084,0.4546880996949885,True,0.0001131296157836914,PASS,2,Output should not change drastically under visibility degradation.,Consistent,0.07333333333333333
DarkVisibilityRelation,0.4125,-1.6306160688400269,-1.6295866966247559,0.001029372215270996,0.06312777137818515,True,0.00741422176361084,0.4546880996949885,True,0.001029372215270996,PASS,2,Output should not change drastically under visibility degradation.,Consistent,0.07333333333333333
DarkVisibilityRelation,0.775,-1.6306160688400269,-1.635485291481018,0.004869222640991211,0.29861226979888256,True,0.00741422176361084,0.4546880996949885,True,0.004869222640991211,PASS,2,Output should not change drastically under visibility degradation.,Consistent,0.07333333333333333
DarkVisibilityRelation,1.1375,-1.6306160688400269,-1.6280721426010132,0.002543926239013672,0.15601003372443212,True,0.00741422176361084,0.4546880996949885,True,0.002543926239013672,PASS,2,Output should not change drastically under visibility degradation.,Consistent,0.07333333333333333
DarkVisibilityRelation,1.5,-1.6306160688400269,-1.6280710697174072,0.002544999122619629,0.15607582989610594,True,0.00741422176361084,0.4546880996949885,True,0.002544999122619629,PASS,2,Output should not change drastically under visibility degradation.,Consistent,0.07333333333333333
TemporalSmoothnessRelation,0.0,-1.630487322807312,-1.63059401512146,0.00010669231414794922,0.0,True,,,,0.00010669231414794922,PASS,2,Predictions should change smoothly across consecutive frames.,Consistent,0.07333333333333333
BlurRelation,1.0,-1.6298954486846924,-1.6297836303710938,0.00011181831359863281,0.006860455073012086,True,0.00020051002502441406,0.012302010056296726,True,0.00011181831359863281,PASS,3,Blur should not significantly change output.,Consistent,0.07333333333333333
BlurRelation,8.5,-1.6298954486846924,-1.629834532737732,6.091594696044922e-05,0.003737412092014047,True,0.00020051002502441406,0.012302010056296726,True,6.091594696044922e-05,PASS,3,Blur should not significantly change output.,Consistent,0.07333333333333333
BlurRelation,16.0,-1.6298954486846924,-1.6299225091934204,2.7060508728027344e-05,0.0016602593833408782,True,0.00020051002502441406,0.012302010056296726,True,2.7060508728027344e-05,PASS,3,Blur should not significantly change output.,Consistent,0.07333333333333333
BlurRelation,23.5,-1.6298954486846924,-1.6299841403961182,8.869171142578125e-05,0.00544155498328464,True,0.00020051002502441406,0.012302010056296726,True,8.869171142578125e-05,PASS,3,Blur should not significantly change output.,Consistent,0.07333333333333333
BlurRelation,31.0,-1.6298954486846924,-1.6298178434371948,7.76052474975586e-05,0.00476136061037406,True,0.00020051002502441406,0.012302010056296726,True,7.76052474975586e-05,PASS,3,Blur should not significantly change output.,Consistent,0.07333333333333333
BrightnessRelation,0.1,-1.6298954486846924,-1.6283427476882935,0.0015527009963989258,0.09526378179742263,True,0.005671262741088867,0.34795233437470896,True,0.0015527009963989258,PASS,3,Output should remain approximately same under localized brightness change.,Consistent,0.07333333333333333
BrightnessRelation,0.825,-1.6298954486846924,-1.6296364068984985,0.00025904178619384766,0.015893143788545058,True,0.005671262741088867,0.34795233437470896,True,0.00025904178619384766,PASS,3,Output should remain approximately same under localized brightness change.,Consistent,0.07333333333333333
BrightnessRelation,1.55,-1.6298954486846924,-1.6301519870758057,0.00025653839111328125,0.015739551510791056,True,0.005671262741088867,0.34795233437470896,True,0.00025653839111328125,PASS,3,Output should remain approximately same under localized brightness change.,Consistent,0.07333333333333333
BrightnessRelation,2.275,-1.6298954486846924,-1.6244807243347168,0.005414724349975586,0.3322127828639179,True,0.005671262741088867,0.34795233437470896,True,0.005414724349975586,PASS,3,Output should remain approximately same under localized brightness change.,Consistent,0.07333333333333333
BrightnessRelation,3.0,-1.6298954486846924,-1.625718355178833,0.004177093505859375,0.2562796863095346,True,0.005671262741088867,0.34795233437470896,True,0.004177093505859375,PASS,3,Output should remain approximately same under localized brightness change.,Consistent,0.07333333333333333
CompositeRelation,0.1,-1.6298954486846924,-1.6298617124557495,3.3736228942871094e-05,0.002069838790684883,True,0.006571173667907715,0.40316510126827854,True,3.3736228942871094e-05,PASS,3,Prediction should remain approximately consistent under composite transformations.,Consistent,0.07333333333333333
CompositeRelation,0.44999999999999996,-1.6298954486846924,-1.6320252418518066,0.002129793167114258,0.13067045877871422,True,0.006571173667907715,0.40316510126827854,True,0.002129793167114258,PASS,3,Prediction should remain approximately consistent under composite transformations.,Consistent,0.07333333333333333
CompositeRelation,0.7999999999999999,-1.6298954486846924,-1.6294615268707275,0.00043392181396484375,0.026622661477360334,True,0.006571173667907715,0.40316510126827854,True,0.00043392181396484375,PASS,3,Prediction should remain approximately consistent under composite transformations.,Consistent,0.07333333333333333
CompositeRelation,1.15,-1.6298954486846924,-1.628497838973999,0.0013976097106933594,0.0857483744946628,True,0.006571173667907715,0.40316510126827854,True,0.0013976097106933594,PASS,3,Prediction should remain approximately consistent under composite transformations.,Consistent,0.07333333333333333
CompositeRelation,1.5,-1.6298954486846924,-1.6350690126419067,0.0051735639572143555,0.3174167267736157,True,0.006571173667907715,0.40316510126827854,True,0.0051735639572143555,PASS,3,Prediction should remain approximately consistent under composite transformations.,Consistent,0.07333333333333333
ContrastRelation,0.1,-1.6298954486846924,-1.6300921440124512,0.00019669532775878906,0.012067964680671582,True,0.000743865966796875,0.04563884824690344,True,0.00019669532775878906,PASS,3,Contrast change should not significantly affect output.,Consistent,0.07333333333333333
ContrastRelation,1.075,-1.6298954486846924,-1.6298688650131226,2.658367156982422e-05,0.0016310037113877348,True,0.000743865966796875,0.04563884824690344,True,2.658367156982422e-05,PASS,3,Contrast change should not significantly affect output.,Consistent,0.07333333333333333
ContrastRelation,2.05,-1.6298954486846924,-1.6295044422149658,0.0003910064697265625,0.023989651001577444,True,0.000743865966796875,0.04563884824690344,True,0.0003910064697265625,PASS,3,Contrast change should not significantly affect output.,Consistent,0.07333333333333333
ContrastRelation,3.025,-1.6298954486846924,-1.6293482780456543,0.0005471706390380859,0.03357088356623185,True,0.000743865966796875,0.04563884824690344,True,0.0005471706390380859,PASS,3,Contrast change should not significantly affect output.,Consistent,0.07333333333333333
ContrastRelation,4.0,-1.6298954486846924,-1.6295995712280273,0.00029587745666503906,0.01815314444692537,True,0.000743865966796875,0.04563884824690344,True,0.00029587745666503906,PASS,3,Contrast change should not significantly affect output.,Consistent,0.07333333333333333
DarkVisibilityRelation,0.05,-1.6298954486846924,-1.634428858757019,0.00453341007232666,0.2781409871765209,True,0.005014896392822266,0.3076819019312073,True,0.00453341007232666,PASS,3,Output should not change drastically under visibility degradation.,Consistent,0.07333333333333333
DarkVisibilityRelation,0.4125,-1.6298954486846924,-1.6349154710769653,0.005020022392272949,0.3079964004047036,True,0.005014896392822266,0.3076819019312073,True,0.005020022392272949,PASS,3,Output should not change drastically under visibility degradation.,Consistent,0.07333333333333333
DarkVisibilityRelation,0.775,-1.6298954486846924,-1.6333566904067993,0.0034612417221069336,0.2123596087898784,True,0.005014896392822266,0.3076819019312073,True,0.0034612417221069336,PASS,3,Output should not change drastically under visibility degradation.,Consistent,0.07333333333333333
DarkVisibilityRelation,1.1375,-1.6298954486846924,-1.629900574684143,5.125999450683594e-06,0.00031449847349628967,True,0.005014896392822266,0.3076819019312073,True,5.125999450683594e-06,PASS,3,Output should not change drastically under visibility degradation.,Consistent,0.07333333333333333
DarkVisibilityRelation,1.5,-1.6298954486846924,-1.6299093961715698,1.3947486877441406e-05,0.0008557284046294394,True,0.005014896392822266,0.3076819019312073,True,1.3947486877441406e-05,PASS,3,Output should not change drastically under visibility degradation.,Consistent,0.07333333333333333
DustRelation,0.0,-1.6298954486846924,-1.6298954486846924,0.0,0.0,True,0.00019931793212890625,0.012228870876413868,True,0.0,PASS,3,Dust should not significantly affect prediction.,Consistent,0.07333333333333333
DustRelation,0.375,-1.6298954486846924,-1.6299000978469849,4.649162292480469e-06,0.0002852428015431465,True,0.00019931793212890625,0.012228870876413868,True,4.649162292480469e-06,PASS,3,Dust should not significantly affect prediction.,Consistent,0.07333333333333333
DustRelation,0.75,-1.6298954486846924,-1.6298986673355103,3.2186508178710938e-06,0.00019747578568371678,True,0.00019931793212890625,0.012228870876413868,True,3.2186508178710938e-06,PASS,3,Dust should not significantly affect prediction.,Consistent,0.07333333333333333
DustRelation,1.125,-1.6298954486846924,-1.6298104524612427,8.499622344970703e-05,0.00521482352564778,True,0.00019931793212890625,0.012228870876413868,True,8.499622344970703e-05,PASS,3,Dust should not significantly affect prediction.,Consistent,0.07333333333333333
DustRelation,1.5,-1.6298954486846924,-1.6300097703933716,0.00011432170867919922,0.007014047350766089,True,0.00019931793212890625,0.012228870876413868,True,0.00011432170867919922,PASS,3,Dust should not significantly affect prediction.,Consistent,0.07333333333333333
FogRelation,0.0,-1.6298954486846924,-1.629878044128418,1.7404556274414062e-05,0.0010678320262897277,True,0.000914454460144043,0.056105064888140425,True,1.7404556274414062e-05,PASS,3,Fog should not significantly affect prediction.,Consistent,0.07333333333333333
FogRelation,0.375,-1.6298954486846924,-1.6303460597991943,0.0004506111145019531,0.02764660999572035,True,0.000914454460144043,0.056105064888140425,True,0.0004506111145019531,PASS,3,Fog should not significantly affect prediction.,Consistent,0.07333333333333333
FogRelation,0.75,-1.6298954486846924,-1.6306151151657104,0.0007196664810180664,0.044154122895281415,True,0.000914454460144043,0.056105064888140425,True,0.0007196664810180664,PASS,3,Fog should not significantly affect prediction.,Consistent,0.07333333333333333
FogRelation,1.125,-1.6298954486846924,-1.6307491064071655,0.0008536577224731445,0.05237496671411466,True,0.000914454460144043,0.056105064888140425,True,0.0008536577224731445,PASS,3,Fog should not significantly affect prediction.,Consistent,0.07333333333333333
FogRelation,1.5,-1.6298954486846924,-1.630792498588562,0.0008970499038696289,0.05503723286185069,True,0.000914454460144043,0.056105064888140425,True,0.0008970499038696289,PASS,3,Fog should not significantly affect prediction.,Consistent,0.07333333333333333
HazeRelation,0.0,-1.6298954486846924,-1.6298954486846924,0.0,0.0,True,0.000805974006652832,0.049449399518800334,True,0.0,PASS,3,Haze should not significantly affect prediction.,Consistent,0.07333333333333333
HazeRelation,0.375,-1.6298954486846924,-1.6297017335891724,0.00019371509552001953,0.011885116730964436,True,0.000805974006652832,0.049449399518800334,True,0.00019371509552001953,PASS,3,Haze should not significantly affect prediction.,Consistent,0.07333333333333333
HazeRelation,0.75,-1.6298954486846924,-1.6294989585876465,0.00039649009704589844,0.02432609122903859,True,0.000805974006652832,0.049449399518800334,True,0.00039649009704589844,PASS,3,Haze should not significantly affect prediction.,Consistent,0.07333333333333333
HazeRelation,1.125,-1.6298954486846924,-1.629294514656067,0.0006009340286254883,0.03686946057894875,True,0.000805974006652832,0.049449399518800334,True,0.0006009340286254883,PASS,3,Haze should not significantly affect prediction.,Consistent,0.07333333333333333
HazeRelation,1.5,-1.6298954486846924,-1.6290894746780396,0.000805974006652832,0.049449399518800334,True,0.000805974006652832,0.049449399518800334,True,0.000805974006652832,PASS,3,Haze should not significantly affect prediction.,Consistent,0.07333333333333333
NoiseRelation,0.0,-1.6298954486846924,-1.629909873008728,1.4424324035644531e-05,0.0008849840765825826,True,0.0016471147537231445,0.10105640484414499,True,1.4424324035644531e-05,PASS,3,Noise should not significantly affect prediction.,Consistent,0.07333333333333333
NoiseRelation,37.5,-1.6298954486846924,-1.6300723552703857,0.00017690658569335938,0.010853854294616137,True,0.0016471147537231445,0.10105640484414499,True,0.00017690658569335938,PASS,3,Noise should not significantly affect prediction.,Consistent,0.07333333333333333
NoiseRelation,75.0,-1.6298954486846924,-1.630280613899231,0.0003851652145385742,0.02363126902015144,True,0.0016471147537231445,0.10105640484414499,True,0.0003851652145385742,PASS,3,Noise should not significantly affect prediction.,Consistent,0.07333333333333333
NoiseRelation,112.5,-1.6298954486846924,-1.6315569877624512,0.001661539077758789,0.10194138892072757,True,0.0016471147537231445,0.10105640484414499,True,0.001661539077758789,PASS,3,Noise should not significantly affect prediction.,Consistent,0.07333333333333333
NoiseRelation,150.0,-1.6298954486846924,-1.6300207376480103,0.0001252889633178711,0.007686927805688383,True,0.0016471147537231445,0.10105640484414499,True,0.0001252889633178711,PASS,3,Noise should not significantly affect prediction.,Consistent,0.07333333333333333
RainRelation,0.0,-1.6298954486846924,-1.6298954486846924,0.0,0.0,True,0.0065735578536987305,0.4033113796280442,True,0.0,PASS,3,Rain should not significantly affect prediction.,Consistent,0.07333333333333333
RainRelation,0.375,-1.6298954486846924,-1.6318279504776,0.0019325017929077148,0.1185659245081012,True,0.0065735578536987305,0.4033113796280442,True,0.0019325017929077148,PASS,3,Rain should not significantly affect prediction.,Consistent,0.07333333333333333
RainRelation,0.75,-1.6298954486846924,-1.6347227096557617,0.004827260971069336,0.29616979501764545,True,0.0065735578536987305,0.4033113796280442,True,0.004827260971069336,PASS,3,Rain should not significantly affect prediction.,Consistent,0.07333333333333333
RainRelation,1.125,-1.6298954486846924,-1.636384129524231,0.006488680839538574,0.3981038700203847,True,0.0065735578536987305,0.4033113796280442,True,0.006488680839538574,PASS,3,Rain should not significantly affect prediction.,Consistent,0.07333333333333333
RainRelation,1.5,-1.6298954486846924,-1.6364690065383911,0.0065735578536987305,0.4033113796280442,True,0.0065735578536987305,0.4033113796280442,True,0.0065735578536987305,PASS,3,Rain should not significantly affect prediction.,Consistent,0.07333333333333333
RotationRelation,-60.0,-1.6298954486846924,-1.6298974752426147,2.0265579223632812e-06,0.0001243366058008587,True,0.0017774105072021484,0.10905051720534137,True,2.0265579223632812e-06,PASS,3,Small rotation should not significantly change output.,Consistent,0.07333333333333333
RotationRelation,-30.0,-1.6298954486846924,-1.6306593418121338,0.0007638931274414062,0.04686758646893545,True,0.0017774105072021484,0.10905051720534137,True,0.0007638931274414062,PASS,3,Small rotation should not significantly change output.,Consistent,0.07333333333333333
RotationRelation,0.0,-1.6298954486846924,-1.6298961639404297,7.152557373046875e-07,4.388350792971484e-05,True,0.0017774105072021484,0.10905051720534137,True,7.152557373046875e-07,PASS,3,Small rotation should not significantly change output.,Consistent,0.07333333333333333
RotationRelation,30.0,-1.6298954486846924,-1.630125880241394,0.00023043155670166016,0.014137803471356465,True,0.0017774105072021484,0.10905051720534137,True,0.00023043155670166016,PASS,3,Small rotation should not significantly change output.,Consistent,0.07333333333333333
RotationRelation,60.0,-1.6298954486846924,-1.6316735744476318,0.0017781257629394531,0.10909440071327108,True,0.0017774105072021484,0.10905051720534137,True,0.0017781257629394531,PASS,3,Small rotation should not significantly change output.,Consistent,0.07333333333333333
SandstormRelation,0.0,-1.6298954486846924,-1.6297886371612549,0.0001068115234375,0.006553270517504083,True,0.0003489255905151367,0.021407837951712555,True,0.0001068115234375,PASS,3,Sandstorm should not significantly affect prediction.,Consistent,0.07333333333333333
SandstormRelation,0.375,-1.6298954486846924,-1.6299253702163696,2.9921531677246094e-05,0.0018357934150597375,True,0.0003489255905151367,0.021407837951712555,True,2.9921531677246094e-05,PASS,3,Sandstorm should not significantly affect prediction.,Consistent,0.07333333333333333
SandstormRelation,0.75,-1.6298954486846924,-1.6300580501556396,0.00016260147094726562,0.00997618413602184,True,0.0003489255905151367,0.021407837951712555,True,0.00016260147094726562,PASS,3,Sandstorm should not significantly affect prediction.,Consistent,0.07333333333333333
SandstormRelation,1.125,-1.6298954486846924,-1.6300628185272217,0.00016736984252929688,0.010268740855553272,True,0.0003489255905151367,0.021407837951712555,True,0.00016736984252929688,PASS,3,Sandstorm should not significantly affect prediction.,Consistent,0.07333333333333333
SandstormRelation,1.5,-1.6298954486846924,-1.63013756275177,0.00024211406707763672,0.014854567434208474,True,0.0003489255905151367,0.021407837951712555,True,0.00024211406707763672,PASS,3,Sandstorm should not significantly affect prediction.,Consistent,0.07333333333333333
SmokeRelation,0.0,-1.6298954486846924,-1.6298954486846924,0.0,0.0,True,0.001385807991027832,0.0850242966138225,True,0.0,PASS,3,Smoke should not significantly affect prediction.,Consistent,0.07333333333333333
SmokeRelation,0.375,-1.6298954486846924,-1.629568338394165,0.00032711029052734375,0.020069390959856253,True,0.001385807991027832,0.0850242966138225,True,0.00032711029052734375,PASS,3,Smoke should not significantly affect prediction.,Consistent,0.07333333333333333
SmokeRelation,0.75,-1.6298954486846924,-1.6285096406936646,0.001385807991027832,0.0850242966138225,True,0.001385807991027832,0.0850242966138225,True,0.001385807991027832,PASS,3,Smoke should not significantly affect prediction.,Consistent,0.07333333333333333
SmokeRelation,1.125,-1.6298954486846924,-1.6288862228393555,0.001009225845336914,0.06191962968882764,True,0.001385807991027832,0.0850242966138225,True,0.001009225845336914,PASS,3,Smoke should not significantly affect prediction.,Consistent,0.07333333333333333
SmokeRelation,1.5,-1.6298954486846924,-1.6285393238067627,0.0013561248779296875,0.08320313103473934,True,0.001385807991027832,0.0850242966138225,True,0.0013561248779296875,PASS,3,Smoke should not significantly affect prediction.,Consistent,0.07333333333333333
SnowRelation,0.0,-1.6298954486846924,-1.6298954486846924,0.0,0.0,True,0.0006642341613769531,0.04075315103072851,True,0.0,PASS,3,Snow should not significantly affect prediction.,Consistent,0.07333333333333333
SnowRelation,0.375,-1.6298954486846924,-1.6298059225082397,8.952617645263672e-05,0.005492752409202641,True,0.0006642341613769531,0.04075315103072851,True,8.952617645263672e-05,PASS,3,Snow should not significantly affect prediction.,Consistent,0.07333333333333333
SnowRelation,0.75,-1.6298954486846924,-1.6292312145233154,0.0006642341613769531,0.04075315103072851,True,0.0006642341613769531,0.04075315103072851,True,0.0006642341613769531,PASS,3,Snow should not significantly affect prediction.,Consistent,0.07333333333333333
SnowRelation,1.125,-1.6298954486846924,-1.6292527914047241,0.0006426572799682617,0.03942933187484878,True,0.0006642341613769531,0.04075315103072851,True,0.0006426572799682617,PASS,3,Snow should not significantly affect prediction.,Consistent,0.07333333333333333
SnowRelation,1.5,-1.6298954486846924,-1.6293258666992188,0.0005695819854736328,0.034945900148029584,True,0.0006642341613769531,0.04075315103072851,True,0.0005695819854736328,PASS,3,Snow should not significantly affect prediction.,Consistent,0.07333333333333333
TranslationRelation,0.0,-1.6298954486846924,-1.6299678087234497,7.236003875732422e-05,0.004439548218889484,True,0.004209160804748535,0.2582471302483835,True,7.236003875732422e-05,PASS,3,Small translation should preserve prediction consistency.,Consistent,0.07333333333333333
TranslationRelation,20.0,-1.6298954486846924,-1.6308122873306274,0.0009168386459350586,0.05625134324790614,True,0.004209160804748535,0.2582471302483835,True,0.0009168386459350586,PASS,3,Small translation should preserve prediction consistency.,Consistent,0.07333333333333333
TranslationRelation,40.0,-1.6298954486846924,-1.6288474798202515,0.001047968864440918,0.06429665303502052,True,0.004209160804748535,0.2582471302483835,True,0.001047968864440918,PASS,3,Small translation should preserve prediction consistency.,Consistent,0.07333333333333333
TranslationRelation,60.0,-1.6298954486846924,-1.633056640625,0.003161191940307617,0.193950477213363,True,0.004209160804748535,0.2582471302483835,True,0.003161191940307617,PASS,3,Small translation should preserve prediction consistency.,Consistent,0.07333333333333333
TranslationRelation,80.0,-1.6298954486846924,-1.6316018104553223,0.0017063617706298828,0.10469142208432303,True,0.004209160804748535,0.2582471302483835,True,0.0017063617706298828,PASS,3,Small translation should preserve prediction consistency.,Consistent,0.07333333333333333
DarkVisibilityRelation,0.05,-1.6298954486846924,-1.629819631576538,7.581710815429688e-05,0.004651651840549773,True,0.0017485618591308594,0.10728054905217621,True,7.581710815429688e-05,PASS,3,Output should not change drastically under visibility degradation.,Consistent,0.07333333333333333
DarkVisibilityRelation,0.4125,-1.6298954486846924,-1.6291580200195312,0.0007374286651611328,0.045243896675536,True,0.0017485618591308594,0.10728054905217621,True,0.0007374286651611328,PASS,3,Output should not change drastically under visibility degradation.,Consistent,0.07333333333333333
DarkVisibilityRelation,0.775,-1.6298954486846924,-1.6285111904144287,0.0013842582702636719,0.08492921567997479,True,0.0017485618591308594,0.10728054905217621,True,0.0013842582702636719,PASS,3,Output should not change drastically under visibility degradation.,Consistent,0.07333333333333333
DarkVisibilityRelation,1.1375,-1.6298954486846924,-1.62807297706604,0.0018224716186523438,0.11181517820491342,True,0.0017485618591308594,0.10728054905217621,True,0.0018224716186523438,PASS,3,Output should not change drastically under visibility degradation.,Consistent,0.07333333333333333
DarkVisibilityRelation,1.5,-1.6298954486846924,-1.6280710697174072,0.0018243789672851562,0.11193220089272599,True,0.0017485618591308594,0.10728054905217621,True,0.0018243789672851562,PASS,3,Output should not change drastically under visibility degradation.,Consistent,0.07333333333333333
TemporalSmoothnessRelation,0.0,-1.630487322807312,-1.63059401512146,0.00010669231414794922,0.0,True,,,,0.00010669231414794922,PASS,3,Predictions should change smoothly across consecutive frames.,Consistent,0.07333333333333333
BlurRelation,1.0,-1.6303092241287231,-1.6302376985549927,7.152557373046875e-05,0.004387237022247943,True,0.0002516508102416992,0.01543576225660901,True,7.152557373046875e-05,PASS,4,Blur should not significantly change output.,Consistent,0.07333333333333333
BlurRelation,8.5,-1.6303092241287231,-1.6304295063018799,0.00012028217315673828,0.00737787025908029,True,0.0002516508102416992,0.01543576225660901,True,0.00012028217315673828,PASS,4,Blur should not significantly change output.,Consistent,0.07333333333333333
BlurRelation,16.0,-1.6303092241287231,-1.630261778831482,4.744529724121094e-05,0.0029102005580911353,True,0.0002516508102416992,0.01543576225660901,True,4.744529724121094e-05,PASS,4,Blur should not significantly change output.,Consistent,0.07333333333333333
BlurRelation,23.5,-1.6303092241287231,-1.6301778554916382,0.00013136863708496094,0.00805789199752872,True,0.0002516508102416992,0.01543576225660901,True,0.00013136863708496094,PASS,4,Blur should not significantly change output.,Consistent,0.07333333333333333
BlurRelation,31.0,-1.6303092241287231,-1.6303746700286865,6.54458999633789e-05,0.004014321875356868,True,0.0002516508102416992,0.01543576225660901,True,6.54458999633789e-05,PASS,4,Blur should not significantly change output.,Consistent,0.07333333333333333
BrightnessRelation,0.1,-1.6303092241287231,-1.637247920036316,0.0069386959075927734,0.4256058635282729,True,0.010228991508483887,0.6274260786133821,True,0.0069386959075927734,PASS,4,Output should remain approximately same under localized brightness change.,Consistent,0.07333333333333333
BrightnessRelation,0.825,-1.6303092241287231,-1.6304707527160645,0.0001615285873413086,0.009907843608576604,True,0.010228991508483887,0.6274260786133821,True,0.0001615285873413086,PASS,4,Output should remain approximately same under localized brightness change.,Consistent,0.07333333333333333
BrightnessRelation,1.55,-1.6303092241287231,-1.6272815465927124,0.003027677536010742,0.1857117431517554,True,0.010228991508483887,0.6274260786133821,True,0.003027677536010742,PASS,4,Output should remain approximately same under localized brightness change.,Consistent,0.07333333333333333
BrightnessRelation,2.275,-1.6303092241287231,-1.630469799041748,0.00016057491302490234,0.009849347114946632,True,0.010228991508483887,0.6274260786133821,True,0.00016057491302490234,PASS,4,Output should remain approximately same under localized brightness change.,Consistent,0.07333333333333333
BrightnessRelation,3.0,-1.6303092241287231,-1.627018928527832,0.0032902956008911133,0.20182021508510908,True,0.010228991508483887,0.6274260786133821,True,0.0032902956008911133,PASS,4,Output should remain approximately same under localized brightness change.,Consistent,0.07333333333333333
CompositeRelation,0.1,-1.6303092241287231,-1.6357144117355347,0.0054051876068115234,0.331543501771277,True,0.005510807037353516,0.3380219884407965,True,0.0054051876068115234,PASS,4,Prediction should remain approximately consistent under composite transformations.,Consistent,0.07333333333333333
CompositeRelation,0.44999999999999996,-1.6303092241287231,-1.6315829753875732,0.0012737512588500977,0.0781293793045321,True,0.005510807037353516,0.3380219884407965,True,0.0012737512588500977,PASS,4,Prediction should remain approximately consistent under composite transformations.,Consistent,0.07333333333333333
CompositeRelation,0.7999999999999999,-1.6303092241287231,-1.6303892135620117,7.998943328857422e-05,0.004906393403213949,True,0.005510807037353516,0.3380219884407965,True,7.998943328857422e-05,PASS,4,Prediction should remain approximately consistent under composite transformations.,Consistent,0.07333333333333333
CompositeRelation,1.15,-1.6303092241287231,-1.631454586982727,0.0011453628540039062,0.07025428884959706,True,0.005510807037353516,0.3380219884407965,True,0.0011453628540039062,PASS,4,Prediction should remain approximately consistent under composite transformations.,Consistent,0.07333333333333333
CompositeRelation,1.5,-1.6303092241287231,-1.6302036046981812,0.00010561943054199219,0.006478486669519463,True,0.005510807037353516,0.3380219884407965,True,0.00010561943054199219,PASS,4,Prediction should remain approximately consistent under composite transformations.,Consistent,0.07333333333333333
ContrastRelation,0.1,-1.6303092241287231,-1.630288004875183,2.1219253540039062e-05,0.0013015469832668896,True,0.0006301403045654297,0.03865155816600437,True,2.1219253540039062e-05,PASS,4,Contrast change should not significantly affect output.,Consistent,0.07333333333333333
ContrastRelation,1.075,-1.6303092241287231,-1.6303656101226807,5.638599395751953e-05,0.003458605185872128,True,0.0006301403045654297,0.03865155816600437,True,5.638599395751953e-05,PASS,4,Contrast change should not significantly affect output.,Consistent,0.07333333333333333
ContrastRelation,2.05,-1.6303092241287231,-1.6302014589309692,0.00010776519775390625,0.0066101037801869,True,0.0006301403045654297,0.03865155816600437,True,0.00010776519775390625,PASS,4,Contrast change should not significantly affect output.,Consistent,0.07333333333333333
ContrastRelation,3.025,-1.6303092241287231,-1.6304093599319458,0.00010013580322265625,0.006142131831147119,True,0.0006301403045654297,0.03865155816600437,True,0.00010013580322265625,PASS,4,Contrast change should not significantly affect output.,Consistent,0.07333333333333333
ContrastRelation,4.0,-1.6303092241287231,-1.6297792196273804,0.0005300045013427734,0.032509426334857254,True,0.0006301403045654297,0.03865155816600437,True,0.0005300045013427734,PASS,4,Contrast change should not significantly affect output.,Consistent,0.07333333333333333
DarkVisibilityRelation,0.05,-1.6303092241287231,-1.635801911354065,0.005492687225341797,0.336910555061827,True,0.005491495132446289,0.33683743444478953,True,0.005492687225341797,PASS,4,Output should not change drastically under visibility degradation.,Consistent,0.07333333333333333
DarkVisibilityRelation,0.4125,-1.6303092241287231,-1.6357969045639038,0.005487680435180664,0.3366034484702697,True,0.005491495132446289,0.33683743444478953,True,0.005487680435180664,PASS,4,Output should not change drastically under visibility degradation.,Consistent,0.07333333333333333
DarkVisibilityRelation,0.775,-1.6303092241287231,-1.6345164775848389,0.004207253456115723,0.25806459371032775,True,0.005491495132446289,0.33683743444478953,True,0.004207253456115723,PASS,4,Output should not change drastically under visibility degradation.,Consistent,0.07333333333333333
DarkVisibilityRelation,1.1375,-1.6303092241287231,-1.6303104162216187,1.1920928955078125e-06,7.312061703746571e-05,True,0.005491495132446289,0.33683743444478953,True,1.1920928955078125e-06,PASS,4,Output should not change drastically under visibility degradation.,Consistent,0.07333333333333333
DarkVisibilityRelation,1.5,-1.6303092241287231,-1.6303107738494873,1.5497207641601562e-06,9.505680214870542e-05,True,0.005491495132446289,0.33683743444478953,True,1.5497207641601562e-06,PASS,4,Output should not change drastically under visibility degradation.,Consistent,0.07333333333333333
DustRelation,0.0,-1.6303092241287231,-1.6303092241287231,0.0,0.0,True,0.0002486705780029297,0.015252960714015346,True,0.0,PASS,4,Dust should not significantly affect prediction.,Consistent,0.07333333333333333
DustRelation,0.375,-1.6303092241287231,-1.6302573680877686,5.1856040954589844e-05,0.0031807468411297586,True,0.0002486705780029297,0.015252960714015346,True,5.1856040954589844e-05,PASS,4,Dust should not significantly affect prediction.,Consistent,0.07333333333333333
DustRelation,0.75,-1.6303092241287231,-1.6303431987762451,3.3974647521972656e-05,0.0020839375855677728,True,0.0002486705780029297,0.015252960714015346,True,3.3974647521972656e-05,PASS,4,Dust should not significantly affect prediction.,Consistent,0.07333333333333333
DustRelation,1.125,-1.6303092241287231,-1.6305060386657715,0.00019681453704833984,0.012072213872885589,True,0.0002486705780029297,0.015252960714015346,True,0.00019681453704833984,PASS,4,Dust should not significantly affect prediction.,Consistent,0.07333333333333333
DustRelation,1.5,-1.6303092241287231,-1.6302731037139893,3.612041473388672e-05,0.0022155546962352108,True,0.0002486705780029297,0.015252960714015346,True,3.612041473388672e-05,PASS,4,Dust should not significantly affect prediction.,Consistent,0.07333333333333333
FogRelation,0.0,-1.6303092241287231,-1.6302440166473389,6.520748138427734e-05,0.003999697751949374,True,0.00244748592376709,0.15012393883962086,True,6.520748138427734e-05,PASS,4,Fog should not significantly affect prediction.,Consistent,0.07333333333333333
FogRelation,0.375,-1.6303092241287231,-1.6312966346740723,0.000987410545349121,0.06056580709213285,True,0.00244748592376709,0.15012393883962086,True,0.000987410545349121,PASS,4,Fog should not significantly affect prediction.,Consistent,0.07333333333333333
FogRelation,0.75,-1.6303092241287231,-1.632001519203186,0.0016922950744628906,0.10380202794638632,True,0.00244748592376709,0.15012393883962086,True,0.0016922950744628906,PASS,4,Fog should not significantly affect prediction.,Consistent,0.07333333333333333
FogRelation,1.125,-1.6303092241287231,-1.632443904876709,0.00213468074798584,0.13093708892898984,True,0.00244748592376709,0.15012393883962086,True,0.00213468074798584,PASS,4,Fog should not significantly affect prediction.,Consistent,0.07333333333333333
FogRelation,1.5,-1.6303092241287231,-1.632691502571106,0.0023822784423828125,0.14612424108767147,True,0.00244748592376709,0.15012393883962086,True,0.0023822784423828125,PASS,4,Fog should not significantly affect prediction.,Consistent,0.07333333333333333
HazeRelation,0.0,-1.6303092241287231,-1.6303092241287231,0.0,0.0,True,0.0009877681732177734,0.060587743277244095,True,0.0,PASS,4,Haze should not significantly affect prediction.,Consistent,0.07333333333333333
HazeRelation,0.375,-1.6303092241287231,-1.6300737857818604,0.00023543834686279297,0.014441321864899477,True,0.0009877681732177734,0.060587743277244095,True,0.00023543834686279297,PASS,4,Haze should not significantly affect prediction.,Consistent,0.07333333333333333
HazeRelation,0.75,-1.6303092241287231,-1.629821538925171,0.0004876852035522461,0.029913644430027222,True,0.0009877681732177734,0.060587743277244095,True,0.0004876852035522461,PASS,4,Haze should not significantly affect prediction.,Consistent,0.07333333333333333
HazeRelation,1.125,-1.6303092241287231,-1.6295723915100098,0.0007368326187133789,0.045195853390857556,True,0.0009877681732177734,0.060587743277244095,True,0.0007368326187133789,PASS,4,Haze should not significantly affect prediction.,Consistent,0.07333333333333333
HazeRelation,1.5,-1.6303092241287231,-1.6293214559555054,0.0009877681732177734,0.060587743277244095,True,0.0009877681732177734,0.060587743277244095,True,0.0009877681732177734,PASS,4,Haze should not significantly affect prediction.,Consistent,0.07333333333333333
NoiseRelation,0.0,-1.6303092241287231,-1.630326509475708,1.728534698486328e-05,0.0010602489470432528,True,0.0014520883560180664,0.08906822361333698,True,1.728534698486328e-05,PASS,4,Noise should not significantly affect prediction.,Consistent,0.07333333333333333
NoiseRelation,37.5,-1.6303092241287231,-1.630078911781311,0.00023031234741210938,0.014126903211638377,True,0.0014520883560180664,0.08906822361333698,True,0.00023031234741210938,PASS,4,Noise should not significantly affect prediction.,Consistent,0.07333333333333333
NoiseRelation,75.0,-1.6303092241287231,-1.6305756568908691,0.0002664327621459961,0.016342457907873587,True,0.0014520883560180664,0.08906822361333698,True,0.0002664327621459961,PASS,4,Noise should not significantly affect prediction.,Consistent,0.07333333333333333
NoiseRelation,112.5,-1.6303092241287231,-1.631531000137329,0.001221776008605957,0.07494132040169861,True,0.0014520883560180664,0.08906822361333698,True,0.001221776008605957,PASS,4,Noise should not significantly affect prediction.,Consistent,0.07333333333333333
NoiseRelation,150.0,-1.6303092241287231,-1.6314311027526855,0.0011218786239624023,0.06881381269395899,True,0.0014520883560180664,0.08906822361333698,True,0.0011218786239624023,PASS,4,Noise should not significantly affect prediction.,Consistent,0.07333333333333333
RainRelation,0.0,-1.6303092241287231,-1.6303092241287231,0.0,0.0,True,0.006229758262634277,0.3821210325760921,True,0.0,PASS,4,Rain should not significantly affect prediction.,Consistent,0.07333333333333333
RainRelation,0.375,-1.6303092241287231,-1.6319166421890259,0.0016074180603027344,0.09859584001331878,True,0.006229758262634277,0.3821210325760921,True,0.0016074180603027344,PASS,4,Rain should not significantly affect prediction.,Consistent,0.07333333333333333
RainRelation,0.75,-1.6303092241287231,-1.632006049156189,0.0016968250274658203,0.1040798862911287,True,0.006229758262634277,0.3821210325760921,True,0.0016968250274658203,PASS,4,Rain should not significantly affect prediction.,Consistent,0.07333333333333333
RainRelation,1.125,-1.6303092241287231,-1.6365389823913574,0.006229758262634277,0.3821210325760921,True,0.006229758262634277,0.3821210325760921,True,0.006229758262634277,PASS,4,Rain should not significantly affect prediction.,Consistent,0.07333333333333333
RainRelation,1.5,-1.6303092241287231,-1.6356176137924194,0.005308389663696289,0.3256061076678348,True,0.006229758262634277,0.3821210325760921,True,0.005308389663696289,PASS,4,Rain should not significantly affect prediction.,Consistent,0.07333333333333333
RotationRelation,-60.0,-1.6303092241287231,-1.6296236515045166,0.000685572624206543,0.04205166685824653,True,0.0013333559036254883,0.08178541015640539,True,0.000685572624206543,PASS,4,Small rotation should not significantly change output.,Consistent,0.07333333333333333
RotationRelation,-30.0,-1.6303092241287231,-1.629123568534851,0.0011856555938720703,0.0727257657054634,True,0.0013333559036254883,0.08178541015640539,True,0.0011856555938720703,PASS,4,Small rotation should not significantly change output.,Consistent,0.07333333333333333
RotationRelation,0.0,-1.6303092241287231,-1.630308985710144,2.384185791015625e-07,1.4624123407493142e-05,True,0.0013333559036254883,0.08178541015640539,True,2.384185791015625e-07,PASS,4,Small rotation should not significantly change output.,Consistent,0.07333333333333333
RotationRelation,30.0,-1.6303092241287231,-1.6304569244384766,0.00014770030975341797,0.009059644450942001,True,0.0013333559036254883,0.08178541015640539,True,0.00014770030975341797,PASS,4,Small rotation should not significantly change output.,Consistent,0.07333333333333333
RotationRelation,60.0,-1.6303092241287231,-1.6299060583114624,0.0004031658172607422,0.024729392682070903,True,0.0013333559036254883,0.08178541015640539,True,0.0004031658172607422,PASS,4,Small rotation should not significantly change output.,Consistent,0.07333333333333333
SandstormRelation,0.0,-1.6303092241287231,-1.6302684545516968,4.076957702636719e-05,0.0025007251026813275,True,0.0016084909439086914,0.09866164856865249,True,4.076957702636719e-05,PASS,4,Sandstorm should not significantly affect prediction.,Consistent,0.07333333333333333
SandstormRelation,0.375,-1.6303092241287231,-1.6310312747955322,0.000722050666809082,0.04428915773959298,True,0.0016084909439086914,0.09866164856865249,True,0.000722050666809082,PASS,4,Sandstorm should not significantly affect prediction.,Consistent,0.07333333333333333
SandstormRelation,0.75,-1.6303092241287231,-1.6313477754592896,0.0010385513305664062,0.06370268156304013,True,0.0016084909439086914,0.09866164856865249,True,0.0010385513305664062,PASS,4,Sandstorm should not significantly affect prediction.,Consistent,0.07333333333333333
SandstormRelation,1.125,-1.6303092241287231,-1.6314607858657837,0.0011515617370605469,0.07063451605819188,True,0.0016084909439086914,0.09866164856865249,True,0.0011515617370605469,PASS,4,Sandstorm should not significantly affect prediction.,Consistent,0.07333333333333333
SandstormRelation,1.5,-1.6303092241287231,-1.6318769454956055,0.0015677213668823242,0.09616092346597116,True,0.0016084909439086914,0.09866164856865249,True,0.0015677213668823242,PASS,4,Sandstorm should not significantly affect prediction.,Consistent,0.07333333333333333
SmokeRelation,0.0,-1.6303092241287231,-1.6303092241287231,0.0,0.0,True,0.0016788244247436523,0.10297576497386297,True,0.0,PASS,4,Smoke should not significantly affect prediction.,Consistent,0.07333333333333333
SmokeRelation,0.375,-1.6303092241287231,-1.6299134492874146,0.00039577484130859375,0.024276044856438618,True,0.0016788244247436523,0.10297576497386297,True,0.00039577484130859375,PASS,4,Smoke should not significantly affect prediction.,Consistent,0.07333333333333333
SmokeRelation,0.75,-1.6303092241287231,-1.6294816732406616,0.0008275508880615234,0.0507603323474087,True,0.0016788244247436523,0.10297576497386297,True,0.0008275508880615234,PASS,4,Smoke should not significantly affect prediction.,Consistent,0.07333333333333333
SmokeRelation,1.125,-1.6303092241287231,-1.6290721893310547,0.001237034797668457,0.07587726429977816,True,0.0016788244247436523,0.10297576497386297,True,0.001237034797668457,PASS,4,Smoke should not significantly affect prediction.,Consistent,0.07333333333333333
SmokeRelation,1.5,-1.6303092241287231,-1.6286303997039795,0.0016788244247436523,0.10297576497386297,True,0.0016788244247436523,0.10297576497386297,True,0.0016788244247436523,PASS,4,Smoke should not significantly affect prediction.,Consistent,0.07333333333333333
SnowRelation,0.0,-1.6303092241287231,-1.6303092241287231,0.0,0.0,True,0.00225067138671875,0.13805172496673526,True,0.0,PASS,4,Snow should not significantly affect prediction.,Consistent,0.07333333333333333
SnowRelation,0.375,-1.6303092241287231,-1.6304858922958374,0.0001766681671142578,0.010836475444952419,True,0.00225067138671875,0.13805172496673526,True,0.0001766681671142578,PASS,4,Snow should not significantly affect prediction.,Consistent,0.07333333333333333
SnowRelation,0.75,-1.6303092241287231,-1.6295368671417236,0.0007723569869995117,0.047374847778574036,True,0.00225067138671875,0.13805172496673526,True,0.0007723569869995117,PASS,4,Snow should not significantly affect prediction.,Consistent,0.07333333333333333
SnowRelation,1.125,-1.6303092241287231,-1.6301112174987793,0.00019800662994384766,0.012145334489923054,True,0.00225067138671875,0.13805172496673526,True,0.00019800662994384766,PASS,4,Snow should not significantly affect prediction.,Consistent,0.07333333333333333
SnowRelation,1.5,-1.6303092241287231,-1.6282352209091187,0.002074003219604492,0.12721524952178284,True,0.00225067138671875,0.13805172496673526,True,0.002074003219604492,PASS,4,Snow should not significantly affect prediction.,Consistent,0.07333333333333333
TranslationRelation,0.0,-1.6303092241287231,-1.6303720474243164,6.282329559326172e-05,0.003853456517874443,True,0.0038260221481323242,0.2346806203817462,True,6.282329559326172e-05,PASS,4,Small translation should preserve prediction consistency.,Consistent,0.07333333333333333
TranslationRelation,20.0,-1.6303092241287231,-1.6292396783828735,0.0010695457458496094,0.06560381760601423,True,0.0038260221481323242,0.2346806203817462,True,0.0010695457458496094,PASS,4,Small translation should preserve prediction consistency.,Consistent,0.07333333333333333
TranslationRelation,40.0,-1.6303092241287231,-1.626979947090149,0.0033292770385742188,0.2042112592622342,True,0.0038260221481323242,0.2346806203817462,True,0.0033292770385742188,PASS,4,Small translation should preserve prediction consistency.,Consistent,0.07333333333333333
TranslationRelation,60.0,-1.6303092241287231,-1.6306332349777222,0.00032401084899902344,0.019874183710783182,True,0.0038260221481323242,0.2346806203817462,True,0.00032401084899902344,PASS,4,Small translation should preserve prediction consistency.,Consistent,0.07333333333333333
TranslationRelation,80.0,-1.6303092241287231,-1.6268072128295898,0.0035020112991333008,0.214806436670963,True,0.0038260221481323242,0.2346806203817462,True,0.0035020112991333008,PASS,4,Small translation should preserve prediction consistency.,Consistent,0.07333333333333333
DarkVisibilityRelation,0.05,-1.6303092241287231,-1.6302140951156616,9.512901306152344e-05,0.0058350252395897645,True,0.0021578073501586914,0.1323556288995167,True,9.512901306152344e-05,PASS,4,Output should not change drastically under visibility degradation.,Consistent,0.07333333333333333
DarkVisibilityRelation,0.4125,-1.6303092241287231,-1.6294044256210327,0.0009047985076904297,0.05549854833143648,True,0.0021578073501586914,0.1323556288995167,True,0.0009047985076904297,PASS,4,Output should not change drastically under visibility degradation.,Consistent,0.07333333333333333
DarkVisibilityRelation,0.775,-1.6303092241287231,-1.628624677658081,0.0016845464706420898,0.1033267439356428,True,0.0021578073501586914,0.1323556288995167,True,0.0016845464706420898,PASS,4,Output should not change drastically under visibility degradation.,Consistent,0.07333333333333333
DarkVisibilityRelation,1.1375,-1.6303092241287231,-1.628056287765503,0.002252936363220215,0.13819065413910644,True,0.0021578073501586914,0.1323556288995167,True,0.002252936363220215,PASS,4,Output should not change drastically under visibility degradation.,Consistent,0.07333333333333333
DarkVisibilityRelation,1.5,-1.6303092241287231,-1.6280632019042969,0.0022460222244262695,0.13776655456028916,True,0.0021578073501586914,0.1323556288995167,True,0.0022460222244262695,PASS,4,Output should not change drastically under visibility degradation.,Consistent,0.07333333333333333
TemporalSmoothnessRelation,0.0,-1.630487322807312,-1.63059401512146,0.00010669231414794922,0.0,True,,,,0.00010669231414794922,PASS,4,Predictions should change smoothly across consecutive frames.,Consistent,0.07333333333333333
BlurRelation,1.0,-1.6362489461898804,-1.6362735033035278,2.4557113647460938e-05,0.001500816773418013,True,0.0006372928619384766,0.03894838092569271,True,2.4557113647460938e-05,PASS,5,Blur should not significantly change output.,Consistent,0.07333333333333333
BlurRelation,8.5,-1.6362489461898804,-1.6362700462341309,2.110004425048828e-05,0.0012895367422086812,True,0.0006372928619384766,0.03894838092569271,True,2.110004425048828e-05,PASS,5,Blur should not significantly change output.,Consistent,0.07333333333333333
BlurRelation,16.0,-1.6362489461898804,-1.635973334312439,0.00027561187744140625,0.01684411835020605,True,0.0006372928619384766,0.03894838092569271,True,0.00027561187744140625,PASS,5,Blur should not significantly change output.,Consistent,0.07333333333333333
BlurRelation,23.5,-1.6362489461898804,-1.635966420173645,0.00028252601623535156,0.017266678412624713,True,0.0006372928619384766,0.03894838092569271,True,0.00028252601623535156,PASS,5,Blur should not significantly change output.,Consistent,0.07333333333333333
BlurRelation,31.0,-1.6362489461898804,-1.6356362104415894,0.0006127357482910156,0.037447564152274695,True,0.0006372928619384766,0.03894838092569271,True,0.0006127357482910156,PASS,5,Blur should not significantly change output.,Consistent,0.07333333333333333
BrightnessRelation,0.1,-1.6362489461898804,-1.635855793952942,0.00039315223693847656,0.024027639411323336,True,0.003699660301208496,0.22610606098557298,True,0.00039315223693847656,PASS,5,Output should remain approximately same under localized brightness change.,Consistent,0.07333333333333333
BrightnessRelation,0.825,-1.6362489461898804,-1.6355217695236206,0.0007271766662597656,0.04444166173713534,True,0.003699660301208496,0.22610606098557298,True,0.0007271766662597656,PASS,5,Output should remain approximately same under localized brightness change.,Consistent,0.07333333333333333
BrightnessRelation,1.55,-1.6362489461898804,-1.636445164680481,0.00019621849060058594,0.011991963150708978,True,0.003699660301208496,0.22610606098557298,True,0.00019621849060058594,PASS,5,Output should remain approximately same under localized brightness change.,Consistent,0.07333333333333333
BrightnessRelation,2.275,-1.6362489461898804,-1.639221429824829,0.0029724836349487305,0.18166439924843766,True,0.003699660301208496,0.22610606098557298,True,0.0029724836349487305,PASS,5,Output should remain approximately same under localized brightness change.,Consistent,0.07333333333333333
BrightnessRelation,3.0,-1.6362489461898804,-1.637190818786621,0.0009418725967407227,0.05756288022706661,True,0.003699660301208496,0.22610606098557298,True,0.0009418725967407227,PASS,5,Output should remain approximately same under localized brightness change.,Consistent,0.07333333333333333
CompositeRelation,0.1,-1.6362489461898804,-1.6362093687057495,3.9577484130859375e-05,0.0024187920814309725,True,0.004908084869384766,0.29995936017071084,True,3.9577484130859375e-05,PASS,5,Prediction should remain approximately consistent under composite transformations.,Consistent,0.07333333333333333
CompositeRelation,0.44999999999999996,-1.6362489461898804,-1.635142207145691,0.0011067390441894531,0.06763875206025648,True,0.004908084869384766,0.29995936017071084,True,0.0011067390441894531,PASS,5,Prediction should remain approximately consistent under composite transformations.,Consistent,0.07333333333333333
CompositeRelation,0.7999999999999999,-1.6362489461898804,-1.6318503618240356,0.0043985843658447266,0.26882105488144586,True,0.004908084869384766,0.29995936017071084,True,0.0043985843658447266,PASS,5,Prediction should remain approximately consistent under composite transformations.,Consistent,0.07333333333333333
CompositeRelation,1.15,-1.6362489461898804,-1.6323710680007935,0.003877878189086914,0.23699791087032993,True,0.004908084869384766,0.29995936017071084,True,0.003877878189086914,PASS,5,Prediction should remain approximately consistent under composite transformations.,Consistent,0.07333333333333333
CompositeRelation,1.5,-1.6362489461898804,-1.6367584466934204,0.0005095005035400391,0.031138305289264992,True,0.004908084869384766,0.29995936017071084,True,0.0005095005035400391,PASS,5,Prediction should remain approximately consistent under composite transformations.,Consistent,0.07333333333333333
ContrastRelation,0.1,-1.6362489461898804,-1.6358232498168945,0.00042569637298583984,0.026016585912018084,True,0.0006192922592163086,0.03784826765974067,True,0.00042569637298583984,PASS,5,Contrast change should not significantly affect output.,Consistent,0.07333333333333333
ContrastRelation,1.075,-1.6362489461898804,-1.6362683773040771,1.9431114196777344e-05,0.0011875394857627968,True,0.0006192922592163086,0.03784826765974067,True,1.9431114196777344e-05,PASS,5,Contrast change should not significantly affect output.,Consistent,0.07333333333333333
ContrastRelation,2.05,-1.6362489461898804,-1.636245608329773,3.337860107421875e-06,0.00020399451289176878,True,0.0006192922592163086,0.03784826765974067,True,3.337860107421875e-06,PASS,5,Contrast change should not significantly affect output.,Consistent,0.07333333333333333
ContrastRelation,3.025,-1.6362489461898804,-1.6359891891479492,0.00025975704193115234,0.01587514441397015,True,0.0006192922592163086,0.03784826765974067,True,0.00025975704193115234,PASS,5,Contrast change should not significantly affect output.,Consistent,0.07333333333333333
ContrastRelation,4.0,-1.6362489461898804,-1.6364425420761108,0.00019359588623046875,0.011831681747722589,True,0.0006192922592163086,0.03784826765974067,True,0.00019359588623046875,PASS,5,Contrast change should not significantly affect output.,Consistent,0.07333333333333333
DarkVisibilityRelation,0.05,-1.6362489461898804,-1.635827898979187,0.0004210472106933594,0.025732450697633115,True,0.0006325244903564453,0.038656960192990183,True,0.0004210472106933594,PASS,5,Output should not change drastically under visibility degradation.,Consistent,0.07333333333333333
DarkVisibilityRelation,0.4125,-1.6362489461898804,-1.6356329917907715,0.0006159543991088867,0.0376442731468489,True,0.0006325244903564453,0.038656960192990183,True,0.0006159543991088867,PASS,5,Output should not change drastically under visibility degradation.,Consistent,0.07333333333333333
DarkVisibilityRelation,0.775,-1.6362489461898804,-1.635990023612976,0.0002589225769042969,0.015824145785747205,True,0.0006325244903564453,0.038656960192990183,True,0.0002589225769042969,PASS,5,Output should not change drastically under visibility degradation.,Consistent,0.07333333333333333
DarkVisibilityRelation,1.1375,-1.6362489461898804,-1.6362603902816772,1.1444091796875e-05,0.0006994097584860644,True,0.0006325244903564453,0.038656960192990183,True,1.1444091796875e-05,PASS,5,Output should not change drastically under visibility degradation.,Consistent,0.07333333333333333
DarkVisibilityRelation,1.5,-1.6362489461898804,-1.636265516281128,1.6570091247558594e-05,0.0010126870461412806,True,0.0006325244903564453,0.038656960192990183,True,1.6570091247558594e-05,PASS,5,Output should not change drastically under visibility degradation.,Consistent,0.07333333333333333
DustRelation,0.0,-1.6362489461898804,-1.6362489461898804,0.0,0.0,True,0.0003885030746459961,0.023743504196938374,True,0.0,PASS,5,Dust should not significantly affect prediction.,Consistent,0.07333333333333333
DustRelation,0.375,-1.6362489461898804,-1.636229157447815,1.9788742065429688e-05,0.0012093960407154863,True,0.0003885030746459961,0.023743504196938374,True,1.9788742065429688e-05,PASS,5,Dust should not significantly affect prediction.,Consistent,0.07333333333333333
DustRelation,0.75,-1.6362489461898804,-1.6361891031265259,5.984306335449219e-05,0.0036573301954167118,True,0.0003885030746459961,0.023743504196938374,True,5.984306335449219e-05,PASS,5,Dust should not significantly affect prediction.,Consistent,0.07333333333333333
DustRelation,1.125,-1.6362489461898804,-1.6360458135604858,0.00020313262939453125,0.012414523213127642,True,0.0003885030746459961,0.023743504196938374,True,0.00020313262939453125,PASS,5,Dust should not significantly affect prediction.,Consistent,0.07333333333333333
DustRelation,1.5,-1.6362489461898804,-1.6358604431152344,0.0003885030746459961,0.023743504196938374,True,0.0003885030746459961,0.023743504196938374,True,0.0003885030746459961,PASS,5,Dust should not significantly affect prediction.,Consistent,0.07333333333333333
FogRelation,0.0,-1.6362489461898804,-1.6360489130020142,0.00020003318786621094,0.012225099736871,True,0.0013592243194580078,0.08306947985685527,True,0.00020003318786621094,PASS,5,Fog should not significantly affect prediction.,Consistent,0.07333333333333333
FogRelation,0.375,-1.6362489461898804,-1.6357697248458862,0.0004792213439941406,0.029287783636603944,True,0.0013592243194580078,0.08306947985685527,True,0.0004792213439941406,PASS,5,Fog should not significantly affect prediction.,Consistent,0.07333333333333333
FogRelation,0.75,-1.6362489461898804,-1.635432481765747,0.0008164644241333008,0.04989851495699016,True,0.0013592243194580078,0.08306947985685527,True,0.0008164644241333008,PASS,5,Fog should not significantly affect prediction.,Consistent,0.07333333333333333
FogRelation,1.125,-1.6362489461898804,-1.6350655555725098,0.0011833906173706055,0.07232334033844959,True,0.0013592243194580078,0.08306947985685527,True,0.0011833906173706055,PASS,5,Fog should not significantly affect prediction.,Consistent,0.07333333333333333
FogRelation,1.5,-1.6362489461898804,-1.6346896886825562,0.0015592575073242188,0.09529457959372627,True,0.0013592243194580078,0.08306947985685527,True,0.0015592575073242188,PASS,5,Fog should not significantly affect prediction.,Consistent,0.07333333333333333
HazeRelation,0.0,-1.6362489461898804,-1.6362489461898804,0.0,0.0,True,0.003663301467895508,0.22388397789871622,True,0.0,PASS,5,Haze should not significantly affect prediction.,Consistent,0.07333333333333333
HazeRelation,0.375,-1.6362489461898804,-1.6353466510772705,0.0009022951126098633,0.05514408814563564,True,0.003663301467895508,0.22388397789871622,True,0.0009022951126098633,PASS,5,Haze should not significantly affect prediction.,Consistent,0.07333333333333333
HazeRelation,0.75,-1.6362489461898804,-1.6344257593154907,0.0018231868743896484,0.11142471714881114,True,0.003663301467895508,0.22388397789871622,True,0.0018231868743896484,PASS,5,Haze should not significantly affect prediction.,Consistent,0.07333333333333333
HazeRelation,1.125,-1.6362489461898804,-1.6335086822509766,0.0027402639389038086,0.16747220956582462,True,0.003663301467895508,0.22388397789871622,True,0.0027402639389038086,PASS,5,Haze should not significantly affect prediction.,Consistent,0.07333333333333333
HazeRelation,1.5,-1.6362489461898804,-1.6325856447219849,0.003663301467895508,0.22388397789871622,True,0.003663301467895508,0.22388397789871622,True,0.003663301467895508,PASS,5,Haze should not significantly affect prediction.,Consistent,0.07333333333333333
NoiseRelation,0.0,-1.6362489461898804,-1.6362634897232056,1.4543533325195312e-05,0.0008888332347427068,True,0.002536296844482422,0.155006687724474,True,1.4543533325195312e-05,PASS,5,Noise should not significantly affect prediction.,Consistent,0.07333333333333333
NoiseRelation,37.5,-1.6362489461898804,-1.6361026763916016,0.0001462697982788086,0.008939330975650011,True,0.002536296844482422,0.155006687724474,True,0.0001462697982788086,PASS,5,Noise should not significantly affect prediction.,Consistent,0.07333333333333333
NoiseRelation,75.0,-1.6362489461898804,-1.63516366481781,0.0010852813720703125,0.0663273587630951,True,0.002536296844482422,0.155006687724474,True,0.0010852813720703125,PASS,5,Noise should not significantly affect prediction.,Consistent,0.07333333333333333
NoiseRelation,112.5,-1.6362489461898804,-1.6337271928787231,0.0025217533111572266,0.1541178544897313,True,0.002536296844482422,0.155006687724474,True,0.0025217533111572266,PASS,5,Noise should not significantly affect prediction.,Consistent,0.07333333333333333
NoiseRelation,150.0,-1.6362489461898804,-1.6338346004486084,0.0024143457412719727,0.1475536024856069,True,0.002536296844482422,0.155006687724474,True,0.0024143457412719727,PASS,5,Noise should not significantly affect prediction.,Consistent,0.07333333333333333
RainRelation,0.0,-1.6362489461898804,-1.6362489461898804,0.0,0.0,True,0.0015465021133422852,0.09451502913374701,True,0.0,PASS,5,Rain should not significantly affect prediction.,Consistent,0.07333333333333333
RainRelation,0.375,-1.6362489461898804,-1.635728359222412,0.0005205869674682617,0.03181585849279837,True,0.0015465021133422852,0.09451502913374701,True,0.0005205869674682617,PASS,5,Rain should not significantly affect prediction.,Consistent,0.07333333333333333
RainRelation,0.75,-1.6362489461898804,-1.6368526220321655,0.0006036758422851562,0.036893864760139894,True,0.0015465021133422852,0.09451502913374701,True,0.0006036758422851562,PASS,5,Rain should not significantly affect prediction.,Consistent,0.07333333333333333
RainRelation,1.125,-1.6362489461898804,-1.635350227355957,0.0008987188339233398,0.05492552259610874,True,0.0015465021133422852,0.09451502913374701,True,0.0008987188339233398,PASS,5,Rain should not significantly affect prediction.,Consistent,0.07333333333333333
RainRelation,1.5,-1.6362489461898804,-1.6353061199188232,0.0009428262710571289,0.05762116437360711,True,0.0015465021133422852,0.09451502913374701,True,0.0009428262710571289,PASS,5,Rain should not significantly affect prediction.,Consistent,0.07333333333333333
RotationRelation,-60.0,-1.6362489461898804,-1.6361548900604248,9.40561294555664e-05,0.005748273952557342,True,0.0004438161849975586,0.027123984696287684,True,9.40561294555664e-05,PASS,5,Small rotation should not significantly change output.,Consistent,0.07333333333333333
RotationRelation,-30.0,-1.6362489461898804,-1.6361415386199951,0.0001074075698852539,0.0065642520041244165,True,0.0004438161849975586,0.027123984696287684,True,0.0001074075698852539,PASS,5,Small rotation should not significantly change output.,Consistent,0.07333333333333333
RotationRelation,0.0,-1.6362489461898804,-1.6362495422363281,5.960464477539062e-07,3.642759158781585e-05,True,0.0004438161849975586,0.027123984696287684,True,5.960464477539062e-07,PASS,5,Small rotation should not significantly change output.,Consistent,0.07333333333333333
RotationRelation,30.0,-1.6362489461898804,-1.6358895301818848,0.00035941600799560547,0.021965837727452957,True,0.0004438161849975586,0.027123984696287684,True,0.00035941600799560547,PASS,5,Small rotation should not significantly change output.,Consistent,0.07333333333333333
RotationRelation,60.0,-1.6362489461898804,-1.6358057260513306,0.0004432201385498047,0.027087557104699872,True,0.0004438161849975586,0.027123984696287684,True,0.0004432201385498047,PASS,5,Small rotation should not significantly change output.,Consistent,0.07333333333333333
SandstormRelation,0.0,-1.6362489461898804,-1.6361349821090698,0.00011396408081054688,0.006964955511590391,True,0.0016955137252807617,0.10362192703070097,True,0.00011396408081054688,PASS,5,Sandstorm should not significantly affect prediction.,Consistent,0.07333333333333333
SandstormRelation,0.375,-1.6362489461898804,-1.6356830596923828,0.0005658864974975586,0.034584355453472375,True,0.0016955137252807617,0.10362192703070097,True,0.0005658864974975586,PASS,5,Sandstorm should not significantly affect prediction.,Consistent,0.07333333333333333
SandstormRelation,0.75,-1.6362489461898804,-1.6351953744888306,0.0010535717010498047,0.0643894108906233,True,0.0016955137252807617,0.10362192703070097,True,0.0010535717010498047,PASS,5,Sandstorm should not significantly affect prediction.,Consistent,0.07333333333333333
SandstormRelation,1.125,-1.6362489461898804,-1.6347992420196533,0.0014497041702270508,0.08859918825988572,True,0.0016955137252807617,0.10362192703070097,True,0.0014497041702270508,PASS,5,Sandstorm should not significantly affect prediction.,Consistent,0.07333333333333333
SandstormRelation,1.5,-1.6362489461898804,-1.634439468383789,0.0018094778060913086,0.11058688254229138,True,0.0016955137252807617,0.10362192703070097,True,0.0018094778060913086,PASS,5,Sandstorm should not significantly affect prediction.,Consistent,0.07333333333333333
SmokeRelation,0.0,-1.6362489461898804,-1.6362489461898804,0.0,0.0,True,0.00611424446105957,0.373674234507815,True,0.0,PASS,5,Smoke should not significantly affect prediction.,Consistent,0.07333333333333333
SmokeRelation,0.375,-1.6362489461898804,-1.6346813440322876,0.0015676021575927734,0.09580456587595569,True,0.00611424446105957,0.373674234507815,True,0.0015676021575927734,PASS,5,Smoke should not significantly affect prediction.,Consistent,0.07333333333333333
SmokeRelation,0.75,-1.6362489461898804,-1.6332192420959473,0.0030297040939331055,0.18516144804086798,True,0.00611424446105957,0.373674234507815,True,0.0030297040939331055,PASS,5,Smoke should not significantly affect prediction.,Consistent,0.07333333333333333
SmokeRelation,1.125,-1.6362489461898804,-1.6316698789596558,0.004579067230224609,0.27985132961423653,True,0.00611424446105957,0.373674234507815,True,0.004579067230224609,PASS,5,Smoke should not significantly affect prediction.,Consistent,0.07333333333333333
SmokeRelation,1.5,-1.6362489461898804,-1.6301347017288208,0.00611424446105957,0.373674234507815,True,0.00611424446105957,0.373674234507815,True,0.00611424446105957,PASS,5,Smoke should not significantly affect prediction.,Consistent,0.07333333333333333
SnowRelation,0.0,-1.6362489461898804,-1.6362489461898804,0.0,0.0,True,0.0018526315689086914,0.11322424017324924,True,0.0,PASS,5,Snow should not significantly affect prediction.,Consistent,0.07333333333333333
SnowRelation,0.375,-1.6362489461898804,-1.636044979095459,0.00020396709442138672,0.012465521841350587,True,0.0018526315689086914,0.11322424017324924,True,0.00020396709442138672,PASS,5,Snow should not significantly affect prediction.,Consistent,0.07333333333333333
SnowRelation,0.75,-1.6362489461898804,-1.6354424953460693,0.0008064508438110352,0.04928653141831484,True,0.0018526315689086914,0.11322424017324924,True,0.0008064508438110352,PASS,5,Snow should not significantly affect prediction.,Consistent,0.07333333333333333
SnowRelation,1.125,-1.6362489461898804,-1.6354550123214722,0.0007939338684082031,0.04852155199497071,True,0.0018526315689086914,0.11322424017324924,True,0.0007939338684082031,PASS,5,Snow should not significantly affect prediction.,Consistent,0.07333333333333333
SnowRelation,1.5,-1.6362489461898804,-1.6343963146209717,0.0018526315689086914,0.11322424017324924,True,0.0018526315689086914,0.11322424017324924,True,0.0018526315689086914,PASS,5,Snow should not significantly affect prediction.,Consistent,0.07333333333333333
TranslationRelation,0.0,-1.6362489461898804,-1.6363567113876343,0.00010776519775390625,0.006586108559077107,True,0.002360820770263672,0.14428240476102103,True,0.00010776519775390625,PASS,5,Small translation should preserve prediction consistency.,Consistent,0.07333333333333333
TranslationRelation,20.0,-1.6362489461898804,-1.6351587772369385,0.0010901689529418945,0.0666260650141152,True,0.002360820770263672,0.14428240476102103,True,0.0010901689529418945,PASS,5,Small translation should preserve prediction consistency.,Consistent,0.07333333333333333
TranslationRelation,40.0,-1.6362489461898804,-1.6339958906173706,0.0022530555725097656,0.13769629620194393,True,0.002360820770263672,0.14428240476102103,True,0.0022530555725097656,PASS,5,Small translation should preserve prediction consistency.,Consistent,0.07333333333333333
TranslationRelation,60.0,-1.6362489461898804,-1.635379672050476,0.0008692741394042969,0.05312599957167064,True,0.002360820770263672,0.14428240476102103,True,0.0008692741394042969,PASS,5,Small translation should preserve prediction consistency.,Consistent,0.07333333333333333
TranslationRelation,80.0,-1.6362489461898804,-1.6357316970825195,0.0005172491073608398,0.0316118639799066,True,0.002360820770263672,0.14428240476102103,True,0.0005172491073608398,PASS,5,Small translation should preserve prediction consistency.,Consistent,0.07333333333333333
DarkVisibilityRelation,0.05,-1.6362489461898804,-1.6358563899993896,0.00039255619049072266,0.02399121181973552,True,0.0078200101852417,0.4779227161138265,True,0.00039255619049072266,PASS,5,Output should not change drastically under visibility degradation.,Consistent,0.07333333333333333
DarkVisibilityRelation,0.4125,-1.6362489461898804,-1.6347094774246216,0.001539468765258789,0.09408518355301078,True,0.0078200101852417,0.4779227161138265,True,0.001539468765258789,PASS,5,Output should not change drastically under visibility degradation.,Consistent,0.07333333333333333
DarkVisibilityRelation,0.775,-1.6362489461898804,-1.629926323890686,0.006322622299194336,0.38640932052691546,True,0.0078200101852417,0.4779227161138265,True,0.006322622299194336,PASS,5,Output should not change drastically under visibility degradation.,Consistent,0.07333333333333333
DarkVisibilityRelation,1.1375,-1.6362489461898804,-1.628036379814148,0.008212566375732422,0.5019139279335619,True,0.0078200101852417,0.4779227161138265,True,0.008212566375732422,PASS,5,Output should not change drastically under visibility degradation.,Consistent,0.07333333333333333
DarkVisibilityRelation,1.5,-1.6362489461898804,-1.6280710697174072,0.008177876472473145,0.49979384210315103,True,0.0078200101852417,0.4779227161138265,True,0.008177876472473145,PASS,5,Output should not change drastically under visibility degradation.,Consistent,0.07333333333333333
TemporalSmoothnessRelation,0.0,-1.630487322807312,-1.63059401512146,0.00010669231414794922,0.0,True,,,,0.00010669231414794922,PASS,5,Predictions should change smoothly across consecutive frames.,Consistent,0.07333333333333333
BlurRelation,1.0,-1.6347743272781372,-1.6348466873168945,7.236003875732422e-05,0.004426298681532098,True,0.00030517578125,0.01866775061733471,True,7.236003875732422e-05,PASS,6,Blur should not significantly change output.,Consistent,0.07333333333333333
BlurRelation,8.5,-1.6347743272781372,-1.6350023746490479,0.00022804737091064453,0.013949768332406758,True,0.00030517578125,0.01866775061733471,True,0.00022804737091064453,PASS,6,Blur should not significantly change output.,Consistent,0.07333333333333333
BlurRelation,16.0,-1.6347743272781372,-1.6348681449890137,9.381771087646484e-05,0.005738874896813444,True,0.00030517578125,0.01866775061733471,True,9.381771087646484e-05,PASS,6,Blur should not significantly change output.,Consistent,0.07333333333333333
BlurRelation,23.5,-1.6347743272781372,-1.634842872619629,6.854534149169922e-05,0.0041929517988154134,True,0.00030517578125,0.01866775061733471,True,6.854534149169922e-05,PASS,6,Blur should not significantly change output.,Consistent,0.07333333333333333
BlurRelation,31.0,-1.6347743272781372,-1.6346971988677979,7.712841033935547e-05,0.004717982284927953,True,0.00030517578125,0.01866775061733471,True,7.712841033935547e-05,PASS,6,Blur should not significantly change output.,Consistent,0.07333333333333333
BrightnessRelation,0.1,-1.6347743272781372,-1.6353037357330322,0.0005294084548950195,0.032384172067024784,True,0.0029959678649902344,0.18326480801361564,True,0.0005294084548950195,PASS,6,Output should remain approximately same under localized brightness change.,Consistent,0.07333333333333333
BrightnessRelation,0.825,-1.6347743272781372,-1.6345252990722656,0.00024902820587158203,0.015233176187348521,True,0.0029959678649902344,0.18326480801361564,True,0.00024902820587158203,PASS,6,Output should remain approximately same under localized brightness change.,Consistent,0.07333333333333333
BrightnessRelation,1.55,-1.6347743272781372,-1.6329057216644287,0.001868605613708496,0.11430351208075062,True,0.0029959678649902344,0.18326480801361564,True,0.001868605613708496,PASS,6,Output should remain approximately same under localized brightness change.,Consistent,0.07333333333333333
BrightnessRelation,2.275,-1.6347743272781372,-1.6343860626220703,0.00038826465606689453,0.023750337406507484,True,0.0029959678649902344,0.18326480801361564,True,0.00038826465606689453,PASS,6,Output should remain approximately same under localized brightness change.,Consistent,0.07333333333333333
BrightnessRelation,3.0,-1.6347743272781372,-1.632307767868042,0.002466559410095215,0.15088063594659085,True,0.0029959678649902344,0.18326480801361564,True,0.002466559410095215,PASS,6,Output should remain approximately same under localized brightness change.,Consistent,0.07333333333333333
CompositeRelation,0.1,-1.6347743272781372,-1.6342726945877075,0.0005016326904296875,0.030685115077243932,True,0.0015797615051269531,0.09663477780504671,True,0.0005016326904296875,PASS,6,Prediction should remain approximately consistent under composite transformations.,Consistent,0.07333333333333333
CompositeRelation,0.44999999999999996,-1.6347743272781372,-1.6358524560928345,0.0010781288146972656,0.06594966272780278,True,0.0015797615051269531,0.09663477780504671,True,0.0010781288146972656,PASS,6,Prediction should remain approximately consistent under composite transformations.,Consistent,0.07333333333333333
CompositeRelation,0.7999999999999999,-1.6347743272781372,-1.6348671913146973,9.28640365600586e-05,0.0056805381761342736,True,0.0015797615051269531,0.09663477780504671,True,9.28640365600586e-05,PASS,6,Prediction should remain approximately consistent under composite transformations.,Consistent,0.07333333333333333
CompositeRelation,1.15,-1.6347743272781372,-1.6344337463378906,0.00034058094024658203,0.020833501372548933,True,0.0015797615051269531,0.09663477780504671,True,0.00034058094024658203,PASS,6,Prediction should remain approximately consistent under composite transformations.,Consistent,0.07333333333333333
CompositeRelation,1.5,-1.6347743272781372,-1.6351590156555176,0.0003846883773803711,0.02353157470396059,True,0.0015797615051269531,0.09663477780504671,True,0.0003846883773803711,PASS,6,Prediction should remain approximately consistent under composite transformations.,Consistent,0.07333333333333333
ContrastRelation,0.1,-1.6347743272781372,-1.6344300508499146,0.00034427642822265625,0.021059556165180723,True,0.0007679462432861328,0.046975644326902426,True,0.00034427642822265625,PASS,6,Contrast change should not significantly affect output.,Consistent,0.07333333333333333
ContrastRelation,1.075,-1.6347743272781372,-1.634840726852417,6.639957427978516e-05,0.00406169417728728,True,0.0007679462432861328,0.046975644326902426,True,6.639957427978516e-05,PASS,6,Contrast change should not significantly affect output.,Consistent,0.07333333333333333
ContrastRelation,2.05,-1.6347743272781372,-1.6351979970932007,0.00042366981506347656,0.025916088161721702,True,0.0007679462432861328,0.046975644326902426,True,0.00042366981506347656,PASS,6,Contrast change should not significantly affect output.,Consistent,0.07333333333333333
ContrastRelation,3.025,-1.6347743272781372,-1.6348353624343872,6.103515625e-05,0.0037335501234669424,True,0.0007679462432861328,0.046975644326902426,True,6.103515625e-05,PASS,6,Contrast change should not significantly affect output.,Consistent,0.07333333333333333
ContrastRelation,4.0,-1.6347743272781372,-1.6350220441818237,0.00024771690368652344,0.01515296319641466,True,0.0007679462432861328,0.046975644326902426,True,0.00024771690368652344,PASS,6,Contrast change should not significantly affect output.,Consistent,0.07333333333333333
DarkVisibilityRelation,0.05,-1.6347743272781372,-1.6357825994491577,0.0010082721710205078,0.061676497938053514,True,0.001560807228088379,0.0954753354815482,True,0.0010082721710205078,PASS,6,Output should not change drastically under visibility degradation.,Consistent,0.07333333333333333
DarkVisibilityRelation,0.4125,-1.6347743272781372,-1.6363372802734375,0.001562952995300293,0.09560659310307633,True,0.001560807228088379,0.0954753354815482,True,0.001562952995300293,PASS,6,Output should not change drastically under visibility degradation.,Consistent,0.07333333333333333
DarkVisibilityRelation,0.775,-1.6347743272781372,-1.635489821434021,0.0007154941558837891,0.04376712468954802,True,0.001560807228088379,0.0954753354815482,True,0.0007154941558837891,PASS,6,Output should not change drastically under visibility degradation.,Consistent,0.07333333333333333
DarkVisibilityRelation,1.1375,-1.6347743272781372,-1.6347891092300415,1.4781951904296875e-05,0.0009042191705271501,True,0.001560807228088379,0.0954753354815482,True,1.4781951904296875e-05,PASS,6,Output should not change drastically under visibility degradation.,Consistent,0.07333333333333333
DarkVisibilityRelation,1.5,-1.6347743272781372,-1.6347764730453491,2.1457672119140625e-06,0.0001312576215281347,True,0.001560807228088379,0.0954753354815482,True,2.1457672119140625e-06,PASS,6,Output should not change drastically under visibility degradation.,Consistent,0.07333333333333333
DustRelation,0.0,-1.6347743272781372,-1.6347743272781372,0.0,0.0,True,0.0001252889633178711,0.007663986679226087,True,0.0,PASS,6,Dust should not significantly affect prediction.,Consistent,0.07333333333333333
DustRelation,0.375,-1.6347743272781372,-1.6347434520721436,3.0875205993652344e-05,0.0018886513319881604,True,0.0001252889633178711,0.007663986679226087,True,3.0875205993652344e-05,PASS,6,Dust should not significantly affect prediction.,Consistent,0.07333333333333333
DustRelation,0.75,-1.6347743272781372,-1.6346697807312012,0.00010454654693603516,0.006395163004454118,True,0.0001252889633178711,0.007663986679226087,True,0.00010454654693603516,PASS,6,Dust should not significantly affect prediction.,Consistent,0.07333333333333333
DustRelation,1.125,-1.6347743272781372,-1.634795069694519,2.0742416381835938e-05,0.0012688236747719689,True,0.0001252889633178711,0.007663986679226087,True,2.0742416381835938e-05,PASS,6,Dust should not significantly affect prediction.,Consistent,0.07333333333333333
DustRelation,1.5,-1.6347743272781372,-1.634767770767212,6.556510925292969e-06,0.00040106495466930045,True,0.0001252889633178711,0.007663986679226087,True,6.556510925292969e-06,PASS,6,Dust should not significantly affect prediction.,Consistent,0.07333333333333333
FogRelation,0.0,-1.6347743272781372,-1.6346174478530884,0.00015687942504882812,0.009596390551723625,True,0.00042831897735595703,0.026200479675032667,True,0.00015687942504882812,PASS,6,Fog should not significantly affect prediction.,Consistent,0.07333333333333333
FogRelation,0.375,-1.6347743272781372,-1.6349601745605469,0.00018584728240966797,0.011368368442353444,True,0.00042831897735595703,0.026200479675032667,True,0.00018584728240966797,PASS,6,Fog should not significantly affect prediction.,Consistent,0.07333333333333333
FogRelation,0.75,-1.6347743272781372,-1.6350457668304443,0.0002714395523071289,0.01660408912330904,True,0.00042831897735595703,0.026200479675032667,True,0.0002714395523071289,PASS,6,Fog should not significantly affect prediction.,Consistent,0.07333333333333333
FogRelation,1.125,-1.6347743272781372,-1.634967565536499,0.0001932382583618164,0.011820478027617019,True,0.00042831897735595703,0.026200479675032667,True,0.0001932382583618164,PASS,6,Fog should not significantly affect prediction.,Consistent,0.07333333333333333
FogRelation,1.5,-1.6347743272781372,-1.6347880363464355,1.3709068298339844e-05,0.0008385903597630827,True,0.00042831897735595703,0.026200479675032667,True,1.3709068298339844e-05,PASS,6,Fog should not significantly affect prediction.,Consistent,0.07333333333333333
HazeRelation,0.0,-1.6347743272781372,-1.6347743272781372,0.0,0.0,True,0.002998828887939453,0.18343981817565314,True,0.0,PASS,6,Haze should not significantly affect prediction.,Consistent,0.07333333333333333
HazeRelation,0.375,-1.6347743272781372,-1.634037733078003,0.0007365942001342773,0.04505782463457468,True,0.002998828887939453,0.18343981817565314,True,0.0007365942001342773,PASS,6,Haze should not significantly affect prediction.,Consistent,0.07333333333333333
HazeRelation,0.75,-1.6347743272781372,-1.6332813501358032,0.0014929771423339844,0.09132613622324216,True,0.002998828887939453,0.18343981817565314,True,0.0014929771423339844,PASS,6,Haze should not significantly affect prediction.,Consistent,0.07333333333333333
HazeRelation,1.125,-1.6347743272781372,-1.6325314044952393,0.0022429227828979492,0.13720067494732524,True,0.002998828887939453,0.18343981817565314,True,0.0022429227828979492,PASS,6,Haze should not significantly affect prediction.,Consistent,0.07333333333333333
HazeRelation,1.5,-1.6347743272781372,-1.6317754983901978,0.002998828887939453,0.18343981817565314,True,0.002998828887939453,0.18343981817565314,True,0.002998828887939453,PASS,6,Haze should not significantly affect prediction.,Consistent,0.07333333333333333
NoiseRelation,0.0,-1.6347743272781372,-1.6348119974136353,3.7670135498046875e-05,0.0023043004668272535,True,0.0021647214889526367,0.1324170638516332,True,3.7670135498046875e-05,PASS,6,Noise should not significantly affect prediction.,Consistent,0.07333333333333333
NoiseRelation,37.5,-1.6347743272781372,-1.634443998336792,0.00033032894134521484,0.020206381625247846,True,0.0021647214889526367,0.1324170638516332,True,0.00033032894134521484,PASS,6,Noise should not significantly affect prediction.,Consistent,0.07333333333333333
NoiseRelation,75.0,-1.6347743272781372,-1.6339586973190308,0.0008156299591064453,0.049892480360860976,True,0.0021647214889526367,0.1324170638516332,True,0.0008156299591064453,PASS,6,Noise should not significantly affect prediction.,Consistent,0.07333333333333333
NoiseRelation,112.5,-1.6347743272781372,-1.6333585977554321,0.0014157295227050781,0.08660086184822931,True,0.0021647214889526367,0.1324170638516332,True,0.0014157295227050781,PASS,6,Noise should not significantly affect prediction.,Consistent,0.07333333333333333
NoiseRelation,150.0,-1.6347743272781372,-1.6326472759246826,0.00212705135345459,0.13011276338480596,True,0.0021647214889526367,0.1324170638516332,True,0.00212705135345459,PASS,6,Noise should not significantly affect prediction.,Consistent,0.07333333333333333
RainRelation,0.0,-1.6347743272781372,-1.6347743272781372,0.0,0.0,True,0.0026509761810302734,0.1621614993079255,True,0.0,PASS,6,Rain should not significantly affect prediction.,Consistent,0.07333333333333333
RainRelation,0.375,-1.6347743272781372,-1.6354354619979858,0.0006611347198486328,0.04044193161083528,True,0.0026509761810302734,0.1621614993079255,True,0.0006611347198486328,PASS,6,Rain should not significantly affect prediction.,Consistent,0.07333333333333333
RainRelation,0.75,-1.6347743272781372,-1.6356256008148193,0.0008512735366821289,0.052072815296244995,True,0.0026509761810302734,0.1621614993079255,True,0.0008512735366821289,PASS,6,Rain should not significantly affect prediction.,Consistent,0.07333333333333333
RainRelation,1.125,-1.6347743272781372,-1.632974624633789,0.0017997026443481445,0.11008868401168052,True,0.0026509761810302734,0.1621614993079255,True,0.0017997026443481445,PASS,6,Rain should not significantly affect prediction.,Consistent,0.07333333333333333
RainRelation,1.5,-1.6347743272781372,-1.6347827911376953,8.463859558105469e-06,0.0005177383960276424,True,0.0026509761810302734,0.1621614993079255,True,8.463859558105469e-06,PASS,6,Rain should not significantly affect prediction.,Consistent,0.07333333333333333
RotationRelation,-60.0,-1.6347743272781372,-1.6354724168777466,0.000698089599609375,0.04270247953715315,True,0.001216888427734375,0.07443765558662216,True,0.000698089599609375,PASS,6,Small rotation should not significantly change output.,Consistent,0.07333333333333333
RotationRelation,-30.0,-1.6347743272781372,-1.6345492601394653,0.000225067138671875,0.01376746608028435,True,0.001216888427734375,0.07443765558662216,True,0.000225067138671875,PASS,6,Small rotation should not significantly change output.,Consistent,0.07333333333333333
RotationRelation,0.0,-1.6347743272781372,-1.6347743272781372,0.0,0.0,True,0.001216888427734375,0.07443765558662216,True,0.0,PASS,6,Small rotation should not significantly change output.,Consistent,0.07333333333333333
RotationRelation,30.0,-1.6347743272781372,-1.6348233222961426,4.8995018005371094e-05,0.0029970490248924088,True,0.001216888427734375,0.07443765558662216,True,4.8995018005371094e-05,PASS,6,Small rotation should not significantly change output.,Consistent,0.07333333333333333
RotationRelation,60.0,-1.6347743272781372,-1.6357661485671997,0.0009918212890625,0.06067018950633781,True,0.001216888427734375,0.07443765558662216,True,0.0009918212890625,PASS,6,Small rotation should not significantly change output.,Consistent,0.07333333333333333
SandstormRelation,0.0,-1.6347743272781372,-1.6346609592437744,0.00011336803436279297,0.0069347776707364495,True,0.0004438161849975586,0.02714845138606919,True,0.00011336803436279297,PASS,6,Sandstorm should not significantly affect prediction.,Consistent,0.07333333333333333
SandstormRelation,0.375,-1.6347743272781372,-1.6346632242202759,0.00011110305786132812,0.006796227959123418,True,0.0004438161849975586,0.02714845138606919,True,0.00011110305786132812,PASS,6,Sandstorm should not significantly affect prediction.,Consistent,0.07333333333333333
SandstormRelation,0.75,-1.6347743272781372,-1.6344757080078125,0.00029861927032470703,0.01826668566266541,True,0.0004438161849975586,0.02714845138606919,True,0.00029861927032470703,PASS,6,Sandstorm should not significantly affect prediction.,Consistent,0.07333333333333333
SandstormRelation,1.125,-1.6347743272781372,-1.6342754364013672,0.0004988908767700195,0.030517397005291318,True,0.0004438161849975586,0.02714845138606919,True,0.0004988908767700195,PASS,6,Sandstorm should not significantly affect prediction.,Consistent,0.07333333333333333
SandstormRelation,1.5,-1.6347743272781372,-1.6342194080352783,0.0005549192428588867,0.03394467934519261,True,0.0004438161849975586,0.02714845138606919,True,0.0005549192428588867,PASS,6,Sandstorm should not significantly affect prediction.,Consistent,0.07333333333333333
SmokeRelation,0.0,-1.6347743272781372,-1.6347743272781372,0.0,0.0,True,0.006705760955810547,0.4101946514555907,True,0.0,PASS,6,Smoke should not significantly affect prediction.,Consistent,0.07333333333333333
SmokeRelation,0.375,-1.6347743272781372,-1.6336580514907837,0.0011162757873535156,0.06828313155496962,True,0.006705760955810547,0.4101946514555907,True,0.0011162757873535156,PASS,6,Smoke should not significantly affect prediction.,Consistent,0.07333333333333333
SmokeRelation,0.75,-1.6347743272781372,-1.6309804916381836,0.0037938356399536133,0.23207076695182702,True,0.006705760955810547,0.4101946514555907,True,0.0037938356399536133,PASS,6,Smoke should not significantly affect prediction.,Consistent,0.07333333333333333
SmokeRelation,1.125,-1.6347743272781372,-1.6310179233551025,0.003756403923034668,0.22978105066516957,True,0.006705760955810547,0.4101946514555907,True,0.003756403923034668,PASS,6,Smoke should not significantly affect prediction.,Consistent,0.07333333333333333
SmokeRelation,1.5,-1.6347743272781372,-1.6280685663223267,0.006705760955810547,0.4101946514555907,True,0.006705760955810547,0.4101946514555907,True,0.006705760955810547,PASS,6,Smoke should not significantly affect prediction.,Consistent,0.07333333333333333
SnowRelation,0.0,-1.6347743272781372,-1.6347743272781372,0.0,0.0,True,0.0013589859008789062,0.08312982696781865,True,0.0,PASS,6,Snow should not significantly affect prediction.,Consistent,0.07333333333333333
SnowRelation,0.375,-1.6347743272781372,-1.634940266609192,0.0001659393310546875,0.01015058939817575,True,0.0013589859008789062,0.08312982696781865,True,0.0001659393310546875,PASS,6,Snow should not significantly affect prediction.,Consistent,0.07333333333333333
SnowRelation,0.75,-1.6347743272781372,-1.6339290142059326,0.0008453130722045898,0.05170821079200017,True,0.0013589859008789062,0.08312982696781865,True,0.0008453130722045898,PASS,6,Snow should not significantly affect prediction.,Consistent,0.07333333333333333
SnowRelation,1.125,-1.6347743272781372,-1.634595274925232,0.00017905235290527344,0.01095271930751435,True,0.0013589859008789062,0.08312982696781865,True,0.00017905235290527344,PASS,6,Snow should not significantly affect prediction.,Consistent,0.07333333333333333
SnowRelation,1.5,-1.6347743272781372,-1.633581280708313,0.0011930465698242188,0.07297923756964289,True,0.0013589859008789062,0.08312982696781865,True,0.0011930465698242188,PASS,6,Snow should not significantly affect prediction.,Consistent,0.07333333333333333
TranslationRelation,0.0,-1.6347743272781372,-1.6346219778060913,0.00015234947204589844,0.009319291128497564,True,0.002498626708984375,0.15284220817942795,True,0.00015234947204589844,PASS,6,Small translation should preserve prediction consistency.,Consistent,0.07333333333333333
TranslationRelation,20.0,-1.6347743272781372,-1.6339823007583618,0.0007920265197753906,0.048448646524051495,True,0.002498626708984375,0.15284220817942795,True,0.0007920265197753906,PASS,6,Small translation should preserve prediction consistency.,Consistent,0.07333333333333333
TranslationRelation,40.0,-1.6347743272781372,-1.6347908973693848,1.6570091247558594e-05,0.0010136005218005957,True,0.002498626708984375,0.15284220817942795,True,1.6570091247558594e-05,PASS,6,Small translation should preserve prediction consistency.,Consistent,0.07333333333333333
TranslationRelation,60.0,-1.6347743272781372,-1.6364809274673462,0.0017066001892089844,0.10439356165537646,True,0.002498626708984375,0.15284220817942795,True,0.0017066001892089844,PASS,6,Small translation should preserve prediction consistency.,Consistent,0.07333333333333333
TranslationRelation,80.0,-1.6347743272781372,-1.6347025632858276,7.176399230957031e-05,0.004389838231107616,True,0.002498626708984375,0.15284220817942795,True,7.176399230957031e-05,PASS,6,Small translation should preserve prediction consistency.,Consistent,0.07333333333333333
DarkVisibilityRelation,0.05,-1.6347743272781372,-1.6344515085220337,0.0003228187561035156,0.019746979949899376,True,0.0063751935958862305,0.38997368565017304,True,0.0003228187561035156,PASS,6,Output should not change drastically under visibility degradation.,Consistent,0.07333333333333333
DarkVisibilityRelation,0.4125,-1.6347743272781372,-1.6320250034332275,0.002749323844909668,0.16817747362796504,True,0.0063751935958862305,0.38997368565017304,True,0.002749323844909668,PASS,6,Output should not change drastically under visibility degradation.,Consistent,0.07333333333333333
DarkVisibilityRelation,0.775,-1.6347743272781372,-1.6295948028564453,0.0051795244216918945,0.31683402209866246,True,0.0063751935958862305,0.38997368565017304,True,0.0051795244216918945,PASS,6,Output should not change drastically under visibility degradation.,Consistent,0.07333333333333333
DarkVisibilityRelation,1.1375,-1.6347743272781372,-1.6280763149261475,0.006698012351989746,0.4097206656000724,True,0.0063751935958862305,0.38997368565017304,True,0.006698012351989746,PASS,6,Output should not change drastically under visibility degradation.,Consistent,0.07333333333333333
DarkVisibilityRelation,1.5,-1.6347743272781372,-1.6282939910888672,0.0064803361892700195,0.3964053091050517,True,0.0063751935958862305,0.38997368565017304,True,0.0064803361892700195,PASS,6,Output should not change drastically under visibility degradation.,Consistent,0.07333333333333333
TemporalSmoothnessRelation,0.0,-1.630487322807312,-1.63059401512146,0.00010669231414794922,0.0,True,,,,0.00010669231414794922,PASS,6,Predictions should change smoothly across consecutive frames.,Consistent,0.07333333333333333
BlurRelation,1.0,-1.6333321332931519,-1.6334105730056763,7.843971252441406e-05,0.004802431967216797,True,0.0003387928009033203,0.020742418922234253,True,7.843971252441406e-05,PASS,7,Blur should not significantly change output.,Consistent,0.07333333333333333
BlurRelation,8.5,-1.6333321332931519,-1.633375644683838,4.3511390686035156e-05,0.0026639630213284664,True,0.0003387928009033203,0.020742418922234253,True,4.3511390686035156e-05,PASS,7,Blur should not significantly change output.,Consistent,0.07333333333333333
BlurRelation,16.0,-1.6333321332931519,-1.6331696510314941,0.00016248226165771484,0.009947894789234794,True,0.0003387928009033203,0.020742418922234253,True,0.00016248226165771484,PASS,7,Blur should not significantly change output.,Consistent,0.07333333333333333
BlurRelation,23.5,-1.6333321332931519,-1.633071780204773,0.00026035308837890625,0.015939986955017454,True,0.0003387928009033203,0.020742418922234253,True,0.00026035308837890625,PASS,7,Blur should not significantly change output.,Consistent,0.07333333333333333
BlurRelation,31.0,-1.6333321332931519,-1.633162260055542,0.00016987323760986328,0.010400403576419356,True,0.0003387928009033203,0.020742418922234253,True,0.00016987323760986328,PASS,7,Blur should not significantly change output.,Consistent,0.07333333333333333
BrightnessRelation,0.1,-1.6333321332931519,-1.6331943273544312,0.00013780593872070312,0.008437099322344403,True,0.008756399154663086,0.5361061363524964,True,0.00013780593872070312,PASS,7,Output should remain approximately same under localized brightness change.,Consistent,0.07333333333333333
BrightnessRelation,0.825,-1.6333321332931519,-1.6336685419082642,0.0003364086151123047,0.020596448345723103,True,0.008756399154663086,0.5361061363524964,True,0.0003364086151123047,PASS,7,Output should remain approximately same under localized brightness change.,Consistent,0.07333333333333333
BrightnessRelation,1.55,-1.6333321332931519,-1.6324282884597778,0.0009038448333740234,0.05533744555537653,True,0.008756399154663086,0.5361061363524964,True,0.0009038448333740234,PASS,7,Output should remain approximately same under localized brightness change.,Consistent,0.07333333333333333
BrightnessRelation,2.275,-1.6333321332931519,-1.6340190172195435,0.0006868839263916016,0.04205412309286198,True,0.008756399154663086,0.5361061363524964,True,0.0006868839263916016,PASS,7,Output should remain approximately same under localized brightness change.,Consistent,0.07333333333333333
BrightnessRelation,3.0,-1.6333321332931519,-1.641184687614441,0.007852554321289062,0.48076869079711987,True,0.008756399154663086,0.5361061363524964,True,0.007852554321289062,PASS,7,Output should remain approximately same under localized brightness change.,Consistent,0.07333333333333333
CompositeRelation,0.1,-1.6333321332931519,-1.6333856582641602,5.352497100830078e-05,0.0032770394426752916,True,0.0056667327880859375,0.34694286625169857,True,5.352497100830078e-05,PASS,7,Prediction should remain approximately consistent under composite transformations.,Consistent,0.07333333333333333
CompositeRelation,0.44999999999999996,-1.6333321332931519,-1.631394386291504,0.0019377470016479492,0.11863758605943624,True,0.0056667327880859375,0.34694286625169857,True,0.0019377470016479492,PASS,7,Prediction should remain approximately consistent under composite transformations.,Consistent,0.07333333333333333
CompositeRelation,0.7999999999999999,-1.6333321332931519,-1.6344642639160156,0.0011321306228637695,0.06931412825631904,True,0.0056667327880859375,0.34694286625169857,True,0.0011321306228637695,PASS,7,Prediction should remain approximately consistent under composite transformations.,Consistent,0.07333333333333333
CompositeRelation,1.15,-1.6333321332931519,-1.6345291137695312,0.0011969804763793945,0.07328452793742228,True,0.0056667327880859375,0.34694286625169857,True,0.0011969804763793945,PASS,7,Prediction should remain approximately consistent under composite transformations.,Consistent,0.07333333333333333
CompositeRelation,1.5,-1.6333321332931519,-1.6370611190795898,0.0037289857864379883,0.22830528019226237,True,0.0056667327880859375,0.34694286625169857,True,0.0037289857864379883,PASS,7,Prediction should remain approximately consistent under composite transformations.,Consistent,0.07333333333333333
ContrastRelation,0.1,-1.6333321332931519,-1.6333837509155273,5.161762237548828e-05,0.0031602629814663726,True,0.00035059452056884766,0.021464973275964437,True,5.161762237548828e-05,PASS,7,Contrast change should not significantly affect output.,Consistent,0.07333333333333333
ContrastRelation,1.075,-1.6333321332931519,-1.6333503723144531,1.823902130126953e-05,0.0011166749103102887,True,0.00035059452056884766,0.021464973275964437,True,1.823902130126953e-05,PASS,7,Contrast change should not significantly affect output.,Consistent,0.07333333333333333
ContrastRelation,2.05,-1.6333321332931519,-1.6332498788833618,8.225440979003906e-05,0.005035984889634635,True,0.00035059452056884766,0.021464973275964437,True,8.225440979003906e-05,PASS,7,Contrast change should not significantly affect output.,Consistent,0.07333333333333333
ContrastRelation,3.025,-1.6333321332931519,-1.6334768533706665,0.00014472007751464844,0.008860413994226735,True,0.00035059452056884766,0.021464973275964437,True,0.00014472007751464844,PASS,7,Contrast change should not significantly affect output.,Consistent,0.07333333333333333
ContrastRelation,4.0,-1.6333321332931519,-1.6331262588500977,0.00020587444305419922,0.012604559281737704,True,0.00035059452056884766,0.021464973275964437,True,0.00020587444305419922,PASS,7,Contrast change should not significantly affect output.,Consistent,0.07333333333333333
DarkVisibilityRelation,0.05,-1.6333321332931519,-1.635789394378662,0.002457261085510254,0.15044457468121555,True,0.0026464462280273438,0.16202733992737522,True,0.002457261085510254,PASS,7,Output should not change drastically under visibility degradation.,Consistent,0.07333333333333333
DarkVisibilityRelation,0.4125,-1.6333321332931519,-1.635318398475647,0.001986265182495117,0.1216080872914381,True,0.0026464462280273438,0.16202733992737522,True,0.001986265182495117,PASS,7,Output should not change drastically under visibility degradation.,Consistent,0.07333333333333333
DarkVisibilityRelation,0.775,-1.6333321332931519,-1.6359729766845703,0.002640843391418457,0.16168430907257403,True,0.0026464462280273438,0.16202733992737522,True,0.002640843391418457,PASS,7,Output should not change drastically under visibility degradation.,Consistent,0.07333333333333333
DarkVisibilityRelation,1.1375,-1.6333321332931519,-1.633326530456543,5.602836608886719e-06,0.0003430308548011998,True,0.0026464462280273438,0.16202733992737522,True,5.602836608886719e-06,PASS,7,Output should not change drastically under visibility degradation.,Consistent,0.07333333333333333
DarkVisibilityRelation,1.5,-1.6333321332931519,-1.6333448886871338,1.2755393981933594e-05,0.0007809425843346464,True,0.0026464462280273438,0.16202733992737522,True,1.2755393981933594e-05,PASS,7,Output should not change drastically under visibility degradation.,Consistent,0.07333333333333333
DustRelation,0.0,-1.6333321332931519,-1.6333321332931519,0.0,0.0,True,0.0004341602325439453,0.026581241982680207,True,0.0,PASS,7,Dust should not significantly affect prediction.,Consistent,0.07333333333333333
DustRelation,0.375,-1.6333321332931519,-1.6333502531051636,1.811981201171875e-05,0.0011093763814847312,True,0.0004341602325439453,0.026581241982680207,True,1.811981201171875e-05,PASS,7,Dust should not significantly affect prediction.,Consistent,0.07333333333333333
DustRelation,0.75,-1.6333321332931519,-1.6335763931274414,0.0002442598342895508,0.0149546855635672,True,0.0004341602325439453,0.026581241982680207,True,0.0002442598342895508,PASS,7,Dust should not significantly affect prediction.,Consistent,0.07333333333333333
DustRelation,1.125,-1.6333321332931519,-1.6331422328948975,0.00018990039825439453,0.011626556419113006,True,0.0004341602325439453,0.026581241982680207,True,0.00018990039825439453,PASS,7,Dust should not significantly affect prediction.,Consistent,0.07333333333333333
DustRelation,1.5,-1.6333321332931519,-1.6333688497543335,3.6716461181640625e-05,0.002247946878271692,True,0.0004341602325439453,0.026581241982680207,True,3.6716461181640625e-05,PASS,7,Dust should not significantly affect prediction.,Consistent,0.07333333333333333
FogRelation,0.0,-1.6333321332931519,-1.6332616806030273,7.045269012451172e-05,0.0043134305359044485,True,0.0014666318893432617,0.08979380014083321,True,7.045269012451172e-05,PASS,7,Fog should not significantly affect prediction.,Consistent,0.07333333333333333
FogRelation,0.375,-1.6333321332931519,-1.634086012840271,0.0007538795471191406,0.046155896292825266,True,0.0014666318893432617,0.08979380014083321,True,0.0007538795471191406,PASS,7,Fog should not significantly affect prediction.,Consistent,0.07333333333333333
FogRelation,0.75,-1.6333321332931519,-1.6345226764678955,0.0011905431747436523,0.07289040738084218,True,0.0014666318893432617,0.08979380014083321,True,0.0011905431747436523,PASS,7,Fog should not significantly affect prediction.,Consistent,0.07333333333333333
FogRelation,1.125,-1.6333321332931519,-1.6347074508666992,0.0013753175735473633,0.08420312706045621,True,0.0014666318893432617,0.08979380014083321,True,0.0013753175735473633,PASS,7,Fog should not significantly affect prediction.,Consistent,0.07333333333333333
FogRelation,1.5,-1.6333321332931519,-1.6347283124923706,0.00139617919921875,0.08548036960492876,True,0.0014666318893432617,0.08979380014083321,True,0.00139617919921875,PASS,7,Fog should not significantly affect prediction.,Consistent,0.07333333333333333
HazeRelation,0.0,-1.6333321332931519,-1.6333321332931519,0.0,0.0,True,0.002349257469177246,0.14383210756526052,True,0.0,PASS,7,Haze should not significantly affect prediction.,Consistent,0.07333333333333333
HazeRelation,0.375,-1.6333321332931519,-1.6327581405639648,0.0005739927291870117,0.035142416295059084,True,0.002349257469177246,0.14383210756526052,True,0.0005739927291870117,PASS,7,Haze should not significantly affect prediction.,Consistent,0.07333333333333333
HazeRelation,0.75,-1.6333321332931519,-1.6321667432785034,0.0011653900146484375,0.07135041779864956,True,0.002349257469177246,0.14383210756526052,True,0.0011653900146484375,PASS,7,Haze should not significantly affect prediction.,Consistent,0.07333333333333333
HazeRelation,1.125,-1.6333321332931519,-1.631575107574463,0.0017570257186889648,0.10757301635989115,True,0.002349257469177246,0.14383210756526052,True,0.0017570257186889648,PASS,7,Haze should not significantly affect prediction.,Consistent,0.07333333333333333
HazeRelation,1.5,-1.6333321332931519,-1.6309828758239746,0.002349257469177246,0.14383210756526052,True,0.002349257469177246,0.14383210756526052,True,0.002349257469177246,PASS,7,Haze should not significantly affect prediction.,Consistent,0.07333333333333333
NoiseRelation,0.0,-1.6333321332931519,-1.633347511291504,1.537799835205078e-05,0.0009415102184969101,True,0.0008493661880493164,0.052002017882096775,True,1.537799835205078e-05,PASS,7,Noise should not significantly affect prediction.,Consistent,0.07333333333333333
NoiseRelation,37.5,-1.6333321332931519,-1.6330713033676147,0.0002608299255371094,0.015969181070319687,True,0.0008493661880493164,0.052002017882096775,True,0.0002608299255371094,PASS,7,Noise should not significantly affect prediction.,Consistent,0.07333333333333333
NoiseRelation,75.0,-1.6333321332931519,-1.6329560279846191,0.00037610530853271484,0.023026858444633733,True,0.0008493661880493164,0.052002017882096775,True,0.00037610530853271484,PASS,7,Noise should not significantly affect prediction.,Consistent,0.07333333333333333
NoiseRelation,112.5,-1.6333321332931519,-1.6324981451034546,0.0008339881896972656,0.05106050766359987,True,0.0008493661880493164,0.052002017882096775,True,0.0008339881896972656,PASS,7,Noise should not significantly affect prediction.,Consistent,0.07333333333333333
NoiseRelation,150.0,-1.6333321332931519,-1.632956624031067,0.00037550926208496094,0.022990365800505945,True,0.0008493661880493164,0.052002017882096775,True,0.00037550926208496094,PASS,7,Noise should not significantly affect prediction.,Consistent,0.07333333333333333
RainRelation,0.0,-1.6333321332931519,-1.6333321332931519,0.0,0.0,True,0.0040416717529296875,0.24744932130169955,True,0.0,PASS,7,Rain should not significantly affect prediction.,Consistent,0.07333333333333333
RainRelation,0.375,-1.6333321332931519,-1.6340159177780151,0.0006837844848632812,0.041864361343397494,True,0.0040416717529296875,0.24744932130169955,True,0.0006837844848632812,PASS,7,Rain should not significantly affect prediction.,Consistent,0.07333333333333333
RainRelation,0.75,-1.6333321332931519,-1.636679768562317,0.003347635269165039,0.20495728647930408,True,0.0040416717529296875,0.24744932130169955,True,0.003347635269165039,PASS,7,Rain should not significantly affect prediction.,Consistent,0.07333333333333333
RainRelation,1.125,-1.6333321332931519,-1.6338214874267578,0.000489354133605957,0.0299604608289133,True,0.0040416717529296875,0.24744932130169955,True,0.000489354133605957,PASS,7,Rain should not significantly affect prediction.,Consistent,0.07333333333333333
RainRelation,1.5,-1.6333321332931519,-1.6373738050460815,0.0040416717529296875,0.24744932130169955,True,0.0040416717529296875,0.24744932130169955,True,0.0040416717529296875,PASS,7,Rain should not significantly affect prediction.,Consistent,0.07333333333333333
RotationRelation,-60.0,-1.6333321332931519,-1.633913278579712,0.0005811452865600586,0.03558032802459253,True,0.0010275840759277344,0.06291331847630516,True,0.0005811452865600586,PASS,7,Small rotation should not significantly change output.,Consistent,0.07333333333333333
RotationRelation,-30.0,-1.6333321332931519,-1.6329452991485596,0.00038683414459228516,0.023683726038933903,True,0.0010275840759277344,0.06291331847630516,True,0.00038683414459228516,PASS,7,Small rotation should not significantly change output.,Consistent,0.07333333333333333
RotationRelation,0.0,-1.6333321332931519,-1.6333348751068115,2.7418136596679688e-06,0.00016786616298782118,True,0.0010275840759277344,0.06291331847630516,True,2.7418136596679688e-06,PASS,7,Small rotation should not significantly change output.,Consistent,0.07333333333333333
RotationRelation,30.0,-1.6333321332931519,-1.6328856945037842,0.0004464387893676758,0.027332990451712624,True,0.0010275840759277344,0.06291331847630516,True,0.0004464387893676758,PASS,7,Small rotation should not significantly change output.,Consistent,0.07333333333333333
RotationRelation,60.0,-1.6333321332931519,-1.6330064535140991,0.0003256797790527344,0.019939580751422933,True,0.0010275840759277344,0.06291331847630516,True,0.0003256797790527344,PASS,7,Small rotation should not significantly change output.,Consistent,0.07333333333333333
SandstormRelation,0.0,-1.6333321332931519,-1.6333227157592773,9.417533874511719e-06,0.000576583777219038,True,0.000990748405456543,0.0606580730692079,True,9.417533874511719e-06,PASS,7,Sandstorm should not significantly affect prediction.,Consistent,0.07333333333333333
SandstormRelation,0.375,-1.6333321332931519,-1.6338272094726562,0.0004950761795043945,0.03031079021254006,True,0.000990748405456543,0.0606580730692079,True,0.0004950761795043945,PASS,7,Sandstorm should not significantly affect prediction.,Consistent,0.07333333333333333
SandstormRelation,0.75,-1.6333321332931519,-1.634246826171875,0.0009146928787231445,0.05600161167850226,True,0.000990748405456543,0.0606580730692079,True,0.0009146928787231445,PASS,7,Sandstorm should not significantly affect prediction.,Consistent,0.07333333333333333
SandstormRelation,1.125,-1.6333321332931519,-1.6343134641647339,0.0009813308715820312,0.06008148929198887,True,0.000990748405456543,0.0606580730692079,True,0.0009813308715820312,PASS,7,Sandstorm should not significantly affect prediction.,Consistent,0.07333333333333333
SandstormRelation,1.5,-1.6333321332931519,-1.6339161396026611,0.0005840063095092773,0.035755492716405914,True,0.000990748405456543,0.0606580730692079,True,0.0005840063095092773,PASS,7,Sandstorm should not significantly affect prediction.,Consistent,0.07333333333333333
SmokeRelation,0.0,-1.6333321332931519,-1.6333321332931519,0.0,0.0,True,0.003934025764465332,0.2408587497722212,True,0.0,PASS,7,Smoke should not significantly affect prediction.,Consistent,0.07333333333333333
SmokeRelation,0.375,-1.6333321332931519,-1.6319397687911987,0.001392364501953125,0.08524681668251093,True,0.003934025764465332,0.2408587497722212,True,0.001392364501953125,PASS,7,Smoke should not significantly affect prediction.,Consistent,0.07333333333333333
SmokeRelation,0.75,-1.6333321332931519,-1.631598711013794,0.0017334222793579102,0.10612790765243077,True,0.003934025764465332,0.2408587497722212,True,0.0017334222793579102,PASS,7,Smoke should not significantly affect prediction.,Consistent,0.07333333333333333
SmokeRelation,1.125,-1.6333321332931519,-1.63039231300354,0.0029398202896118164,0.1799890193670721,True,0.003934025764465332,0.2408587497722212,True,0.0029398202896118164,PASS,7,Smoke should not significantly affect prediction.,Consistent,0.07333333333333333
SmokeRelation,1.5,-1.6333321332931519,-1.6293981075286865,0.003934025764465332,0.2408587497722212,True,0.003934025764465332,0.2408587497722212,True,0.003934025764465332,PASS,7,Smoke should not significantly affect prediction.,Consistent,0.07333333333333333
SnowRelation,0.0,-1.6333321332931519,-1.6333321332931519,0.0,0.0,True,0.0010857582092285156,0.06647500054317719,True,0.0,PASS,7,Snow should not significantly affect prediction.,Consistent,0.07333333333333333
SnowRelation,0.375,-1.6333321332931519,-1.633186936378479,0.00014519691467285156,0.008889608109528964,True,0.0010857582092285156,0.06647500054317719,True,0.00014519691467285156,PASS,7,Snow should not significantly affect prediction.,Consistent,0.07333333333333333
SnowRelation,0.75,-1.6333321332931519,-1.633374571800232,4.2438507080078125e-05,0.0025982762618984496,True,0.0010857582092285156,0.06647500054317719,True,4.2438507080078125e-05,PASS,7,Snow should not significantly affect prediction.,Consistent,0.07333333333333333
SnowRelation,1.125,-1.6333321332931519,-1.6324445009231567,0.0008876323699951172,0.05434484563510072,True,0.0010857582092285156,0.06647500054317719,True,0.0008876323699951172,PASS,7,Snow should not significantly affect prediction.,Consistent,0.07333333333333333
SnowRelation,1.5,-1.6333321332931519,-1.6322888135910034,0.0010433197021484375,0.06387672428127875,True,0.0010857582092285156,0.06647500054317719,True,0.0010433197021484375,PASS,7,Snow should not significantly affect prediction.,Consistent,0.07333333333333333
TranslationRelation,0.0,-1.6333321332931519,-1.6333807706832886,4.863739013671875e-05,0.002977799760827437,True,0.002905607223510742,0.1778943415941371,True,4.863739013671875e-05,PASS,7,Small translation should preserve prediction consistency.,Consistent,0.07333333333333333
TranslationRelation,20.0,-1.6333321332931519,-1.6334737539291382,0.00014162063598632812,0.008670652244762241,True,0.002905607223510742,0.1778943415941371,True,0.00014162063598632812,PASS,7,Small translation should preserve prediction consistency.,Consistent,0.07333333333333333
TranslationRelation,40.0,-1.6333321332931519,-1.6332368850708008,9.524822235107422e-05,0.005831524531620397,True,0.002905607223510742,0.1778943415941371,True,9.524822235107422e-05,PASS,7,Small translation should preserve prediction consistency.,Consistent,0.07333333333333333
TranslationRelation,60.0,-1.6333321332931519,-1.6313434839248657,0.001988649368286133,0.12175405786794925,True,0.002905607223510742,0.1778943415941371,True,0.001988649368286133,PASS,7,Small translation should preserve prediction consistency.,Consistent,0.07333333333333333
TranslationRelation,80.0,-1.6333321332931519,-1.6342490911483765,0.0009169578552246094,0.056140283726187845,True,0.002905607223510742,0.1778943415941371,True,0.0009169578552246094,PASS,7,Small translation should preserve prediction consistency.,Consistent,0.07333333333333333
DarkVisibilityRelation,0.05,-1.6333321332931519,-1.633083462715149,0.0002486705780029297,0.015224731130112827,True,0.005012392997741699,0.3068812415282138,True,0.0002486705780029297,PASS,7,Output should not change drastically under visibility degradation.,Consistent,0.07333333333333333
DarkVisibilityRelation,0.4125,-1.6333321332931519,-1.631182312965393,0.002149820327758789,0.1316216688401029,True,0.005012392997741699,0.3068812415282138,True,0.002149820327758789,PASS,7,Output should not change drastically under visibility degradation.,Consistent,0.07333333333333333
DarkVisibilityRelation,0.775,-1.6333321332931519,-1.6292710304260254,0.004061102867126465,0.24863898150026542,True,0.005012392997741699,0.3068812415282138,True,0.004061102867126465,PASS,7,Output should not change drastically under visibility degradation.,Consistent,0.07333333333333333
DarkVisibilityRelation,1.1375,-1.6333321332931519,-1.6282360553741455,0.005096077919006348,0.31200480876375514,True,0.005012392997741699,0.3068812415282138,True,0.005096077919006348,PASS,7,Output should not change drastically under visibility degradation.,Consistent,0.07333333333333333
DarkVisibilityRelation,1.5,-1.6333321332931519,-1.6280710697174072,0.005261063575744629,0.32210597265832663,True,0.005012392997741699,0.3068812415282138,True,0.005261063575744629,PASS,7,Output should not change drastically under visibility degradation.,Consistent,0.07333333333333333
TemporalSmoothnessRelation,0.0,-1.630487322807312,-1.63059401512146,0.00010669231414794922,0.0,True,,,,0.00010669231414794922,PASS,7,Predictions should change smoothly across consecutive frames.,Consistent,0.07333333333333333
BlurRelation,1.0,-1.6327346563339233,-1.6327072381973267,2.7418136596679688e-05,0.001679275912810236,True,0.0006936788558959961,0.04248568059409897,True,2.7418136596679688e-05,PASS,8,Blur should not significantly change output.,Consistent,0.07333333333333333
BlurRelation,8.5,-1.6327346563339233,-1.6328364610671997,0.00010180473327636719,0.006235224476260615,True,0.0006936788558959961,0.04248568059409897,True,0.00010180473327636719,PASS,8,Blur should not significantly change output.,Consistent,0.07333333333333333
BlurRelation,16.0,-1.6327346563339233,-1.632733941078186,7.152557373046875e-07,4.380719772548442e-05,True,0.0006936788558959961,0.04248568059409897,True,7.152557373046875e-07,PASS,8,Blur should not significantly change output.,Consistent,0.07333333333333333
BlurRelation,23.5,-1.6327346563339233,-1.6331204175949097,0.0003857612609863281,0.02362668197327793,True,0.0006936788558959961,0.04248568059409897,True,0.0003857612609863281,PASS,8,Blur should not significantly change output.,Consistent,0.07333333333333333
BlurRelation,31.0,-1.6327346563339233,-1.6334009170532227,0.0006662607192993164,0.04080640468128874,True,0.0006936788558959961,0.04248568059409897,True,0.0006662607192993164,PASS,8,Blur should not significantly change output.,Consistent,0.07333333333333333
BrightnessRelation,0.1,-1.6327346563339233,-1.6325792074203491,0.00015544891357421875,0.009520764305671947,True,0.008328080177307129,0.5100691067166778,True,0.00015544891357421875,PASS,8,Output should remain approximately same under localized brightness change.,Consistent,0.07333333333333333
BrightnessRelation,0.825,-1.6327346563339233,-1.633875846862793,0.001141190528869629,0.06989438397101039,True,0.008328080177307129,0.5100691067166778,True,0.001141190528869629,PASS,8,Output should remain approximately same under localized brightness change.,Consistent,0.07333333333333333
BrightnessRelation,1.55,-1.6327346563339233,-1.6301820278167725,0.002552628517150879,0.15634058748263296,True,0.008328080177307129,0.5100691067166778,True,0.002552628517150879,PASS,8,Output should remain approximately same under localized brightness change.,Consistent,0.07333333333333333
BrightnessRelation,2.275,-1.6327346563339233,-1.6280829906463623,0.004651665687561035,0.28490011040768787,True,0.008328080177307129,0.5100691067166778,True,0.004651665687561035,PASS,8,Output should remain approximately same under localized brightness change.,Consistent,0.07333333333333333
BrightnessRelation,3.0,-1.6327346563339233,-1.6364110708236694,0.0036764144897460938,0.2251689963089899,True,0.008328080177307129,0.5100691067166778,True,0.0036764144897460938,PASS,8,Output should remain approximately same under localized brightness change.,Consistent,0.07333333333333333
CompositeRelation,0.1,-1.6327346563339233,-1.6328284740447998,9.381771087646484e-05,0.005746044101659373,True,0.003972768783569336,0.2433197785665823,True,9.381771087646484e-05,PASS,8,Prediction should remain approximately consistent under composite transformations.,Consistent,0.07333333333333333
CompositeRelation,0.44999999999999996,-1.6327346563339233,-1.632142186164856,0.0005924701690673828,0.03628696211594293,True,0.003972768783569336,0.2433197785665823,True,0.0005924701690673828,PASS,8,Prediction should remain approximately consistent under composite transformations.,Consistent,0.07333333333333333
CompositeRelation,0.7999999999999999,-1.6327346563339233,-1.6332204341888428,0.0004857778549194336,0.029752388455224835,True,0.003972768783569336,0.2433197785665823,True,0.0004857778549194336,PASS,8,Prediction should remain approximately consistent under composite transformations.,Consistent,0.07333333333333333
CompositeRelation,1.15,-1.6327346563339233,-1.6292476654052734,0.0034869909286499023,0.21356739011135747,True,0.003972768783569336,0.2433197785665823,True,0.0034869909286499023,PASS,8,Prediction should remain approximately consistent under composite transformations.,Consistent,0.07333333333333333
CompositeRelation,1.5,-1.6327346563339233,-1.6297352313995361,0.002999424934387207,0.1837054836618189,True,0.003972768783569336,0.2433197785665823,True,0.002999424934387207,PASS,8,Prediction should remain approximately consistent under composite transformations.,Consistent,0.07333333333333333
ContrastRelation,0.1,-1.6327346563339233,-1.632922887802124,0.0001882314682006836,0.011528594201423315,True,0.0009982585906982422,0.06114024562553442,True,0.0001882314682006836,PASS,8,Contrast change should not significantly affect output.,Consistent,0.07333333333333333
ContrastRelation,1.075,-1.6327346563339233,-1.6327537298202515,1.9073486328125e-05,0.001168191939346251,True,0.0009982585906982422,0.06114024562553442,True,1.9073486328125e-05,PASS,8,Contrast change should not significantly affect output.,Consistent,0.07333333333333333
ContrastRelation,2.05,-1.6327346563339233,-1.6326032876968384,0.00013136863708496094,0.008045921982247305,True,0.0009982585906982422,0.06114024562553442,True,0.00013136863708496094,PASS,8,Contrast change should not significantly affect output.,Consistent,0.07333333333333333
ContrastRelation,3.025,-1.6327346563339233,-1.6319246292114258,0.0008100271224975586,0.04961165142411111,True,0.0009982585906982422,0.06114024562553442,True,0.0008100271224975586,PASS,8,Contrast change should not significantly affect output.,Consistent,0.07333333333333333
ContrastRelation,4.0,-1.6327346563339233,-1.632876992225647,0.0001423358917236328,0.0087176323473714,True,0.0009982585906982422,0.06114024562553442,True,0.0001423358917236328,PASS,8,Contrast change should not significantly affect output.,Consistent,0.07333333333333333
DarkVisibilityRelation,0.05,-1.6327346563339233,-1.6354008913040161,0.0026662349700927734,0.16329863072136408,True,0.003229975700378418,0.1978260037286667,True,0.0026662349700927734,PASS,8,Output should not change drastically under visibility degradation.,Consistent,0.07333333333333333
DarkVisibilityRelation,0.4125,-1.6327346563339233,-1.6359745264053345,0.003239870071411133,0.19843200329720256,True,0.003229975700378418,0.1978260037286667,True,0.003239870071411133,PASS,8,Output should not change drastically under visibility degradation.,Consistent,0.07333333333333333
DarkVisibilityRelation,0.775,-1.6327346563339233,-1.6353293657302856,0.0025947093963623047,0.15891791094881563,True,0.003229975700378418,0.1978260037286667,True,0.0025947093963623047,PASS,8,Output should not change drastically under visibility degradation.,Consistent,0.07333333333333333
DarkVisibilityRelation,1.1375,-1.6327346563339233,-1.632744550704956,9.894371032714844e-06,0.0006059995685358678,True,0.003229975700378418,0.1978260037286667,True,9.894371032714844e-06,PASS,8,Output should not change drastically under visibility degradation.,Consistent,0.07333333333333333
DarkVisibilityRelation,1.5,-1.6327346563339233,-1.632756233215332,2.1576881408691406e-05,0.0013215171313854467,True,0.003229975700378418,0.1978260037286667,True,2.1576881408691406e-05,PASS,8,Output should not change drastically under visibility degradation.,Consistent,0.07333333333333333
DustRelation,0.0,-1.6327346563339233,-1.6327346563339233,0.0,0.0,True,0.00011801719665527344,0.007228187624704929,True,0.0,PASS,8,Dust should not significantly affect prediction.,Consistent,0.07333333333333333
DustRelation,0.375,-1.6327346563339233,-1.632736325263977,1.6689300537109375e-06,0.00010221679469279699,True,0.00011801719665527344,0.007228187624704929,True,1.6689300537109375e-06,PASS,8,Dust should not significantly affect prediction.,Consistent,0.07333333333333333
DustRelation,0.75,-1.6327346563339233,-1.6326417922973633,9.28640365600586e-05,0.00568763450469206,True,0.00011801719665527344,0.007228187624704929,True,9.28640365600586e-05,PASS,8,Dust should not significantly affect prediction.,Consistent,0.07333333333333333
DustRelation,1.125,-1.6327346563339233,-1.6326576471328735,7.700920104980469e-05,0.004716574955110488,True,0.00011801719665527344,0.007228187624704929,True,7.700920104980469e-05,PASS,8,Dust should not significantly affect prediction.,Consistent,0.07333333333333333
DustRelation,1.5,-1.6327346563339233,-1.6327598094940186,2.5153160095214844e-05,0.0015405531200128686,True,0.00011801719665527344,0.007228187624704929,True,2.5153160095214844e-05,PASS,8,Dust should not significantly affect prediction.,Consistent,0.07333333333333333
FogRelation,0.0,-1.6327346563339233,-1.6327922344207764,5.7578086853027344e-05,0.0035264794169014954,True,0.0002275705337524414,0.013937990076324958,True,5.7578086853027344e-05,PASS,8,Fog should not significantly affect prediction.,Consistent,0.07333333333333333
FogRelation,0.375,-1.6327346563339233,-1.6329656839370728,0.00023102760314941406,0.014149724865331465,True,0.0002275705337524414,0.013937990076324958,True,0.00023102760314941406,PASS,8,Fog should not significantly affect prediction.,Consistent,0.07333333333333333
FogRelation,0.75,-1.6327346563339233,-1.6330198049545288,0.00028514862060546875,0.017464469493226453,True,0.0002275705337524414,0.013937990076324958,True,0.00028514862060546875,PASS,8,Fog should not significantly affect prediction.,Consistent,0.07333333333333333
FogRelation,1.125,-1.6327346563339233,-1.6329898834228516,0.00025522708892822266,0.015631868388377025,True,0.0002275705337524414,0.013937990076324958,True,0.00025522708892822266,PASS,8,Fog should not significantly affect prediction.,Consistent,0.07333333333333333
FogRelation,1.5,-1.6327346563339233,-1.632896065711975,0.0001614093780517578,0.009885824286717651,True,0.0002275705337524414,0.013937990076324958,True,0.0001614093780517578,PASS,8,Fog should not significantly affect prediction.,Consistent,0.07333333333333333
HazeRelation,0.0,-1.6327346563339233,-1.6327346563339233,0.0,0.0,True,0.0020824670791625977,0.12754465617774788,True,0.0,PASS,8,Haze should not significantly affect prediction.,Consistent,0.07333333333333333
HazeRelation,0.375,-1.6327346563339233,-1.6322216987609863,0.0005129575729370117,0.03141706196879324,True,0.0020824670791625977,0.12754465617774788,True,0.0005129575729370117,PASS,8,Haze should not significantly affect prediction.,Consistent,0.07333333333333333
HazeRelation,0.75,-1.6327346563339233,-1.6316990852355957,0.0010355710983276367,0.06342552110688053,True,0.0020824670791625977,0.12754465617774788,True,0.0010355710983276367,PASS,8,Haze should not significantly affect prediction.,Consistent,0.07333333333333333
HazeRelation,1.125,-1.6327346563339233,-1.6311739683151245,0.0015606880187988281,0.095587305437007,True,0.0020824670791625977,0.12754465617774788,True,0.0015606880187988281,PASS,8,Haze should not significantly affect prediction.,Consistent,0.07333333333333333
HazeRelation,1.5,-1.6327346563339233,-1.6306521892547607,0.0020824670791625977,0.12754465617774788,True,0.0020824670791625977,0.12754465617774788,True,0.0020824670791625977,PASS,8,Haze should not significantly affect prediction.,Consistent,0.07333333333333333
NoiseRelation,0.0,-1.6327346563339233,-1.6327491998672485,1.4543533325195312e-05,0.0008907463537515165,True,0.0007468461990356445,0.045742015625026645,True,1.4543533325195312e-05,PASS,8,Noise should not significantly affect prediction.,Consistent,0.07333333333333333
NoiseRelation,37.5,-1.6327346563339233,-1.6327322721481323,2.384185791015625e-06,0.00014602399241828138,True,0.0007468461990356445,0.045742015625026645,True,2.384185791015625e-06,PASS,8,Noise should not significantly affect prediction.,Consistent,0.07333333333333333
NoiseRelation,75.0,-1.6327346563339233,-1.6328507661819458,0.00011610984802246094,0.007111368430770304,True,0.0007468461990356445,0.045742015625026645,True,0.00011610984802246094,PASS,8,Noise should not significantly affect prediction.,Consistent,0.07333333333333333
NoiseRelation,112.5,-1.6327346563339233,-1.6321039199829102,0.0006307363510131836,0.038630647194256344,True,0.0007468461990356445,0.045742015625026645,True,0.0006307363510131836,PASS,8,Noise should not significantly affect prediction.,Consistent,0.07333333333333333
NoiseRelation,150.0,-1.6327346563339233,-1.6326392889022827,9.5367431640625e-05,0.005840959696731256,True,0.0007468461990356445,0.045742015625026645,True,9.5367431640625e-05,PASS,8,Noise should not significantly affect prediction.,Consistent,0.07333333333333333
RainRelation,0.0,-1.6327346563339233,-1.6327346563339233,0.0,0.0,True,0.005771756172180176,0.35350218204579653,True,0.0,PASS,8,Rain should not significantly affect prediction.,Consistent,0.07333333333333333
RainRelation,0.375,-1.6327346563339233,-1.633314847946167,0.0005801916122436523,0.03553493855498878,True,0.005771756172180176,0.35350218204579653,True,0.0005801916122436523,PASS,8,Rain should not significantly affect prediction.,Consistent,0.07333333333333333
RainRelation,0.75,-1.6327346563339233,-1.6338863372802734,0.0011516809463500977,0.07053688953765082,True,0.005771756172180176,0.35350218204579653,True,0.0011516809463500977,PASS,8,Rain should not significantly affect prediction.,Consistent,0.07333333333333333
RainRelation,1.125,-1.6327346563339233,-1.6332924365997314,0.0005577802658081055,0.034162313026256934,True,0.005771756172180176,0.35350218204579653,True,0.0005577802658081055,PASS,8,Rain should not significantly affect prediction.,Consistent,0.07333333333333333
RainRelation,1.5,-1.6327346563339233,-1.6281145811080933,0.004620075225830078,0.28296529250814567,True,0.005771756172180176,0.35350218204579653,True,0.004620075225830078,PASS,8,Rain should not significantly affect prediction.,Consistent,0.07333333333333333
RotationRelation,-60.0,-1.6327346563339233,-1.6336174011230469,0.0008827447891235352,0.05406538319286869,True,0.0013831853866577148,0.08471581920146595,True,0.0008827447891235352,PASS,8,Small rotation should not significantly change output.,Consistent,0.07333333333333333
RotationRelation,-30.0,-1.6327346563339233,-1.6322342157363892,0.0005004405975341797,0.03065043600859726,True,0.0013831853866577148,0.08471581920146595,True,0.0005004405975341797,PASS,8,Small rotation should not significantly change output.,Consistent,0.07333333333333333
RotationRelation,0.0,-1.6327346563339233,-1.6327335834503174,1.0728836059570312e-06,6.571079658822662e-05,True,0.0013831853866577148,0.08471581920146595,True,1.0728836059570312e-06,PASS,8,Small rotation should not significantly change output.,Consistent,0.07333333333333333
RotationRelation,30.0,-1.6327346563339233,-1.6325067281723022,0.00022792816162109375,0.0139598936751877,True,0.0013831853866577148,0.08471581920146595,True,0.00022792816162109375,PASS,8,Small rotation should not significantly change output.,Consistent,0.07333333333333333
RotationRelation,60.0,-1.6327346563339233,-1.6328591108322144,0.00012445449829101562,0.007622452404234288,True,0.0013831853866577148,0.08471581920146595,True,0.00012445449829101562,PASS,8,Small rotation should not significantly change output.,Consistent,0.07333333333333333
SandstormRelation,0.0,-1.6327346563339233,-1.6327273845672607,7.271766662597656e-06,0.00044537317687575823,True,0.0005005598068237305,0.03065773720821818,True,7.271766662597656e-06,PASS,8,Sandstorm should not significantly affect prediction.,Consistent,0.07333333333333333
SandstormRelation,0.375,-1.6327346563339233,-1.6327836513519287,4.8995018005371094e-05,0.0030007930441956826,True,0.0005005598068237305,0.03065773720821818,True,4.8995018005371094e-05,PASS,8,Sandstorm should not significantly affect prediction.,Consistent,0.07333333333333333
SandstormRelation,0.75,-1.6327346563339233,-1.6325446367263794,0.0001900196075439453,0.011638112195737026,True,0.0005005598068237305,0.03065773720821818,True,0.0001900196075439453,PASS,8,Sandstorm should not significantly affect prediction.,Consistent,0.07333333333333333
SandstormRelation,1.125,-1.6327346563339233,-1.632283091545105,0.0004515647888183594,0.027656944164022493,True,0.0005005598068237305,0.03065773720821818,True,0.0004515647888183594,PASS,8,Sandstorm should not significantly affect prediction.,Consistent,0.07333333333333333
SandstormRelation,1.5,-1.6327346563339233,-1.6324371099472046,0.00029754638671875,0.018223794253801516,True,0.0005005598068237305,0.03065773720821818,True,0.00029754638671875,PASS,8,Sandstorm should not significantly affect prediction.,Consistent,0.07333333333333333
SmokeRelation,0.0,-1.6327346563339233,-1.6327346563339233,0.0,0.0,True,0.003347158432006836,0.20500308295602526,True,0.0,PASS,8,Smoke should not significantly affect prediction.,Consistent,0.07333333333333333
SmokeRelation,0.375,-1.6327346563339233,-1.6320854425430298,0.0006492137908935547,0.039762333135498026,True,0.003347158432006836,0.20500308295602526,True,0.0006492137908935547,PASS,8,Smoke should not significantly affect prediction.,Consistent,0.07333333333333333
SmokeRelation,0.75,-1.6327346563339233,-1.6309982538223267,0.0017364025115966797,0.10634927367823434,True,0.003347158432006836,0.20500308295602526,True,0.0017364025115966797,PASS,8,Smoke should not significantly affect prediction.,Consistent,0.07333333333333333
SmokeRelation,1.125,-1.6327346563339233,-1.6301945447921753,0.002540111541748047,0.155573961522437,True,0.003347158432006836,0.20500308295602526,True,0.002540111541748047,PASS,8,Smoke should not significantly affect prediction.,Consistent,0.07333333333333333
SmokeRelation,1.5,-1.6327346563339233,-1.6293874979019165,0.003347158432006836,0.20500308295602526,True,0.003347158432006836,0.20500308295602526,True,0.003347158432006836,PASS,8,Smoke should not significantly affect prediction.,Consistent,0.07333333333333333
SnowRelation,0.0,-1.6327346563339233,-1.6327346563339233,0.0,0.0,True,0.001614212989807129,0.0988655440667974,True,0.0,PASS,8,Snow should not significantly affect prediction.,Consistent,0.07333333333333333
SnowRelation,0.375,-1.6327346563339233,-1.6325814723968506,0.0001531839370727539,0.00938204151287458,True,0.001614212989807129,0.0988655440667974,True,0.0001531839370727539,PASS,8,Snow should not significantly affect prediction.,Consistent,0.07333333333333333
SnowRelation,0.75,-1.6327346563339233,-1.632403016090393,0.00033164024353027344,0.020311937345382943,True,0.001614212989807129,0.0988655440667974,True,0.00033164024353027344,PASS,8,Snow should not significantly affect prediction.,Consistent,0.07333333333333333
SnowRelation,1.125,-1.6327346563339233,-1.6327612400054932,2.658367156982422e-05,0.0016281675154638377,True,0.001614212989807129,0.0988655440667974,True,2.658367156982422e-05,PASS,8,Snow should not significantly affect prediction.,Consistent,0.07333333333333333
SnowRelation,1.5,-1.6327346563339233,-1.631147027015686,0.0015876293182373047,0.09723737655133358,True,0.001614212989807129,0.0988655440667974,True,0.0015876293182373047,PASS,8,Snow should not significantly affect prediction.,Consistent,0.07333333333333333
TranslationRelation,0.0,-1.6327346563339233,-1.6326885223388672,4.6133995056152344e-05,0.002825564253293745,True,0.0023031234741210938,0.14105917667605983,True,4.6133995056152344e-05,PASS,8,Small translation should preserve prediction consistency.,Consistent,0.07333333333333333
TranslationRelation,20.0,-1.6327346563339233,-1.6342438459396362,0.0015091896057128906,0.09243318720077212,True,0.0023031234741210938,0.14105917667605983,True,0.0015091896057128906,PASS,8,Small translation should preserve prediction consistency.,Consistent,0.07333333333333333
TranslationRelation,40.0,-1.6327346563339233,-1.6349916458129883,0.0022569894790649414,0.13823361242276608,True,0.0023031234741210938,0.14105917667605983,True,0.0022569894790649414,PASS,8,Small translation should preserve prediction consistency.,Consistent,0.07333333333333333
TranslationRelation,60.0,-1.6327346563339233,-1.633286952972412,0.0005522966384887695,0.03382645784369488,True,0.0023031234741210938,0.14105917667605983,True,0.0005522966384887695,PASS,8,Small translation should preserve prediction consistency.,Consistent,0.07333333333333333
TranslationRelation,80.0,-1.6327346563339233,-1.632705569267273,2.9087066650390625e-05,0.001781492707503033,True,0.0023031234741210938,0.14105917667605983,True,2.9087066650390625e-05,PASS,8,Small translation should preserve prediction consistency.,Consistent,0.07333333333333333
DarkVisibilityRelation,0.05,-1.6327346563339233,-1.6325123310089111,0.00022232532501220703,0.013616737293004739,True,0.004441261291503906,0.2720134930767746,True,0.00022232532501220703,PASS,8,Output should not change drastically under visibility degradation.,Consistent,0.07333333333333333
DarkVisibilityRelation,0.4125,-1.6327346563339233,-1.6308282613754272,0.0019063949584960938,0.1167607843376578,True,0.004441261291503906,0.2720134930767746,True,0.0019063949584960938,PASS,8,Output should not change drastically under visibility degradation.,Consistent,0.07333333333333333
DarkVisibilityRelation,0.775,-1.6327346563339233,-1.6291371583938599,0.0035974979400634766,0.2203356021599448,True,0.004441261291503906,0.2720134930767746,True,0.0035974979400634766,PASS,8,Output should not change drastically under visibility degradation.,Consistent,0.07333333333333333
DarkVisibilityRelation,1.1375,-1.6327346563339233,-1.6280710697174072,0.004663586616516113,0.2856302303697793,True,0.004441261291503906,0.2720134930767746,True,0.004663586616516113,PASS,8,Output should not change drastically under visibility degradation.,Consistent,0.07333333333333333
DarkVisibilityRelation,1.5,-1.6327346563339233,-1.6280878782272339,0.004646778106689453,0.2846007612232304,True,0.004441261291503906,0.2720134930767746,True,0.004646778106689453,PASS,8,Output should not change drastically under visibility degradation.,Consistent,0.07333333333333333
TemporalSmoothnessRelation,0.0,-1.630487322807312,-1.63059401512146,0.00010669231414794922,0.0,True,,,,0.00010669231414794922,PASS,8,Predictions should change smoothly across consecutive frames.,Consistent,0.07333333333333333
BlurRelation,1.0,-1.637725830078125,-1.6377027034759521,2.3126602172851562e-05,0.0014121159736845948,True,0.00042045116424560547,0.025672850717451373,True,2.3126602172851562e-05,PASS,9,Blur should not significantly change output.,Consistent,0.07333333333333333
BlurRelation,8.5,-1.637725830078125,-1.63778555393219,5.9723854064941406e-05,0.0036467531072988764,True,0.00042045116424560547,0.025672850717451373,True,5.9723854064941406e-05,PASS,9,Blur should not significantly change output.,Consistent,0.07333333333333333
BlurRelation,16.0,-1.637725830078125,-1.637688398361206,3.743171691894531e-05,0.0022855897718400144,True,0.00042045116424560547,0.025672850717451373,True,3.743171691894531e-05,PASS,9,Blur should not significantly change output.,Consistent,0.07333333333333333
BlurRelation,23.5,-1.637725830078125,-1.637542963027954,0.00018286705017089844,0.011165906719753446,True,0.00042045116424560547,0.025672850717451373,True,0.00018286705017089844,PASS,9,Blur should not significantly change output.,Consistent,0.07333333333333333
BlurRelation,31.0,-1.637725830078125,-1.6373651027679443,0.00036072731018066406,0.022026097610152496,True,0.00042045116424560547,0.025672850717451373,True,0.00036072731018066406,PASS,9,Blur should not significantly change output.,Consistent,0.07333333333333333
BrightnessRelation,0.1,-1.637725830078125,-1.6381242275238037,0.00039839744567871094,0.024326245278628433,True,0.008868813514709473,0.5415319180114062,True,0.00039839744567871094,PASS,9,Output should remain approximately same under localized brightness change.,Consistent,0.07333333333333333
BrightnessRelation,0.825,-1.637725830078125,-1.6382650136947632,0.0005391836166381836,0.03292268324214135,True,0.008868813514709473,0.5415319180114062,True,0.0005391836166381836,PASS,9,Output should remain approximately same under localized brightness change.,Consistent,0.07333333333333333
BrightnessRelation,1.55,-1.637725830078125,-1.6366665363311768,0.0010592937469482422,0.06468073475340881,True,0.008868813514709473,0.5415319180114062,True,0.0010592937469482422,PASS,9,Output should remain approximately same under localized brightness change.,Consistent,0.07333333333333333
BrightnessRelation,2.275,-1.637725830078125,-1.6293962001800537,0.008329629898071289,0.5086092347692649,True,0.008868813514709473,0.5415319180114062,True,0.008329629898071289,PASS,9,Output should remain approximately same under localized brightness change.,Consistent,0.07333333333333333
BrightnessRelation,3.0,-1.637725830078125,-1.635871410369873,0.0018544197082519531,0.1132313200342142,True,0.008868813514709473,0.5415319180114062,True,0.0018544197082519531,PASS,9,Output should remain approximately same under localized brightness change.,Consistent,0.07333333333333333
CompositeRelation,0.1,-1.637725830078125,-1.6377475261688232,2.1696090698242188e-05,0.001324768593869053,True,0.009676456451416016,0.5908467928655976,True,2.1696090698242188e-05,PASS,9,Prediction should remain approximately consistent under composite transformations.,Consistent,0.07333333333333333
CompositeRelation,0.44999999999999996,-1.637725830078125,-1.6366604566574097,0.001065373420715332,0.06505196111762486,True,0.009676456451416016,0.5908467928655976,True,0.001065373420715332,PASS,9,Prediction should remain approximately consistent under composite transformations.,Consistent,0.07333333333333333
CompositeRelation,0.7999999999999999,-1.637725830078125,-1.6297215223312378,0.008004307746887207,0.488744984809547,True,0.009676456451416016,0.5908467928655976,True,0.008004307746887207,PASS,9,Prediction should remain approximately consistent under composite transformations.,Consistent,0.07333333333333333
CompositeRelation,1.15,-1.637725830078125,-1.6280710697174072,0.009654760360717773,0.5895220242717285,True,0.009676456451416016,0.5908467928655976,True,0.009654760360717773,PASS,9,Prediction should remain approximately consistent under composite transformations.,Consistent,0.07333333333333333
CompositeRelation,1.5,-1.637725830078125,-1.6373528242111206,0.00037300586700439453,0.02277582928690256,True,0.009676456451416016,0.5908467928655976,True,0.00037300586700439453,PASS,9,Prediction should remain approximately consistent under composite transformations.,Consistent,0.07333333333333333
ContrastRelation,0.1,-1.637725830078125,-1.637628436088562,9.739398956298828e-05,0.005946900775774814,True,0.0007003545761108398,0.04276382136802574,True,9.739398956298828e-05,PASS,9,Contrast change should not significantly affect output.,Consistent,0.07333333333333333
ContrastRelation,1.075,-1.637725830078125,-1.6377301216125488,4.291534423828125e-06,0.00026204213944662583,True,0.0007003545761108398,0.04276382136802574,True,4.291534423828125e-06,PASS,9,Contrast change should not significantly affect output.,Consistent,0.07333333333333333
ContrastRelation,2.05,-1.637725830078125,-1.6370580196380615,0.0006678104400634766,0.04077666847722216,True,0.0007003545761108398,0.04276382136802574,True,0.0006678104400634766,PASS,9,Contrast change should not significantly affect output.,Consistent,0.07333333333333333
ContrastRelation,3.025,-1.637725830078125,-1.6377583742141724,3.254413604736328e-05,0.001987152890803579,True,0.0007003545761108398,0.04276382136802574,True,3.254413604736328e-05,PASS,9,Contrast change should not significantly affect output.,Consistent,0.07333333333333333
ContrastRelation,4.0,-1.637725830078125,-1.6371574401855469,0.000568389892578125,0.034706025580042,True,0.0007003545761108398,0.04276382136802574,True,0.000568389892578125,PASS,9,Contrast change should not significantly affect output.,Consistent,0.07333333333333333
DarkVisibilityRelation,0.05,-1.637725830078125,-1.6358004808425903,0.001925349235534668,0.1175622942834015,True,0.0019636154174804688,0.11989883669346724,True,0.001925349235534668,PASS,9,Output should not change drastically under visibility degradation.,Consistent,0.07333333333333333
DarkVisibilityRelation,0.4125,-1.637725830078125,-1.636252999305725,0.0014728307723999023,0.08993140646841839,True,0.0019636154174804688,0.11989883669346724,True,0.0014728307723999023,PASS,9,Output should not change drastically under visibility degradation.,Consistent,0.07333333333333333
DarkVisibilityRelation,0.775,-1.637725830078125,-1.6359821557998657,0.0017436742782592773,0.10646917704682766,True,0.0019636154174804688,0.11989883669346724,True,0.0017436742782592773,PASS,9,Output should not change drastically under visibility degradation.,Consistent,0.07333333333333333
DarkVisibilityRelation,1.1375,-1.637725830078125,-1.6377640962600708,3.826618194580078e-05,0.002336542410065747,True,0.0019636154174804688,0.11989883669346724,True,3.826618194580078e-05,PASS,9,Output should not change drastically under visibility degradation.,Consistent,0.07333333333333333
DarkVisibilityRelation,1.5,-1.637725830078125,-1.6377335786819458,7.748603820800781e-06,0.0004731316406675189,True,0.0019636154174804688,0.11989883669346724,True,7.748603820800781e-06,PASS,9,Output should not change drastically under visibility degradation.,Consistent,0.07333333333333333
DustRelation,0.0,-1.637725830078125,-1.637725830078125,0.0,0.0,True,0.00026023387908935547,0.01588994417811067,True,0.0,PASS,9,Dust should not significantly affect prediction.,Consistent,0.07333333333333333
DustRelation,0.375,-1.637725830078125,-1.6377570629119873,3.123283386230469e-05,0.0019070844593059991,True,0.00026023387908935547,0.01588994417811067,True,3.123283386230469e-05,PASS,9,Dust should not significantly affect prediction.,Consistent,0.07333333333333333
DustRelation,0.75,-1.637725830078125,-1.6376538276672363,7.200241088867188e-05,0.004396484784048945,True,0.00026023387908935547,0.01588994417811067,True,7.200241088867188e-05,PASS,9,Dust should not significantly affect prediction.,Consistent,0.07333333333333333
DustRelation,1.125,-1.637725830078125,-1.637496829032898,0.00022900104522705078,0.013982859718804672,True,0.00026023387908935547,0.01588994417811067,True,0.00022900104522705078,PASS,9,Dust should not significantly affect prediction.,Consistent,0.07333333333333333
DustRelation,1.5,-1.637725830078125,-1.6376367807388306,8.90493392944336e-05,0.005437374393517486,True,0.00026023387908935547,0.01588994417811067,True,8.90493392944336e-05,PASS,9,Dust should not significantly affect prediction.,Consistent,0.07333333333333333
FogRelation,0.0,-1.637725830078125,-1.6378533840179443,0.00012755393981933594,0.007788474700219156,True,0.00289154052734375,0.17655817040048213,True,0.00012755393981933594,PASS,9,Fog should not significantly affect prediction.,Consistent,0.07333333333333333
FogRelation,0.375,-1.637725830078125,-1.6369482278823853,0.0007776021957397461,0.04748057987806501,True,0.00289154052734375,0.17655817040048213,True,0.0007776021957397461,PASS,9,Fog should not significantly affect prediction.,Consistent,0.07333333333333333
FogRelation,0.75,-1.637725830078125,-1.6361877918243408,0.0015380382537841797,0.09391299119834351,True,0.00289154052734375,0.17655817040048213,True,0.0015380382537841797,PASS,9,Fog should not significantly affect prediction.,Consistent,0.07333333333333333
FogRelation,1.125,-1.637725830078125,-1.6355293989181519,0.0021964311599731445,0.1341146227584467,True,0.00289154052734375,0.17655817040048213,True,0.0021964311599731445,PASS,9,Fog should not significantly affect prediction.,Consistent,0.07333333333333333
FogRelation,1.5,-1.637725830078125,-1.6349618434906006,0.002763986587524414,0.16876969570026296,True,0.00289154052734375,0.17655817040048213,True,0.002763986587524414,PASS,9,Fog should not significantly affect prediction.,Consistent,0.07333333333333333
HazeRelation,0.0,-1.637725830078125,-1.637725830078125,0.0,0.0,True,0.004326224327087402,0.2641603134071527,True,0.0,PASS,9,Haze should not significantly affect prediction.,Consistent,0.07333333333333333
HazeRelation,0.375,-1.637725830078125,-1.6366584300994873,0.0010673999786376953,0.06517570323903021,True,0.004326224327087402,0.2641603134071527,True,0.0010673999786376953,PASS,9,Haze should not significantly affect prediction.,Consistent,0.07333333333333333
HazeRelation,0.75,-1.637725830078125,-1.6355715990066528,0.002154231071472168,0.1315378750538882,True,0.004326224327087402,0.2641603134071527,True,0.002154231071472168,PASS,9,Haze should not significantly affect prediction.,Consistent,0.07333333333333333
HazeRelation,1.125,-1.637725830078125,-1.6344906091690063,0.0032352209091186523,0.19754337840116606,True,0.004326224327087402,0.2641603134071527,True,0.0032352209091186523,PASS,9,Haze should not significantly affect prediction.,Consistent,0.07333333333333333
HazeRelation,1.5,-1.637725830078125,-1.6333996057510376,0.004326224327087402,0.2641603134071527,True,0.004326224327087402,0.2641603134071527,True,0.004326224327087402,PASS,9,Haze should not significantly affect prediction.,Consistent,0.07333333333333333
NoiseRelation,0.0,-1.637725830078125,-1.6377143859863281,1.1444091796875e-05,0.0006987790385243356,True,0.002102494239807129,0.12837881148389277,True,1.1444091796875e-05,PASS,9,Noise should not significantly affect prediction.,Consistent,0.07333333333333333
NoiseRelation,37.5,-1.637725830078125,-1.637117624282837,0.0006082057952880859,0.03713719431824125,True,0.002102494239807129,0.12837881148389277,True,0.0006082057952880859,PASS,9,Noise should not significantly affect prediction.,Consistent,0.07333333333333333
NoiseRelation,75.0,-1.637725830078125,-1.6372886896133423,0.00043714046478271484,0.026691903481966026,True,0.002102494239807129,0.12837881148389277,True,0.00043714046478271484,PASS,9,Noise should not significantly affect prediction.,Consistent,0.07333333333333333
NoiseRelation,112.5,-1.637725830078125,-1.6365469694137573,0.0011788606643676758,0.07198151991632452,True,0.002102494239807129,0.12837881148389277,True,0.0011788606643676758,PASS,9,Noise should not significantly affect prediction.,Consistent,0.07333333333333333
NoiseRelation,150.0,-1.637725830078125,-1.635611891746521,0.002113938331604004,0.1290775905224171,True,0.002102494239807129,0.12837881148389277,True,0.002113938331604004,PASS,9,Noise should not significantly affect prediction.,Consistent,0.07333333333333333
RainRelation,0.0,-1.637725830078125,-1.637725830078125,0.0,0.0,True,0.009766101837158203,0.5963205620007048,True,0.0,PASS,9,Rain should not significantly affect prediction.,Consistent,0.07333333333333333
RainRelation,0.375,-1.637725830078125,-1.6365504264831543,0.0011754035949707031,0.07177043041510363,True,0.009766101837158203,0.5963205620007048,True,0.0011754035949707031,PASS,9,Rain should not significantly affect prediction.,Consistent,0.07333333333333333
RainRelation,0.75,-1.637725830078125,-1.6376316547393799,9.417533874511719e-05,0.005750369171189844,True,0.009766101837158203,0.5963205620007048,True,9.417533874511719e-05,PASS,9,Rain should not significantly affect prediction.,Consistent,0.07333333333333333
RainRelation,1.125,-1.637725830078125,-1.6359280347824097,0.001797795295715332,0.10977381958318234,True,0.009766101837158203,0.5963205620007048,True,0.001797795295715332,PASS,9,Rain should not significantly affect prediction.,Consistent,0.07333333333333333
RainRelation,1.5,-1.637725830078125,-1.6279597282409668,0.009766101837158203,0.5963205620007048,True,0.009766101837158203,0.5963205620007048,True,0.009766101837158203,PASS,9,Rain should not significantly affect prediction.,Consistent,0.07333333333333333
RotationRelation,-60.0,-1.637725830078125,-1.6362688541412354,0.0014569759368896484,0.08896330634212947,True,0.0019114017486572266,0.11671065733019996,True,0.0014569759368896484,PASS,9,Small rotation should not significantly change output.,Consistent,0.07333333333333333
RotationRelation,-30.0,-1.637725830078125,-1.637398600578308,0.00032722949981689453,0.01998071313280522,True,0.0019114017486572266,0.11671065733019996,True,0.00032722949981689453,PASS,9,Small rotation should not significantly change output.,Consistent,0.07333333333333333
RotationRelation,0.0,-1.637725830078125,-1.6377267837524414,9.5367431640625e-07,5.823158654369463e-05,True,0.0019114017486572266,0.11671065733019996,True,9.5367431640625e-07,PASS,9,Small rotation should not significantly change output.,Consistent,0.07333333333333333
RotationRelation,30.0,-1.637725830078125,-1.6379450559616089,0.00021922588348388672,0.013385985956731803,True,0.0019114017486572266,0.11671065733019996,True,0.00021922588348388672,PASS,9,Small rotation should not significantly change output.,Consistent,0.07333333333333333
RotationRelation,60.0,-1.637725830078125,-1.6381802558898926,0.0004544258117675781,0.02774735098807049,True,0.0019114017486572266,0.11671065733019996,True,0.0004544258117675781,PASS,9,Small rotation should not significantly change output.,Consistent,0.07333333333333333
SandstormRelation,0.0,-1.637725830078125,-1.6377874612808228,6.16312026977539e-05,0.0037632162803862656,True,0.0030832290649414062,0.18826271929576474,True,6.16312026977539e-05,PASS,9,Sandstorm should not significantly affect prediction.,Consistent,0.07333333333333333
SandstormRelation,0.375,-1.637725830078125,-1.636751651763916,0.0009741783142089844,0.05948356565438406,True,0.0030832290649414062,0.18826271929576474,True,0.0009741783142089844,PASS,9,Sandstorm should not significantly affect prediction.,Consistent,0.07333333333333333
SandstormRelation,0.75,-1.637725830078125,-1.6360610723495483,0.0016647577285766602,0.10165051326033693,True,0.0030832290649414062,0.18826271929576474,True,0.0016647577285766602,PASS,9,Sandstorm should not significantly affect prediction.,Consistent,0.07333333333333333
SandstormRelation,1.125,-1.637725830078125,-1.6353154182434082,0.002410411834716797,0.14718033498918817,True,0.0030832290649414062,0.18826271929576474,True,0.002410411834716797,PASS,9,Sandstorm should not significantly affect prediction.,Consistent,0.07333333333333333
SandstormRelation,1.5,-1.637725830078125,-1.6347042322158813,0.0030215978622436523,0.18449950301537849,True,0.0030832290649414062,0.18826271929576474,True,0.0030215978622436523,PASS,9,Sandstorm should not significantly affect prediction.,Consistent,0.07333333333333333
SmokeRelation,0.0,-1.637725830078125,-1.637725830078125,0.0,0.0,True,0.007229208946228027,0.4414172628461592,True,0.0,PASS,9,Smoke should not significantly affect prediction.,Consistent,0.07333333333333333
SmokeRelation,0.375,-1.637725830078125,-1.6359323263168335,0.001793503761291504,0.10951177744373572,True,0.007229208946228027,0.4414172628461592,True,0.001793503761291504,PASS,9,Smoke should not significantly affect prediction.,Consistent,0.07333333333333333
SmokeRelation,0.75,-1.637725830078125,-1.6341218948364258,0.0036039352416992188,0.220057165548622,True,0.007229208946228027,0.4414172628461592,True,0.0036039352416992188,PASS,9,Smoke should not significantly affect prediction.,Consistent,0.07333333333333333
SmokeRelation,1.125,-1.637725830078125,-1.6344858407974243,0.0032399892807006836,0.19783453633388454,True,0.007229208946228027,0.4414172628461592,True,0.0032399892807006836,PASS,9,Smoke should not significantly affect prediction.,Consistent,0.07333333333333333
SmokeRelation,1.5,-1.637725830078125,-1.630496621131897,0.007229208946228027,0.4414172628461592,True,0.007229208946228027,0.4414172628461592,True,0.007229208946228027,PASS,9,Smoke should not significantly affect prediction.,Consistent,0.07333333333333333
SnowRelation,0.0,-1.637725830078125,-1.637725830078125,0.0,0.0,True,0.0022619962692260742,0.1381180443333257,True,0.0,PASS,9,Snow should not significantly affect prediction.,Consistent,0.07333333333333333
SnowRelation,0.375,-1.637725830078125,-1.6375731229782104,0.00015270709991455078,0.009324332795309103,True,0.0022619962692260742,0.1381180443333257,True,0.00015270709991455078,PASS,9,Snow should not significantly affect prediction.,Consistent,0.07333333333333333
SnowRelation,0.75,-1.637725830078125,-1.637494683265686,0.00023114681243896484,0.014113880788527985,True,0.0022619962692260742,0.1381180443333257,True,0.00023114681243896484,PASS,9,Snow should not significantly affect prediction.,Consistent,0.07333333333333333
SnowRelation,1.125,-1.637725830078125,-1.637237548828125,0.00048828125,0.02981457231037165,True,0.0022619962692260742,0.1381180443333257,True,0.00048828125,PASS,9,Snow should not significantly affect prediction.,Consistent,0.07333333333333333
SnowRelation,1.5,-1.637725830078125,-1.635463833808899,0.0022619962692260742,0.1381180443333257,True,0.0022619962692260742,0.1381180443333257,True,0.0022619962692260742,PASS,9,Snow should not significantly affect prediction.,Consistent,0.07333333333333333
TranslationRelation,0.0,-1.637725830078125,-1.6384190320968628,0.000693202018737793,0.042327084468948034,True,0.0056999921798706055,0.34804291382334485,True,0.000693202018737793,PASS,9,Small translation should preserve prediction consistency.,Consistent,0.07333333333333333
TranslationRelation,20.0,-1.637725830078125,-1.6334525346755981,0.0042732954025268555,0.26092846035397765,True,0.0056999921798706055,0.34804291382334485,True,0.0042732954025268555,PASS,9,Small translation should preserve prediction consistency.,Consistent,0.07333333333333333
TranslationRelation,40.0,-1.637725830078125,-1.6391525268554688,0.00142669677734375,0.08711445346936716,True,0.0056999921798706055,0.34804291382334485,True,0.00142669677734375,PASS,9,Small translation should preserve prediction consistency.,Consistent,0.07333333333333333
TranslationRelation,60.0,-1.637725830078125,-1.634886622428894,0.002839207649230957,0.17336271208889686,True,0.0056999921798706055,0.34804291382334485,True,0.002839207649230957,PASS,9,Small translation should preserve prediction consistency.,Consistent,0.07333333333333333
TranslationRelation,80.0,-1.637725830078125,-1.6358317136764526,0.0018941164016723633,0.1156552098240955,True,0.0056999921798706055,0.34804291382334485,True,0.0018941164016723633,PASS,9,Small translation should preserve prediction consistency.,Consistent,0.07333333333333333
DarkVisibilityRelation,0.05,-1.637725830078125,-1.6372572183609009,0.0004686117172241211,0.028613545837907952,True,0.009183287620544434,0.5607337836741895,True,0.0004686117172241211,PASS,9,Output should not change drastically under visibility degradation.,Consistent,0.07333333333333333
DarkVisibilityRelation,0.4125,-1.637725830078125,-1.6337597370147705,0.003966093063354492,0.24217061053859007,True,0.009183287620544434,0.5607337836741895,True,0.003966093063354492,PASS,9,Output should not change drastically under visibility degradation.,Consistent,0.07333333333333333
DarkVisibilityRelation,0.775,-1.637725830078125,-1.6302595138549805,0.007466316223144531,0.45589509105058523,True,0.009183287620544434,0.5607337836741895,True,0.007466316223144531,PASS,9,Output should not change drastically under visibility degradation.,Consistent,0.07333333333333333
DarkVisibilityRelation,1.1375,-1.637725830078125,-1.6280739307403564,0.009651899337768555,0.5893473295120975,True,0.009183287620544434,0.5607337836741895,True,0.009651899337768555,PASS,9,Output should not change drastically under visibility degradation.,Consistent,0.07333333333333333
DarkVisibilityRelation,1.5,-1.637725830078125,-1.6283085346221924,0.009417295455932617,0.5750223592223486,True,0.009183287620544434,0.5607337836741895,True,0.009417295455932617,PASS,9,Output should not change drastically under visibility degradation.,Consistent,0.07333333333333333
TemporalSmoothnessRelation,0.0,-1.630487322807312,-1.63059401512146,0.00010669231414794922,0.0,True,,,,0.00010669231414794922,PASS,9,Predictions should change smoothly across consecutive frames.,Consistent,0.07333333333333333
BlurRelation,1.0,-1.630487322807312,-1.6303660869598389,0.00012123584747314453,0.0074355544763672595,True,0.00022602081298828125,0.013862154658006217,True,0.00012123584747314453,PASS,0,Blur should not significantly change output.,Consistent,0.1366666666666667
BlurRelation,8.5,-1.630487322807312,-1.6305307149887085,4.3392181396484375e-05,0.002661299733921025,True,0.00022602081298828125,0.013862154658006217,True,4.3392181396484375e-05,PASS,0,Blur should not significantly change output.,Consistent,0.1366666666666667
BlurRelation,16.0,-1.630487322807312,-1.63044273853302,4.458427429199219e-05,0.0027344123639738,True,0.00022602081298828125,0.013862154658006217,True,4.458427429199219e-05,PASS,0,Blur should not significantly change output.,Consistent,0.1366666666666667
BlurRelation,23.5,-1.630487322807312,-1.6304059028625488,8.14199447631836e-05,0.004993592632604561,True,0.00022602081298828125,0.013862154658006217,True,8.14199447631836e-05,PASS,0,Blur should not significantly change output.,Consistent,0.1366666666666667
BlurRelation,31.0,-1.630487322807312,-1.6303046941757202,0.00018262863159179688,0.011200854924085192,True,0.00022602081298828125,0.013862154658006217,True,0.00018262863159179688,PASS,0,Blur should not significantly change output.,Consistent,0.1366666666666667
BrightnessRelation,0.1,-1.630487322807312,-1.6389731168746948,0.008485794067382812,0.5204449457676765,True,0.010724782943725586,0.6577650875327993,True,0.008485794067382812,PASS,0,Output should remain approximately same under localized brightness change.,Consistent,0.1366666666666667
BrightnessRelation,0.825,-1.630487322807312,-1.631056308746338,0.0005689859390258789,0.0348966583241897,True,0.010724782943725586,0.6577650875327993,True,0.0005689859390258789,PASS,0,Output should remain approximately same under localized brightness change.,Consistent,0.1366666666666667
BrightnessRelation,1.55,-1.630487322807312,-1.6297167539596558,0.00077056884765625,0.047260004066114025,True,0.010724782943725586,0.6577650875327993,True,0.00077056884765625,PASS,0,Output should remain approximately same under localized brightness change.,Consistent,0.1366666666666667
BrightnessRelation,2.275,-1.630487322807312,-1.6285611391067505,0.0019261837005615234,0.1181353876392745,True,0.010724782943725586,0.6577650875327993,True,0.0019261837005615234,PASS,0,Output should remain approximately same under localized brightness change.,Consistent,0.1366666666666667
BrightnessRelation,3.0,-1.630487322807312,-1.6282483339309692,0.0022389888763427734,0.13732014176512278,True,0.010724782943725586,0.6577650875327993,True,0.0022389888763427734,PASS,0,Output should remain approximately same under localized brightness change.,Consistent,0.1366666666666667
CompositeRelation,0.1,-1.630487322807312,-1.6305036544799805,1.633167266845703e-05,0.0010016430317230233,True,0.003753066062927246,0.23018049319515282,True,1.633167266845703e-05,PASS,0,Prediction should remain approximately consistent under composite transformations.,Consistent,0.1366666666666667
CompositeRelation,0.44999999999999996,-1.630487322807312,-1.6294125318527222,0.0010747909545898438,0.06591834725558231,True,0.003753066062927246,0.23018049319515282,True,0.0010747909545898438,PASS,0,Prediction should remain approximately consistent under composite transformations.,Consistent,0.1366666666666667
CompositeRelation,0.7999999999999999,-1.630487322807312,-1.6286715269088745,0.0018157958984375,0.11136515809638751,True,0.003753066062927246,0.23018049319515282,True,0.0018157958984375,PASS,0,Prediction should remain approximately consistent under composite transformations.,Consistent,0.1366666666666667
CompositeRelation,1.15,-1.630487322807312,-1.631066083908081,0.000578761100769043,0.03549618189062246,True,0.003753066062927246,0.23018049319515282,True,0.000578761100769043,PASS,0,Prediction should remain approximately consistent under composite transformations.,Consistent,0.1366666666666667
CompositeRelation,1.5,-1.630487322807312,-1.6324245929718018,0.001937270164489746,0.11881533509876532,True,0.003753066062927246,0.23018049319515282,True,0.001937270164489746,PASS,0,Prediction should remain approximately consistent under composite transformations.,Consistent,0.1366666666666667
ContrastRelation,0.1,-1.630487322807312,-1.6303576231002808,0.00012969970703125,0.007954654149741964,True,0.0009288787841796875,0.056969361337122604,True,0.00012969970703125,PASS,0,Contrast change should not significantly affect output.,Consistent,0.1366666666666667
ContrastRelation,1.075,-1.630487322807312,-1.6305116415023804,2.4318695068359375e-05,0.0014914976530766184,True,0.0009288787841796875,0.056969361337122604,True,2.4318695068359375e-05,PASS,0,Contrast change should not significantly affect output.,Consistent,0.1366666666666667
ContrastRelation,2.05,-1.630487322807312,-1.6309947967529297,0.0005074739456176758,0.031124046613466495,True,0.0009288787841796875,0.056969361337122604,True,0.0005074739456176758,PASS,0,Contrast change should not significantly affect output.,Consistent,0.1366666666666667
ContrastRelation,3.025,-1.630487322807312,-1.6312865018844604,0.0007991790771484375,0.04901470718738064,True,0.0009288787841796875,0.056969361337122604,True,0.0007991790771484375,PASS,0,Contrast change should not significantly affect output.,Consistent,0.1366666666666667
ContrastRelation,4.0,-1.630487322807312,-1.6307803392410278,0.0002930164337158203,0.017971084466972195,True,0.0009288787841796875,0.056969361337122604,True,0.0002930164337158203,PASS,0,Contrast change should not significantly affect output.,Consistent,0.1366666666666667
DarkVisibilityRelation,0.05,-1.630487322807312,-1.635790467262268,0.005303144454956055,0.3252488460527767,True,0.0058689117431640625,0.3599481002758239,True,0.005303144454956055,PASS,0,Output should not change drastically under visibility degradation.,Consistent,0.1366666666666667
DarkVisibilityRelation,0.4125,-1.630487322807312,-1.6341315507888794,0.003644227981567383,0.22350531007133442,True,0.0058689117431640625,0.3599481002758239,True,0.003644227981567383,PASS,0,Output should not change drastically under visibility degradation.,Consistent,0.1366666666666667
DarkVisibilityRelation,0.775,-1.630487322807312,-1.6363484859466553,0.005861163139343262,0.35947286818048085,True,0.0058689117431640625,0.3599481002758239,True,0.005861163139343262,PASS,0,Output should not change drastically under visibility degradation.,Consistent,0.1366666666666667
DarkVisibilityRelation,1.1375,-1.630487322807312,-1.6304874420166016,1.1920928955078125e-07,7.3112630052775415e-06,True,0.0058689117431640625,0.3599481002758239,True,1.1920928955078125e-07,PASS,0,Output should not change drastically under visibility degradation.,Consistent,0.1366666666666667
DarkVisibilityRelation,1.5,-1.630487322807312,-1.6304795742034912,7.748603820800781e-06,0.0004752320953430401,True,0.0058689117431640625,0.3599481002758239,True,7.748603820800781e-06,PASS,0,Output should not change drastically under visibility degradation.,Consistent,0.1366666666666667
DustRelation,0.0,-1.630487322807312,-1.630487322807312,0.0,0.0,True,0.00017762184143066406,0.010893781877863537,True,0.0,PASS,0,Dust should not significantly affect prediction.,Consistent,0.1366666666666667
DustRelation,0.375,-1.630487322807312,-1.630523920059204,3.6597251892089844e-05,0.0022445577426202052,True,0.00017762184143066406,0.010893781877863537,True,3.6597251892089844e-05,PASS,0,Dust should not significantly affect prediction.,Consistent,0.1366666666666667
DustRelation,0.75,-1.630487322807312,-1.630486249923706,1.0728836059570312e-06,6.580136704749787e-05,True,0.00017762184143066406,0.010893781877863537,True,1.0728836059570312e-06,PASS,0,Dust should not significantly affect prediction.,Consistent,0.1366666666666667
DustRelation,1.125,-1.630487322807312,-1.6303462982177734,0.00014102458953857422,0.008649224135243331,True,0.00017762184143066406,0.010893781877863537,True,0.00014102458953857422,PASS,0,Dust should not significantly affect prediction.,Consistent,0.1366666666666667
DustRelation,1.5,-1.630487322807312,-1.6303789615631104,0.00010836124420166016,0.006645938071797285,True,0.00017762184143066406,0.010893781877863537,True,0.00010836124420166016,PASS,0,Dust should not significantly affect prediction.,Consistent,0.1366666666666667
FogRelation,0.0,-1.630487322807312,-1.630428433418274,5.888938903808594e-05,0.0036117639246071053,True,0.0016894340515136719,0.10361521931079332,True,5.888938903808594e-05,PASS,0,Fog should not significantly affect prediction.,Consistent,0.1366666666666667
FogRelation,0.375,-1.630487322807312,-1.6311770677566528,0.0006897449493408203,0.04230296774853585,True,0.0016894340515136719,0.10361521931079332,True,0.0006897449493408203,PASS,0,Fog should not significantly affect prediction.,Consistent,0.1366666666666667
FogRelation,0.75,-1.630487322807312,-1.631667971611023,0.0011806488037109375,0.07241074880426876,True,0.0016894340515136719,0.10361521931079332,True,0.0011806488037109375,PASS,0,Fog should not significantly affect prediction.,Consistent,0.1366666666666667
FogRelation,1.125,-1.630487322807312,-1.6319606304168701,0.0014733076095581055,0.09035989948222513,True,0.0016894340515136719,0.10361521931079332,True,0.0014733076095581055,PASS,0,Fog should not significantly affect prediction.,Consistent,0.1366666666666667
FogRelation,1.5,-1.630487322807312,-1.6321178674697876,0.001630544662475586,0.10000345538618621,True,0.0016894340515136719,0.10361521931079332,True,0.001630544662475586,PASS,0,Fog should not significantly affect prediction.,Consistent,0.1366666666666667
HazeRelation,0.0,-1.630487322807312,-1.630487322807312,0.0,0.0,True,0.0010682344436645508,0.06551622779029205,True,0.0,PASS,0,Haze should not significantly affect prediction.,Consistent,0.1366666666666667
HazeRelation,0.375,-1.630487322807312,-1.6302326917648315,0.00025463104248046875,0.015616857779272828,True,0.0010682344436645508,0.06551622779029205,True,0.00025463104248046875,PASS,0,Haze should not significantly affect prediction.,Consistent,0.1366666666666667
HazeRelation,0.75,-1.630487322807312,-1.629958152770996,0.000529170036315918,0.032454696480427,True,0.0010682344436645508,0.06551622779029205,True,0.000529170036315918,PASS,0,Haze should not significantly affect prediction.,Consistent,0.1366666666666667
HazeRelation,1.125,-1.630487322807312,-1.6296899318695068,0.0007973909378051758,0.04890503824230147,True,0.0010682344436645508,0.06551622779029205,True,0.0007973909378051758,PASS,0,Haze should not significantly affect prediction.,Consistent,0.1366666666666667
HazeRelation,1.5,-1.630487322807312,-1.6294190883636475,0.0010682344436645508,0.06551622779029205,True,0.0010682344436645508,0.06551622779029205,True,0.0010682344436645508,PASS,0,Haze should not significantly affect prediction.,Consistent,0.1366666666666667
NoiseRelation,0.0,-1.630487322807312,-1.630501627922058,1.430511474609375e-05,0.0008773515606333049,True,0.0008516311645507812,0.05223166290970275,True,1.430511474609375e-05,PASS,0,Noise should not significantly affect prediction.,Consistent,0.1366666666666667
NoiseRelation,37.5,-1.630487322807312,-1.630567193031311,7.987022399902344e-05,0.004898546213535953,True,0.0008516311645507812,0.05223166290970275,True,7.987022399902344e-05,PASS,0,Noise should not significantly affect prediction.,Consistent,0.1366666666666667
NoiseRelation,75.0,-1.630487322807312,-1.6313366889953613,0.0008493661880493164,0.052092748912602474,True,0.0008516311645507812,0.05223166290970275,True,0.0008493661880493164,PASS,0,Noise should not significantly affect prediction.,Consistent,0.1366666666666667
NoiseRelation,112.5,-1.630487322807312,-1.6304850578308105,2.2649765014648438e-06,0.00013891399710027328,True,0.0008516311645507812,0.05223166290970275,True,2.2649765014648438e-06,PASS,0,Noise should not significantly affect prediction.,Consistent,0.1366666666666667
NoiseRelation,150.0,-1.630487322807312,-1.6311396360397339,0.000652313232421875,0.040007231164878705,True,0.0008516311645507812,0.05223166290970275,True,0.000652313232421875,PASS,0,Noise should not significantly affect prediction.,Consistent,0.1366666666666667
RainRelation,0.0,-1.630487322807312,-1.630487322807312,0.0,0.0,True,0.005697488784790039,0.3494345040742348,True,0.0,PASS,0,Rain should not significantly affect prediction.,Consistent,0.1366666666666667
RainRelation,0.375,-1.630487322807312,-1.632105827331543,0.001618504524230957,0.09926501782265316,True,0.005697488784790039,0.3494345040742348,True,0.001618504524230957,PASS,0,Rain should not significantly affect prediction.,Consistent,0.1366666666666667
RainRelation,0.75,-1.630487322807312,-1.6339081525802612,0.0034208297729492188,0.20980400319944434,True,0.005697488784790039,0.3494345040742348,True,0.0034208297729492188,PASS,0,Rain should not significantly affect prediction.,Consistent,0.1366666666666667
RainRelation,1.125,-1.630487322807312,-1.636184811592102,0.005697488784790039,0.3494345040742348,True,0.005697488784790039,0.3494345040742348,True,0.005697488784790039,PASS,0,Rain should not significantly affect prediction.,Consistent,0.1366666666666667
RainRelation,1.5,-1.630487322807312,-1.6330599784851074,0.00257265567779541,0.15778436691689463,True,0.005697488784790039,0.3494345040742348,True,0.00257265567779541,PASS,0,Rain should not significantly affect prediction.,Consistent,0.1366666666666667
RotationRelation,-60.0,-1.630487322807312,-1.630287528038025,0.00019979476928710938,0.01225367679684516,True,0.00037467479705810547,0.022979299625587313,True,0.00019979476928710938,PASS,0,Small rotation should not significantly change output.,Consistent,0.1366666666666667
RotationRelation,-30.0,-1.630487322807312,-1.6302390098571777,0.00024831295013427734,0.015229360839993118,True,0.00037467479705810547,0.022979299625587313,True,0.00024831295013427734,PASS,0,Small rotation should not significantly change output.,Consistent,0.1366666666666667
RotationRelation,0.0,-1.630487322807312,-1.630487322807312,0.0,0.0,True,0.00037467479705810547,0.022979299625587313,True,0.0,PASS,0,Small rotation should not significantly change output.,Consistent,0.1366666666666667
RotationRelation,30.0,-1.630487322807312,-1.6306136846542358,0.00012636184692382812,0.007749938785594194,True,0.00037467479705810547,0.022979299625587313,True,0.00012636184692382812,PASS,0,Small rotation should not significantly change output.,Consistent,0.1366666666666667
RotationRelation,60.0,-1.630487322807312,-1.6306096315383911,0.00012230873107910156,0.007501355843414757,True,0.00037467479705810547,0.022979299625587313,True,0.00012230873107910156,PASS,0,Small rotation should not significantly change output.,Consistent,0.1366666666666667
SandstormRelation,0.0,-1.630487322807312,-1.630426049232483,6.127357482910156e-05,0.003757989184712656,True,0.0009530782699584961,0.05845354772719394,True,6.127357482910156e-05,PASS,0,Sandstorm should not significantly affect prediction.,Consistent,0.1366666666666667
SandstormRelation,0.375,-1.630487322807312,-1.630873680114746,0.00038635730743408203,0.023695803400104513,True,0.0009530782699584961,0.05845354772719394,True,0.00038635730743408203,PASS,0,Sandstorm should not significantly affect prediction.,Consistent,0.1366666666666667
SandstormRelation,0.75,-1.630487322807312,-1.6308976411819458,0.00041031837463378906,0.025165367264165295,True,0.0009530782699584961,0.05845354772719394,True,0.00041031837463378906,PASS,0,Sandstorm should not significantly affect prediction.,Consistent,0.1366666666666667
SandstormRelation,1.125,-1.630487322807312,-1.6311800479888916,0.0006927251815795898,0.04248574932366779,True,0.0009530782699584961,0.05845354772719394,True,0.0006927251815795898,PASS,0,Sandstorm should not significantly affect prediction.,Consistent,0.1366666666666667
SandstormRelation,1.5,-1.630487322807312,-1.6313791275024414,0.0008918046951293945,0.05469555854248128,True,0.0009530782699584961,0.05845354772719394,True,0.0008918046951293945,PASS,0,Sandstorm should not significantly affect prediction.,Consistent,0.1366666666666667
SmokeRelation,0.0,-1.630487322807312,-1.630487322807312,0.0,0.0,True,0.0017821788787841797,0.10930338192889923,True,0.0,PASS,0,Smoke should not significantly affect prediction.,Consistent,0.1366666666666667
SmokeRelation,0.375,-1.630487322807312,-1.6300514936447144,0.00043582916259765625,0.02672997754729469,True,0.0017821788787841797,0.10930338192889923,True,0.00043582916259765625,PASS,0,Smoke should not significantly affect prediction.,Consistent,0.1366666666666667
SmokeRelation,0.75,-1.630487322807312,-1.629633903503418,0.000853419303894043,0.05234133185478191,True,0.0017821788787841797,0.10930338192889923,True,0.000853419303894043,PASS,0,Smoke should not significantly affect prediction.,Consistent,0.1366666666666667
SmokeRelation,1.125,-1.630487322807312,-1.6291447877883911,0.0013425350189208984,0.08233944396543567,True,0.0017821788787841797,0.10930338192889923,True,0.0013425350189208984,PASS,0,Smoke should not significantly affect prediction.,Consistent,0.1366666666666667
SmokeRelation,1.5,-1.630487322807312,-1.6287051439285278,0.0017821788787841797,0.10930338192889923,True,0.0017821788787841797,0.10930338192889923,True,0.0017821788787841797,PASS,0,Smoke should not significantly affect prediction.,Consistent,0.1366666666666667
SnowRelation,0.0,-1.630487322807312,-1.630487322807312,0.0,0.0,True,0.001286625862121582,0.0789104616159605,True,0.0,PASS,0,Snow should not significantly affect prediction.,Consistent,0.1366666666666667
SnowRelation,0.375,-1.630487322807312,-1.6303162574768066,0.0001710653305053711,0.010491662412573271,True,0.001286625862121582,0.0789104616159605,True,0.0001710653305053711,PASS,0,Snow should not significantly affect prediction.,Consistent,0.1366666666666667
SnowRelation,0.75,-1.630487322807312,-1.630060076713562,0.00042724609375,0.02620356661091471,True,0.001286625862121582,0.0789104616159605,True,0.00042724609375,PASS,0,Snow should not significantly affect prediction.,Consistent,0.1366666666666667
SnowRelation,1.125,-1.630487322807312,-1.6304088830947876,7.843971252441406e-05,0.004810811057472622,True,0.001286625862121582,0.0789104616159605,True,7.843971252441406e-05,PASS,0,Snow should not significantly affect prediction.,Consistent,0.1366666666666667
SnowRelation,1.5,-1.630487322807312,-1.6292006969451904,0.001286625862121582,0.0789104616159605,True,0.001286625862121582,0.0789104616159605,True,0.001286625862121582,PASS,0,Snow should not significantly affect prediction.,Consistent,0.1366666666666667
TranslationRelation,0.0,-1.630487322807312,-1.6300324201583862,0.00045490264892578125,0.0278997796281391,True,0.0022661685943603516,0.13898710973032605,True,0.00045490264892578125,PASS,0,Small translation should preserve prediction consistency.,Consistent,0.1366666666666667
TranslationRelation,20.0,-1.630487322807312,-1.6314541101455688,0.0009667873382568359,0.059294342972800854,True,0.0022661685943603516,0.13898710973032605,True,0.0009667873382568359,PASS,0,Small translation should preserve prediction consistency.,Consistent,0.1366666666666667
TranslationRelation,40.0,-1.630487322807312,-1.6296358108520508,0.0008515119552612305,0.05222435164669748,True,0.0022661685943603516,0.13898710973032605,True,0.0008515119552612305,PASS,0,Small translation should preserve prediction consistency.,Consistent,0.1366666666666667
TranslationRelation,60.0,-1.630487322807312,-1.629620909690857,0.0008664131164550781,0.053138259522357165,True,0.0022661685943603516,0.13898710973032605,True,0.0008664131164550781,PASS,0,Small translation should preserve prediction consistency.,Consistent,0.1366666666666667
TranslationRelation,80.0,-1.630487322807312,-1.6291879415512085,0.0012993812561035156,0.07969276675752521,True,0.0022661685943603516,0.13898710973032605,True,0.0012993812561035156,PASS,0,Small translation should preserve prediction consistency.,Consistent,0.1366666666666667
DarkVisibilityRelation,0.05,-1.630487322807312,-1.6303832530975342,0.00010406970977783203,0.006382732603607293,True,0.002312183380126953,0.1418092572503632,True,0.00010406970977783203,PASS,0,Output should not change drastically under visibility degradation.,Consistent,0.1366666666666667
DarkVisibilityRelation,0.4125,-1.630487322807312,-1.6295808553695679,0.0009064674377441406,0.05559484389213042,True,0.002312183380126953,0.1418092572503632,True,0.0009064674377441406,PASS,0,Output should not change drastically under visibility degradation.,Consistent,0.1366666666666667
DarkVisibilityRelation,0.775,-1.630487322807312,-1.628600001335144,0.0018873214721679688,0.11575191589955404,True,0.002312183380126953,0.1418092572503632,True,0.0018873214721679688,PASS,0,Output should not change drastically under visibility degradation.,Consistent,0.1366666666666667
DarkVisibilityRelation,1.1375,-1.630487322807312,-1.6289443969726562,0.0015429258346557617,0.09462967707730721,True,0.002312183380126953,0.1418092572503632,True,0.0015429258346557617,PASS,0,Output should not change drastically under visibility degradation.,Consistent,0.1366666666666667
DarkVisibilityRelation,1.5,-1.630487322807312,-1.6280710697174072,0.002416253089904785,0.14819198985397047,True,0.002312183380126953,0.1418092572503632,True,0.002416253089904785,PASS,0,Output should not change drastically under visibility degradation.,Consistent,0.1366666666666667
TemporalSmoothnessRelation,0.0,-1.630487322807312,-1.63059401512146,0.00010669231414794922,0.0,True,,,,0.00010669231414794922,PASS,0,Predictions should change smoothly across consecutive frames.,Consistent,0.1366666666666667
BlurRelation,1.0,-1.63059401512146,-1.6304699182510376,0.00012409687042236328,0.007610526787555495,True,0.0002892017364501953,0.01773596348377486,True,0.00012409687042236328,PASS,1,Blur should not significantly change output.,Consistent,0.1366666666666667
BlurRelation,8.5,-1.63059401512146,-1.630606770515442,1.2755393981933594e-05,0.0007822539541483554,True,0.0002892017364501953,0.01773596348377486,True,1.2755393981933594e-05,PASS,1,Blur should not significantly change output.,Consistent,0.1366666666666667
BlurRelation,16.0,-1.63059401512146,-1.6305428743362427,5.1140785217285156e-05,0.0031363266012116304,True,0.0002892017364501953,0.01773596348377486,True,5.1140785217285156e-05,PASS,1,Blur should not significantly change output.,Consistent,0.1366666666666667
BlurRelation,23.5,-1.63059401512146,-1.630676507949829,8.249282836914062e-05,0.005059062955800579,True,0.0002892017364501953,0.01773596348377486,True,8.249282836914062e-05,PASS,1,Blur should not significantly change output.,Consistent,0.1366666666666667
BlurRelation,31.0,-1.63059401512146,-1.6307591199874878,0.00016510486602783203,0.010125436696219367,True,0.0002892017364501953,0.01773596348377486,True,0.00016510486602783203,PASS,1,Blur should not significantly change output.,Consistent,0.1366666666666667
BrightnessRelation,0.1,-1.63059401512146,-1.6315537691116333,0.0009597539901733398,0.05885912696120009,True,0.0030351877212524414,0.18613988716421756,True,0.0009597539901733398,PASS,1,Output should remain approximately same under localized brightness change.,Consistent,0.1366666666666667
BrightnessRelation,0.825,-1.63059401512146,-1.6306681632995605,7.414817810058594e-05,0.004547308032525953,True,0.0030351877212524414,0.18613988716421756,True,7.414817810058594e-05,PASS,1,Output should remain approximately same under localized brightness change.,Consistent,0.1366666666666667
BrightnessRelation,1.55,-1.63059401512146,-1.628548264503479,0.002045750617980957,0.12546037483308342,True,0.0030351877212524414,0.18613988716421756,True,0.002045750617980957,PASS,1,Output should remain approximately same under localized brightness change.,Consistent,0.1366666666666667
BrightnessRelation,2.275,-1.63059401512146,-1.6315834522247314,0.0009894371032714844,0.06067951233113411,True,0.0030351877212524414,0.18613988716421756,True,0.0009894371032714844,PASS,1,Output should remain approximately same under localized brightness change.,Consistent,0.1366666666666667
BrightnessRelation,3.0,-1.63059401512146,-1.6311489343643188,0.0005549192428588867,0.03403170239776256,True,0.0030351877212524414,0.18613988716421756,True,0.0005549192428588867,PASS,1,Output should remain approximately same under localized brightness change.,Consistent,0.1366666666666667
CompositeRelation,0.1,-1.63059401512146,-1.6309665441513062,0.0003725290298461914,0.022846201931902906,True,0.004106879234313965,0.2518638408819158,True,0.0003725290298461914,PASS,1,Prediction should remain approximately consistent under composite transformations.,Consistent,0.1366666666666667
CompositeRelation,0.44999999999999996,-1.63059401512146,-1.6306759119033813,8.189678192138672e-05,0.005022509032709534,True,0.004106879234313965,0.2518638408819158,True,8.189678192138672e-05,PASS,1,Prediction should remain approximately consistent under composite transformations.,Consistent,0.1366666666666667
CompositeRelation,0.7999999999999999,-1.63059401512146,-1.632107138633728,0.0015131235122680664,0.09279578915892593,True,0.004106879234313965,0.2518638408819158,True,0.0015131235122680664,PASS,1,Prediction should remain approximately consistent under composite transformations.,Consistent,0.1366666666666667
CompositeRelation,1.15,-1.63059401512146,-1.6297556161880493,0.0008383989334106445,0.0514167482198634,True,0.004106879234313965,0.2518638408819158,True,0.0008383989334106445,PASS,1,Prediction should remain approximately consistent under composite transformations.,Consistent,0.1366666666666667
CompositeRelation,1.5,-1.63059401512146,-1.628000259399414,0.0025937557220458984,0.15906805172298988,True,0.004106879234313965,0.2518638408819158,True,0.0025937557220458984,PASS,1,Prediction should remain approximately consistent under composite transformations.,Consistent,0.1366666666666667
ContrastRelation,0.1,-1.63059401512146,-1.6308927536010742,0.0002987384796142578,0.018320826253231576,True,0.0014977455139160156,0.09185269794317699,True,0.0002987384796142578,PASS,1,Contrast change should not significantly affect output.,Consistent,0.1366666666666667
ContrastRelation,1.075,-1.63059401512146,-1.630604863166809,1.0848045349121094e-05,0.0006652814002570126,True,0.0014977455139160156,0.09185269794317699,True,1.0848045349121094e-05,PASS,1,Contrast change should not significantly affect output.,Consistent,0.1366666666666667
ContrastRelation,2.05,-1.63059401512146,-1.6300418376922607,0.0005521774291992188,0.033863554351543756,True,0.0014977455139160156,0.09185269794317699,True,0.0005521774291992188,PASS,1,Contrast change should not significantly affect output.,Consistent,0.1366666666666667
ContrastRelation,3.025,-1.63059401512146,-1.6299058198928833,0.0006881952285766602,0.042205159600920146,True,0.0014977455139160156,0.09185269794317699,True,0.0006881952285766602,PASS,1,Contrast change should not significantly affect output.,Consistent,0.1366666666666667
ContrastRelation,4.0,-1.63059401512146,-1.6293950080871582,0.0011990070343017578,0.0735318716899454,True,0.0014977455139160156,0.09185269794317699,True,0.0011990070343017578,PASS,1,Contrast change should not significantly affect output.,Consistent,0.1366666666666667
DarkVisibilityRelation,0.05,-1.63059401512146,-1.6360831260681152,0.0054891109466552734,0.33663238853004834,True,0.00549924373626709,0.33725380522259607,True,0.0054891109466552734,PASS,1,Output should not change drastically under visibility degradation.,Consistent,0.1366666666666667
DarkVisibilityRelation,0.4125,-1.63059401512146,-1.6356322765350342,0.005038261413574219,0.3089830011039822,True,0.00549924373626709,0.33725380522259607,True,0.005038261413574219,PASS,1,Output should not change drastically under visibility degradation.,Consistent,0.1366666666666667
DarkVisibilityRelation,0.775,-1.63059401512146,-1.6334646940231323,0.0028706789016723633,0.17605100439108923,True,0.00549924373626709,0.33725380522259607,True,0.0028706789016723633,PASS,1,Output should not change drastically under visibility degradation.,Consistent,0.1366666666666667
DarkVisibilityRelation,1.1375,-1.63059401512146,-1.630597710609436,3.6954879760742188e-06,0.00022663432316447679,True,0.00549924373626709,0.33725380522259607,True,3.6954879760742188e-06,PASS,1,Output should not change drastically under visibility degradation.,Consistent,0.1366666666666667
DarkVisibilityRelation,1.5,-1.63059401512146,-1.6305838823318481,1.0132789611816406e-05,0.000621416692547759,True,0.00549924373626709,0.33725380522259607,True,1.0132789611816406e-05,PASS,1,Output should not change drastically under visibility degradation.,Consistent,0.1366666666666667
DustRelation,0.0,-1.63059401512146,-1.63059401512146,0.0,0.0,True,0.0001760721206665039,0.010798028881094587,True,0.0,PASS,1,Dust should not significantly affect prediction.,Consistent,0.1366666666666667
DustRelation,0.375,-1.63059401512146,-1.6305787563323975,1.52587890625e-05,0.0009357804311307429,True,0.0001760721206665039,0.010798028881094587,True,1.52587890625e-05,PASS,1,Dust should not significantly affect prediction.,Consistent,0.1366666666666667
DustRelation,0.75,-1.63059401512146,-1.630519986152649,7.402896881103516e-05,0.004539997247907744,True,0.0001760721206665039,0.010798028881094587,True,7.402896881103516e-05,PASS,1,Dust should not significantly affect prediction.,Consistent,0.1366666666666667
DustRelation,1.125,-1.63059401512146,-1.6306960582733154,0.00010204315185546875,0.006258031633186843,True,0.0001760721206665039,0.010798028881094587,True,0.00010204315185546875,PASS,1,Dust should not significantly affect prediction.,Consistent,0.1366666666666667
DustRelation,1.5,-1.63059401512146,-1.630640983581543,4.696846008300781e-05,0.002880449139574318,True,0.0001760721206665039,0.010798028881094587,True,4.696846008300781e-05,PASS,1,Dust should not significantly affect prediction.,Consistent,0.1366666666666667
FogRelation,0.0,-1.63059401512146,-1.6306612491607666,6.723403930664062e-05,0.004123282524669836,True,0.001729726791381836,0.10607948481021155,True,6.723403930664062e-05,PASS,1,Fog should not significantly affect prediction.,Consistent,0.1366666666666667
FogRelation,0.375,-1.63059401512146,-1.6314404010772705,0.0008463859558105469,0.051906570789283395,True,0.001729726791381836,0.10607948481021155,True,0.0008463859558105469,PASS,1,Fog should not significantly affect prediction.,Consistent,0.1366666666666667
FogRelation,0.75,-1.63059401512146,-1.6319375038146973,0.0013434886932373047,0.08239254264721463,True,0.001729726791381836,0.10607948481021155,True,0.0013434886932373047,PASS,1,Fog should not significantly affect prediction.,Consistent,0.1366666666666667
FogRelation,1.125,-1.63059401512146,-1.632232666015625,0.001638650894165039,0.10049404536189993,True,0.001729726791381836,0.10607948481021155,True,0.001638650894165039,PASS,1,Fog should not significantly affect prediction.,Consistent,0.1366666666666667
FogRelation,1.5,-1.63059401512146,-1.6323909759521484,0.0017969608306884766,0.1102027673348814,True,0.001729726791381836,0.10607948481021155,True,0.0017969608306884766,PASS,1,Fog should not significantly affect prediction.,Consistent,0.1366666666666667
HazeRelation,0.0,-1.63059401512146,-1.63059401512146,0.0,0.0,True,0.0011210441589355469,0.06875061854963677,True,0.0,PASS,1,Haze should not significantly affect prediction.,Consistent,0.1366666666666667
HazeRelation,0.375,-1.63059401512146,-1.6303240060806274,0.00027000904083251953,0.016558927160243226,True,0.0011210441589355469,0.06875061854963677,True,0.00027000904083251953,PASS,1,Haze should not significantly affect prediction.,Consistent,0.1366666666666667
HazeRelation,0.75,-1.63059401512146,-1.6300432682037354,0.0005507469177246094,0.03377582493612525,True,0.0011210441589355469,0.06875061854963677,True,0.0005507469177246094,PASS,1,Haze should not significantly affect prediction.,Consistent,0.1366666666666667
HazeRelation,1.125,-1.63059401512146,-1.6297574043273926,0.0008366107940673828,0.05130708645059026,True,0.0011210441589355469,0.06875061854963677,True,0.0008366107940673828,PASS,1,Haze should not significantly affect prediction.,Consistent,0.1366666666666667
HazeRelation,1.5,-1.63059401512146,-1.6294729709625244,0.0011210441589355469,0.06875061854963677,True,0.0011210441589355469,0.06875061854963677,True,0.0011210441589355469,PASS,1,Haze should not significantly affect prediction.,Consistent,0.1366666666666667
NoiseRelation,0.0,-1.63059401512146,-1.6306558847427368,6.186962127685547e-05,0.0037942972168504337,True,0.0015444755554199219,0.09471852551351488,True,6.186962127685547e-05,PASS,1,Noise should not significantly affect prediction.,Consistent,0.1366666666666667
NoiseRelation,37.5,-1.63059401512146,-1.6307811737060547,0.00018715858459472656,0.011477931850588019,True,0.0015444755554199219,0.09471852551351488,True,0.00018715858459472656,PASS,1,Noise should not significantly affect prediction.,Consistent,0.1366666666666667
NoiseRelation,75.0,-1.63059401512146,-1.6308943033218384,0.00030028820037841797,0.01841586645326829,True,0.0015444755554199219,0.09471852551351488,True,0.00030028820037841797,PASS,1,Noise should not significantly affect prediction.,Consistent,0.1366666666666667
NoiseRelation,112.5,-1.63059401512146,-1.6303036212921143,0.0002903938293457031,0.01780907132995695,True,0.0015444755554199219,0.09471852551351488,True,0.0002903938293457031,PASS,1,Noise should not significantly affect prediction.,Consistent,0.1366666666666667
NoiseRelation,150.0,-1.63059401512146,-1.6318480968475342,0.0012540817260742188,0.07690945418355793,True,0.0015444755554199219,0.09471852551351488,True,0.0012540817260742188,PASS,1,Noise should not significantly affect prediction.,Consistent,0.1366666666666667
RainRelation,0.0,-1.63059401512146,-1.63059401512146,0.0,0.0,True,0.005983114242553711,0.36692827998790617,True,0.0,PASS,1,Rain should not significantly affect prediction.,Consistent,0.1366666666666667
RainRelation,0.375,-1.63059401512146,-1.6331044435501099,0.0025104284286499023,0.15395781327486183,True,0.005983114242553711,0.36692827998790617,True,0.0025104284286499023,PASS,1,Rain should not significantly affect prediction.,Consistent,0.1366666666666667
RainRelation,0.75,-1.63059401512146,-1.6330265998840332,0.002432584762573242,0.1491838709191714,True,0.005983114242553711,0.36692827998790617,True,0.002432584762573242,PASS,1,Rain should not significantly affect prediction.,Consistent,0.1366666666666667
RainRelation,1.125,-1.63059401512146,-1.6365771293640137,0.005983114242553711,0.36692827998790617,True,0.005983114242553711,0.36692827998790617,True,0.005983114242553711,PASS,1,Rain should not significantly affect prediction.,Consistent,0.1366666666666667
RainRelation,1.5,-1.63059401512146,-1.6322330236434937,0.0016390085220336914,0.10051597771575456,True,0.005983114242553711,0.36692827998790617,True,0.0016390085220336914,PASS,1,Rain should not significantly affect prediction.,Consistent,0.1366666666666667
RotationRelation,-60.0,-1.63059401512146,-1.6312333345413208,0.0006393194198608398,0.039207737907454486,True,0.0011749267578125,0.0720550931970672,True,0.0006393194198608398,PASS,1,Small rotation should not significantly change output.,Consistent,0.1366666666666667
RotationRelation,-30.0,-1.63059401512146,-1.6303573846817017,0.00023663043975830078,0.014511907467144725,True,0.0011749267578125,0.0720550931970672,True,0.00023663043975830078,PASS,1,Small rotation should not significantly change output.,Consistent,0.1366666666666667
RotationRelation,0.0,-1.63059401512146,-1.6305941343307495,1.1920928955078125e-07,7.3107846182089286e-06,True,0.0011749267578125,0.0720550931970672,True,1.1920928955078125e-07,PASS,1,Small rotation should not significantly change output.,Consistent,0.1366666666666667
RotationRelation,30.0,-1.63059401512146,-1.6315323114395142,0.0009382963180541992,0.05754318572992248,True,0.0011749267578125,0.0720550931970672,True,0.0009382963180541992,PASS,1,Small rotation should not significantly change output.,Consistent,0.1366666666666667
RotationRelation,60.0,-1.63059401512146,-1.6309196949005127,0.0003256797790527344,0.019973063576946795,True,0.0011749267578125,0.0720550931970672,True,0.0003256797790527344,PASS,1,Small rotation should not significantly change output.,Consistent,0.1366666666666667
SandstormRelation,0.0,-1.63059401512146,-1.6306356191635132,4.1604042053222656e-05,0.0025514638317549166,True,0.0011146068572998047,0.06835583618025348,True,4.1604042053222656e-05,PASS,1,Sandstorm should not significantly affect prediction.,Consistent,0.1366666666666667
SandstormRelation,0.375,-1.63059401512146,-1.6310667991638184,0.00047278404235839844,0.02899457179581661,True,0.0011146068572998047,0.06835583618025348,True,0.00047278404235839844,PASS,1,Sandstorm should not significantly affect prediction.,Consistent,0.1366666666666667
SandstormRelation,0.75,-1.63059401512146,-1.6315122842788696,0.000918269157409668,0.05631497391406338,True,0.0011146068572998047,0.06835583618025348,True,0.000918269157409668,PASS,1,Sandstorm should not significantly affect prediction.,Consistent,0.1366666666666667
SandstormRelation,1.125,-1.63059401512146,-1.631750226020813,0.0011562108993530273,0.0709073000120084,True,0.0011146068572998047,0.06835583618025348,True,0.0011562108993530273,PASS,1,Sandstorm should not significantly affect prediction.,Consistent,0.1366666666666667
SandstormRelation,1.5,-1.63059401512146,-1.6316843032836914,0.0010902881622314453,0.06686443611813886,True,0.0011146068572998047,0.06835583618025348,True,0.0010902881622314453,PASS,1,Sandstorm should not significantly affect prediction.,Consistent,0.1366666666666667
SmokeRelation,0.0,-1.63059401512146,-1.63059401512146,0.0,0.0,True,0.0018761157989501953,0.11505712832137213,True,0.0,PASS,1,Smoke should not significantly affect prediction.,Consistent,0.1366666666666667
SmokeRelation,0.375,-1.63059401512146,-1.6299043893814087,0.0006896257400512695,0.04229288901633866,True,0.0018761157989501953,0.11505712832137213,True,0.0006896257400512695,PASS,1,Smoke should not significantly affect prediction.,Consistent,0.1366666666666667
SmokeRelation,0.75,-1.63059401512146,-1.629664421081543,0.0009295940399169922,0.05700949845279323,True,0.0018761157989501953,0.11505712832137213,True,0.0009295940399169922,PASS,1,Smoke should not significantly affect prediction.,Consistent,0.1366666666666667
SmokeRelation,1.125,-1.63059401512146,-1.6291719675064087,0.0014220476150512695,0.08721034971061432,True,0.0018761157989501953,0.11505712832137213,True,0.0014220476150512695,PASS,1,Smoke should not significantly affect prediction.,Consistent,0.1366666666666667
SmokeRelation,1.5,-1.63059401512146,-1.6287178993225098,0.0018761157989501953,0.11505712832137213,True,0.0018761157989501953,0.11505712832137213,True,0.0018761157989501953,PASS,1,Smoke should not significantly affect prediction.,Consistent,0.1366666666666667
SnowRelation,0.0,-1.63059401512146,-1.63059401512146,0.0,0.0,True,0.0008224248886108398,0.0504371030810234,True,0.0,PASS,1,Snow should not significantly affect prediction.,Consistent,0.1366666666666667
SnowRelation,0.375,-1.63059401512146,-1.6306360960006714,4.208087921142578e-05,0.002580706970227752,True,0.0008224248886108398,0.0504371030810234,True,4.208087921142578e-05,PASS,1,Snow should not significantly affect prediction.,Consistent,0.1366666666666667
SnowRelation,0.75,-1.63059401512146,-1.6306451559066772,5.1140785217285156e-05,0.0031363266012116304,True,0.0008224248886108398,0.0504371030810234,True,5.1140785217285156e-05,PASS,1,Snow should not significantly affect prediction.,Consistent,0.1366666666666667
SnowRelation,1.125,-1.63059401512146,-1.6308648586273193,0.000270843505859375,0.016610102652570687,True,0.0008224248886108398,0.0504371030810234,True,0.000270843505859375,PASS,1,Snow should not significantly affect prediction.,Consistent,0.1366666666666667
SnowRelation,1.5,-1.63059401512146,-1.6300424337387085,0.0005515813827514648,0.033827000428452714,True,0.0008224248886108398,0.0504371030810234,True,0.0005515813827514648,PASS,1,Snow should not significantly affect prediction.,Consistent,0.1366666666666667
TranslationRelation,0.0,-1.63059401512146,-1.6305041313171387,8.988380432128906e-05,0.0055123316021295325,True,0.0011442899703979492,0.07017622155018752,True,8.988380432128906e-05,PASS,1,Small translation should preserve prediction consistency.,Consistent,0.1366666666666667
TranslationRelation,20.0,-1.63059401512146,-1.6306358575820923,4.184246063232422e-05,0.0025660854009913344,True,0.0011442899703979492,0.07017622155018752,True,4.184246063232422e-05,PASS,1,Small translation should preserve prediction consistency.,Consistent,0.1366666666666667
TranslationRelation,40.0,-1.63059401512146,-1.6309813261032104,0.0003873109817504883,0.02375273922456081,True,0.0011442899703979492,0.07017622155018752,True,0.0003873109817504883,PASS,1,Small translation should preserve prediction consistency.,Consistent,0.1366666666666667
TranslationRelation,60.0,-1.63059401512146,-1.6308810710906982,0.00028705596923828125,0.0176043693606471,True,0.0011442899703979492,0.07017622155018752,True,0.00028705596923828125,PASS,1,Small translation should preserve prediction consistency.,Consistent,0.1366666666666667
TranslationRelation,80.0,-1.63059401512146,-1.6298370361328125,0.0007569789886474609,0.046423482325626694,True,0.0011442899703979492,0.07017622155018752,True,0.0007569789886474609,PASS,1,Small translation should preserve prediction consistency.,Consistent,0.1366666666666667
DarkVisibilityRelation,0.05,-1.63059401512146,-1.6304821968078613,0.00011181831359863281,0.006857515971879975,True,0.0026175975799560547,0.16053020864663167,True,0.00011181831359863281,PASS,1,Output should not change drastically under visibility degradation.,Consistent,0.1366666666666667
DarkVisibilityRelation,0.4125,-1.63059401512146,-1.6306886672973633,9.465217590332031e-05,0.00580476298685789,True,0.0026175975799560547,0.16053020864663167,True,9.465217590332031e-05,PASS,1,Output should not change drastically under visibility degradation.,Consistent,0.1366666666666667
DarkVisibilityRelation,0.775,-1.63059401512146,-1.6286563873291016,0.0019376277923583984,0.11882949318436793,True,0.0026175975799560547,0.16053020864663167,True,0.0019376277923583984,PASS,1,Output should not change drastically under visibility degradation.,Consistent,0.1366666666666667
DarkVisibilityRelation,1.1375,-1.63059401512146,-1.628071904182434,0.002522110939025879,0.1546742701674463,True,0.0026175975799560547,0.16053020864663167,True,0.002522110939025879,PASS,1,Output should not change drastically under visibility degradation.,Consistent,0.1366666666666667
DarkVisibilityRelation,1.5,-1.63059401512146,-1.6280710697174072,0.0025229454040527344,0.15472544565977378,True,0.0026175975799560547,0.16053020864663167,True,0.0025229454040527344,PASS,1,Output should not change drastically under visibility degradation.,Consistent,0.1366666666666667
TemporalSmoothnessRelation,0.0,-1.630487322807312,-1.63059401512146,0.00010669231414794922,0.0,True,,,,0.00010669231414794922,PASS,1,Predictions should change smoothly across consecutive frames.,Consistent,0.1366666666666667
BlurRelation,1.0,-1.6306160688400269,-1.6306464672088623,3.039836883544922e-05,0.0018642248640923236,True,0.0005071163177490234,0.03109965714450488,True,3.039836883544922e-05,PASS,2,Blur should not significantly change output.,Consistent,0.1366666666666667
BlurRelation,8.5,-1.6306160688400269,-1.6305826902389526,3.337860107421875e-05,0.0020469920076307867,True,0.0005071163177490234,0.03109965714450488,True,3.337860107421875e-05,PASS,2,Blur should not significantly change output.,Consistent,0.1366666666666667
BlurRelation,16.0,-1.6306160688400269,-1.6310898065567017,0.0004737377166748047,0.029052665136874094,True,0.0005071163177490234,0.03109965714450488,True,0.0004737377166748047,PASS,2,Blur should not significantly change output.,Consistent,0.1366666666666667
BlurRelation,23.5,-1.6306160688400269,-1.630668044090271,5.1975250244140625e-05,0.0031874589833107963,True,0.0005071163177490234,0.03109965714450488,True,5.1975250244140625e-05,PASS,2,Blur should not significantly change output.,Consistent,0.1366666666666667
BlurRelation,31.0,-1.6306160688400269,-1.630630612373352,1.4543533325195312e-05,0.0008919036604676999,True,0.0005071163177490234,0.03109965714450488,True,1.4543533325195312e-05,PASS,2,Blur should not significantly change output.,Consistent,0.1366666666666667
BrightnessRelation,0.1,-1.6306160688400269,-1.631530523300171,0.000914454460144043,0.056080270323342014,True,0.006307125091552734,0.3867937612133202,True,0.000914454460144043,PASS,2,Output should remain approximately same under localized brightness change.,Consistent,0.1366666666666667
BrightnessRelation,0.825,-1.6306160688400269,-1.6308218240737915,0.00020575523376464844,0.012618243589895491,True,0.006307125091552734,0.3867937612133202,True,0.00020575523376464844,PASS,2,Output should remain approximately same under localized brightness change.,Consistent,0.1366666666666667
BrightnessRelation,1.55,-1.6306160688400269,-1.6294454336166382,0.0011706352233886719,0.0717909339819083,True,0.006307125091552734,0.3867937612133202,True,0.0011706352233886719,PASS,2,Output should remain approximately same under localized brightness change.,Consistent,0.1366666666666667
BrightnessRelation,2.275,-1.6306160688400269,-1.6285697221755981,0.002046346664428711,0.12549523143925032,True,0.006307125091552734,0.3867937612133202,True,0.002046346664428711,PASS,2,Output should remain approximately same under localized brightness change.,Consistent,0.1366666666666667
BrightnessRelation,3.0,-1.6306160688400269,-1.6348768472671509,0.0042607784271240234,0.2612985297740699,True,0.006307125091552734,0.3867937612133202,True,0.0042607784271240234,PASS,2,Output should remain approximately same under localized brightness change.,Consistent,0.1366666666666667
CompositeRelation,0.1,-1.6306160688400269,-1.630324125289917,0.0002919435501098633,0.017903869381027844,True,0.007762789726257324,0.4760645448032471,True,0.0002919435501098633,PASS,2,Prediction should remain approximately consistent under composite transformations.,Consistent,0.1366666666666667
CompositeRelation,0.44999999999999996,-1.6306160688400269,-1.6311380863189697,0.0005220174789428711,0.03201349286219719,True,0.007762789726257324,0.4760645448032471,True,0.0005220174789428711,PASS,2,Prediction should remain approximately consistent under composite transformations.,Consistent,0.1366666666666667
CompositeRelation,0.7999999999999999,-1.6306160688400269,-1.635875940322876,0.005259871482849121,0.3225693869739043,True,0.007762789726257324,0.4760645448032471,True,0.005259871482849121,PASS,2,Prediction should remain approximately consistent under composite transformations.,Consistent,0.1366666666666667
CompositeRelation,1.15,-1.6306160688400269,-1.6281131505966187,0.002502918243408203,0.15349515782934284,True,0.007762789726257324,0.4760645448032471,True,0.002502918243408203,PASS,2,Prediction should remain approximately consistent under composite transformations.,Consistent,0.1366666666666667
CompositeRelation,1.5,-1.6306160688400269,-1.6325427293777466,0.0019266605377197266,0.11815530295474562,True,0.007762789726257324,0.4760645448032471,True,0.0019266605377197266,PASS,2,Prediction should remain approximately consistent under composite transformations.,Consistent,0.1366666666666667
ContrastRelation,0.1,-1.6306160688400269,-1.6306003332138062,1.5735626220703125e-05,0.000965010517883085,True,0.00046634674072265625,0.028599402620898703,True,1.5735626220703125e-05,PASS,2,Contrast change should not significantly affect output.,Consistent,0.1366666666666667
ContrastRelation,1.075,-1.6306160688400269,-1.6306389570236206,2.288818359375e-05,0.0014036516623753966,True,0.00046634674072265625,0.028599402620898703,True,2.288818359375e-05,PASS,2,Contrast change should not significantly affect output.,Consistent,0.1366666666666667
ContrastRelation,2.05,-1.6306160688400269,-1.6304824352264404,0.00013363361358642578,0.008195278716264685,True,0.00046634674072265625,0.028599402620898703,True,0.00013363361358642578,PASS,2,Contrast change should not significantly affect output.,Consistent,0.1366666666666667
ContrastRelation,3.025,-1.6306160688400269,-1.6303431987762451,0.0002728700637817383,0.01673415966238168,True,0.00046634674072265625,0.028599402620898703,True,0.0002728700637817383,PASS,2,Contrast change should not significantly affect output.,Consistent,0.1366666666666667
ContrastRelation,4.0,-1.6306160688400269,-1.6308095455169678,0.00019347667694091797,0.011865242958517024,True,0.00046634674072265625,0.028599402620898703,True,0.00019347667694091797,PASS,2,Contrast change should not significantly affect output.,Consistent,0.1366666666666667
DarkVisibilityRelation,0.05,-1.6306160688400269,-1.635699987411499,0.005083918571472168,0.31177881481939346,True,0.0052051544189453125,0.3192137822185381,True,0.005083918571472168,PASS,2,Output should not change drastically under visibility degradation.,Consistent,0.1366666666666667
DarkVisibilityRelation,0.4125,-1.6306160688400269,-1.6358296871185303,0.005213618278503418,0.31973284090618737,True,0.0052051544189453125,0.3192137822185381,True,0.005213618278503418,PASS,2,Output should not change drastically under visibility degradation.,Consistent,0.1366666666666667
DarkVisibilityRelation,0.775,-1.6306160688400269,-1.6319178342819214,0.0013017654418945312,0.07983268829760068,True,0.0052051544189453125,0.3192137822185381,True,0.0013017654418945312,PASS,2,Output should not change drastically under visibility degradation.,Consistent,0.1366666666666667
DarkVisibilityRelation,1.1375,-1.6306160688400269,-1.6306310892105103,1.5020370483398438e-05,0.0009211464034338539,True,0.0052051544189453125,0.3192137822185381,True,1.5020370483398438e-05,PASS,2,Output should not change drastically under visibility degradation.,Consistent,0.1366666666666667
DarkVisibilityRelation,1.5,-1.6306160688400269,-1.630624532699585,8.463859558105469e-06,0.0005190586876492352,True,0.0052051544189453125,0.3192137822185381,True,8.463859558105469e-06,PASS,2,Output should not change drastically under visibility degradation.,Consistent,0.1366666666666667
DustRelation,0.0,-1.6306160688400269,-1.6306160688400269,0.0,0.0,True,0.00018286705017089844,0.011214591927520095,True,0.0,PASS,2,Dust should not significantly affect prediction.,Consistent,0.1366666666666667
DustRelation,0.375,-1.6306160688400269,-1.6306220293045044,5.9604644775390625e-06,0.0003655342870769262,True,0.00018286705017089844,0.011214591927520095,True,5.9604644775390625e-06,PASS,2,Dust should not significantly affect prediction.,Consistent,0.1366666666666667
DustRelation,0.75,-1.6306160688400269,-1.6307122707366943,9.620189666748047e-05,0.005899723393421589,True,0.00018286705017089844,0.011214591927520095,True,9.620189666748047e-05,PASS,2,Dust should not significantly affect prediction.,Consistent,0.1366666666666667
DustRelation,1.125,-1.6306160688400269,-1.6305294036865234,8.666515350341797e-05,0.005314868534098507,True,0.00018286705017089844,0.011214591927520095,True,8.666515350341797e-05,PASS,2,Dust should not significantly affect prediction.,Consistent,0.1366666666666667
DustRelation,1.5,-1.6306160688400269,-1.6306697130203247,5.364418029785156e-05,0.0032898085836923353,True,0.00018286705017089844,0.011214591927520095,True,5.364418029785156e-05,PASS,2,Dust should not significantly affect prediction.,Consistent,0.1366666666666667
FogRelation,0.0,-1.6306160688400269,-1.6306414604187012,2.5391578674316406e-05,0.0015571760629477054,True,0.0024341344833374023,0.1492768921564751,True,2.5391578674316406e-05,PASS,2,Fog should not significantly affect prediction.,Consistent,0.1366666666666667
FogRelation,0.375,-1.6306160688400269,-1.631798505783081,0.0011824369430541992,0.07251469187032061,True,0.0024341344833374023,0.1492768921564751,True,0.0011824369430541992,PASS,2,Fog should not significantly affect prediction.,Consistent,0.1366666666666667
FogRelation,0.75,-1.6306160688400269,-1.6324998140335083,0.0018837451934814453,0.11552345608779174,True,0.0024341344833374023,0.1492768921564751,True,0.0018837451934814453,PASS,2,Fog should not significantly affect prediction.,Consistent,0.1366666666666667
FogRelation,1.125,-1.6306160688400269,-1.6328924894332886,0.0022764205932617188,0.13960485492041963,True,0.0024341344833374023,0.1492768921564751,True,0.0022764205932617188,PASS,2,Fog should not significantly affect prediction.,Consistent,0.1366666666666667
FogRelation,1.5,-1.6306160688400269,-1.6330755949020386,0.0024595260620117188,0.1508340682194228,True,0.0024341344833374023,0.1492768921564751,True,0.0024595260620117188,PASS,2,Fog should not significantly affect prediction.,Consistent,0.1366666666666667
HazeRelation,0.0,-1.6306160688400269,-1.6306160688400269,0.0,0.0,True,0.0011278390884399414,0.06916639780069597,True,0.0,PASS,2,Haze should not significantly affect prediction.,Consistent,0.1366666666666667
HazeRelation,0.375,-1.6306160688400269,-1.6303476095199585,0.0002684593200683594,0.016463664289944755,True,0.0011278390884399414,0.06916639780069597,True,0.0002684593200683594,PASS,2,Haze should not significantly affect prediction.,Consistent,0.1366666666666667
HazeRelation,0.75,-1.6306160688400269,-1.6300604343414307,0.0005556344985961914,0.034075106241311055,True,0.0011278390884399414,0.06916639780069597,True,0.0005556344985961914,PASS,2,Haze should not significantly affect prediction.,Consistent,0.1366666666666667
HazeRelation,1.125,-1.6306160688400269,-1.6297755241394043,0.0008405447006225586,0.05154764516358813,True,0.0011278390884399414,0.06916639780069597,True,0.0008405447006225586,PASS,2,Haze should not significantly affect prediction.,Consistent,0.1366666666666667
HazeRelation,1.5,-1.6306160688400269,-1.629488229751587,0.0011278390884399414,0.06916639780069597,True,0.0011278390884399414,0.06916639780069597,True,0.0011278390884399414,PASS,2,Haze should not significantly affect prediction.,Consistent,0.1366666666666667
NoiseRelation,0.0,-1.6306160688400269,-1.6306214332580566,5.364418029785156e-06,0.0003289808583692336,True,0.0015175342559814453,0.0930650294897854,True,5.364418029785156e-06,PASS,2,Noise should not significantly affect prediction.,Consistent,0.1366666666666667
NoiseRelation,37.5,-1.6306160688400269,-1.632138967514038,0.0015228986740112305,0.09339401034815464,True,0.0015175342559814453,0.0930650294897854,True,0.0015228986740112305,PASS,2,Noise should not significantly affect prediction.,Consistent,0.1366666666666667
NoiseRelation,75.0,-1.6306160688400269,-1.6315759420394897,0.0009598731994628906,0.0588656415908682,True,0.0015175342559814453,0.0930650294897854,True,0.0009598731994628906,PASS,2,Noise should not significantly affect prediction.,Consistent,0.1366666666666667
NoiseRelation,112.5,-1.6306160688400269,-1.6306471824645996,3.1113624572753906e-05,0.0019080889785415547,True,0.0015175342559814453,0.0930650294897854,True,3.1113624572753906e-05,PASS,2,Noise should not significantly affect prediction.,Consistent,0.1366666666666667
NoiseRelation,150.0,-1.6306160688400269,-1.6319013833999634,0.0012853145599365234,0.07882381366526836,True,0.0015175342559814453,0.0930650294897854,True,0.0012853145599365234,PASS,2,Noise should not significantly affect prediction.,Consistent,0.1366666666666667
RainRelation,0.0,-1.6306160688400269,-1.6306160688400269,0.0,0.0,True,0.005072236061096191,0.3110623676167226,True,0.0,PASS,2,Rain should not significantly affect prediction.,Consistent,0.1366666666666667
RainRelation,0.375,-1.6306160688400269,-1.6322569847106934,0.001640915870666504,0.10063158923227777,True,0.005072236061096191,0.3110623676167226,True,0.001640915870666504,PASS,2,Rain should not significantly affect prediction.,Consistent,0.1366666666666667
RainRelation,0.75,-1.6306160688400269,-1.635688304901123,0.005072236061096191,0.3110623676167226,True,0.005072236061096191,0.3110623676167226,True,0.005072236061096191,PASS,2,Rain should not significantly affect prediction.,Consistent,0.1366666666666667
RainRelation,1.125,-1.6306160688400269,-1.6347826719284058,0.004166603088378906,0.2555230880382545,True,0.005072236061096191,0.3110623676167226,True,0.004166603088378906,PASS,2,Rain should not significantly affect prediction.,Consistent,0.1366666666666667
RainRelation,1.5,-1.6306160688400269,-1.632829189300537,0.002213120460510254,0.1357228807916627,True,0.005072236061096191,0.3110623676167226,True,0.002213120460510254,PASS,2,Rain should not significantly affect prediction.,Consistent,0.1366666666666667
RotationRelation,-60.0,-1.6306160688400269,-1.633146047592163,0.0025299787521362305,0.15515468349267209,True,0.0029959678649902344,0.18373215405634616,True,0.0025299787521362305,PASS,2,Small rotation should not significantly change output.,Consistent,0.1366666666666667
RotationRelation,-30.0,-1.6306160688400269,-1.6301500797271729,0.0004659891128540039,0.02857747056367409,True,0.0029959678649902344,0.18373215405634616,True,0.0004659891128540039,PASS,2,Small rotation should not significantly change output.,Consistent,0.1366666666666667
RotationRelation,0.0,-1.6306160688400269,-1.6306164264678955,3.5762786865234375e-07,2.1932057224615572e-05,True,0.0029959678649902344,0.18373215405634616,True,3.5762786865234375e-07,PASS,2,Small rotation should not significantly change output.,Consistent,0.1366666666666667
RotationRelation,30.0,-1.6306160688400269,-1.630592703819275,2.3365020751953125e-05,0.0014328944053415506,True,0.0029959678649902344,0.18373215405634616,True,2.3365020751953125e-05,PASS,2,Small rotation should not significantly change output.,Consistent,0.1366666666666667
RotationRelation,60.0,-1.6306160688400269,-1.6310961246490479,0.0004800558090209961,0.029440131481175632,True,0.0029959678649902344,0.18373215405634616,True,0.0004800558090209961,PASS,2,Small rotation should not significantly change output.,Consistent,0.1366666666666667
SandstormRelation,0.0,-1.6306160688400269,-1.6306403875350952,2.4318695068359375e-05,0.0014913798912738587,True,0.0017247200012207031,0.10577100130857936,True,2.4318695068359375e-05,PASS,2,Sandstorm should not significantly affect prediction.,Consistent,0.1366666666666667
SandstormRelation,0.375,-1.6306160688400269,-1.6312464475631714,0.0006303787231445312,0.03865890620125571,True,0.0017247200012207031,0.10577100130857936,True,0.0006303787231445312,PASS,2,Sandstorm should not significantly affect prediction.,Consistent,0.1366666666666667
SandstormRelation,0.75,-1.6306160688400269,-1.632044792175293,0.0014287233352661133,0.0876185686123392,True,0.0017247200012207031,0.10577100130857936,True,0.0014287233352661133,PASS,2,Sandstorm should not significantly affect prediction.,Consistent,0.1366666666666667
SandstormRelation,1.125,-1.6306160688400269,-1.632285714149475,0.0016696453094482422,0.10239346449598856,True,0.0017247200012207031,0.10577100130857936,True,0.0016696453094482422,PASS,2,Sandstorm should not significantly affect prediction.,Consistent,0.1366666666666667
SandstormRelation,1.5,-1.6306160688400269,-1.632365107536316,0.0017490386962890625,0.10726238119985322,True,0.0017247200012207031,0.10577100130857936,True,0.0017490386962890625,PASS,2,Sandstorm should not significantly affect prediction.,Consistent,0.1366666666666667
SmokeRelation,0.0,-1.6306160688400269,-1.6306160688400269,0.0,0.0,True,0.0031243562698364258,0.19160576259998316,True,0.0,PASS,2,Smoke should not significantly affect prediction.,Consistent,0.1366666666666667
SmokeRelation,0.375,-1.6306160688400269,-1.6301556825637817,0.0004603862762451172,0.02823386833382178,True,0.0031243562698364258,0.19160576259998316,True,0.0004603862762451172,PASS,2,Smoke should not significantly affect prediction.,Consistent,0.1366666666666667
SmokeRelation,0.75,-1.6306160688400269,-1.6296782493591309,0.0009378194808959961,0.05751316472868356,True,0.0031243562698364258,0.19160576259998316,True,0.0009378194808959961,PASS,2,Smoke should not significantly affect prediction.,Consistent,0.1366666666666667
SmokeRelation,1.125,-1.6306160688400269,-1.6294472217559814,0.0011688470840454102,0.07168127369578522,True,0.0031243562698364258,0.19160576259998316,True,0.0011688470840454102,PASS,2,Smoke should not significantly affect prediction.,Consistent,0.1366666666666667
SmokeRelation,1.5,-1.6306160688400269,-1.6274917125701904,0.0031243562698364258,0.19160576259998316,True,0.0031243562698364258,0.19160576259998316,True,0.0031243562698364258,PASS,2,Smoke should not significantly affect prediction.,Consistent,0.1366666666666667
SnowRelation,0.0,-1.6306160688400269,-1.6306160688400269,0.0,0.0,True,0.0006629228591918945,0.04065472340869573,True,0.0,PASS,2,Snow should not significantly affect prediction.,Consistent,0.1366666666666667
SnowRelation,0.375,-1.6306160688400269,-1.6305720806121826,4.398822784423828e-05,0.002697643038627715,True,0.0006629228591918945,0.04065472340869573,True,4.398822784423828e-05,PASS,2,Snow should not significantly affect prediction.,Consistent,0.1366666666666667
SnowRelation,0.75,-1.6306160688400269,-1.6304514408111572,0.0001646280288696289,0.0100960570090647,True,0.0006629228591918945,0.04065472340869573,True,0.0001646280288696289,PASS,2,Snow should not significantly affect prediction.,Consistent,0.1366666666666667
SnowRelation,1.125,-1.6306160688400269,-1.6299790143966675,0.000637054443359375,0.03906830460278187,True,0.0006629228591918945,0.04065472340869573,True,0.000637054443359375,PASS,2,Snow should not significantly affect prediction.,Consistent,0.1366666666666667
SnowRelation,1.5,-1.6306160688400269,-1.629953145980835,0.0006629228591918945,0.04065472340869573,True,0.0006629228591918945,0.04065472340869573,True,0.0006629228591918945,PASS,2,Snow should not significantly affect prediction.,Consistent,0.1366666666666667
TranslationRelation,0.0,-1.6306160688400269,-1.6303763389587402,0.0002397298812866211,0.014701789026233973,True,0.002516508102416992,0.15432857600387823,True,0.0002397298812866211,PASS,2,Small translation should preserve prediction consistency.,Consistent,0.1366666666666667
TranslationRelation,20.0,-1.6306160688400269,-1.6317225694656372,0.0011065006256103516,0.06785778505296058,True,0.002516508102416992,0.15432857600387823,True,0.0011065006256103516,PASS,2,Small translation should preserve prediction consistency.,Consistent,0.1366666666666667
TranslationRelation,40.0,-1.6306160688400269,-1.6315876245498657,0.0009715557098388672,0.05958208879353896,True,0.002516508102416992,0.15432857600387823,True,0.0009715557098388672,PASS,2,Small translation should preserve prediction consistency.,Consistent,0.1366666666666667
TranslationRelation,60.0,-1.6306160688400269,-1.6292060613632202,0.0014100074768066406,0.08647079095091766,True,0.002516508102416992,0.15432857600387823,True,0.0014100074768066406,PASS,2,Small translation should preserve prediction consistency.,Consistent,0.1366666666666667
TranslationRelation,80.0,-1.6306160688400269,-1.630139708518982,0.0004763603210449219,0.02921350022318794,True,0.002516508102416992,0.15432857600387823,True,0.0004763603210449219,PASS,2,Small translation should preserve prediction consistency.,Consistent,0.1366666666666667
DarkVisibilityRelation,0.05,-1.6306160688400269,-1.630476474761963,0.00013959407806396484,0.00856081300334161,True,0.002781391143798828,0.17057291972157682,True,0.00013959407806396484,PASS,2,Output should not change drastically under visibility degradation.,Consistent,0.1366666666666667
DarkVisibilityRelation,0.4125,-1.6306160688400269,-1.6295852661132812,0.0010308027267456055,0.06321549960708361,True,0.002781391143798828,0.17057291972157682,True,0.0010308027267456055,PASS,2,Output should not change drastically under visibility degradation.,Consistent,0.1366666666666667
DarkVisibilityRelation,0.775,-1.6306160688400269,-1.6286643743515015,0.0019516944885253906,0.1196905469604687,True,0.002781391143798828,0.17057291972157682,True,0.0019516944885253906,PASS,2,Output should not change drastically under visibility degradation.,Consistent,0.1366666666666667
DarkVisibilityRelation,1.1375,-1.6306160688400269,-1.6280721426010132,0.002543926239013672,0.15601003372443212,True,0.002781391143798828,0.17057291972157682,True,0.002543926239013672,PASS,2,Output should not change drastically under visibility degradation.,Consistent,0.1366666666666667
DarkVisibilityRelation,1.5,-1.6306160688400269,-1.630853533744812,0.00023746490478515625,0.01456288599714474,True,0.002781391143798828,0.17057291972157682,True,0.00023746490478515625,PASS,2,Output should not change drastically under visibility degradation.,Consistent,0.1366666666666667
TemporalSmoothnessRelation,0.0,-1.630487322807312,-1.63059401512146,0.00010669231414794922,0.0,True,,,,0.00010669231414794922,PASS,2,Predictions should change smoothly across consecutive frames.,Consistent,0.1366666666666667
BlurRelation,1.0,-1.6298954486846924,-1.6298317909240723,6.365776062011719e-05,0.003905632205744621,True,0.00018858909606933594,0.011570618257468145,True,6.365776062011719e-05,PASS,3,Blur should not significantly change output.,Consistent,0.1366666666666667
BlurRelation,8.5,-1.6298954486846924,-1.6299911737442017,9.572505950927734e-05,0.005873076144593503,True,0.00018858909606933594,0.011570618257468145,True,9.572505950927734e-05,PASS,3,Blur should not significantly change output.,Consistent,0.1366666666666667
BlurRelation,16.0,-1.6298954486846924,-1.6299266815185547,3.123283386230469e-05,0.0019162465129308815,True,0.00018858909606933594,0.011570618257468145,True,3.123283386230469e-05,PASS,3,Blur should not significantly change output.,Consistent,0.1366666666666667
BlurRelation,23.5,-1.6298954486846924,-1.6300097703933716,0.00011432170867919922,0.007014047350766089,True,0.00018858909606933594,0.011570618257468145,True,0.00011432170867919922,PASS,3,Blur should not significantly change output.,Consistent,0.1366666666666667
BlurRelation,31.0,-1.6298954486846924,-1.6300203800201416,0.00012493133544921875,0.007664986051723526,True,0.00018858909606933594,0.011570618257468145,True,0.00012493133544921875,PASS,3,Blur should not significantly change output.,Consistent,0.1366666666666667
BrightnessRelation,0.1,-1.6298954486846924,-1.6284242868423462,0.0014711618423461914,0.09026106189343513,True,0.006000876426696777,0.36817531761231925,True,0.0014711618423461914,PASS,3,Output should remain approximately same under localized brightness change.,Consistent,0.1366666666666667
BrightnessRelation,0.825,-1.6298954486846924,-1.6317522525787354,0.0018568038940429688,0.11392158658553972,True,0.006000876426696777,0.36817531761231925,True,0.0018568038940429688,PASS,3,Output should remain approximately same under localized brightness change.,Consistent,0.1366666666666667
BrightnessRelation,1.55,-1.6298954486846924,-1.6319901943206787,0.002094745635986328,0.1285201668901582,True,0.006000876426696777,0.36817531761231925,True,0.002094745635986328,PASS,3,Output should remain approximately same under localized brightness change.,Consistent,0.1366666666666667
BrightnessRelation,2.275,-1.6298954486846924,-1.625989317893982,0.0039061307907104492,0.23965515072216104,True,0.006000876426696777,0.36817531761231925,True,0.0039061307907104492,PASS,3,Output should remain approximately same under localized brightness change.,Consistent,0.1366666666666667
BrightnessRelation,3.0,-1.6298954486846924,-1.6278554201126099,0.0020400285720825195,0.125163078533535,True,0.006000876426696777,0.36817531761231925,True,0.0020400285720825195,PASS,3,Output should remain approximately same under localized brightness change.,Consistent,0.1366666666666667
CompositeRelation,0.1,-1.6298954486846924,-1.6302276849746704,0.00033223628997802734,0.02038388943335254,True,0.001931309700012207,0.11849278532821836,True,0.00033223628997802734,PASS,3,Prediction should remain approximately consistent under composite transformations.,Consistent,0.1366666666666667
CompositeRelation,0.44999999999999996,-1.6298954486846924,-1.6290557384490967,0.0008397102355957031,0.051519238309485224,True,0.001931309700012207,0.11849278532821836,True,0.0008397102355957031,PASS,3,Prediction should remain approximately consistent under composite transformations.,Consistent,0.1366666666666667
CompositeRelation,0.7999999999999999,-1.6298954486846924,-1.6293476819992065,0.0005477666854858398,0.03360745315617328,True,0.001931309700012207,0.11849278532821836,True,0.0005477666854858398,PASS,3,Prediction should remain approximately consistent under composite transformations.,Consistent,0.1366666666666667
CompositeRelation,1.15,-1.6298954486846924,-1.6303035020828247,0.0004080533981323242,0.025035541273902315,True,0.001931309700012207,0.11849278532821836,True,0.0004080533981323242,PASS,3,Prediction should remain approximately consistent under composite transformations.,Consistent,0.1366666666666667
CompositeRelation,1.5,-1.6298954486846924,-1.6283721923828125,0.0015232563018798828,0.09345724405431603,True,0.001931309700012207,0.11849278532821836,True,0.0015232563018798828,PASS,3,Prediction should remain approximately consistent under composite transformations.,Consistent,0.1366666666666667
ContrastRelation,0.1,-1.6298954486846924,-1.630009651184082,0.00011420249938964844,0.007006733432777803,True,0.00045180320739746094,0.027719749175603207,True,0.00011420249938964844,PASS,3,Contrast change should not significantly affect output.,Consistent,0.1366666666666667
ContrastRelation,1.075,-1.6298954486846924,-1.6298577785491943,3.7670135498046875e-05,0.002311198084298315,True,0.00045180320739746094,0.027719749175603207,True,3.7670135498046875e-05,PASS,3,Contrast change should not significantly affect output.,Consistent,0.1366666666666667
ContrastRelation,2.05,-1.6298954486846924,-1.6300289630889893,0.000133514404296875,0.008191588146880103,True,0.00045180320739746094,0.027719749175603207,True,0.000133514404296875,PASS,3,Contrast change should not significantly affect output.,Consistent,0.1366666666666667
ContrastRelation,3.025,-1.6298954486846924,-1.630046010017395,0.00015056133270263672,0.009237478419204973,True,0.00045180320739746094,0.027719749175603207,True,0.00015056133270263672,PASS,3,Contrast change should not significantly affect output.,Consistent,0.1366666666666667
ContrastRelation,4.0,-1.6298954486846924,-1.6295942068099976,0.0003012418746948242,0.018482270756398234,True,0.00045180320739746094,0.027719749175603207,True,0.0003012418746948242,PASS,3,Contrast change should not significantly affect output.,Consistent,0.1366666666666667
DarkVisibilityRelation,0.05,-1.6298954486846924,-1.6358264684677124,0.0059310197830200195,0.36388936167118374,True,0.005918025970458984,0.3630921446104606,True,0.0059310197830200195,PASS,3,Output should not change drastically under visibility degradation.,Consistent,0.1366666666666667
DarkVisibilityRelation,0.4125,-1.6298954486846924,-1.6321899890899658,0.0022945404052734375,0.14077829343852521,True,0.005918025970458984,0.3630921446104606,True,0.0022945404052734375,PASS,3,Output should not change drastically under visibility degradation.,Consistent,0.1366666666666667
DarkVisibilityRelation,0.775,-1.6298954486846924,-1.634238362312317,0.004342913627624512,0.26645334623124023,True,0.005918025970458984,0.3630921446104606,True,0.004342913627624512,PASS,3,Output should not change drastically under visibility degradation.,Consistent,0.1366666666666667
DarkVisibilityRelation,1.1375,-1.6298954486846924,-1.629913330078125,1.7881393432617188e-05,0.0010970876982428711,True,0.005918025970458984,0.3630921446104606,True,1.7881393432617188e-05,PASS,3,Output should not change drastically under visibility degradation.,Consistent,0.1366666666666667
DarkVisibilityRelation,1.5,-1.6298954486846924,-1.6299084424972534,1.2993812561035156e-05,0.0007972170607231529,True,0.005918025970458984,0.3630921446104606,True,1.2993812561035156e-05,PASS,3,Output should not change drastically under visibility degradation.,Consistent,0.1366666666666667
DustRelation,0.0,-1.6298954486846924,-1.6298954486846924,0.0,0.0,True,0.00020003318786621094,0.012272754384343583,True,0.0,PASS,3,Dust should not significantly affect prediction.,Consistent,0.1366666666666667
DustRelation,0.375,-1.6298954486846924,-1.6298892498016357,6.198883056640625e-06,0.00038032373539086193,True,0.00020003318786621094,0.012272754384343583,True,6.198883056640625e-06,PASS,3,Dust should not significantly affect prediction.,Consistent,0.1366666666666667
DustRelation,0.75,-1.6298954486846924,-1.6298387050628662,5.6743621826171875e-05,0.0034814249624240436,True,0.00020003318786621094,0.012272754384343583,True,5.6743621826171875e-05,PASS,3,Dust should not significantly affect prediction.,Consistent,0.1366666666666667
DustRelation,1.125,-1.6298954486846924,-1.6300387382507324,0.00014328956604003906,0.00879132942191954,True,0.00020003318786621094,0.012272754384343583,True,0.00014328956604003906,PASS,3,Dust should not significantly affect prediction.,Consistent,0.1366666666666667
DustRelation,1.5,-1.6298954486846924,-1.6298881769180298,7.271766662597656e-06,0.0004461489972854342,True,0.00020003318786621094,0.012272754384343583,True,7.271766662597656e-06,PASS,3,Dust should not significantly affect prediction.,Consistent,0.1366666666666667
FogRelation,0.0,-1.6298954486846924,-1.629878044128418,1.7404556274414062e-05,0.0010678320262897277,True,0.000914454460144043,0.056105064888140425,True,1.7404556274414062e-05,PASS,3,Fog should not significantly affect prediction.,Consistent,0.1366666666666667
FogRelation,0.375,-1.6298954486846924,-1.6303460597991943,0.0004506111145019531,0.02764660999572035,True,0.000914454460144043,0.056105064888140425,True,0.0004506111145019531,PASS,3,Fog should not significantly affect prediction.,Consistent,0.1366666666666667
FogRelation,0.75,-1.6298954486846924,-1.6306151151657104,0.0007196664810180664,0.044154122895281415,True,0.000914454460144043,0.056105064888140425,True,0.0007196664810180664,PASS,3,Fog should not significantly affect prediction.,Consistent,0.1366666666666667
FogRelation,1.125,-1.6298954486846924,-1.6307491064071655,0.0008536577224731445,0.05237496671411466,True,0.000914454460144043,0.056105064888140425,True,0.0008536577224731445,PASS,3,Fog should not significantly affect prediction.,Consistent,0.1366666666666667
FogRelation,1.5,-1.6298954486846924,-1.630792498588562,0.0008970499038696289,0.05503723286185069,True,0.000914454460144043,0.056105064888140425,True,0.0008970499038696289,PASS,3,Fog should not significantly affect prediction.,Consistent,0.1366666666666667
HazeRelation,0.0,-1.6298954486846924,-1.6298954486846924,0.0,0.0,True,0.000805974006652832,0.049449399518800334,True,0.0,PASS,3,Haze should not significantly affect prediction.,Consistent,0.1366666666666667
HazeRelation,0.375,-1.6298954486846924,-1.6297017335891724,0.00019371509552001953,0.011885116730964436,True,0.000805974006652832,0.049449399518800334,True,0.00019371509552001953,PASS,3,Haze should not significantly affect prediction.,Consistent,0.1366666666666667
HazeRelation,0.75,-1.6298954486846924,-1.6294989585876465,0.00039649009704589844,0.02432609122903859,True,0.000805974006652832,0.049449399518800334,True,0.00039649009704589844,PASS,3,Haze should not significantly affect prediction.,Consistent,0.1366666666666667
HazeRelation,1.125,-1.6298954486846924,-1.629294514656067,0.0006009340286254883,0.03686946057894875,True,0.000805974006652832,0.049449399518800334,True,0.0006009340286254883,PASS,3,Haze should not significantly affect prediction.,Consistent,0.1366666666666667
HazeRelation,1.5,-1.6298954486846924,-1.6290894746780396,0.000805974006652832,0.049449399518800334,True,0.000805974006652832,0.049449399518800334,True,0.000805974006652832,PASS,3,Haze should not significantly affect prediction.,Consistent,0.1366666666666667
NoiseRelation,0.0,-1.6298954486846924,-1.6298795938491821,1.5854835510253906e-05,0.0009727510924420123,True,0.0021001100540161133,0.12884929319963104,True,1.5854835510253906e-05,PASS,3,Noise should not significantly affect prediction.,Consistent,0.1366666666666667
NoiseRelation,37.5,-1.6298954486846924,-1.6296591758728027,0.00023627281188964844,0.014496185452782468,True,0.0021001100540161133,0.12884929319963104,True,0.00023627281188964844,PASS,3,Noise should not significantly affect prediction.,Consistent,0.1366666666666667
NoiseRelation,75.0,-1.6298954486846924,-1.6307801008224487,0.0008846521377563477,0.05427658539106897,True,0.0021001100540161133,0.12884929319963104,True,0.0008846521377563477,PASS,3,Noise should not significantly affect prediction.,Consistent,0.1366666666666667
NoiseRelation,112.5,-1.6298954486846924,-1.6306819915771484,0.0007865428924560547,0.04825723088670975,True,0.0021001100540161133,0.12884929319963104,True,0.0007865428924560547,PASS,3,Noise should not significantly affect prediction.,Consistent,0.1366666666666667
NoiseRelation,150.0,-1.6298954486846924,-1.6317592859268188,0.0018638372421264648,0.11435310774684858,True,0.0021001100540161133,0.12884929319963104,True,0.0018638372421264648,PASS,3,Noise should not significantly affect prediction.,Consistent,0.1366666666666667
RainRelation,0.0,-1.6298954486846924,-1.6298954486846924,0.0,0.0,True,0.009612202644348145,0.5897431491494495,True,0.0,PASS,3,Rain should not significantly affect prediction.,Consistent,0.1366666666666667
RainRelation,0.375,-1.6298954486846924,-1.632063388824463,0.002167940139770508,0.13301091253496566,True,0.009612202644348145,0.5897431491494495,True,0.002167940139770508,PASS,3,Rain should not significantly affect prediction.,Consistent,0.1366666666666667
RainRelation,0.75,-1.6298954486846924,-1.6327385902404785,0.002843141555786133,0.1744369440206165,True,0.009612202644348145,0.5897431491494495,True,0.002843141555786133,PASS,3,Rain should not significantly affect prediction.,Consistent,0.1366666666666667
RainRelation,1.125,-1.6298954486846924,-1.63688063621521,0.006985187530517578,0.4285663384415951,True,0.009612202644348145,0.5897431491494495,True,0.006985187530517578,PASS,3,Rain should not significantly affect prediction.,Consistent,0.1366666666666667
RainRelation,1.5,-1.6298954486846924,-1.6272684335708618,0.0026270151138305664,0.16117681070785433,True,0.009612202644348145,0.5897431491494495,True,0.0026270151138305664,PASS,3,Rain should not significantly affect prediction.,Consistent,0.1366666666666667
RotationRelation,-60.0,-1.6298954486846924,-1.6304227113723755,0.0005272626876831055,0.03234945926218812,True,0.0014827251434326172,0.09097051193829886,True,0.0005272626876831055,PASS,3,Small rotation should not significantly change output.,Consistent,0.1366666666666667
RotationRelation,-30.0,-1.6298954486846924,-1.6313780546188354,0.0014826059341430664,0.09096319802031058,True,0.0014827251434326172,0.09097051193829886,True,0.0014826059341430664,PASS,3,Small rotation should not significantly change output.,Consistent,0.1366666666666667
RotationRelation,0.0,-1.6298954486846924,-1.6298953294754028,1.1920928955078125e-07,7.313917988285807e-06,True,0.0014827251434326172,0.09097051193829886,True,1.1920928955078125e-07,PASS,3,Small rotation should not significantly change output.,Consistent,0.1366666666666667
RotationRelation,30.0,-1.6298954486846924,-1.6304798126220703,0.0005843639373779297,0.03585282597857702,True,0.0014827251434326172,0.09097051193829886,True,0.0005843639373779297,PASS,3,Small rotation should not significantly change output.,Consistent,0.1366666666666667
RotationRelation,60.0,-1.6298954486846924,-1.630275011062622,0.0003795623779296875,0.023287514874702007,True,0.0014827251434326172,0.09097051193829886,True,0.0003795623779296875,PASS,3,Small rotation should not significantly change output.,Consistent,0.1366666666666667
SandstormRelation,0.0,-1.6298954486846924,-1.6297886371612549,0.0001068115234375,0.006553270517504083,True,0.00042247772216796875,0.025920525350484898,True,0.0001068115234375,PASS,3,Sandstorm should not significantly affect prediction.,Consistent,0.1366666666666667
SandstormRelation,0.375,-1.6298954486846924,-1.629935622215271,4.017353057861328e-05,0.0024647903620523166,True,0.00042247772216796875,0.025920525350484898,True,4.017353057861328e-05,PASS,3,Sandstorm should not significantly affect prediction.,Consistent,0.1366666666666667
SandstormRelation,0.75,-1.6298954486846924,-1.6300342082977295,0.00013875961303710938,0.008513400538364678,True,0.00042247772216796875,0.025920525350484898,True,0.00013875961303710938,PASS,3,Sandstorm should not significantly affect prediction.,Consistent,0.1366666666666667
SandstormRelation,1.125,-1.6298954486846924,-1.630125880241394,0.00023043155670166016,0.014137803471356465,True,0.00042247772216796875,0.025920525350484898,True,0.00023043155670166016,PASS,3,Sandstorm should not significantly affect prediction.,Consistent,0.1366666666666667
SandstormRelation,1.5,-1.6298954486846924,-1.6302111148834229,0.00031566619873046875,0.019367254832980817,True,0.00042247772216796875,0.025920525350484898,True,0.00031566619873046875,PASS,3,Sandstorm should not significantly affect prediction.,Consistent,0.1366666666666667
SmokeRelation,0.0,-1.6298954486846924,-1.6298954486846924,0.0,0.0,True,0.001151442527770996,0.0706451338488526,True,0.0,PASS,3,Smoke should not significantly affect prediction.,Consistent,0.1366666666666667
SmokeRelation,0.375,-1.6298954486846924,-1.6295753717422485,0.00032007694244384766,0.01963786979854739,True,0.001151442527770996,0.0706451338488526,True,0.00032007694244384766,PASS,3,Smoke should not significantly affect prediction.,Consistent,0.1366666666666667
SmokeRelation,0.75,-1.6298954486846924,-1.6292258501052856,0.0006695985794067383,0.041082277340201374,True,0.001151442527770996,0.0706451338488526,True,0.0006695985794067383,PASS,3,Smoke should not significantly affect prediction.,Consistent,0.1366666666666667
SmokeRelation,1.125,-1.6298954486846924,-1.6289032697677612,0.0009921789169311523,0.06087373941650277,True,0.001151442527770996,0.0706451338488526,True,0.0009921789169311523,PASS,3,Smoke should not significantly affect prediction.,Consistent,0.1366666666666667
SmokeRelation,1.5,-1.6298954486846924,-1.6287440061569214,0.001151442527770996,0.0706451338488526,True,0.001151442527770996,0.0706451338488526,True,0.001151442527770996,PASS,3,Smoke should not significantly affect prediction.,Consistent,0.1366666666666667
SnowRelation,0.0,-1.6298954486846924,-1.6298954486846924,0.0,0.0,True,0.0018808841705322266,0.11539899801917347,True,0.0,PASS,3,Snow should not significantly affect prediction.,Consistent,0.1366666666666667
SnowRelation,0.375,-1.6298954486846924,-1.6296944618225098,0.0002009868621826172,0.012331265728249871,True,0.0018808841705322266,0.11539899801917347,True,0.0002009868621826172,PASS,3,Snow should not significantly affect prediction.,Consistent,0.1366666666666667
SnowRelation,0.75,-1.6298954486846924,-1.629378318786621,0.0005171298980712891,0.03172777623318383,True,0.0018808841705322266,0.11539899801917347,True,0.0005171298980712891,PASS,3,Snow should not significantly affect prediction.,Consistent,0.1366666666666667
SnowRelation,1.125,-1.6298954486846924,-1.6298422813415527,5.316734313964844e-05,0.0032620074227754695,True,0.0018808841705322266,0.11539899801917347,True,5.316734313964844e-05,PASS,3,Snow should not significantly affect prediction.,Consistent,0.1366666666666667
SnowRelation,1.5,-1.6298954486846924,-1.6280145645141602,0.0018808841705322266,0.11539899801917347,True,0.0018808841705322266,0.11539899801917347,True,0.0018808841705322266,PASS,3,Snow should not significantly affect prediction.,Consistent,0.1366666666666667
TranslationRelation,0.0,-1.6298954486846924,-1.6296225786209106,0.0002728700637817383,0.01674155827518621,True,0.004767775535583496,0.29252014994149084,True,0.0002728700637817383,PASS,3,Small translation should preserve prediction consistency.,Consistent,0.1366666666666667
TranslationRelation,20.0,-1.6298954486846924,-1.632494568824768,0.0025991201400756836,0.15946535389859542,True,0.004767775535583496,0.29252014994149084,True,0.0025991201400756836,PASS,3,Small translation should preserve prediction consistency.,Consistent,0.1366666666666667
TranslationRelation,40.0,-1.6298954486846924,-1.6325734853744507,0.0026780366897583008,0.16430716760684064,True,0.004767775535583496,0.29252014994149084,True,0.0026780366897583008,PASS,3,Small translation should preserve prediction consistency.,Consistent,0.1366666666666667
TranslationRelation,60.0,-1.6298954486846924,-1.6343903541564941,0.004494905471801758,0.27577859166630464,True,0.004767775535583496,0.29252014994149084,True,0.004494905471801758,PASS,3,Small translation should preserve prediction consistency.,Consistent,0.1366666666666667
TranslationRelation,80.0,-1.6298954486846924,-1.6304457187652588,0.0005502700805664062,0.03376104543392728,True,0.004767775535583496,0.29252014994149084,True,0.0005502700805664062,PASS,3,Small translation should preserve prediction consistency.,Consistent,0.1366666666666667
DarkVisibilityRelation,0.05,-1.6298954486846924,-1.6298165321350098,7.891654968261719e-05,0.004841813708245204,True,0.0026481151580810547,0.16247137419178093,True,7.891654968261719e-05,PASS,3,Output should not change drastically under visibility degradation.,Consistent,0.1366666666666667
DarkVisibilityRelation,0.4125,-1.6298954486846924,-1.629179835319519,0.0007156133651733398,0.0439054496836797,True,0.0026481151580810547,0.16247137419178093,True,0.0007156133651733398,PASS,3,Output should not change drastically under visibility degradation.,Consistent,0.1366666666666667
DarkVisibilityRelation,0.775,-1.6298954486846924,-1.6271684169769287,0.002727031707763672,0.1673131879000261,True,0.0026481151580810547,0.16247137419178093,True,0.002727031707763672,PASS,3,Output should not change drastically under visibility degradation.,Consistent,0.1366666666666667
DarkVisibilityRelation,1.1375,-1.6298954486846924,-1.62807297706604,0.0018224716186523438,0.11181517820491342,True,0.0026481151580810547,0.16247137419178093,True,0.0018224716186523438,PASS,3,Output should not change drastically under visibility degradation.,Consistent,0.1366666666666667
DarkVisibilityRelation,1.5,-1.6298954486846924,-1.6280710697174072,0.0018243789672851562,0.11193220089272599,True,0.0026481151580810547,0.16247137419178093,True,0.0018243789672851562,PASS,3,Output should not change drastically under visibility degradation.,Consistent,0.1366666666666667
TemporalSmoothnessRelation,0.0,-1.630487322807312,-1.63059401512146,0.00010669231414794922,0.0,True,,,,0.00010669231414794922,PASS,3,Predictions should change smoothly across consecutive frames.,Consistent,0.1366666666666667
BlurRelation,1.0,-1.6303092241287231,-1.6303225755691528,1.33514404296875e-05,0.000818950910819616,True,0.00023663043975830078,0.014514442481936942,True,1.33514404296875e-05,PASS,4,Blur should not significantly change output.,Consistent,0.1366666666666667
BlurRelation,8.5,-1.6303092241287231,-1.6301883459091187,0.00012087821960449219,0.007414430567599023,True,0.00023663043975830078,0.014514442481936942,True,0.00012087821960449219,PASS,4,Blur should not significantly change output.,Consistent,0.1366666666666667
BlurRelation,16.0,-1.6303092241287231,-1.6301881074905396,0.00012111663818359375,0.007429054691006517,True,0.00023663043975830078,0.014514442481936942,True,0.00012111663818359375,PASS,4,Blur should not significantly change output.,Consistent,0.1366666666666667
BlurRelation,23.5,-1.6303092241287231,-1.6304131746292114,0.00010395050048828125,0.00637611780566701,True,0.00023663043975830078,0.014514442481936942,True,0.00010395050048828125,PASS,4,Blur should not significantly change output.,Consistent,0.1366666666666667
BlurRelation,31.0,-1.6303092241287231,-1.6304247379302979,0.00011551380157470703,0.007085387790930427,True,0.00023663043975830078,0.014514442481936942,True,0.00011551380157470703,PASS,4,Blur should not significantly change output.,Consistent,0.1366666666666667
BrightnessRelation,0.1,-1.6303092241287231,-1.6333650350570679,0.0030558109283447266,0.1874373897138396,True,0.007299661636352539,0.44774678636721754,True,0.0030558109283447266,PASS,4,Output should remain approximately same under localized brightness change.,Consistent,0.1366666666666667
BrightnessRelation,0.825,-1.6303092241287231,-1.6310805082321167,0.0007712841033935547,0.04730903922324031,True,0.007299661636352539,0.44774678636721754,True,0.0007712841033935547,PASS,4,Output should remain approximately same under localized brightness change.,Consistent,0.1366666666666667
BrightnessRelation,1.55,-1.6303092241287231,-1.6260653734207153,0.0042438507080078125,0.26030939665337793,True,0.007299661636352539,0.44774678636721754,True,0.0042438507080078125,PASS,4,Output should remain approximately same under localized brightness change.,Consistent,0.1366666666666667
BrightnessRelation,2.275,-1.6303092241287231,-1.628415822982788,0.0018934011459350586,0.1161374760406068,True,0.007299661636352539,0.44774678636721754,True,0.0018934011459350586,PASS,4,Output should remain approximately same under localized brightness change.,Consistent,0.1366666666666667
BrightnessRelation,3.0,-1.6303092241287231,-1.630486011505127,0.0001767873764038086,0.010843787506656164,True,0.007299661636352539,0.44774678636721754,True,0.0001767873764038086,PASS,4,Output should remain approximately same under localized brightness change.,Consistent,0.1366666666666667
CompositeRelation,0.1,-1.6303092241287231,-1.6308919191360474,0.0005826950073242188,0.03574135760791324,True,0.0014979839324951172,0.0918833673692794,True,0.0005826950073242188,PASS,4,Prediction should remain approximately consistent under composite transformations.,Consistent,0.1366666666666667
CompositeRelation,0.44999999999999996,-1.6303092241287231,-1.6296533346176147,0.0006558895111083984,0.04023096349401363,True,0.0014979839324951172,0.0918833673692794,True,0.0006558895111083984,PASS,4,Prediction should remain approximately consistent under composite transformations.,Consistent,0.1366666666666667
CompositeRelation,0.7999999999999999,-1.6303092241287231,-1.630216360092163,9.28640365600586e-05,0.005696096067218579,True,0.0014979839324951172,0.0918833673692794,True,9.28640365600586e-05,PASS,4,Prediction should remain approximately consistent under composite transformations.,Consistent,0.1366666666666667
CompositeRelation,1.15,-1.6303092241287231,-1.6293939352035522,0.0009152889251708984,0.05614200976136617,True,0.0014979839324951172,0.0918833673692794,True,0.0009152889251708984,PASS,4,Prediction should remain approximately consistent under composite transformations.,Consistent,0.1366666666666667
CompositeRelation,1.5,-1.6303092241287231,-1.6302753686904907,3.3855438232421875e-05,0.0020766255238640263,True,0.0014979839324951172,0.0918833673692794,True,3.3855438232421875e-05,PASS,4,Prediction should remain approximately consistent under composite transformations.,Consistent,0.1366666666666667
ContrastRelation,0.1,-1.6303092241287231,-1.6303194761276245,1.0251998901367188e-05,0.0006288373065222051,True,0.0006836652755737305,0.04193467387098659,True,1.0251998901367188e-05,PASS,4,Contrast change should not significantly affect output.,Consistent,0.1366666666666667
ContrastRelation,1.075,-1.6303092241287231,-1.630301833152771,7.3909759521484375e-06,0.0004533478256322874,True,0.0006836652755737305,0.04193467387098659,True,7.3909759521484375e-06,PASS,4,Contrast change should not significantly affect output.,Consistent,0.1366666666666667
ContrastRelation,2.05,-1.6303092241287231,-1.630408763885498,9.953975677490234e-05,0.006105571522628387,True,0.0006836652755737305,0.04193467387098659,True,9.953975677490234e-05,PASS,4,Contrast change should not significantly affect output.,Consistent,0.1366666666666667
ContrastRelation,3.025,-1.6303092241287231,-1.6305371522903442,0.00022792816162109375,0.013980661977563444,True,0.0006836652755737305,0.04193467387098659,True,0.00022792816162109375,PASS,4,Contrast change should not significantly affect output.,Consistent,0.1366666666666667
ContrastRelation,4.0,-1.6303092241287231,-1.6298534870147705,0.0004557371139526367,0.027954011893423145,True,0.0006836652755737305,0.04193467387098659,True,0.0004557371139526367,PASS,4,Contrast change should not significantly affect output.,Consistent,0.1366666666666667
DarkVisibilityRelation,0.05,-1.6303092241287231,-1.6358200311660767,0.005510807037353516,0.3380219884407965,True,0.005513429641723633,0.33818285379827895,True,0.005510807037353516,PASS,4,Output should not change drastically under visibility degradation.,Consistent,0.1366666666666667
DarkVisibilityRelation,0.4125,-1.6303092241287231,-1.6352908611297607,0.004981637001037598,0.3055637465378655,True,0.005513429641723633,0.33818285379827895,True,0.004981637001037598,PASS,4,Output should not change drastically under visibility degradation.,Consistent,0.1366666666666667
DarkVisibilityRelation,0.775,-1.6303092241287231,-1.6345491409301758,0.004239916801452637,0.2600680986171543,True,0.005513429641723633,0.33818285379827895,True,0.004239916801452637,PASS,4,Output should not change drastically under visibility degradation.,Consistent,0.1366666666666667
DarkVisibilityRelation,1.1375,-1.6303092241287231,-1.6303173303604126,8.106231689453125e-06,0.0004972201958547669,True,0.005513429641723633,0.33818285379827895,True,8.106231689453125e-06,PASS,4,Output should not change drastically under visibility degradation.,Consistent,0.1366666666666667
DarkVisibilityRelation,1.5,-1.6303092241287231,-1.630306601524353,2.6226043701171875e-06,0.00016086535748242457,True,0.005513429641723633,0.33818285379827895,True,2.6226043701171875e-06,PASS,4,Output should not change drastically under visibility degradation.,Consistent,0.1366666666666667
DustRelation,0.0,-1.6303092241287231,-1.6303092241287231,0.0,0.0,True,0.0003752708435058594,0.023018370243394204,True,0.0,PASS,4,Dust should not significantly affect prediction.,Consistent,0.1366666666666667
DustRelation,0.375,-1.6303092241287231,-1.6304346323013306,0.00012540817260742188,0.007692288912341393,True,0.0003752708435058594,0.023018370243394204,True,0.00012540817260742188,PASS,4,Dust should not significantly affect prediction.,Consistent,0.1366666666666667
DustRelation,0.75,-1.6303092241287231,-1.6302809715270996,2.8252601623535156e-05,0.0017329586237879373,True,0.0003752708435058594,0.023018370243394204,True,2.8252601623535156e-05,PASS,4,Dust should not significantly affect prediction.,Consistent,0.1366666666666667
DustRelation,1.125,-1.6303092241287231,-1.630327820777893,1.8596649169921875e-05,0.0011406816257844652,True,0.0003752708435058594,0.023018370243394204,True,1.8596649169921875e-05,PASS,4,Dust should not significantly affect prediction.,Consistent,0.1366666666666667
DustRelation,1.5,-1.6303092241287231,-1.6300593614578247,0.0002498626708984375,0.015326081331052814,True,0.0003752708435058594,0.023018370243394204,True,0.0002498626708984375,PASS,4,Dust should not significantly affect prediction.,Consistent,0.1366666666666667
FogRelation,0.0,-1.6303092241287231,-1.6302440166473389,6.520748138427734e-05,0.003999697751949374,True,0.00244748592376709,0.15012393883962086,True,6.520748138427734e-05,PASS,4,Fog should not significantly affect prediction.,Consistent,0.1366666666666667
FogRelation,0.375,-1.6303092241287231,-1.6312966346740723,0.000987410545349121,0.06056580709213285,True,0.00244748592376709,0.15012393883962086,True,0.000987410545349121,PASS,4,Fog should not significantly affect prediction.,Consistent,0.1366666666666667
FogRelation,0.75,-1.6303092241287231,-1.632001519203186,0.0016922950744628906,0.10380202794638632,True,0.00244748592376709,0.15012393883962086,True,0.0016922950744628906,PASS,4,Fog should not significantly affect prediction.,Consistent,0.1366666666666667
FogRelation,1.125,-1.6303092241287231,-1.632443904876709,0.00213468074798584,0.13093708892898984,True,0.00244748592376709,0.15012393883962086,True,0.00213468074798584,PASS,4,Fog should not significantly affect prediction.,Consistent,0.1366666666666667
FogRelation,1.5,-1.6303092241287231,-1.632691502571106,0.0023822784423828125,0.14612424108767147,True,0.00244748592376709,0.15012393883962086,True,0.0023822784423828125,PASS,4,Fog should not significantly affect prediction.,Consistent,0.1366666666666667
HazeRelation,0.0,-1.6303092241287231,-1.6303092241287231,0.0,0.0,True,0.0009877681732177734,0.060587743277244095,True,0.0,PASS,4,Haze should not significantly affect prediction.,Consistent,0.1366666666666667
HazeRelation,0.375,-1.6303092241287231,-1.6300737857818604,0.00023543834686279297,0.014441321864899477,True,0.0009877681732177734,0.060587743277244095,True,0.00023543834686279297,PASS,4,Haze should not significantly affect prediction.,Consistent,0.1366666666666667
HazeRelation,0.75,-1.6303092241287231,-1.629821538925171,0.0004876852035522461,0.029913644430027222,True,0.0009877681732177734,0.060587743277244095,True,0.0004876852035522461,PASS,4,Haze should not significantly affect prediction.,Consistent,0.1366666666666667
HazeRelation,1.125,-1.6303092241287231,-1.6295723915100098,0.0007368326187133789,0.045195853390857556,True,0.0009877681732177734,0.060587743277244095,True,0.0007368326187133789,PASS,4,Haze should not significantly affect prediction.,Consistent,0.1366666666666667
HazeRelation,1.5,-1.6303092241287231,-1.6293214559555054,0.0009877681732177734,0.060587743277244095,True,0.0009877681732177734,0.060587743277244095,True,0.0009877681732177734,PASS,4,Haze should not significantly affect prediction.,Consistent,0.1366666666666667
NoiseRelation,0.0,-1.6303092241287231,-1.6303242444992065,1.5020370483398438e-05,0.000921319774672068,True,0.0006247758865356445,0.03832251538933578,True,1.5020370483398438e-05,PASS,4,Noise should not significantly affect prediction.,Consistent,0.1366666666666667
NoiseRelation,37.5,-1.6303092241287231,-1.6304185390472412,0.0001093149185180664,0.006705160582335606,True,0.0006247758865356445,0.03832251538933578,True,0.0001093149185180664,PASS,4,Noise should not significantly affect prediction.,Consistent,0.1366666666666667
NoiseRelation,75.0,-1.6303092241287231,-1.6305698156356812,0.0002605915069580078,0.015984166884390007,True,0.0006247758865356445,0.03832251538933578,True,0.0002605915069580078,PASS,4,Noise should not significantly affect prediction.,Consistent,0.1366666666666667
NoiseRelation,112.5,-1.6303092241287231,-1.6309490203857422,0.000639796257019043,0.03924383516400785,True,0.0006247758865356445,0.03832251538933578,True,0.000639796257019043,PASS,4,Noise should not significantly affect prediction.,Consistent,0.1366666666666667
NoiseRelation,150.0,-1.6303092241287231,-1.6308541297912598,0.0005449056625366211,0.03342343404782558,True,0.0006247758865356445,0.03832251538933578,True,0.0005449056625366211,PASS,4,Noise should not significantly affect prediction.,Consistent,0.1366666666666667
RainRelation,0.0,-1.6303092241287231,-1.6303092241287231,0.0,0.0,True,0.0048302412033081055,0.29627742817410735,True,0.0,PASS,4,Rain should not significantly affect prediction.,Consistent,0.1366666666666667
RainRelation,0.375,-1.6303092241287231,-1.631759762763977,0.0014505386352539062,0.08897316681118828,True,0.0048302412033081055,0.29627742817410735,True,0.0014505386352539062,PASS,4,Rain should not significantly affect prediction.,Consistent,0.1366666666666667
RainRelation,0.75,-1.6303092241287231,-1.6346741914749146,0.004364967346191406,0.26773845134438445,True,0.0048302412033081055,0.29627742817410735,True,0.004364967346191406,PASS,4,Rain should not significantly affect prediction.,Consistent,0.1366666666666667
RainRelation,1.125,-1.6303092241287231,-1.633264183998108,0.0029549598693847656,0.18125138551247,True,0.0048302412033081055,0.29627742817410735,True,0.0029549598693847656,PASS,4,Rain should not significantly affect prediction.,Consistent,0.1366666666666667
RainRelation,1.5,-1.6303092241287231,-1.6298439502716064,0.0004652738571166992,0.028538976829722867,True,0.0048302412033081055,0.29627742817410735,True,0.0004652738571166992,PASS,4,Rain should not significantly affect prediction.,Consistent,0.1366666666666667
RotationRelation,-60.0,-1.6303092241287231,-1.6307917833328247,0.0004825592041015625,0.02959922577676612,True,0.001311182975769043,0.08042536667950854,True,0.0004825592041015625,PASS,4,Small rotation should not significantly change output.,Consistent,0.1366666666666667
RotationRelation,-30.0,-1.6303092241287231,-1.6304057836532593,9.655952453613281e-05,0.005922769980034723,True,0.001311182975769043,0.08042536667950854,True,9.655952453613281e-05,PASS,4,Small rotation should not significantly change output.,Consistent,0.1366666666666667
RotationRelation,0.0,-1.6303092241287231,-1.6303086280822754,5.960464477539062e-07,3.6560308518732855e-05,True,0.001311182975769043,0.08042536667950854,True,5.960464477539062e-07,PASS,4,Small rotation should not significantly change output.,Consistent,0.1366666666666667
RotationRelation,30.0,-1.6303092241287231,-1.631129503250122,0.0008202791213989258,0.05031429658348016,True,0.001311182975769043,0.08042536667950854,True,0.0008202791213989258,PASS,4,Small rotation should not significantly change output.,Consistent,0.1366666666666667
RotationRelation,60.0,-1.6303092241287231,-1.629818320274353,0.0004909038543701172,0.03011107009602838,True,0.001311182975769043,0.08042536667950854,True,0.0004909038543701172,PASS,4,Small rotation should not significantly change output.,Consistent,0.1366666666666667
SandstormRelation,0.0,-1.6303092241287231,-1.6302684545516968,4.076957702636719e-05,0.0025007251026813275,True,0.0016856193542480469,0.10339255249097652,True,4.076957702636719e-05,PASS,4,Sandstorm should not significantly affect prediction.,Consistent,0.1366666666666667
SandstormRelation,0.375,-1.6303092241287231,-1.6310456991195679,0.0007364749908447266,0.04517391720574632,True,0.0016856193542480469,0.10339255249097652,True,0.0007364749908447266,PASS,4,Sandstorm should not significantly affect prediction.,Consistent,0.1366666666666667
SandstormRelation,0.75,-1.6303092241287231,-1.6311274766921997,0.0008182525634765625,0.05018999153451647,True,0.0016856193542480469,0.10339255249097652,True,0.0008182525634765625,PASS,4,Sandstorm should not significantly affect prediction.,Consistent,0.1366666666666667
SandstormRelation,1.125,-1.6303092241287231,-1.6319540739059448,0.0016448497772216797,0.10089182738829518,True,0.0016856193542480469,0.10339255249097652,True,0.0016448497772216797,PASS,4,Sandstorm should not significantly affect prediction.,Consistent,0.1366666666666667
SandstormRelation,1.5,-1.6303092241287231,-1.631891131401062,0.0015819072723388672,0.097031058808717,True,0.0016856193542480469,0.10339255249097652,True,0.0015819072723388672,PASS,4,Sandstorm should not significantly affect prediction.,Consistent,0.1366666666666667
SmokeRelation,0.0,-1.6303092241287231,-1.6303092241287231,0.0,0.0,True,0.001586318016052246,0.09730160509175563,True,0.0,PASS,4,Smoke should not significantly affect prediction.,Consistent,0.1366666666666667
SmokeRelation,0.375,-1.6303092241287231,-1.6299083232879639,0.00040090084075927734,0.02459046350969972,True,0.001586318016052246,0.09730160509175563,True,0.00040090084075927734,PASS,4,Smoke should not significantly affect prediction.,Consistent,0.1366666666666667
SmokeRelation,0.75,-1.6303092241287231,-1.6294866800308228,0.0008225440979003906,0.05045322575585134,True,0.001586318016052246,0.09730160509175563,True,0.0008225440979003906,PASS,4,Smoke should not significantly affect prediction.,Consistent,0.1366666666666667
SmokeRelation,1.125,-1.6303092241287231,-1.6290721893310547,0.001237034797668457,0.07587726429977816,True,0.001586318016052246,0.09730160509175563,True,0.001237034797668457,PASS,4,Smoke should not significantly affect prediction.,Consistent,0.1366666666666667
SmokeRelation,1.5,-1.6303092241287231,-1.628722906112671,0.001586318016052246,0.09730160509175563,True,0.001586318016052246,0.09730160509175563,True,0.001586318016052246,PASS,4,Smoke should not significantly affect prediction.,Consistent,0.1366666666666667
SnowRelation,0.0,-1.6303092241287231,-1.6303092241287231,0.0,0.0,True,0.0017132759094238281,0.10508895080624572,True,0.0,PASS,4,Snow should not significantly affect prediction.,Consistent,0.1366666666666667
SnowRelation,0.375,-1.6303092241287231,-1.629970669746399,0.00033855438232421875,0.020766255238640265,True,0.0017132759094238281,0.10508895080624572,True,0.00033855438232421875,PASS,4,Snow should not significantly affect prediction.,Consistent,0.1366666666666667
SnowRelation,0.75,-1.6303092241287231,-1.6309102773666382,0.0006010532379150391,0.03686741511029021,True,0.0017132759094238281,0.10508895080624572,True,0.0006010532379150391,PASS,4,Snow should not significantly affect prediction.,Consistent,0.1366666666666667
SnowRelation,1.125,-1.6303092241287231,-1.6297492980957031,0.0005599260330200195,0.034344753822497645,True,0.0017132759094238281,0.10508895080624572,True,0.0005599260330200195,PASS,4,Snow should not significantly affect prediction.,Consistent,0.1366666666666667
SnowRelation,1.5,-1.6303092241287231,-1.6291970014572144,0.001112222671508789,0.06822153569595552,True,0.0017132759094238281,0.10508895080624572,True,0.001112222671508789,PASS,4,Snow should not significantly affect prediction.,Consistent,0.1366666666666667
TranslationRelation,0.0,-1.6303092241287231,-1.630159854888916,0.0001493692398071289,0.009162013314794454,True,0.002835392951965332,0.1739173876236122,True,0.0001493692398071289,PASS,4,Small translation should preserve prediction consistency.,Consistent,0.1366666666666667
TranslationRelation,20.0,-1.6303092241287231,-1.629612922668457,0.0006963014602661133,0.04270975241158372,True,0.002835392951965332,0.1739173876236122,True,0.0006963014602661133,PASS,4,Small translation should preserve prediction consistency.,Consistent,0.1366666666666667
TranslationRelation,40.0,-1.6303092241287231,-1.6280131340026855,0.0022960901260375977,0.1408376204758627,True,0.002835392951965332,0.1739173876236122,True,0.0022960901260375977,PASS,4,Small translation should preserve prediction consistency.,Consistent,0.1366666666666667
TranslationRelation,60.0,-1.6303092241287231,-1.6308485269546509,0.0005393028259277344,0.03307976714774949,True,0.002835392951965332,0.1739173876236122,True,0.0005393028259277344,PASS,4,Small translation should preserve prediction consistency.,Consistent,0.1366666666666667
TranslationRelation,80.0,-1.6303092241287231,-1.6288824081420898,0.0014268159866333008,0.08751806653214271,True,0.002835392951965332,0.1739173876236122,True,0.0014268159866333008,PASS,4,Small translation should preserve prediction consistency.,Consistent,0.1366666666666667
DarkVisibilityRelation,0.05,-1.6303092241287231,-1.6302140951156616,9.512901306152344e-05,0.0058350252395897645,True,0.0021431446075439453,0.13145624530995587,True,9.512901306152344e-05,PASS,4,Output should not change drastically under visibility degradation.,Consistent,0.1366666666666667
DarkVisibilityRelation,0.4125,-1.6303092241287231,-1.629343032836914,0.000966191291809082,0.059264260108865964,True,0.0021431446075439453,0.13145624530995587,True,0.000966191291809082,PASS,4,Output should not change drastically under visibility degradation.,Consistent,0.1366666666666667
DarkVisibilityRelation,0.775,-1.6303092241287231,-1.6285955905914307,0.0017136335372924805,0.10511088699135696,True,0.0021431446075439453,0.13145624530995587,True,0.0017136335372924805,PASS,4,Output should not change drastically under visibility degradation.,Consistent,0.1366666666666667
DarkVisibilityRelation,1.1375,-1.6303092241287231,-1.6280709505081177,0.0022382736206054688,0.13729127054954562,True,0.0021431446075439453,0.13145624530995587,True,0.0022382736206054688,PASS,4,Output should not change drastically under visibility degradation.,Consistent,0.1366666666666667
DarkVisibilityRelation,1.5,-1.6303092241287231,-1.628105640411377,0.0022035837173461914,0.13516346059375536,True,0.0021431446075439453,0.13145624530995587,True,0.0022035837173461914,PASS,4,Output should not change drastically under visibility degradation.,Consistent,0.1366666666666667
TemporalSmoothnessRelation,0.0,-1.630487322807312,-1.63059401512146,0.00010669231414794922,0.0,True,,,,0.00010669231414794922,PASS,4,Predictions should change smoothly across consecutive frames.,Consistent,0.1366666666666667
BlurRelation,1.0,-1.6362489461898804,-1.6359530687332153,0.00029587745666503906,0.018082656464191788,True,0.000559687614440918,0.03420550850095908,True,0.00029587745666503906,PASS,5,Blur should not significantly change output.,Consistent,0.1366666666666667
BlurRelation,8.5,-1.6362489461898804,-1.636112928390503,0.0001360177993774414,0.008312776400339578,True,0.000559687614440918,0.03420550850095908,True,0.0001360177993774414,PASS,5,Blur should not significantly change output.,Consistent,0.1366666666666667
BlurRelation,16.0,-1.6362489461898804,-1.6359444856643677,0.0003044605255126953,0.01860721378305634,True,0.000559687614440918,0.03420550850095908,True,0.0003044605255126953,PASS,5,Blur should not significantly change output.,Consistent,0.1366666666666667
BlurRelation,23.5,-1.6362489461898804,-1.6357616186141968,0.00048732757568359375,0.02978319888219824,True,0.000559687614440918,0.03420550850095908,True,0.00048732757568359375,PASS,5,Blur should not significantly change output.,Consistent,0.1366666666666667
BlurRelation,31.0,-1.6362489461898804,-1.635553240776062,0.0006957054138183594,0.042518284901298664,True,0.000559687614440918,0.03420550850095908,True,0.0006957054138183594,PASS,5,Blur should not significantly change output.,Consistent,0.1366666666666667
BrightnessRelation,0.1,-1.6362489461898804,-1.6344703435897827,0.0017786026000976562,0.1086999332980425,True,0.001851201057434082,0.11313681395343847,True,0.0017786026000976562,PASS,5,Output should remain approximately same under localized brightness change.,Consistent,0.1366666666666667
BrightnessRelation,0.825,-1.6362489461898804,-1.6362134218215942,3.552436828613281e-05,0.0021710844586338247,True,0.001851201057434082,0.11313681395343847,True,3.552436828613281e-05,PASS,5,Output should remain approximately same under localized brightness change.,Consistent,0.1366666666666667
BrightnessRelation,1.55,-1.6362489461898804,-1.635767936706543,0.00048100948333740234,0.029397066411367394,True,0.001851201057434082,0.11313681395343847,True,0.00048100948333740234,PASS,5,Output should remain approximately same under localized brightness change.,Consistent,0.1366666666666667
BrightnessRelation,2.275,-1.6362489461898804,-1.6363215446472168,7.259845733642578e-05,0.004436880655395971,True,0.001851201057434082,0.11313681395343847,True,7.259845733642578e-05,PASS,5,Output should remain approximately same under localized brightness change.,Consistent,0.1366666666666667
BrightnessRelation,3.0,-1.6362489461898804,-1.6353015899658203,0.0009473562240600586,0.057898014069674514,True,0.001851201057434082,0.11313681395343847,True,0.0009473562240600586,PASS,5,Output should remain approximately same under localized brightness change.,Consistent,0.1366666666666667
CompositeRelation,0.1,-1.6362489461898804,-1.6355620622634888,0.0006868839263916016,0.041979156545798986,True,0.0032541751861572266,0.19888007903283944,True,0.0006868839263916016,PASS,5,Prediction should remain approximately consistent under composite transformations.,Consistent,0.1366666666666667
CompositeRelation,0.44999999999999996,-1.6362489461898804,-1.6357494592666626,0.0004994869232177734,0.030526321750589686,True,0.0032541751861572266,0.19888007903283944,True,0.0004994869232177734,PASS,5,Prediction should remain approximately consistent under composite transformations.,Consistent,0.1366666666666667
CompositeRelation,0.7999999999999999,-1.6362489461898804,-1.6353554725646973,0.0008934736251831055,0.054604959790135965,True,0.0032541751861572266,0.19888007903283944,True,0.0008934736251831055,PASS,5,Prediction should remain approximately consistent under composite transformations.,Consistent,0.1366666666666667
CompositeRelation,1.15,-1.6362489461898804,-1.6368345022201538,0.0005855560302734375,0.03578646597587029,True,0.0032541751861572266,0.19888007903283944,True,0.0005855560302734375,PASS,5,Prediction should remain approximately consistent under composite transformations.,Consistent,0.1366666666666667
CompositeRelation,1.5,-1.6362489461898804,-1.6386096477508545,0.002360701560974121,0.14427511924270348,True,0.0032541751861572266,0.19888007903283944,True,0.002360701560974121,PASS,5,Prediction should remain approximately consistent under composite transformations.,Consistent,0.1366666666666667
ContrastRelation,0.1,-1.6362489461898804,-1.6360360383987427,0.0002129077911376953,0.013011935715167823,True,0.0002878904342651367,0.01759452673691506,True,0.0002129077911376953,PASS,5,Contrast change should not significantly affect output.,Consistent,0.1366666666666667
ContrastRelation,1.075,-1.6362489461898804,-1.6362872123718262,3.826618194580078e-05,0.002338651379937778,True,0.0002878904342651367,0.01759452673691506,True,3.826618194580078e-05,PASS,5,Contrast change should not significantly affect output.,Consistent,0.1366666666666667
ContrastRelation,2.05,-1.6362489461898804,-1.6363239288330078,7.49826431274414e-05,0.004582591021747234,True,0.0002878904342651367,0.01759452673691506,True,7.49826431274414e-05,PASS,5,Contrast change should not significantly affect output.,Consistent,0.1366666666666667
ContrastRelation,3.025,-1.6362489461898804,-1.6361032724380493,0.0001456737518310547,0.008902903384062195,True,0.0002878904342651367,0.01759452673691506,True,0.0001456737518310547,PASS,5,Contrast change should not significantly affect output.,Consistent,0.1366666666666667
ContrastRelation,4.0,-1.6362489461898804,-1.636040449142456,0.0002084970474243164,0.012742371537417986,True,0.0002878904342651367,0.01759452673691506,True,0.0002084970474243164,PASS,5,Contrast change should not significantly affect output.,Consistent,0.1366666666666667
DarkVisibilityRelation,0.05,-1.6362489461898804,-1.6355632543563843,0.0006856918334960938,0.041906301362623355,True,0.0046539306640625,0.2844266351176662,True,0.0006856918334960938,PASS,5,Output should not change drastically under visibility degradation.,Consistent,0.1366666666666667
DarkVisibilityRelation,0.4125,-1.6362489461898804,-1.6402171850204468,0.003968238830566406,0.2425203337550428,True,0.0046539306640625,0.2844266351176662,True,0.003968238830566406,PASS,5,Output should not change drastically under visibility degradation.,Consistent,0.1366666666666667
DarkVisibilityRelation,0.775,-1.6362489461898804,-1.6368776559829712,0.0006287097930908203,0.03842382360682817,True,0.0046539306640625,0.2844266351176662,True,0.0006287097930908203,PASS,5,Output should not change drastically under visibility degradation.,Consistent,0.1366666666666667
DarkVisibilityRelation,1.1375,-1.6362489461898804,-1.63625168800354,2.7418136596679688e-06,0.00016756692130395293,True,0.0046539306640625,0.2844266351176662,True,2.7418136596679688e-06,PASS,5,Output should not change drastically under visibility degradation.,Consistent,0.1366666666666667
DarkVisibilityRelation,1.5,-1.6362489461898804,-1.6362594366073608,1.049041748046875e-05,0.000641125611945559,True,0.0046539306640625,0.2844266351176662,True,1.049041748046875e-05,PASS,5,Output should not change drastically under visibility degradation.,Consistent,0.1366666666666667
DustRelation,0.0,-1.6362489461898804,-1.6362489461898804,0.0,0.0,True,0.00024175643920898438,0.01477503114801811,True,0.0,PASS,5,Dust should not significantly affect prediction.,Consistent,0.1366666666666667
DustRelation,0.375,-1.6362489461898804,-1.6362272500991821,2.1696090698242188e-05,0.001325964333796497,True,0.00024175643920898438,0.01477503114801811,True,2.1696090698242188e-05,PASS,5,Dust should not significantly affect prediction.,Consistent,0.1366666666666667
DustRelation,0.75,-1.6362489461898804,-1.636124610900879,0.00012433528900146484,0.007598795605218388,True,0.00024175643920898438,0.01477503114801811,True,0.00012433528900146484,PASS,5,Dust should not significantly affect prediction.,Consistent,0.1366666666666667
DustRelation,1.125,-1.6362489461898804,-1.6361076831817627,0.00014126300811767578,0.008633339206312356,True,0.00024175643920898438,0.01477503114801811,True,0.00014126300811767578,PASS,5,Dust should not significantly affect prediction.,Consistent,0.1366666666666667
DustRelation,1.5,-1.6362489461898804,-1.6360071897506714,0.00024175643920898438,0.01477503114801811,True,0.00024175643920898438,0.01477503114801811,True,0.00024175643920898438,PASS,5,Dust should not significantly affect prediction.,Consistent,0.1366666666666667
FogRelation,0.0,-1.6362489461898804,-1.6360489130020142,0.00020003318786621094,0.012225099736871,True,0.0013592243194580078,0.08306947985685527,True,0.00020003318786621094,PASS,5,Fog should not significantly affect prediction.,Consistent,0.1366666666666667
FogRelation,0.375,-1.6362489461898804,-1.6357697248458862,0.0004792213439941406,0.029287783636603944,True,0.0013592243194580078,0.08306947985685527,True,0.0004792213439941406,PASS,5,Fog should not significantly affect prediction.,Consistent,0.1366666666666667
FogRelation,0.75,-1.6362489461898804,-1.635432481765747,0.0008164644241333008,0.04989851495699016,True,0.0013592243194580078,0.08306947985685527,True,0.0008164644241333008,PASS,5,Fog should not significantly affect prediction.,Consistent,0.1366666666666667
FogRelation,1.125,-1.6362489461898804,-1.6350655555725098,0.0011833906173706055,0.07232334033844959,True,0.0013592243194580078,0.08306947985685527,True,0.0011833906173706055,PASS,5,Fog should not significantly affect prediction.,Consistent,0.1366666666666667
FogRelation,1.5,-1.6362489461898804,-1.6346896886825562,0.0015592575073242188,0.09529457959372627,True,0.0013592243194580078,0.08306947985685527,True,0.0015592575073242188,PASS,5,Fog should not significantly affect prediction.,Consistent,0.1366666666666667
HazeRelation,0.0,-1.6362489461898804,-1.6362489461898804,0.0,0.0,True,0.003663301467895508,0.22388397789871622,True,0.0,PASS,5,Haze should not significantly affect prediction.,Consistent,0.1366666666666667
HazeRelation,0.375,-1.6362489461898804,-1.6353466510772705,0.0009022951126098633,0.05514408814563564,True,0.003663301467895508,0.22388397789871622,True,0.0009022951126098633,PASS,5,Haze should not significantly affect prediction.,Consistent,0.1366666666666667
HazeRelation,0.75,-1.6362489461898804,-1.6344257593154907,0.0018231868743896484,0.11142471714881114,True,0.003663301467895508,0.22388397789871622,True,0.0018231868743896484,PASS,5,Haze should not significantly affect prediction.,Consistent,0.1366666666666667
HazeRelation,1.125,-1.6362489461898804,-1.6335086822509766,0.0027402639389038086,0.16747220956582462,True,0.003663301467895508,0.22388397789871622,True,0.0027402639389038086,PASS,5,Haze should not significantly affect prediction.,Consistent,0.1366666666666667
HazeRelation,1.5,-1.6362489461898804,-1.6325856447219849,0.003663301467895508,0.22388397789871622,True,0.003663301467895508,0.22388397789871622,True,0.003663301467895508,PASS,5,Haze should not significantly affect prediction.,Consistent,0.1366666666666667
NoiseRelation,0.0,-1.6362489461898804,-1.636264443397522,1.5497207641601562e-05,0.0009471173812832122,True,0.002577066421508789,0.15749833498908064,True,1.5497207641601562e-05,PASS,5,Noise should not significantly affect prediction.,Consistent,0.1366666666666667
NoiseRelation,37.5,-1.6362489461898804,-1.6359671354293823,0.0002818107604980469,0.017222965302719336,True,0.002577066421508789,0.15749833498908064,True,0.0002818107604980469,PASS,5,Noise should not significantly affect prediction.,Consistent,0.1366666666666667
NoiseRelation,75.0,-1.6362489461898804,-1.6352200508117676,0.001028895378112793,0.06288130859888773,True,0.002577066421508789,0.15749833498908064,True,0.001028895378112793,PASS,5,Noise should not significantly affect prediction.,Consistent,0.1366666666666667
NoiseRelation,112.5,-1.6362489461898804,-1.6336873769760132,0.0025615692138671875,0.15655121760779742,True,0.002577066421508789,0.15749833498908064,True,0.0025615692138671875,PASS,5,Noise should not significantly affect prediction.,Consistent,0.1366666666666667
NoiseRelation,150.0,-1.6362489461898804,-1.634812355041504,0.0014365911483764648,0.08779778124495377,True,0.002577066421508789,0.15749833498908064,True,0.0014365911483764648,PASS,5,Noise should not significantly affect prediction.,Consistent,0.1366666666666667
RainRelation,0.0,-1.6362489461898804,-1.6362489461898804,0.0,0.0,True,0.004542231559753418,0.2776001044541095,True,0.0,PASS,5,Rain should not significantly affect prediction.,Consistent,0.1366666666666667
RainRelation,0.375,-1.6362489461898804,-1.636216402053833,3.254413604736328e-05,0.0019889465006947458,True,0.004542231559753418,0.2776001044541095,True,3.254413604736328e-05,PASS,5,Rain should not significantly affect prediction.,Consistent,0.1366666666666667
RainRelation,0.75,-1.6362489461898804,-1.6369965076446533,0.0007475614547729492,0.04568748536943864,True,0.004542231559753418,0.2776001044541095,True,0.0007475614547729492,PASS,5,Rain should not significantly affect prediction.,Consistent,0.1366666666666667
RainRelation,1.125,-1.6362489461898804,-1.634844183921814,0.0014047622680664062,0.0858525478541644,True,0.004542231559753418,0.2776001044541095,True,0.0014047622680664062,PASS,5,Rain should not significantly affect prediction.,Consistent,0.1366666666666667
RainRelation,1.5,-1.6362489461898804,-1.6393864154815674,0.0031374692916870117,0.1917475565999451,True,0.004542231559753418,0.2776001044541095,True,0.0031374692916870117,PASS,5,Rain should not significantly affect prediction.,Consistent,0.1366666666666667
RotationRelation,-60.0,-1.6362489461898804,-1.6364339590072632,0.0001850128173828125,0.01130712442885804,True,0.0014618635177612305,0.08934231112827716,True,0.0001850128173828125,PASS,5,Small rotation should not significantly change output.,Consistent,0.1366666666666667
RotationRelation,-30.0,-1.6362489461898804,-1.6359374523162842,0.0003114938735961914,0.019037059363792564,True,0.0014618635177612305,0.08934231112827716,True,0.0003114938735961914,PASS,5,Small rotation should not significantly change output.,Consistent,0.1366666666666667
RotationRelation,0.0,-1.6362489461898804,-1.6362497806549072,8.344650268554688e-07,5.0998628222942195e-05,True,0.0014618635177612305,0.08934231112827716,True,8.344650268554688e-07,PASS,5,Small rotation should not significantly change output.,Consistent,0.1366666666666667
RotationRelation,30.0,-1.6362489461898804,-1.634972095489502,0.001276850700378418,0.07803518669941911,True,0.0014618635177612305,0.08934231112827716,True,0.001276850700378418,PASS,5,Small rotation should not significantly change output.,Consistent,0.1366666666666667
RotationRelation,60.0,-1.6362489461898804,-1.6355489492416382,0.0006999969482421875,0.042780563560730935,True,0.0014618635177612305,0.08934231112827716,True,0.0006999969482421875,PASS,5,Small rotation should not significantly change output.,Consistent,0.1366666666666667
SandstormRelation,0.0,-1.6362489461898804,-1.6361349821090698,0.00011396408081054688,0.006964955511590391,True,0.0018267631530761719,0.11164328269833804,True,0.00011396408081054688,PASS,5,Sandstorm should not significantly affect prediction.,Consistent,0.1366666666666667
SandstormRelation,0.375,-1.6362489461898804,-1.6353803873062134,0.0008685588836669922,0.05308228646176526,True,0.0018267631530761719,0.11164328269833804,True,0.0008685588836669922,PASS,5,Sandstorm should not significantly affect prediction.,Consistent,0.1366666666666667
SandstormRelation,0.75,-1.6362489461898804,-1.6352407932281494,0.001008152961730957,0.06161362841163174,True,0.0018267631530761719,0.11164328269833804,True,0.001008152961730957,PASS,5,Sandstorm should not significantly affect prediction.,Consistent,0.1366666666666667
SandstormRelation,1.125,-1.6362489461898804,-1.6346182823181152,0.0016306638717651367,0.0996586050659466,True,0.0018267631530761719,0.11164328269833804,True,0.0016306638717651367,PASS,5,Sandstorm should not significantly affect prediction.,Consistent,0.1366666666666667
SandstormRelation,1.5,-1.6362489461898804,-1.6343082189559937,0.0019407272338867188,0.11860823820992843,True,0.0018267631530761719,0.11164328269833804,True,0.0019407272338867188,PASS,5,Sandstorm should not significantly affect prediction.,Consistent,0.1366666666666667
SmokeRelation,0.0,-1.6362489461898804,-1.6362489461898804,0.0,0.0,True,0.004558086395263672,0.2785690783903454,True,0.0,PASS,5,Smoke should not significantly affect prediction.,Consistent,0.1366666666666667
SmokeRelation,0.375,-1.6362489461898804,-1.6347341537475586,0.0015147924423217773,0.0925770812612752,True,0.004558086395263672,0.2785690783903454,True,0.0015147924423217773,PASS,5,Smoke should not significantly affect prediction.,Consistent,0.1366666666666667
SmokeRelation,0.75,-1.6362489461898804,-1.6335517168045044,0.0026972293853759766,0.1648421374531843,True,0.004558086395263672,0.2785690783903454,True,0.0026972293853759766,PASS,5,Smoke should not significantly affect prediction.,Consistent,0.1366666666666667
SmokeRelation,1.125,-1.6362489461898804,-1.6317191123962402,0.004529833793640137,0.2768424105490829,True,0.004558086395263672,0.2785690783903454,True,0.004529833793640137,PASS,5,Smoke should not significantly affect prediction.,Consistent,0.1366666666666667
SmokeRelation,1.5,-1.6362489461898804,-1.636277198791504,2.8252601623535156e-05,0.0017266678412624717,True,0.004558086395263672,0.2785690783903454,True,2.8252601623535156e-05,PASS,5,Smoke should not significantly affect prediction.,Consistent,0.1366666666666667
SnowRelation,0.0,-1.6362489461898804,-1.6362489461898804,0.0,0.0,True,0.000899195671081543,0.05495466466937899,True,0.0,PASS,5,Snow should not significantly affect prediction.,Consistent,0.1366666666666667
SnowRelation,0.375,-1.6362489461898804,-1.636142611503601,0.00010633468627929688,0.006498682339266348,True,0.000899195671081543,0.05495466466937899,True,0.00010633468627929688,PASS,5,Snow should not significantly affect prediction.,Consistent,0.1366666666666667
SnowRelation,0.75,-1.6362489461898804,-1.6359515190124512,0.0002974271774291992,0.01817736820232011,True,0.000899195671081543,0.05495466466937899,True,0.0002974271774291992,PASS,5,Snow should not significantly affect prediction.,Consistent,0.1366666666666667
SnowRelation,1.125,-1.6362489461898804,-1.6353497505187988,0.000899195671081543,0.05495466466937899,True,0.000899195671081543,0.05495466466937899,True,0.000899195671081543,PASS,5,Snow should not significantly affect prediction.,Consistent,0.1366666666666667
SnowRelation,1.5,-1.6362489461898804,-1.6354411840438843,0.0008077621459960938,0.049366672119808046,True,0.000899195671081543,0.05495466466937899,True,0.0008077621459960938,PASS,5,Snow should not significantly affect prediction.,Consistent,0.1366666666666667
TranslationRelation,0.0,-1.6362489461898804,-1.6358726024627686,0.0003763437271118164,0.02300038132854693,True,0.0043174028396606445,0.26385961690718535,True,0.0003763437271118164,PASS,5,Small translation should preserve prediction consistency.,Consistent,0.1366666666666667
TranslationRelation,20.0,-1.6362489461898804,-1.6321078538894653,0.004141092300415039,0.25308433531550945,True,0.0043174028396606445,0.26385961690718535,True,0.004141092300415039,PASS,5,Small translation should preserve prediction consistency.,Consistent,0.1366666666666667
TranslationRelation,40.0,-1.6362489461898804,-1.6335762739181519,0.0026726722717285156,0.16334132067976628,True,0.0043174028396606445,0.26385961690718535,True,0.0026726722717285156,PASS,5,Small translation should preserve prediction consistency.,Consistent,0.1366666666666667
TranslationRelation,60.0,-1.6362489461898804,-1.6351486444473267,0.001100301742553711,0.06724533407110805,True,0.0043174028396606445,0.26385961690718535,True,0.001100301742553711,PASS,5,Small translation should preserve prediction consistency.,Consistent,0.1366666666666667
TranslationRelation,80.0,-1.6362489461898804,-1.636425256729126,0.00017631053924560547,0.01077528159167593,True,0.0043174028396606445,0.26385961690718535,True,0.00017631053924560547,PASS,5,Small translation should preserve prediction consistency.,Consistent,0.1366666666666667
DarkVisibilityRelation,0.05,-1.6362489461898804,-1.6358567476272583,0.0003921985626220703,0.023969355264782832,True,0.007785677909851074,0.47582448683836825,True,0.0003921985626220703,PASS,5,Output should not change drastically under visibility degradation.,Consistent,0.1366666666666667
DarkVisibilityRelation,0.4125,-1.6362489461898804,-1.632915735244751,0.0033332109451293945,0.2037103776773838,True,0.007785677909851074,0.47582448683836825,True,0.0033332109451293945,PASS,5,Output should not change drastically under visibility degradation.,Consistent,0.1366666666666667
DarkVisibilityRelation,0.775,-1.6362489461898804,-1.6299268007278442,0.006322145462036133,0.3863801784536452,True,0.007785677909851074,0.47582448683836825,True,0.006322145462036133,PASS,5,Output should not change drastically under visibility degradation.,Consistent,0.1366666666666667
DarkVisibilityRelation,1.1375,-1.6362489461898804,-1.6280714273452759,0.008177518844604492,0.4997719855481984,True,0.007785677909851074,0.47582448683836825,True,0.008177518844604492,PASS,5,Output should not change drastically under visibility degradation.,Consistent,0.1366666666666667
DarkVisibilityRelation,1.5,-1.6362489461898804,-1.6280710697174072,0.008177876472473145,0.49979384210315103,True,0.007785677909851074,0.47582448683836825,True,0.008177876472473145,PASS,5,Output should not change drastically under visibility degradation.,Consistent,0.1366666666666667
TemporalSmoothnessRelation,0.0,-1.630487322807312,-1.63059401512146,0.00010669231414794922,0.0,True,,,,0.00010669231414794922,PASS,5,Predictions should change smoothly across consecutive frames.,Consistent,0.1366666666666667
BlurRelation,1.0,-1.6347743272781372,-1.6348108053207397,3.647804260253906e-05,0.0022313795659782898,True,0.0003867149353027344,0.02365554023540383,True,3.647804260253906e-05,PASS,6,Blur should not significantly change output.,Consistent,0.1366666666666667
BlurRelation,8.5,-1.6347743272781372,-1.6346937417984009,8.058547973632812e-05,0.004929452897389947,True,0.0003867149353027344,0.02365554023540383,True,8.058547973632812e-05,PASS,6,Blur should not significantly change output.,Consistent,0.1366666666666667
BlurRelation,16.0,-1.6347743272781372,-1.6347341537475586,4.017353057861328e-05,0.002457434358610077,True,0.0003867149353027344,0.02365554023540383,True,4.017353057861328e-05,PASS,6,Blur should not significantly change output.,Consistent,0.1366666666666667
BlurRelation,23.5,-1.6347743272781372,-1.634678602218628,9.572505950927734e-05,0.005855548338171786,True,0.0003867149353027344,0.02365554023540383,True,9.572505950927734e-05,PASS,6,Blur should not significantly change output.,Consistent,0.1366666666666667
BlurRelation,31.0,-1.6347743272781372,-1.6350653171539307,0.00029098987579345703,0.017799991897232043,True,0.0003867149353027344,0.02365554023540383,True,0.00029098987579345703,PASS,6,Blur should not significantly change output.,Consistent,0.1366666666666667
BrightnessRelation,0.1,-1.6347743272781372,-1.6332894563674927,0.0014848709106445312,0.0908302740974692,True,0.0015281438827514648,0.09347730279828659,True,0.0014848709106445312,PASS,6,Output should remain approximately same under localized brightness change.,Consistent,0.1366666666666667
BrightnessRelation,0.825,-1.6347743272781372,-1.634414553642273,0.0003597736358642578,0.02200752787621725,True,0.0015281438827514648,0.09347730279828659,True,0.0003597736358642578,PASS,6,Output should remain approximately same under localized brightness change.,Consistent,0.1366666666666667
BrightnessRelation,1.55,-1.6347743272781372,-1.6342304944992065,0.0005438327789306641,0.033266514967297246,True,0.0015281438827514648,0.09347730279828659,True,0.0005438327789306641,PASS,6,Output should remain approximately same under localized brightness change.,Consistent,0.1366666666666667
BrightnessRelation,2.275,-1.6347743272781372,-1.633162260055542,0.0016120672225952148,0.09861093421805363,True,0.0015281438827514648,0.09347730279828659,True,0.0016120672225952148,PASS,6,Output should remain approximately same under localized brightness change.,Consistent,0.1366666666666667
BrightnessRelation,3.0,-1.6347743272781372,-1.6328864097595215,0.0018879175186157227,0.11548483067450384,True,0.0015281438827514648,0.09347730279828659,True,0.0018879175186157227,PASS,6,Output should remain approximately same under localized brightness change.,Consistent,0.1366666666666667
CompositeRelation,0.1,-1.6347743272781372,-1.6343744993209839,0.0003998279571533203,0.024457670144742434,True,0.004698395729064941,0.2874031465160207,True,0.0003998279571533203,PASS,6,Prediction should remain approximately consistent under composite transformations.,Consistent,0.1366666666666667
CompositeRelation,0.44999999999999996,-1.6347743272781372,-1.6334607601165771,0.0013135671615600586,0.08035154064547312,True,0.004698395729064941,0.2874031465160207,True,0.0013135671615600586,PASS,6,Prediction should remain approximately consistent under composite transformations.,Consistent,0.1366666666666667
CompositeRelation,0.7999999999999999,-1.6347743272781372,-1.6298810243606567,0.004893302917480469,0.29932571380482625,True,0.004698395729064941,0.2874031465160207,True,0.004893302917480469,PASS,6,Prediction should remain approximately consistent under composite transformations.,Consistent,0.1366666666666667
CompositeRelation,1.15,-1.6347743272781372,-1.6344560384750366,0.00031828880310058594,0.019469880526673315,True,0.004698395729064941,0.2874031465160207,True,0.00031828880310058594,PASS,6,Prediction should remain approximately consistent under composite transformations.,Consistent,0.1366666666666667
CompositeRelation,1.5,-1.6347743272781372,-1.6345794200897217,0.00019490718841552734,0.011922567288805568,True,0.004698395729064941,0.2874031465160207,True,0.00019490718841552734,PASS,6,Prediction should remain approximately consistent under composite transformations.,Consistent,0.1366666666666667
ContrastRelation,0.1,-1.6347743272781372,-1.6343693733215332,0.0004049539566040039,0.024771230018392976,True,0.0007883310317993164,0.048222591731419705,True,0.0004049539566040039,PASS,6,Contrast change should not significantly affect output.,Consistent,0.1366666666666667
ContrastRelation,1.075,-1.6347743272781372,-1.6347843408584595,1.0013580322265625e-05,0.0006125355671312953,True,0.0007883310317993164,0.048222591731419705,True,1.0013580322265625e-05,PASS,6,Contrast change should not significantly affect output.,Consistent,0.1366666666666667
ContrastRelation,2.05,-1.6347743272781372,-1.6347540616989136,2.0265579223632812e-05,0.0012396553144323832,True,0.0007883310317993164,0.048222591731419705,True,2.0265579223632812e-05,PASS,6,Contrast change should not significantly affect output.,Consistent,0.1366666666666667
ContrastRelation,3.025,-1.6347743272781372,-1.6350975036621094,0.00032317638397216797,0.019768856220154063,True,0.0007883310317993164,0.048222591731419705,True,0.00032317638397216797,PASS,6,Contrast change should not significantly affect output.,Consistent,0.1366666666666667
ContrastRelation,4.0,-1.6347743272781372,-1.6351577043533325,0.0003833770751953125,0.023451361713026732,True,0.0007883310317993164,0.048222591731419705,True,0.0003833770751953125,PASS,6,Contrast change should not significantly affect output.,Consistent,0.1366666666666667
DarkVisibilityRelation,0.05,-1.6347743272781372,-1.635827660560608,0.0010533332824707031,0.06443290799014434,True,0.0010399818420410156,0.06361619390063594,True,0.0010533332824707031,PASS,6,Output should not change drastically under visibility degradation.,Consistent,0.1366666666666667
DarkVisibilityRelation,0.4125,-1.6347743272781372,-1.6350268125534058,0.0002524852752685547,0.015444646799810514,True,0.0010399818420410156,0.06361619390063594,True,0.0002524852752685547,PASS,6,Output should not change drastically under visibility degradation.,Consistent,0.1366666666666667
DarkVisibilityRelation,0.775,-1.6347743272781372,-1.6352397203445435,0.00046539306640625,0.02846831969143544,True,0.0010399818420410156,0.06361619390063594,True,0.00046539306640625,PASS,6,Output should not change drastically under visibility degradation.,Consistent,0.1366666666666667
DarkVisibilityRelation,1.1375,-1.6347743272781372,-1.6347898244857788,1.5497207641601562e-05,0.0009479717110365283,True,0.0010399818420410156,0.06361619390063594,True,1.5497207641601562e-05,PASS,6,Output should not change drastically under visibility degradation.,Consistent,0.1366666666666667
DarkVisibilityRelation,1.5,-1.6347743272781372,-1.634787678718567,1.33514404296875e-05,0.0008167140895083937,True,0.0010399818420410156,0.06361619390063594,True,1.33514404296875e-05,PASS,6,Output should not change drastically under visibility degradation.,Consistent,0.1366666666666667
DustRelation,0.0,-1.6347743272781372,-1.6347743272781372,0.0,0.0,True,0.00028967857360839844,0.017719778906298184,True,0.0,PASS,6,Dust should not significantly affect prediction.,Consistent,0.1366666666666667
DustRelation,0.375,-1.6347743272781372,-1.6347688436508179,5.4836273193359375e-06,0.0003354361439052331,True,0.00028967857360839844,0.017719778906298184,True,5.4836273193359375e-06,PASS,6,Dust should not significantly affect prediction.,Consistent,0.1366666666666667
DustRelation,0.75,-1.6347743272781372,-1.6347111463546753,6.318092346191406e-05,0.003864807744995077,True,0.00028967857360839844,0.017719778906298184,True,6.318092346191406e-05,PASS,6,Dust should not significantly affect prediction.,Consistent,0.1366666666666667
DustRelation,1.125,-1.6347743272781372,-1.6344846487045288,0.00028967857360839844,0.017719778906298184,True,0.00028967857360839844,0.017719778906298184,True,0.00028967857360839844,PASS,6,Dust should not significantly affect prediction.,Consistent,0.1366666666666667
DustRelation,1.5,-1.6347743272781372,-1.6346914768218994,8.285045623779297e-05,0.0050680026090029785,True,0.00028967857360839844,0.017719778906298184,True,8.285045623779297e-05,PASS,6,Dust should not significantly affect prediction.,Consistent,0.1366666666666667
FogRelation,0.0,-1.6347743272781372,-1.6346174478530884,0.00015687942504882812,0.009596390551723625,True,0.00042831897735595703,0.026200479675032667,True,0.00015687942504882812,PASS,6,Fog should not significantly affect prediction.,Consistent,0.1366666666666667
FogRelation,0.375,-1.6347743272781372,-1.6349601745605469,0.00018584728240966797,0.011368368442353444,True,0.00042831897735595703,0.026200479675032667,True,0.00018584728240966797,PASS,6,Fog should not significantly affect prediction.,Consistent,0.1366666666666667
FogRelation,0.75,-1.6347743272781372,-1.6350457668304443,0.0002714395523071289,0.01660408912330904,True,0.00042831897735595703,0.026200479675032667,True,0.0002714395523071289,PASS,6,Fog should not significantly affect prediction.,Consistent,0.1366666666666667
FogRelation,1.125,-1.6347743272781372,-1.634967565536499,0.0001932382583618164,0.011820478027617019,True,0.00042831897735595703,0.026200479675032667,True,0.0001932382583618164,PASS,6,Fog should not significantly affect prediction.,Consistent,0.1366666666666667
FogRelation,1.5,-1.6347743272781372,-1.6347880363464355,1.3709068298339844e-05,0.0008385903597630827,True,0.00042831897735595703,0.026200479675032667,True,1.3709068298339844e-05,PASS,6,Fog should not significantly affect prediction.,Consistent,0.1366666666666667
HazeRelation,0.0,-1.6347743272781372,-1.6347743272781372,0.0,0.0,True,0.002998828887939453,0.18343981817565314,True,0.0,PASS,6,Haze should not significantly affect prediction.,Consistent,0.1366666666666667
HazeRelation,0.375,-1.6347743272781372,-1.634037733078003,0.0007365942001342773,0.04505782463457468,True,0.002998828887939453,0.18343981817565314,True,0.0007365942001342773,PASS,6,Haze should not significantly affect prediction.,Consistent,0.1366666666666667
HazeRelation,0.75,-1.6347743272781372,-1.6332813501358032,0.0014929771423339844,0.09132613622324216,True,0.002998828887939453,0.18343981817565314,True,0.0014929771423339844,PASS,6,Haze should not significantly affect prediction.,Consistent,0.1366666666666667
HazeRelation,1.125,-1.6347743272781372,-1.6325314044952393,0.0022429227828979492,0.13720067494732524,True,0.002998828887939453,0.18343981817565314,True,0.0022429227828979492,PASS,6,Haze should not significantly affect prediction.,Consistent,0.1366666666666667
HazeRelation,1.5,-1.6347743272781372,-1.6317754983901978,0.002998828887939453,0.18343981817565314,True,0.002998828887939453,0.18343981817565314,True,0.002998828887939453,PASS,6,Haze should not significantly affect prediction.,Consistent,0.1366666666666667
NoiseRelation,0.0,-1.6347743272781372,-1.6347718238830566,2.5033950805664062e-06,0.00015313389178282381,True,0.0018585920333862305,0.11369097651361933,True,2.5033950805664062e-06,PASS,6,Noise should not significantly affect prediction.,Consistent,0.1366666666666667
NoiseRelation,37.5,-1.6347743272781372,-1.6338539123535156,0.000920414924621582,0.05630222754548489,True,0.0018585920333862305,0.11369097651361933,True,0.000920414924621582,PASS,6,Noise should not significantly affect prediction.,Consistent,0.1366666666666667
NoiseRelation,75.0,-1.6347743272781372,-1.6340768337249756,0.0006974935531616211,0.04266601908672867,True,0.0018585920333862305,0.11369097651361933,True,0.0006974935531616211,PASS,6,Noise should not significantly affect prediction.,Consistent,0.1366666666666667
NoiseRelation,112.5,-1.6347743272781372,-1.6329132318496704,0.0018610954284667969,0.11384411040540215,True,0.0018585920333862305,0.11369097651361933,True,0.0018610954284667969,PASS,6,Noise should not significantly affect prediction.,Consistent,0.1366666666666667
NoiseRelation,150.0,-1.6347743272781372,-1.6343755722045898,0.0003987550735473633,0.024392041333978362,True,0.0018585920333862305,0.11369097651361933,True,0.0003987550735473633,PASS,6,Noise should not significantly affect prediction.,Consistent,0.1366666666666667
RainRelation,0.0,-1.6347743272781372,-1.6347743272781372,0.0,0.0,True,0.0017894506454467773,0.10946156426437945,True,0.0,PASS,6,Rain should not significantly affect prediction.,Consistent,0.1366666666666667
RainRelation,0.375,-1.6347743272781372,-1.6348073482513428,3.3020973205566406e-05,0.002019908953516295,True,0.0017894506454467773,0.10946156426437945,True,3.3020973205566406e-05,PASS,6,Rain should not significantly affect prediction.,Consistent,0.1366666666666667
RainRelation,0.75,-1.6347743272781372,-1.6354316473007202,0.0006573200225830078,0.0402085847281186,True,0.0017894506454467773,0.10946156426437945,True,0.0006573200225830078,PASS,6,Rain should not significantly affect prediction.,Consistent,0.1366666666666667
RainRelation,1.125,-1.6347743272781372,-1.636015772819519,0.001241445541381836,0.07593982614411081,True,0.0017894506454467773,0.10946156426437945,True,0.001241445541381836,PASS,6,Rain should not significantly affect prediction.,Consistent,0.1366666666666667
RainRelation,1.5,-1.6347743272781372,-1.6342263221740723,0.0005480051040649414,0.033521738120268624,True,0.0017894506454467773,0.10946156426437945,True,0.0005480051040649414,PASS,6,Rain should not significantly affect prediction.,Consistent,0.1366666666666667
RotationRelation,-60.0,-1.6347743272781372,-1.6344496011734009,0.0003247261047363281,0.01986365339125772,True,0.0003254413604736328,0.019907405931767097,True,0.0003247261047363281,PASS,6,Small rotation should not significantly change output.,Consistent,0.1366666666666667
RotationRelation,-30.0,-1.6347743272781372,-1.6344971656799316,0.0002771615982055664,0.016954109447384062,True,0.0003254413604736328,0.019907405931767097,True,0.0002771615982055664,PASS,6,Small rotation should not significantly change output.,Consistent,0.1366666666666667
RotationRelation,0.0,-1.6347743272781372,-1.6347750425338745,7.152557373046875e-07,4.375254050937823e-05,True,0.0003254413604736328,0.019907405931767097,True,7.152557373046875e-07,PASS,6,Small rotation should not significantly change output.,Consistent,0.1366666666666667
RotationRelation,30.0,-1.6347743272781372,-1.6345731019973755,0.00020122528076171875,0.012309048063305076,True,0.0003254413604736328,0.019907405931767097,True,0.00020122528076171875,PASS,6,Small rotation should not significantly change output.,Consistent,0.1366666666666667
RotationRelation,60.0,-1.6347743272781372,-1.6345030069351196,0.0002713203430175781,0.016596797033224142,True,0.0003254413604736328,0.019907405931767097,True,0.0002713203430175781,PASS,6,Small rotation should not significantly change output.,Consistent,0.1366666666666667
SandstormRelation,0.0,-1.6347743272781372,-1.6346609592437744,0.00011336803436279297,0.0069347776707364495,True,0.000574946403503418,0.035169750479455204,True,0.00011336803436279297,PASS,6,Sandstorm should not significantly affect prediction.,Consistent,0.1366666666666667
SandstormRelation,0.375,-1.6347743272781372,-1.6346863508224487,8.797645568847656e-05,0.0053815624826535225,True,0.000574946403503418,0.035169750479455204,True,8.797645568847656e-05,PASS,6,Sandstorm should not significantly affect prediction.,Consistent,0.1366666666666667
SandstormRelation,0.75,-1.6347743272781372,-1.6347483396530151,2.5987625122070312e-05,0.0015896756385074089,True,0.000574946403503418,0.035169750479455204,True,2.5987625122070312e-05,PASS,6,Sandstorm should not significantly affect prediction.,Consistent,0.1366666666666667
SandstormRelation,1.125,-1.6347743272781372,-1.6342030763626099,0.0005712509155273438,0.034943695686823414,True,0.000574946403503418,0.035169750479455204,True,0.0005712509155273438,PASS,6,Sandstorm should not significantly affect prediction.,Consistent,0.1366666666666667
SandstormRelation,1.5,-1.6347743272781372,-1.6341733932495117,0.0006009340286254883,0.03675942611796261,True,0.000574946403503418,0.035169750479455204,True,0.0006009340286254883,PASS,6,Sandstorm should not significantly affect prediction.,Consistent,0.1366666666666667
SmokeRelation,0.0,-1.6347743272781372,-1.6347743272781372,0.0,0.0,True,0.0046460628509521484,0.2842019189687512,True,0.0,PASS,6,Smoke should not significantly affect prediction.,Consistent,0.1366666666666667
SmokeRelation,0.375,-1.6347743272781372,-1.6335378885269165,0.0012364387512207031,0.07563355836054518,True,0.0046460628509521484,0.2842019189687512,True,0.0012364387512207031,PASS,6,Smoke should not significantly affect prediction.,Consistent,0.1366666666666667
SmokeRelation,0.75,-1.6347743272781372,-1.6322814226150513,0.0024929046630859375,0.15249218785535293,True,0.0046460628509521484,0.2842019189687512,True,0.0024929046630859375,PASS,6,Smoke should not significantly affect prediction.,Consistent,0.1366666666666667
SmokeRelation,1.125,-1.6347743272781372,-1.6301939487457275,0.004580378532409668,0.2801839773319733,True,0.0046460628509521484,0.2842019189687512,True,0.004580378532409668,PASS,6,Smoke should not significantly affect prediction.,Consistent,0.1366666666666667
SmokeRelation,1.5,-1.6347743272781372,-1.630128264427185,0.0046460628509521484,0.2842019189687512,True,0.0046460628509521484,0.2842019189687512,True,0.0046460628509521484,PASS,6,Smoke should not significantly affect prediction.,Consistent,0.1366666666666667
SnowRelation,0.0,-1.6347743272781372,-1.6347743272781372,0.0,0.0,True,0.0018527507781982422,0.11333366409945941,True,0.0,PASS,6,Snow should not significantly affect prediction.,Consistent,0.1366666666666667
SnowRelation,0.375,-1.6347743272781372,-1.6347366571426392,3.7670135498046875e-05,0.0023043004668272535,True,0.0018527507781982422,0.11333366409945941,True,3.7670135498046875e-05,PASS,6,Snow should not significantly affect prediction.,Consistent,0.1366666666666667
SnowRelation,0.75,-1.6347743272781372,-1.6342909336090088,0.00048339366912841797,0.029569425294254787,True,0.0018527507781982422,0.11333366409945941,True,0.00048339366912841797,PASS,6,Snow should not significantly affect prediction.,Consistent,0.1366666666666667
SnowRelation,1.125,-1.6347743272781372,-1.6344738006591797,0.00030052661895751953,0.018383359104023753,True,0.0018527507781982422,0.11333366409945941,True,0.00030052661895751953,PASS,6,Snow should not significantly affect prediction.,Consistent,0.1366666666666667
SnowRelation,1.5,-1.6347743272781372,-1.632921576499939,0.0018527507781982422,0.11333366409945941,True,0.0018527507781982422,0.11333366409945941,True,0.0018527507781982422,PASS,6,Snow should not significantly affect prediction.,Consistent,0.1366666666666667
TranslationRelation,0.0,-1.6347743272781372,-1.6344186067581177,0.00035572052001953125,0.021759596813330773,True,0.0021589994430541992,0.1320670435275582,True,0.00035572052001953125,PASS,6,Small translation should preserve prediction consistency.,Consistent,0.1366666666666667
TranslationRelation,20.0,-1.6347743272781372,-1.6355509757995605,0.0007766485214233398,0.047507966903099864,True,0.0021589994430541992,0.1320670435275582,True,0.0007766485214233398,PASS,6,Small translation should preserve prediction consistency.,Consistent,0.1366666666666667
TranslationRelation,40.0,-1.6347743272781372,-1.6365159749984741,0.001741647720336914,0.10653743614033599,True,0.0021589994430541992,0.1320670435275582,True,0.001741647720336914,PASS,6,Small translation should preserve prediction consistency.,Consistent,0.1366666666666667
TranslationRelation,60.0,-1.6347743272781372,-1.6357020139694214,0.0009276866912841797,0.056747045040663566,True,0.0021589994430541992,0.1320670435275582,True,0.0009276866912841797,PASS,6,Small translation should preserve prediction consistency.,Consistent,0.1366666666666667
TranslationRelation,80.0,-1.6347743272781372,-1.6365776062011719,0.001803278923034668,0.11030744671422742,True,0.0021589994430541992,0.1320670435275582,True,0.001803278923034668,PASS,6,Small translation should preserve prediction consistency.,Consistent,0.1366666666666667
DarkVisibilityRelation,0.05,-1.6347743272781372,-1.6344515085220337,0.0003228187561035156,0.019746979949899376,True,0.006383657455444336,0.39049142404620074,True,0.0003228187561035156,PASS,6,Output should not change drastically under visibility degradation.,Consistent,0.1366666666666667
DarkVisibilityRelation,0.4125,-1.6347743272781372,-1.6320232152938843,0.0027511119842529297,0.16828685497923848,True,0.006383657455444336,0.39049142404620074,True,0.0027511119842529297,PASS,6,Output should not change drastically under visibility degradation.,Consistent,0.1366666666666667
DarkVisibilityRelation,0.775,-1.6347743272781372,-1.629599928855896,0.005174398422241211,0.3165204622250119,True,0.006383657455444336,0.39049142404620074,True,0.005174398422241211,PASS,6,Output should not change drastically under visibility degradation.,Consistent,0.1366666666666667
DarkVisibilityRelation,1.1375,-1.6347743272781372,-1.6280678510665894,0.0067064762115478516,0.4102384039961001,True,0.006383657455444336,0.39049142404620074,True,0.0067064762115478516,PASS,6,Output should not change drastically under visibility degradation.,Consistent,0.1366666666666667
DarkVisibilityRelation,1.5,-1.6347743272781372,-1.6280710697174072,0.0067032575607299805,0.4100415175638079,True,0.006383657455444336,0.39049142404620074,True,0.0067032575607299805,PASS,6,Output should not change drastically under visibility degradation.,Consistent,0.1366666666666667
TemporalSmoothnessRelation,0.0,-1.630487322807312,-1.63059401512146,0.00010669231414794922,0.0,True,,,,0.00010669231414794922,PASS,6,Predictions should change smoothly across consecutive frames.,Consistent,0.1366666666666667
BlurRelation,1.0,-1.6333321332931519,-1.6333534717559814,2.1338462829589844e-05,0.0013064366597747821,True,0.0003349781036376953,0.020508865999816415,True,2.1338462829589844e-05,PASS,7,Blur should not significantly change output.,Consistent,0.1366666666666667
BlurRelation,8.5,-1.6333321332931519,-1.6333613395690918,2.9206275939941406e-05,0.0017881395622615737,True,0.0003349781036376953,0.020508865999816415,True,2.9206275939941406e-05,PASS,7,Blur should not significantly change output.,Consistent,0.1366666666666667
BlurRelation,16.0,-1.6333321332931519,-1.6331526041030884,0.00017952919006347656,0.010991584411289508,True,0.0003349781036376953,0.020508865999816415,True,0.00017952919006347656,PASS,7,Blur should not significantly change output.,Consistent,0.1366666666666667
BlurRelation,23.5,-1.6333321332931519,-1.6332296133041382,0.00010251998901367188,0.0062767347899794,True,0.0003349781036376953,0.020508865999816415,True,0.00010251998901367188,PASS,7,Blur should not significantly change output.,Consistent,0.1366666666666667
BlurRelation,31.0,-1.6333321332931519,-1.633487582206726,0.00015544891357421875,0.009517281588526905,True,0.0003349781036376953,0.020508865999816415,True,0.00015544891357421875,PASS,7,Blur should not significantly change output.,Consistent,0.1366666666666667
BrightnessRelation,0.1,-1.6333321332931519,-1.632878303527832,0.0004538297653198242,0.027785499238897185,True,0.005102634429931641,0.3124062278491608,True,0.0004538297653198242,PASS,7,Output should remain approximately same under localized brightness change.,Consistent,0.1366666666666667
BrightnessRelation,0.825,-1.6333321332931519,-1.6329607963562012,0.0003713369369506836,0.022734917291611437,True,0.005102634429931641,0.3124062278491608,True,0.0003713369369506836,PASS,7,Output should remain approximately same under localized brightness change.,Consistent,0.1366666666666667
BrightnessRelation,1.55,-1.6333321332931519,-1.6305766105651855,0.0027555227279663086,0.1687054938027603,True,0.005102634429931641,0.3124062278491608,True,0.0027555227279663086,PASS,7,Output should remain approximately same under localized brightness change.,Consistent,0.1366666666666667
BrightnessRelation,2.275,-1.6333321332931519,-1.6302963495254517,0.0030357837677001953,0.18586433507164585,True,0.005102634429931641,0.3124062278491608,True,0.0030357837677001953,PASS,7,Output should remain approximately same under localized brightness change.,Consistent,0.1366666666666667
BrightnessRelation,3.0,-1.6333321332931519,-1.6353989839553833,0.0020668506622314453,0.12654189277751493,True,0.005102634429931641,0.3124062278491608,True,0.0020668506622314453,PASS,7,Output should remain approximately same under localized brightness change.,Consistent,0.1366666666666667
CompositeRelation,0.1,-1.6333321332931519,-1.6335984468460083,0.0002663135528564453,0.016304913396295327,True,0.007292270660400391,0.44646560531699986,True,0.0002663135528564453,PASS,7,Prediction should remain approximately consistent under composite transformations.,Consistent,0.1366666666666667
CompositeRelation,0.44999999999999996,-1.6333321332931519,-1.6332266330718994,0.0001055002212524414,0.006459198010618336,True,0.007292270660400391,0.44646560531699986,True,0.0001055002212524414,PASS,7,Prediction should remain approximately consistent under composite transformations.,Consistent,0.1366666666666667
CompositeRelation,0.7999999999999999,-1.6333321332931519,-1.6355253458023071,0.0021932125091552734,0.13427833333260583,True,0.007292270660400391,0.44646560531699986,True,0.0021932125091552734,PASS,7,Prediction should remain approximately consistent under composite transformations.,Consistent,0.1366666666666667
CompositeRelation,1.15,-1.6333321332931519,-1.6327427625656128,0.0005893707275390625,0.03608392651355599,True,0.007292270660400391,0.44646560531699986,True,0.0005893707275390625,PASS,7,Prediction should remain approximately consistent under composite transformations.,Consistent,0.1366666666666667
CompositeRelation,1.5,-1.6333321332931519,-1.6282330751419067,0.005099058151245117,0.31218727198439405,True,0.007292270660400391,0.44646560531699986,True,0.005099058151245117,PASS,7,Prediction should remain approximately consistent under composite transformations.,Consistent,0.1366666666666667
ContrastRelation,0.1,-1.6333321332931519,-1.6333982944488525,6.61611557006836e-05,0.00405068349818438,True,0.0005627870559692383,0.03445635458545669,True,6.61611557006836e-05,PASS,7,Contrast change should not significantly affect output.,Consistent,0.1366666666666667
ContrastRelation,1.075,-1.6333321332931519,-1.633328914642334,3.2186508178710938e-06,0.00019706027829005096,True,0.0005627870559692383,0.03445635458545669,True,3.2186508178710938e-06,PASS,7,Contrast change should not significantly affect output.,Consistent,0.1366666666666667
ContrastRelation,2.05,-1.6333321332931519,-1.6334896087646484,0.00015747547149658203,0.009641356578561381,True,0.0005627870559692383,0.03445635458545669,True,0.00015747547149658203,PASS,7,Contrast change should not significantly affect output.,Consistent,0.1366666666666667
ContrastRelation,3.025,-1.6333321332931519,-1.6334165334701538,8.440017700195312e-05,0.005167358408494669,True,0.0005627870559692383,0.03445635458545669,True,8.440017700195312e-05,PASS,7,Contrast change should not significantly affect output.,Consistent,0.1366666666666667
ContrastRelation,4.0,-1.6333321332931519,-1.6329268217086792,0.00040531158447265625,0.024814998006895305,True,0.0005627870559692383,0.03445635458545669,True,0.00040531158447265625,PASS,7,Contrast change should not significantly affect output.,Consistent,0.1366666666666667
DarkVisibilityRelation,0.05,-1.6333321332931519,-1.6357897520065308,0.0024576187133789062,0.15046647026769225,True,0.002467632293701172,0.15107954668903906,True,0.0024576187133789062,PASS,7,Output should not change drastically under visibility degradation.,Consistent,0.1366666666666667
DarkVisibilityRelation,0.4125,-1.6333321332931519,-1.635219931602478,0.0018877983093261719,0.11557950248152767,True,0.002467632293701172,0.15107954668903906,True,0.0018877983093261719,PASS,7,Output should not change drastically under visibility degradation.,Consistent,0.1366666666666667
DarkVisibilityRelation,0.775,-1.6333321332931519,-1.6343272924423218,0.0009951591491699219,0.060928118635753536,True,0.002467632293701172,0.15107954668903906,True,0.0009951591491699219,PASS,7,Output should not change drastically under visibility degradation.,Consistent,0.1366666666666667
DarkVisibilityRelation,1.1375,-1.6333321332931519,-1.6333221197128296,1.0013580322265625e-05,0.0006130764213468252,True,0.002467632293701172,0.15107954668903906,True,1.0013580322265625e-05,PASS,7,Output should not change drastically under visibility degradation.,Consistent,0.1366666666666667
DarkVisibilityRelation,1.5,-1.6333321332931519,-1.6333471536636353,1.5020370483398438e-05,0.0009196146320202378,True,0.002467632293701172,0.15107954668903906,True,1.5020370483398438e-05,PASS,7,Output should not change drastically under visibility degradation.,Consistent,0.1366666666666667
DustRelation,0.0,-1.6333321332931519,-1.6333321332931519,0.0,0.0,True,0.00041484832763671875,0.0253988803129399,True,0.0,PASS,7,Dust should not significantly affect prediction.,Consistent,0.1366666666666667
DustRelation,0.375,-1.6333321332931519,-1.6333531141281128,2.09808349609375e-05,0.00128454107329811,True,0.00041484832763671875,0.0253988803129399,True,2.09808349609375e-05,PASS,7,Dust should not significantly affect prediction.,Consistent,0.1366666666666667
DustRelation,0.75,-1.6333321332931519,-1.6332039833068848,0.00012814998626708984,0.00784591848747425,True,0.00041484832763671875,0.0253988803129399,True,0.00012814998626708984,PASS,7,Dust should not significantly affect prediction.,Consistent,0.1366666666666667
DustRelation,1.125,-1.6333321332931519,-1.633107304573059,0.00022482872009277344,0.013765025365001337,True,0.00041484832763671875,0.0253988803129399,True,0.00022482872009277344,PASS,7,Dust should not significantly affect prediction.,Consistent,0.1366666666666667
DustRelation,1.5,-1.6333321332931519,-1.632938265800476,0.00039386749267578125,0.02411433923964179,True,0.00041484832763671875,0.0253988803129399,True,0.00039386749267578125,PASS,7,Dust should not significantly affect prediction.,Consistent,0.1366666666666667
FogRelation,0.0,-1.6333321332931519,-1.6332616806030273,7.045269012451172e-05,0.0043134305359044485,True,0.0014666318893432617,0.08979380014083321,True,7.045269012451172e-05,PASS,7,Fog should not significantly affect prediction.,Consistent,0.1366666666666667
FogRelation,0.375,-1.6333321332931519,-1.634086012840271,0.0007538795471191406,0.046155896292825266,True,0.0014666318893432617,0.08979380014083321,True,0.0007538795471191406,PASS,7,Fog should not significantly affect prediction.,Consistent,0.1366666666666667
FogRelation,0.75,-1.6333321332931519,-1.6345226764678955,0.0011905431747436523,0.07289040738084218,True,0.0014666318893432617,0.08979380014083321,True,0.0011905431747436523,PASS,7,Fog should not significantly affect prediction.,Consistent,0.1366666666666667
FogRelation,1.125,-1.6333321332931519,-1.6347074508666992,0.0013753175735473633,0.08420312706045621,True,0.0014666318893432617,0.08979380014083321,True,0.0013753175735473633,PASS,7,Fog should not significantly affect prediction.,Consistent,0.1366666666666667
FogRelation,1.5,-1.6333321332931519,-1.6347283124923706,0.00139617919921875,0.08548036960492876,True,0.0014666318893432617,0.08979380014083321,True,0.00139617919921875,PASS,7,Fog should not significantly affect prediction.,Consistent,0.1366666666666667
HazeRelation,0.0,-1.6333321332931519,-1.6333321332931519,0.0,0.0,True,0.002349257469177246,0.14383210756526052,True,0.0,PASS,7,Haze should not significantly affect prediction.,Consistent,0.1366666666666667
HazeRelation,0.375,-1.6333321332931519,-1.6327581405639648,0.0005739927291870117,0.035142416295059084,True,0.002349257469177246,0.14383210756526052,True,0.0005739927291870117,PASS,7,Haze should not significantly affect prediction.,Consistent,0.1366666666666667
HazeRelation,0.75,-1.6333321332931519,-1.6321667432785034,0.0011653900146484375,0.07135041779864956,True,0.002349257469177246,0.14383210756526052,True,0.0011653900146484375,PASS,7,Haze should not significantly affect prediction.,Consistent,0.1366666666666667
HazeRelation,1.125,-1.6333321332931519,-1.631575107574463,0.0017570257186889648,0.10757301635989115,True,0.002349257469177246,0.14383210756526052,True,0.0017570257186889648,PASS,7,Haze should not significantly affect prediction.,Consistent,0.1366666666666667
HazeRelation,1.5,-1.6333321332931519,-1.6309828758239746,0.002349257469177246,0.14383210756526052,True,0.002349257469177246,0.14383210756526052,True,0.002349257469177246,PASS,7,Haze should not significantly affect prediction.,Consistent,0.1366666666666667
NoiseRelation,0.0,-1.6333321332931519,-1.6333425045013428,1.0371208190917969e-05,0.0006349720078234975,True,0.0019588470458984375,0.11992942566155991,True,1.0371208190917969e-05,PASS,7,Noise should not significantly affect prediction.,Consistent,0.1366666666666667
NoiseRelation,37.5,-1.6333321332931519,-1.633042335510254,0.0002897977828979492,0.017742723574930144,True,0.0019588470458984375,0.11992942566155991,True,0.0002897977828979492,PASS,7,Noise should not significantly affect prediction.,Consistent,0.1366666666666667
NoiseRelation,75.0,-1.6333321332931519,-1.6327471733093262,0.0005849599838256836,0.03581388094701037,True,0.0019588470458984375,0.11992942566155991,True,0.0005849599838256836,PASS,7,Noise should not significantly affect prediction.,Consistent,0.1366666666666667
NoiseRelation,112.5,-1.6333321332931519,-1.6313836574554443,0.0019484758377075195,0.11929445365373641,True,0.0019588470458984375,0.11992942566155991,True,0.0019484758377075195,PASS,7,Noise should not significantly affect prediction.,Consistent,0.1366666666666667
NoiseRelation,150.0,-1.6333321332931519,-1.6316322088241577,0.0016999244689941406,0.10407702105244913,True,0.0019588470458984375,0.11992942566155991,True,0.0016999244689941406,PASS,7,Noise should not significantly affect prediction.,Consistent,0.1366666666666667
RainRelation,0.0,-1.6333321332931519,-1.6333321332931519,0.0,0.0,True,0.0055468082427978516,0.3396005462531878,True,0.0,PASS,7,Rain should not significantly affect prediction.,Consistent,0.1366666666666667
RainRelation,0.375,-1.6333321332931519,-1.6336413621902466,0.00030922889709472656,0.018932383773496007,True,0.0055468082427978516,0.3396005462531878,True,0.00030922889709472656,PASS,7,Rain should not significantly affect prediction.,Consistent,0.1366666666666667
RainRelation,0.75,-1.6333321332931519,-1.6348991394042969,0.0015670061111450195,0.09593916141195258,True,0.0055468082427978516,0.3396005462531878,True,0.0015670061111450195,PASS,7,Rain should not significantly affect prediction.,Consistent,0.1366666666666667
RainRelation,1.125,-1.6333321332931519,-1.6366525888442993,0.003320455551147461,0.20329322190707702,True,0.0055468082427978516,0.3396005462531878,True,0.003320455551147461,PASS,7,Rain should not significantly affect prediction.,Consistent,0.1366666666666667
RainRelation,1.5,-1.6333321332931519,-1.6388789415359497,0.0055468082427978516,0.3396005462531878,True,0.0055468082427978516,0.3396005462531878,True,0.0055468082427978516,PASS,7,Rain should not significantly affect prediction.,Consistent,0.1366666666666667
RotationRelation,-60.0,-1.6333321332931519,-1.6330816745758057,0.0002504587173461914,0.015334209062496188,True,0.0005320310592651367,0.03257333414846287,True,0.0002504587173461914,PASS,7,Small rotation should not significantly change output.,Consistent,0.1366666666666667
RotationRelation,-30.0,-1.6333321332931519,-1.633484125137329,0.0001519918441772461,0.00930562425258574,True,0.0005320310592651367,0.03257333414846287,True,0.0001519918441772461,PASS,7,Small rotation should not significantly change output.,Consistent,0.1366666666666667
RotationRelation,0.0,-1.6333321332931519,-1.6333341598510742,2.0265579223632812e-06,0.00012407499003447652,True,0.0005320310592651367,0.03257333414846287,True,2.0265579223632812e-06,PASS,7,Small rotation should not significantly change output.,Consistent,0.1366666666666667
RotationRelation,30.0,-1.6333321332931519,-1.632999300956726,0.00033283233642578125,0.02037749248095638,True,0.0005320310592651367,0.03257333414846287,True,0.00033283233642578125,PASS,7,Small rotation should not significantly change output.,Consistent,0.1366666666666667
RotationRelation,60.0,-1.6333321332931519,-1.6335313320159912,0.00019919872283935547,0.012195841667506487,True,0.0005320310592651367,0.03257333414846287,True,0.00019919872283935547,PASS,7,Small rotation should not significantly change output.,Consistent,0.1366666666666667
SandstormRelation,0.0,-1.6333321332931519,-1.6333227157592773,9.417533874511719e-06,0.000576583777219038,True,0.0007594823837280273,0.04649892714762647,True,9.417533874511719e-06,PASS,7,Sandstorm should not significantly affect prediction.,Consistent,0.1366666666666667
SandstormRelation,0.375,-1.6333321332931519,-1.6335328817367554,0.00020074844360351562,0.012290722542238734,True,0.0007594823837280273,0.04649892714762647,True,0.00020074844360351562,PASS,7,Sandstorm should not significantly affect prediction.,Consistent,0.1366666666666667
SandstormRelation,0.75,-1.6333321332931519,-1.6340593099594116,0.0007271766662597656,0.044521025835900396,True,0.0007594823837280273,0.04649892714762647,True,0.0007271766662597656,PASS,7,Sandstorm should not significantly affect prediction.,Consistent,0.1366666666666667
SandstormRelation,1.125,-1.6333321332931519,-1.6339466571807861,0.0006145238876342773,0.03762391609574862,True,0.0007594823837280273,0.04649892714762647,True,0.0006145238876342773,PASS,7,Sandstorm should not significantly affect prediction.,Consistent,0.1366666666666667
SandstormRelation,1.5,-1.6333321332931519,-1.6340821981430054,0.0007500648498535156,0.04592234337040743,True,0.0007594823837280273,0.04649892714762647,True,0.0007500648498535156,PASS,7,Sandstorm should not significantly affect prediction.,Consistent,0.1366666666666667
SmokeRelation,0.0,-1.6333321332931519,-1.6333321332931519,0.0,0.0,True,0.0036243200302124023,0.22189717188342292,True,0.0,PASS,7,Smoke should not significantly affect prediction.,Consistent,0.1366666666666667
SmokeRelation,0.375,-1.6333321332931519,-1.6323641538619995,0.0009679794311523438,0.05926405406352644,True,0.0036243200302124023,0.22189717188342292,True,0.0009679794311523438,PASS,7,Smoke should not significantly affect prediction.,Consistent,0.1366666666666667
SmokeRelation,0.75,-1.6333321332931519,-1.6319035291671753,0.0014286041259765625,0.0874655694454804,True,0.0036243200302124023,0.22189717188342292,True,0.0014286041259765625,PASS,7,Smoke should not significantly affect prediction.,Consistent,0.1366666666666667
SmokeRelation,1.125,-1.6333321332931519,-1.6303914785385132,0.002940654754638672,0.18004010906885098,True,0.0036243200302124023,0.22189717188342292,True,0.002940654754638672,PASS,7,Smoke should not significantly affect prediction.,Consistent,0.1366666666666667
SmokeRelation,1.5,-1.6333321332931519,-1.6297078132629395,0.0036243200302124023,0.22189717188342292,True,0.0036243200302124023,0.22189717188342292,True,0.0036243200302124023,PASS,7,Smoke should not significantly affect prediction.,Consistent,0.1366666666666667
SnowRelation,0.0,-1.6333321332931519,-1.6333321332931519,0.0,0.0,True,0.0017930269241333008,0.10977717206520948,True,0.0,PASS,7,Snow should not significantly affect prediction.,Consistent,0.1366666666666667
SnowRelation,0.375,-1.6333321332931519,-1.6332437992095947,8.83340835571289e-05,0.005408209859738065,True,0.0017930269241333008,0.10977717206520948,True,8.83340835571289e-05,PASS,7,Snow should not significantly affect prediction.,Consistent,0.1366666666666667
SnowRelation,0.75,-1.6333321332931519,-1.6318637132644653,0.0014684200286865234,0.08990327807321657,True,0.0017930269241333008,0.10977717206520948,True,0.0014684200286865234,PASS,7,Snow should not significantly affect prediction.,Consistent,0.1366666666666667
SnowRelation,1.125,-1.6333321332931519,-1.6323301792144775,0.0010019540786743164,0.0613441347788103,True,0.0017930269241333008,0.10977717206520948,True,0.0010019540786743164,PASS,7,Snow should not significantly affect prediction.,Consistent,0.1366666666666667
SnowRelation,1.5,-1.6333321332931519,-1.6336567401885986,0.00032460689544677734,0.019873893991992915,True,0.0017930269241333008,0.10977717206520948,True,0.00032460689544677734,PASS,7,Snow should not significantly affect prediction.,Consistent,0.1366666666666667
TranslationRelation,0.0,-1.6333321332931519,-1.6333459615707397,1.3828277587890625e-05,0.0008466293437646633,True,0.0041800737380981445,0.25592291326817174,True,1.3828277587890625e-05,PASS,7,Small translation should preserve prediction consistency.,Consistent,0.1366666666666667
TranslationRelation,20.0,-1.6333321332931519,-1.6301326751708984,0.003199458122253418,0.1958852151491362,True,0.0041800737380981445,0.25592291326817174,True,0.003199458122253418,PASS,7,Small translation should preserve prediction consistency.,Consistent,0.1366666666666667
TranslationRelation,40.0,-1.6333321332931519,-1.6343127489089966,0.0009806156158447266,0.06003769811903552,True,0.0041800737380981445,0.25592291326817174,True,0.0009806156158447266,PASS,7,Small translation should preserve prediction consistency.,Consistent,0.1366666666666667
TranslationRelation,60.0,-1.6333321332931519,-1.633831262588501,0.0004991292953491211,0.030558940192609012,True,0.0041800737380981445,0.25592291326817174,True,0.0004991292953491211,PASS,7,Small translation should preserve prediction consistency.,Consistent,0.1366666666666667
TranslationRelation,80.0,-1.6333321332931519,-1.633152723312378,0.00017940998077392578,0.01098428588246395,True,0.0041800737380981445,0.25592291326817174,True,0.00017940998077392578,PASS,7,Small translation should preserve prediction consistency.,Consistent,0.1366666666666667
DarkVisibilityRelation,0.05,-1.6333321332931519,-1.633083462715149,0.0002486705780029297,0.015224731130112827,True,0.005012392997741699,0.3068812415282138,True,0.0002486705780029297,PASS,7,Output should not change drastically under visibility degradation.,Consistent,0.1366666666666667
DarkVisibilityRelation,0.4125,-1.6333321332931519,-1.6311819553375244,0.0021501779556274414,0.1316435644265796,True,0.005012392997741699,0.3068812415282138,True,0.0021501779556274414,PASS,7,Output should not change drastically under visibility degradation.,Consistent,0.1366666666666667
DarkVisibilityRelation,0.775,-1.6333321332931519,-1.6292710304260254,0.004061102867126465,0.24863898150026542,True,0.005012392997741699,0.3068812415282138,True,0.004061102867126465,PASS,7,Output should not change drastically under visibility degradation.,Consistent,0.1366666666666667
DarkVisibilityRelation,1.1375,-1.6333321332931519,-1.6280726194381714,0.005259513854980469,0.3220110917835943,True,0.005012392997741699,0.3068812415282138,True,0.005259513854980469,PASS,7,Output should not change drastically under visibility degradation.,Consistent,0.1366666666666667
DarkVisibilityRelation,1.5,-1.6333321332931519,-1.6280710697174072,0.005261063575744629,0.32210597265832663,True,0.005012392997741699,0.3068812415282138,True,0.005261063575744629,PASS,7,Output should not change drastically under visibility degradation.,Consistent,0.1366666666666667
TemporalSmoothnessRelation,0.0,-1.630487322807312,-1.63059401512146,0.00010669231414794922,0.0,True,,,,0.00010669231414794922,PASS,7,Predictions should change smoothly across consecutive frames.,Consistent,0.1366666666666667
BlurRelation,1.0,-1.6327346563339233,-1.632767915725708,3.325939178466797e-05,0.0020370346942350254,True,0.0009548664093017578,0.0584826089635217,True,3.325939178466797e-05,PASS,8,Blur should not significantly change output.,Consistent,0.1366666666666667
BlurRelation,8.5,-1.6327346563339233,-1.6328063011169434,7.164478302001953e-05,0.004388020972169356,True,0.0009548664093017578,0.0584826089635217,True,7.164478302001953e-05,PASS,8,Blur should not significantly change output.,Consistent,0.1366666666666667
BlurRelation,16.0,-1.6327346563339233,-1.6327950954437256,6.0439109802246094e-05,0.003701708207803433,True,0.0009548664093017578,0.0584826089635217,True,6.0439109802246094e-05,PASS,8,Blur should not significantly change output.,Consistent,0.1366666666666667
BlurRelation,23.5,-1.6327346563339233,-1.6327118873596191,2.276897430419922e-05,0.0013945291275945873,True,0.0009548664093017578,0.0584826089635217,True,2.276897430419922e-05,PASS,8,Blur should not significantly change output.,Consistent,0.1366666666666667
BlurRelation,31.0,-1.6327346563339233,-1.633666753768921,0.0009320974349975586,0.05708807983592711,True,0.0009548664093017578,0.0584826089635217,True,0.0009320974349975586,PASS,8,Blur should not significantly change output.,Consistent,0.1366666666666667
BrightnessRelation,0.1,-1.6327346563339233,-1.6365044116973877,0.0037697553634643555,0.2308858356121656,True,0.004380702972412109,0.2683044836693502,True,0.0037697553634643555,PASS,8,Output should remain approximately same under localized brightness change.,Consistent,0.1366666666666667
BrightnessRelation,0.825,-1.6327346563339233,-1.6321237087249756,0.0006109476089477539,0.03741864805718461,True,0.004380702972412109,0.2683044836693502,True,0.0006109476089477539,PASS,8,Output should remain approximately same under localized brightness change.,Consistent,0.1366666666666667
BrightnessRelation,1.55,-1.6327346563339233,-1.633194088935852,0.00045943260192871094,0.028138823339002826,True,0.004380702972412109,0.2683044836693502,True,0.00045943260192871094,PASS,8,Output should remain approximately same under localized brightness change.,Consistent,0.1366666666666667
BrightnessRelation,2.275,-1.6327346563339233,-1.632511019706726,0.00022363662719726562,0.013697050488834794,True,0.004380702972412109,0.2683044836693502,True,0.00022363662719726562,PASS,8,Output should remain approximately same under localized brightness change.,Consistent,0.1366666666666667
BrightnessRelation,3.0,-1.6327346563339233,-1.6330137252807617,0.0002790689468383789,0.017092108312559837,True,0.004380702972412109,0.2683044836693502,True,0.0002790689468383789,PASS,8,Output should remain approximately same under localized brightness change.,Consistent,0.1366666666666667
CompositeRelation,0.1,-1.6327346563339233,-1.6358261108398438,0.00309145450592041,0.18934200976916457,True,0.0066165924072265625,0.40524578375921455,True,0.00309145450592041,PASS,8,Prediction should remain approximately consistent under composite transformations.,Consistent,0.1366666666666667
CompositeRelation,0.44999999999999996,-1.6327346563339233,-1.631093978881836,0.0016406774520874023,0.10048641038264035,True,0.0066165924072265625,0.40524578375921455,True,0.0016406774520874023,PASS,8,Prediction should remain approximately consistent under composite transformations.,Consistent,0.1366666666666667
CompositeRelation,0.7999999999999999,-1.6327346563339233,-1.6292095184326172,0.0035251379013061523,0.21590377399004992,True,0.0066165924072265625,0.40524578375921455,True,0.0035251379013061523,PASS,8,Prediction should remain approximately consistent under composite transformations.,Consistent,0.1366666666666667
CompositeRelation,1.15,-1.6327346563339233,-1.6293526887893677,0.003381967544555664,0.20713503324533214,True,0.0066165924072265625,0.40524578375921455,True,0.003381967544555664,PASS,8,Prediction should remain approximately consistent under composite transformations.,Consistent,0.1366666666666667
CompositeRelation,1.5,-1.6327346563339233,-1.6297601461410522,0.0029745101928710938,0.18217953294104786,True,0.0066165924072265625,0.40524578375921455,True,0.0029745101928710938,PASS,8,Prediction should remain approximately consistent under composite transformations.,Consistent,0.1366666666666667
ContrastRelation,0.1,-1.6327346563339233,-1.632926344871521,0.00019168853759765625,0.011740328990429824,True,0.0002053976058959961,0.012579966946834942,True,0.00019168853759765625,PASS,8,Contrast change should not significantly affect output.,Consistent,0.1366666666666667
ContrastRelation,1.075,-1.6327346563339233,-1.632731318473816,3.337860107421875e-06,0.00020443358938559397,True,0.0002053976058959961,0.012579966946834942,True,3.337860107421875e-06,PASS,8,Contrast change should not significantly affect output.,Consistent,0.1366666666666667
ContrastRelation,2.05,-1.6327346563339233,-1.6328679323196411,0.00013327598571777344,0.00816274117618193,True,0.0002053976058959961,0.012579966946834942,True,0.00013327598571777344,PASS,8,Contrast change should not significantly affect output.,Consistent,0.1366666666666667
ContrastRelation,3.025,-1.6327346563339233,-1.632936716079712,0.00020205974578857422,0.012375533357449349,True,0.0002053976058959961,0.012579966946834942,True,0.00020205974578857422,PASS,8,Contrast change should not significantly affect output.,Consistent,0.1366666666666667
ContrastRelation,4.0,-1.6327346563339233,-1.63283371925354,9.906291961669922e-05,0.006067296884979592,True,0.0002053976058959961,0.012579966946834942,True,9.906291961669922e-05,PASS,8,Contrast change should not significantly affect output.,Consistent,0.1366666666666667
DarkVisibilityRelation,0.05,-1.6327346563339233,-1.635454773902893,0.0027201175689697266,0.16659877295001724,True,0.00275421142578125,0.16868691604159866,True,0.0027201175689697266,PASS,8,Output should not change drastically under visibility degradation.,Consistent,0.1366666666666667
DarkVisibilityRelation,0.4125,-1.6327346563339233,-1.6354944705963135,0.0027598142623901367,0.16903007242378162,True,0.00275421142578125,0.16868691604159866,True,0.0027598142623901367,PASS,8,Output should not change drastically under visibility degradation.,Consistent,0.1366666666666667
DarkVisibilityRelation,0.775,-1.6327346563339233,-1.6334834098815918,0.000748753547668457,0.045858834818961275,True,0.00275421142578125,0.16868691604159866,True,0.000748753547668457,PASS,8,Output should not change drastically under visibility degradation.,Consistent,0.1366666666666667
DarkVisibilityRelation,1.1375,-1.6327346563339233,-1.6327444314956665,9.775161743164062e-06,0.0005986983689149536,True,0.00275421142578125,0.16868691604159866,True,9.775161743164062e-06,PASS,8,Output should not change drastically under visibility degradation.,Consistent,0.1366666666666667
DarkVisibilityRelation,1.5,-1.6327346563339233,-1.6327402591705322,5.602836608886719e-06,0.0003431563821829613,True,0.00275421142578125,0.16868691604159866,True,5.602836608886719e-06,PASS,8,Output should not change drastically under visibility degradation.,Consistent,0.1366666666666667
DustRelation,0.0,-1.6327346563339233,-1.6327346563339233,0.0,0.0,True,0.0001093149185180664,0.006695200052378202,True,0.0,PASS,8,Dust should not significantly affect prediction.,Consistent,0.1366666666666667
DustRelation,0.375,-1.6327346563339233,-1.6327420473098755,7.3909759521484375e-06,0.0004526743764966723,True,0.0001093149185180664,0.006695200052378202,True,7.3909759521484375e-06,PASS,8,Dust should not significantly affect prediction.,Consistent,0.1366666666666667
DustRelation,0.75,-1.6327346563339233,-1.6326574087142944,7.724761962890625e-05,0.004731177354352317,True,0.0001093149185180664,0.006695200052378202,True,7.724761962890625e-05,PASS,8,Dust should not significantly affect prediction.,Consistent,0.1366666666666667
DustRelation,1.125,-1.6327346563339233,-1.6327667236328125,3.2067298889160156e-05,0.0019640226980258847,True,0.0001093149185180664,0.006695200052378202,True,3.2067298889160156e-05,PASS,8,Dust should not significantly affect prediction.,Consistent,0.1366666666666667
DustRelation,1.5,-1.6327346563339233,-1.6327377557754517,3.0994415283203125e-06,0.0001898311901437658,True,0.0001093149185180664,0.006695200052378202,True,3.0994415283203125e-06,PASS,8,Dust should not significantly affect prediction.,Consistent,0.1366666666666667
FogRelation,0.0,-1.6327346563339233,-1.6327922344207764,5.7578086853027344e-05,0.0035264794169014954,True,0.0002275705337524414,0.013937990076324958,True,5.7578086853027344e-05,PASS,8,Fog should not significantly affect prediction.,Consistent,0.1366666666666667
FogRelation,0.375,-1.6327346563339233,-1.6329656839370728,0.00023102760314941406,0.014149724865331465,True,0.0002275705337524414,0.013937990076324958,True,0.00023102760314941406,PASS,8,Fog should not significantly affect prediction.,Consistent,0.1366666666666667
FogRelation,0.75,-1.6327346563339233,-1.6330198049545288,0.00028514862060546875,0.017464469493226453,True,0.0002275705337524414,0.013937990076324958,True,0.00028514862060546875,PASS,8,Fog should not significantly affect prediction.,Consistent,0.1366666666666667
FogRelation,1.125,-1.6327346563339233,-1.6329898834228516,0.00025522708892822266,0.015631868388377025,True,0.0002275705337524414,0.013937990076324958,True,0.00025522708892822266,PASS,8,Fog should not significantly affect prediction.,Consistent,0.1366666666666667
FogRelation,1.5,-1.6327346563339233,-1.632896065711975,0.0001614093780517578,0.009885824286717651,True,0.0002275705337524414,0.013937990076324958,True,0.0001614093780517578,PASS,8,Fog should not significantly affect prediction.,Consistent,0.1366666666666667
HazeRelation,0.0,-1.6327346563339233,-1.6327346563339233,0.0,0.0,True,0.0020824670791625977,0.12754465617774788,True,0.0,PASS,8,Haze should not significantly affect prediction.,Consistent,0.1366666666666667
HazeRelation,0.375,-1.6327346563339233,-1.6322216987609863,0.0005129575729370117,0.03141706196879324,True,0.0020824670791625977,0.12754465617774788,True,0.0005129575729370117,PASS,8,Haze should not significantly affect prediction.,Consistent,0.1366666666666667
HazeRelation,0.75,-1.6327346563339233,-1.6316990852355957,0.0010355710983276367,0.06342552110688053,True,0.0020824670791625977,0.12754465617774788,True,0.0010355710983276367,PASS,8,Haze should not significantly affect prediction.,Consistent,0.1366666666666667
HazeRelation,1.125,-1.6327346563339233,-1.6311739683151245,0.0015606880187988281,0.095587305437007,True,0.0020824670791625977,0.12754465617774788,True,0.0015606880187988281,PASS,8,Haze should not significantly affect prediction.,Consistent,0.1366666666666667
HazeRelation,1.5,-1.6327346563339233,-1.6306521892547607,0.0020824670791625977,0.12754465617774788,True,0.0020824670791625977,0.12754465617774788,True,0.0020824670791625977,PASS,8,Haze should not significantly affect prediction.,Consistent,0.1366666666666667
NoiseRelation,0.0,-1.6327346563339233,-1.6327356100082397,9.5367431640625e-07,5.840959696731256e-05,True,0.0008963346481323242,0.05489771994965289,True,9.5367431640625e-07,PASS,8,Noise should not significantly affect prediction.,Consistent,0.1366666666666667
NoiseRelation,37.5,-1.6327346563339233,-1.6326912641525269,4.3392181396484375e-05,0.0026576366620127212,True,0.0008963346481323242,0.05489771994965289,True,4.3392181396484375e-05,PASS,8,Noise should not significantly affect prediction.,Consistent,0.1366666666666667
NoiseRelation,75.0,-1.6327346563339233,-1.6324480772018433,0.0002865791320800781,0.017552083888677423,True,0.0008963346481323242,0.05489771994965289,True,0.0002865791320800781,PASS,8,Noise should not significantly affect prediction.,Consistent,0.1366666666666667
NoiseRelation,112.5,-1.6327346563339233,-1.6323888301849365,0.0003458261489868164,0.021180780100271714,True,0.0008963346481323242,0.05489771994965289,True,0.0003458261489868164,PASS,8,Noise should not significantly affect prediction.,Consistent,0.1366666666666667
NoiseRelation,150.0,-1.6327346563339233,-1.6332851648330688,0.0005505084991455078,0.03371693984938118,True,0.0008963346481323242,0.05489771994965289,True,0.0005505084991455078,PASS,8,Noise should not significantly affect prediction.,Consistent,0.1366666666666667
RainRelation,0.0,-1.6327346563339233,-1.6327346563339233,0.0,0.0,True,0.008980393409729004,0.5500212710423196,True,0.0,PASS,8,Rain should not significantly affect prediction.,Consistent,0.1366666666666667
RainRelation,0.375,-1.6327346563339233,-1.634068489074707,0.0013338327407836914,0.08169312255840752,True,0.008980393409729004,0.5500212710423196,True,0.0013338327407836914,PASS,8,Rain should not significantly affect prediction.,Consistent,0.1366666666666667
RainRelation,0.75,-1.6327346563339233,-1.6357216835021973,0.0029870271682739258,0.18294615890124383,True,0.008980393409729004,0.5500212710423196,True,0.0029870271682739258,PASS,8,Rain should not significantly affect prediction.,Consistent,0.1366666666666667
RainRelation,1.125,-1.6327346563339233,-1.6376464366912842,0.00491178035736084,0.3008313279805224,True,0.008980393409729004,0.5500212710423196,True,0.00491178035736084,PASS,8,Rain should not significantly affect prediction.,Consistent,0.1366666666666667
RainRelation,1.5,-1.6327346563339233,-1.6286660432815552,0.004068613052368164,0.2491899430617972,True,0.008980393409729004,0.5500212710423196,True,0.004068613052368164,PASS,8,Rain should not significantly affect prediction.,Consistent,0.1366666666666667
RotationRelation,-60.0,-1.6327346563339233,-1.6322436332702637,0.000491023063659668,0.03007364123854505,True,0.001985311508178711,0.12159417848670291,True,0.000491023063659668,PASS,8,Small rotation should not significantly change output.,Consistent,0.1366666666666667
RotationRelation,-30.0,-1.6327346563339233,-1.63330078125,0.0005661249160766602,0.03467339699972092,True,0.001985311508178711,0.12159417848670291,True,0.0005661249160766602,PASS,8,Small rotation should not significantly change output.,Consistent,0.1366666666666667
RotationRelation,0.0,-1.6327346563339233,-1.6327334642410278,1.1920928955078125e-06,7.301199620914069e-05,True,0.001985311508178711,0.12159417848670291,True,1.1920928955078125e-06,PASS,8,Small rotation should not significantly change output.,Consistent,0.1366666666666667
RotationRelation,30.0,-1.6327346563339233,-1.6341193914413452,0.001384735107421875,0.08481073479653783,True,0.001985311508178711,0.12159417848670291,True,0.001384735107421875,PASS,8,Small rotation should not significantly change output.,Consistent,0.1366666666666667
RotationRelation,60.0,-1.6327346563339233,-1.6321340799331665,0.0006005764007568359,0.036783443690165084,True,0.001985311508178711,0.12159417848670291,True,0.0006005764007568359,PASS,8,Small rotation should not significantly change output.,Consistent,0.1366666666666667
SandstormRelation,0.0,-1.6327346563339233,-1.6327273845672607,7.271766662597656e-06,0.00044537317687575823,True,0.00032973289489746094,0.020195118151448314,True,7.271766662597656e-06,PASS,8,Sandstorm should not significantly affect prediction.,Consistent,0.1366666666666667
SandstormRelation,0.375,-1.6327346563339233,-1.6326415538787842,9.310245513916016e-05,0.005702236903933888,True,0.00032973289489746094,0.020195118151448314,True,9.310245513916016e-05,PASS,8,Sandstorm should not significantly affect prediction.,Consistent,0.1366666666666667
SandstormRelation,0.75,-1.6327346563339233,-1.6326242685317993,0.00011038780212402344,0.006760910848966429,True,0.00032973289489746094,0.020195118151448314,True,0.00011038780212402344,PASS,8,Sandstorm should not significantly affect prediction.,Consistent,0.1366666666666667
SandstormRelation,1.125,-1.6327346563339233,-1.632482886314392,0.00025177001953125,0.015420133599370516,True,0.00032973289489746094,0.020195118151448314,True,0.00025177001953125,PASS,8,Sandstorm should not significantly affect prediction.,Consistent,0.1366666666666667
SandstormRelation,1.5,-1.6327346563339233,-1.6323976516723633,0.0003370046615600586,0.020640491328324073,True,0.00032973289489746094,0.020195118151448314,True,0.0003370046615600586,PASS,8,Sandstorm should not significantly affect prediction.,Consistent,0.1366666666666667
SmokeRelation,0.0,-1.6327346563339233,-1.6327346563339233,0.0,0.0,True,0.00344240665435791,0.21083674145313558,True,0.0,PASS,8,Smoke should not significantly affect prediction.,Consistent,0.1366666666666667
SmokeRelation,0.375,-1.6327346563339233,-1.631872296333313,0.0008623600006103516,0.05281687805769238,True,0.00344240665435791,0.21083674145313558,True,0.0008623600006103516,PASS,8,Smoke should not significantly affect prediction.,Consistent,0.1366666666666667
SmokeRelation,0.75,-1.6327346563339233,-1.6309980154037476,0.0017366409301757812,0.10636387607747616,True,0.00344240665435791,0.21083674145313558,True,0.0017366409301757812,PASS,8,Smoke should not significantly affect prediction.,Consistent,0.1366666666666667
SmokeRelation,1.125,-1.6327346563339233,-1.63011634349823,0.0026183128356933594,0.1603635484737566,True,0.00344240665435791,0.21083674145313558,True,0.0026183128356933594,PASS,8,Smoke should not significantly affect prediction.,Consistent,0.1366666666666667
SmokeRelation,1.5,-1.6327346563339233,-1.6292922496795654,0.00344240665435791,0.21083674145313558,True,0.00344240665435791,0.21083674145313558,True,0.00344240665435791,PASS,8,Smoke should not significantly affect prediction.,Consistent,0.1366666666666667
SnowRelation,0.0,-1.6327346563339233,-1.6327346563339233,0.0,0.0,True,0.0006824731826782227,0.04179936782973305,True,0.0,PASS,8,Snow should not significantly affect prediction.,Consistent,0.1366666666666667
SnowRelation,0.375,-1.6327346563339233,-1.6325700283050537,0.0001646280288696289,0.010082956676482329,True,0.0006824731826782227,0.04179936782973305,True,0.0001646280288696289,PASS,8,Snow should not significantly affect prediction.,Consistent,0.1366666666666667
SnowRelation,0.75,-1.6327346563339233,-1.6320521831512451,0.0006824731826782227,0.04179936782973305,True,0.0006824731826782227,0.04179936782973305,True,0.0006824731826782227,PASS,8,Snow should not significantly affect prediction.,Consistent,0.1366666666666667
SnowRelation,1.125,-1.6327346563339233,-1.6324028968811035,0.0003317594528198242,0.020319238545003854,True,0.0006824731826782227,0.04179936782973305,True,0.0003317594528198242,PASS,8,Snow should not significantly affect prediction.,Consistent,0.1366666666666667
SnowRelation,1.5,-1.6327346563339233,-1.6326013803482056,0.00013327598571777344,0.00816274117618193,True,0.0006824731826782227,0.04179936782973305,True,0.00013327598571777344,PASS,8,Snow should not significantly affect prediction.,Consistent,0.1366666666666667
TranslationRelation,0.0,-1.6327346563339233,-1.6328004598617554,6.580352783203125e-05,0.004030262190744566,True,0.0038754940032958984,0.2373619996759164,True,6.580352783203125e-05,PASS,8,Small translation should preserve prediction consistency.,Consistent,0.1366666666666667
TranslationRelation,20.0,-1.6327346563339233,-1.6328736543655396,0.00013899803161621094,0.008513198757985806,True,0.0038754940032958984,0.2373619996759164,True,0.00013899803161621094,PASS,8,Small translation should preserve prediction consistency.,Consistent,0.1366666666666667
TranslationRelation,40.0,-1.6327346563339233,-1.630948543548584,0.0017861127853393555,0.10939387392015551,True,0.0038754940032958984,0.2373619996759164,True,0.0017861127853393555,PASS,8,Small translation should preserve prediction consistency.,Consistent,0.1366666666666667
TranslationRelation,60.0,-1.6327346563339233,-1.6348240375518799,0.002089381217956543,0.1279681257557609,True,0.0038754940032958984,0.2373619996759164,True,0.002089381217956543,PASS,8,Small translation should preserve prediction consistency.,Consistent,0.1366666666666667
TranslationRelation,80.0,-1.6327346563339233,-1.634686827659607,0.0019521713256835938,0.11956444499208879,True,0.0038754940032958984,0.2373619996759164,True,0.0019521713256835938,PASS,8,Small translation should preserve prediction consistency.,Consistent,0.1366666666666667
DarkVisibilityRelation,0.05,-1.6327346563339233,-1.6325123310089111,0.00022232532501220703,0.013616737293004739,True,0.004441261291503906,0.2720134930767746,True,0.00022232532501220703,PASS,8,Output should not change drastically under visibility degradation.,Consistent,0.1366666666666667
DarkVisibilityRelation,0.4125,-1.6327346563339233,-1.6308295726776123,0.0019050836563110352,0.11668047114182774,True,0.004441261291503906,0.2720134930767746,True,0.0019050836563110352,PASS,8,Output should not change drastically under visibility degradation.,Consistent,0.1366666666666667
DarkVisibilityRelation,0.775,-1.6327346563339233,-1.6291481256484985,0.0035865306854248047,0.21966389179482068,True,0.004441261291503906,0.2720134930767746,True,0.0035865306854248047,PASS,8,Output should not change drastically under visibility degradation.,Consistent,0.1366666666666667
DarkVisibilityRelation,1.1375,-1.6327346563339233,-1.6280710697174072,0.004663586616516113,0.2856302303697793,True,0.004441261291503906,0.2720134930767746,True,0.004663586616516113,PASS,8,Output should not change drastically under visibility degradation.,Consistent,0.1366666666666667
DarkVisibilityRelation,1.5,-1.6327346563339233,-1.6280710697174072,0.004663586616516113,0.2856302303697793,True,0.004441261291503906,0.2720134930767746,True,0.004663586616516113,PASS,8,Output should not change drastically under visibility degradation.,Consistent,0.1366666666666667
TemporalSmoothnessRelation,0.0,-1.630487322807312,-1.63059401512146,0.00010669231414794922,0.0,True,,,,0.00010669231414794922,PASS,8,Predictions should change smoothly across consecutive frames.,Consistent,0.1366666666666667
BlurRelation,1.0,-1.637725830078125,-1.6370288133621216,0.000697016716003418,0.04256001081512281,True,0.0014213323593139648,0.08678690079505888,True,0.000697016716003418,PASS,9,Blur should not significantly change output.,Consistent,0.1366666666666667
BlurRelation,8.5,-1.637725830078125,-1.6377432346343994,1.7404556274414062e-05,0.001062726454422427,True,0.0014213323593139648,0.08678690079505888,True,1.7404556274414062e-05,PASS,9,Blur should not significantly change output.,Consistent,0.1366666666666667
BlurRelation,16.0,-1.637725830078125,-1.637082815170288,0.0006430149078369141,0.039262647227086105,True,0.0014213323593139648,0.08678690079505888,True,0.0006430149078369141,PASS,9,Blur should not significantly change output.,Consistent,0.1366666666666667
BlurRelation,23.5,-1.637725830078125,-1.6378190517425537,9.322166442871094e-05,0.00569213758464615,True,0.0014213323593139648,0.08678690079505888,True,9.322166442871094e-05,PASS,9,Blur should not significantly change output.,Consistent,0.1366666666666667
BlurRelation,31.0,-1.637725830078125,-1.6384501457214355,0.0007243156433105469,0.044226889979936075,True,0.0014213323593139648,0.08678690079505888,True,0.0007243156433105469,PASS,9,Blur should not significantly change output.,Consistent,0.1366666666666667
BrightnessRelation,0.1,-1.637725830078125,-1.635899543762207,0.0018262863159179688,0.11151348823117521,True,0.003416895866394043,0.2086364956377399,True,0.0018262863159179688,PASS,9,Output should remain approximately same under localized brightness change.,Consistent,0.1366666666666667
BrightnessRelation,0.825,-1.637725830078125,-1.638020634651184,0.00029480457305908203,0.0180008391903196,True,0.003416895866394043,0.2086364956377399,True,0.00029480457305908203,PASS,9,Output should remain approximately same under localized brightness change.,Consistent,0.1366666666666667
BrightnessRelation,1.55,-1.637725830078125,-1.6357520818710327,0.001973748207092285,0.12051754730049401,True,0.003416895866394043,0.2086364956377399,True,0.001973748207092285,PASS,9,Output should remain approximately same under localized brightness change.,Consistent,0.1366666666666667
BrightnessRelation,2.275,-1.637725830078125,-1.6353389024734497,0.002386927604675293,0.1457463821705497,True,0.003416895866394043,0.2086364956377399,True,0.002386927604675293,PASS,9,Output should remain approximately same under localized brightness change.,Consistent,0.1366666666666667
BrightnessRelation,3.0,-1.637725830078125,-1.6387557983398438,0.00102996826171875,0.0628901134671902,True,0.003416895866394043,0.2086364956377399,True,0.00102996826171875,PASS,9,Output should remain approximately same under localized brightness change.,Consistent,0.1366666666666667
CompositeRelation,0.1,-1.637725830078125,-1.636361002922058,0.0013648271560668945,0.08333667929234498,True,0.0068874359130859375,0.42054851801856263,True,0.0013648271560668945,PASS,9,Prediction should remain approximately consistent under composite transformations.,Consistent,0.1366666666666667
CompositeRelation,0.44999999999999996,-1.637725830078125,-1.6364542245864868,0.0012716054916381836,0.07764454170769883,True,0.0068874359130859375,0.42054851801856263,True,0.0012716054916381836,PASS,9,Prediction should remain approximately consistent under composite transformations.,Consistent,0.1366666666666667
CompositeRelation,0.7999999999999999,-1.637725830078125,-1.6295667886734009,0.008159041404724121,0.49819305972626143,True,0.0068874359130859375,0.42054851801856263,True,0.008159041404724121,PASS,9,Prediction should remain approximately consistent under composite transformations.,Consistent,0.1366666666666667
CompositeRelation,1.15,-1.637725830078125,-1.6321452856063843,0.005580544471740723,0.3407494076087471,True,0.0068874359130859375,0.42054851801856263,True,0.005580544471740723,PASS,9,Prediction should remain approximately consistent under composite transformations.,Consistent,0.1366666666666667
CompositeRelation,1.5,-1.637725830078125,-1.635749101638794,0.0019767284393310547,0.12069952100844306,True,0.0068874359130859375,0.42054851801856263,True,0.0019767284393310547,PASS,9,Prediction should remain approximately consistent under composite transformations.,Consistent,0.1366666666666667
ContrastRelation,0.1,-1.637725830078125,-1.637990117073059,0.00026428699493408203,0.016137428420921373,True,0.0006240606307983398,0.038105294444530174,True,0.00026428699493408203,PASS,9,Contrast change should not significantly affect output.,Consistent,0.1366666666666667
ContrastRelation,1.075,-1.637725830078125,-1.6377148628234863,1.0967254638671875e-05,0.0006696632452524883,True,0.0006240606307983398,0.038105294444530174,True,1.0967254638671875e-05,PASS,9,Contrast change should not significantly affect output.,Consistent,0.1366666666666667
ContrastRelation,2.05,-1.637725830078125,-1.637736201286316,1.0371208190917969e-05,0.000633268503662679,True,0.0006240606307983398,0.038105294444530174,True,1.0371208190917969e-05,PASS,9,Contrast change should not significantly affect output.,Consistent,0.1366666666666667
ContrastRelation,3.025,-1.637725830078125,-1.6373660564422607,0.0003597736358642578,0.0219678660236088,True,0.0006240606307983398,0.038105294444530174,True,0.0003597736358642578,PASS,9,Contrast change should not significantly affect output.,Consistent,0.1366666666666667
ContrastRelation,4.0,-1.637725830078125,-1.6374821662902832,0.00024366378784179688,0.014878170361913978,True,0.0006240606307983398,0.038105294444530174,True,0.00024366378784179688,PASS,9,Contrast change should not significantly affect output.,Consistent,0.1366666666666667
DarkVisibilityRelation,0.05,-1.637725830078125,-1.6358343362808228,0.001891493797302246,0.11549507296110034,True,0.0070002079010009766,0.4274344031273545,True,0.001891493797302246,PASS,9,Output should not change drastically under visibility degradation.,Consistent,0.1366666666666667
DarkVisibilityRelation,0.4125,-1.637725830078125,-1.6428345441818237,0.0051087141036987305,0.31193933016625414,True,0.0070002079010009766,0.4274344031273545,True,0.0051087141036987305,PASS,9,Output should not change drastically under visibility degradation.,Consistent,0.1366666666666667
DarkVisibilityRelation,0.775,-1.637725830078125,-1.636253833770752,0.0014719963073730469,0.08988045383019266,True,0.0070002079010009766,0.4274344031273545,True,0.0014719963073730469,PASS,9,Output should not change drastically under visibility degradation.,Consistent,0.1366666666666667
DarkVisibilityRelation,1.1375,-1.637725830078125,-1.6377440690994263,1.823902130126953e-05,0.0011136790926481598,True,0.0070002079010009766,0.4274344031273545,True,1.823902130126953e-05,PASS,9,Output should not change drastically under visibility degradation.,Consistent,0.1366666666666667
DarkVisibilityRelation,1.5,-1.637725830078125,-1.6377328634262085,7.033348083496094e-06,0.0004294579507597479,True,0.0070002079010009766,0.4274344031273545,True,7.033348083496094e-06,PASS,9,Output should not change drastically under visibility degradation.,Consistent,0.1366666666666667
DustRelation,0.0,-1.637725830078125,-1.637725830078125,0.0,0.0,True,0.0002841949462890625,0.017353012790021,True,0.0,PASS,9,Dust should not significantly affect prediction.,Consistent,0.1366666666666667
DustRelation,0.375,-1.637725830078125,-1.6377369165420532,1.1086463928222656e-05,0.0006769421935704501,True,0.0002841949462890625,0.017353012790021,True,1.1086463928222656e-05,PASS,9,Dust should not significantly affect prediction.,Consistent,0.1366666666666667
DustRelation,0.75,-1.637725830078125,-1.6377313137054443,5.4836273193359375e-06,0.00033483162262624413,True,0.0002841949462890625,0.017353012790021,True,5.4836273193359375e-06,PASS,9,Dust should not significantly affect prediction.,Consistent,0.1366666666666667
DustRelation,1.125,-1.637725830078125,-1.6378263235092163,0.0001004934310913086,0.006136153432041822,True,0.0002841949462890625,0.017353012790021,True,0.0001004934310913086,PASS,9,Dust should not significantly affect prediction.,Consistent,0.1366666666666667
DustRelation,1.5,-1.637725830078125,-1.6375421285629272,0.0001837015151977539,0.011216859357979178,True,0.0002841949462890625,0.017353012790021,True,0.0001837015151977539,PASS,9,Dust should not significantly affect prediction.,Consistent,0.1366666666666667
FogRelation,0.0,-1.637725830078125,-1.6378533840179443,0.00012755393981933594,0.007788474700219156,True,0.00289154052734375,0.17655817040048213,True,0.00012755393981933594,PASS,9,Fog should not significantly affect prediction.,Consistent,0.1366666666666667
FogRelation,0.375,-1.637725830078125,-1.6369482278823853,0.0007776021957397461,0.04748057987806501,True,0.00289154052734375,0.17655817040048213,True,0.0007776021957397461,PASS,9,Fog should not significantly affect prediction.,Consistent,0.1366666666666667
FogRelation,0.75,-1.637725830078125,-1.6361877918243408,0.0015380382537841797,0.09391299119834351,True,0.00289154052734375,0.17655817040048213,True,0.0015380382537841797,PASS,9,Fog should not significantly affect prediction.,Consistent,0.1366666666666667
FogRelation,1.125,-1.637725830078125,-1.6355293989181519,0.0021964311599731445,0.1341146227584467,True,0.00289154052734375,0.17655817040048213,True,0.0021964311599731445,PASS,9,Fog should not significantly affect prediction.,Consistent,0.1366666666666667
FogRelation,1.5,-1.637725830078125,-1.6349618434906006,0.002763986587524414,0.16876969570026296,True,0.00289154052734375,0.17655817040048213,True,0.002763986587524414,PASS,9,Fog should not significantly affect prediction.,Consistent,0.1366666666666667
HazeRelation,0.0,-1.637725830078125,-1.637725830078125,0.0,0.0,True,0.004326224327087402,0.2641603134071527,True,0.0,PASS,9,Haze should not significantly affect prediction.,Consistent,0.1366666666666667
HazeRelation,0.375,-1.637725830078125,-1.6366584300994873,0.0010673999786376953,0.06517570323903021,True,0.004326224327087402,0.2641603134071527,True,0.0010673999786376953,PASS,9,Haze should not significantly affect prediction.,Consistent,0.1366666666666667
HazeRelation,0.75,-1.637725830078125,-1.6355715990066528,0.002154231071472168,0.1315378750538882,True,0.004326224327087402,0.2641603134071527,True,0.002154231071472168,PASS,9,Haze should not significantly affect prediction.,Consistent,0.1366666666666667
HazeRelation,1.125,-1.637725830078125,-1.6344906091690063,0.0032352209091186523,0.19754337840116606,True,0.004326224327087402,0.2641603134071527,True,0.0032352209091186523,PASS,9,Haze should not significantly affect prediction.,Consistent,0.1366666666666667
HazeRelation,1.5,-1.637725830078125,-1.6333996057510376,0.004326224327087402,0.2641603134071527,True,0.004326224327087402,0.2641603134071527,True,0.004326224327087402,PASS,9,Haze should not significantly affect prediction.,Consistent,0.1366666666666667
NoiseRelation,0.0,-1.637725830078125,-1.6377010345458984,2.47955322265625e-05,0.0015140212501360602,True,0.0018296241760253906,0.11171729878407814,True,2.47955322265625e-05,PASS,9,Noise should not significantly affect prediction.,Consistent,0.1366666666666667
NoiseRelation,37.5,-1.637725830078125,-1.6366108655929565,0.001114964485168457,0.06808000361789698,True,0.0018296241760253906,0.11171729878407814,True,0.001114964485168457,PASS,9,Noise should not significantly affect prediction.,Consistent,0.1366666666666667
NoiseRelation,75.0,-1.637725830078125,-1.6366991996765137,0.0010266304016113281,0.06268630291428727,True,0.0018296241760253906,0.11171729878407814,True,0.0010266304016113281,PASS,9,Noise should not significantly affect prediction.,Consistent,0.1366666666666667
NoiseRelation,112.5,-1.637725830078125,-1.6365107297897339,0.0012151002883911133,0.07419432020498493,True,0.0018296241760253906,0.11171729878407814,True,0.0012151002883911133,PASS,9,Noise should not significantly affect prediction.,Consistent,0.1366666666666667
NoiseRelation,150.0,-1.637725830078125,-1.635871410369873,0.0018544197082519531,0.1132313200342142,True,0.0018296241760253906,0.11171729878407814,True,0.0018544197082519531,PASS,9,Noise should not significantly affect prediction.,Consistent,0.1366666666666667
RainRelation,0.0,-1.637725830078125,-1.637725830078125,0.0,0.0,True,0.004946589469909668,0.3020399604538261,True,0.0,PASS,9,Rain should not significantly affect prediction.,Consistent,0.1366666666666667
RainRelation,0.375,-1.637725830078125,-1.637001633644104,0.0007241964340209961,0.04421961103161811,True,0.004946589469909668,0.3020399604538261,True,0.0007241964340209961,PASS,9,Rain should not significantly affect prediction.,Consistent,0.1366666666666667
RainRelation,0.75,-1.637725830078125,-1.6354095935821533,0.0023162364959716797,0.14142996581799833,True,0.004946589469909668,0.3020399604538261,True,0.0023162364959716797,PASS,9,Rain should not significantly affect prediction.,Consistent,0.1366666666666667
RainRelation,1.125,-1.637725830078125,-1.6345504522323608,0.00317537784576416,0.19388934634554922,True,0.004946589469909668,0.3020399604538261,True,0.00317537784576416,PASS,9,Rain should not significantly affect prediction.,Consistent,0.1366666666666667
RainRelation,1.5,-1.637725830078125,-1.6394970417022705,0.0017712116241455078,0.10815061410827687,True,0.004946589469909668,0.3020399604538261,True,0.0017712116241455078,PASS,9,Rain should not significantly affect prediction.,Consistent,0.1366666666666667
RotationRelation,-60.0,-1.637725830078125,-1.6365281343460083,0.0011976957321166992,0.0731315937505625,True,0.001810312271118164,0.11053810915656834,True,0.0011976957321166992,PASS,9,Small rotation should not significantly change output.,Consistent,0.1366666666666667
RotationRelation,-30.0,-1.637725830078125,-1.6383384466171265,0.0006126165390014648,0.037406515406005834,True,0.001810312271118164,0.11053810915656834,True,0.0006126165390014648,PASS,9,Small rotation should not significantly change output.,Consistent,0.1366666666666667
RotationRelation,0.0,-1.637725830078125,-1.6377249956130981,8.344650268554688e-07,5.0952638225732805e-05,True,0.001810312271118164,0.11053810915656834,True,8.344650268554688e-07,PASS,9,Small rotation should not significantly change output.,Consistent,0.1366666666666667
RotationRelation,30.0,-1.637725830078125,-1.6373094320297241,0.0004163980484008789,0.025425366474640665,True,0.001810312271118164,0.11053810915656834,True,0.0004163980484008789,PASS,9,Small rotation should not significantly change output.,Consistent,0.1366666666666667
RotationRelation,60.0,-1.637725830078125,-1.6374579668045044,0.00026786327362060547,0.016355796870460227,True,0.001810312271118164,0.11053810915656834,True,0.00026786327362060547,PASS,9,Small rotation should not significantly change output.,Consistent,0.1366666666666667
SandstormRelation,0.0,-1.637725830078125,-1.6377874612808228,6.16312026977539e-05,0.0037632162803862656,True,0.0031522512435913086,0.19247723037186462,True,6.16312026977539e-05,PASS,9,Sandstorm should not significantly affect prediction.,Consistent,0.1366666666666667
SandstormRelation,0.375,-1.637725830078125,-1.6367125511169434,0.0010132789611816406,0.06187106070267554,True,0.0031522512435913086,0.19247723037186462,True,0.0010132789611816406,PASS,9,Sandstorm should not significantly affect prediction.,Consistent,0.1366666666666667
SandstormRelation,0.75,-1.637725830078125,-1.6360405683517456,0.0016852617263793945,0.10290249237102637,True,0.0031522512435913086,0.19247723037186462,True,0.0016852617263793945,PASS,9,Sandstorm should not significantly affect prediction.,Consistent,0.1366666666666667
SandstormRelation,1.125,-1.637725830078125,-1.6351473331451416,0.0025784969329833984,0.15744365211751438,True,0.0031522512435913086,0.19247723037186462,True,0.0025784969329833984,PASS,9,Sandstorm should not significantly affect prediction.,Consistent,0.1366666666666667
SandstormRelation,1.5,-1.637725830078125,-1.6346352100372314,0.0030906200408935547,0.18871401409147837,True,0.0031522512435913086,0.19247723037186462,True,0.0030906200408935547,PASS,9,Sandstorm should not significantly affect prediction.,Consistent,0.1366666666666667
SmokeRelation,0.0,-1.637725830078125,-1.637725830078125,0.0,0.0,True,0.007231473922729492,0.44155556286420045,True,0.0,PASS,9,Smoke should not significantly affect prediction.,Consistent,0.1366666666666667
SmokeRelation,0.375,-1.637725830078125,-1.6359323263168335,0.001793503761291504,0.10951177744373572,True,0.007231473922729492,0.44155556286420045,True,0.001793503761291504,PASS,9,Smoke should not significantly affect prediction.,Consistent,0.1366666666666667
SmokeRelation,0.75,-1.637725830078125,-1.6341214179992676,0.003604412078857422,0.22008628134189387,True,0.007231473922729492,0.44155556286420045,True,0.003604412078857422,PASS,9,Smoke should not significantly affect prediction.,Consistent,0.1366666666666667
SmokeRelation,1.125,-1.637725830078125,-1.6330326795578003,0.004693150520324707,0.2865649163298392,True,0.007231473922729492,0.44155556286420045,True,0.004693150520324707,PASS,9,Smoke should not significantly affect prediction.,Consistent,0.1366666666666667
SmokeRelation,1.5,-1.637725830078125,-1.6304943561553955,0.007231473922729492,0.44155556286420045,True,0.007231473922729492,0.44155556286420045,True,0.007231473922729492,PASS,9,Smoke should not significantly affect prediction.,Consistent,0.1366666666666667
SnowRelation,0.0,-1.637725830078125,-1.637725830078125,0.0,0.0,True,0.001989603042602539,0.12148564742678293,True,0.0,PASS,9,Snow should not significantly affect prediction.,Consistent,0.1366666666666667
SnowRelation,0.375,-1.637725830078125,-1.6376140117645264,0.00011181831359863281,0.006827653522248196,True,0.001989603042602539,0.12148564742678293,True,0.00011181831359863281,PASS,9,Snow should not significantly affect prediction.,Consistent,0.1366666666666667
SnowRelation,0.75,-1.637725830078125,-1.637239933013916,0.0004858970642089844,0.029668993344012413,True,0.001989603042602539,0.12148564742678293,True,0.0004858970642089844,PASS,9,Snow should not significantly affect prediction.,Consistent,0.1366666666666667
SnowRelation,1.125,-1.637725830078125,-1.6367148160934448,0.0010110139846801758,0.06173276068463427,True,0.001989603042602539,0.12148564742678293,True,0.0010110139846801758,PASS,9,Snow should not significantly affect prediction.,Consistent,0.1366666666666667
SnowRelation,1.5,-1.637725830078125,-1.6357362270355225,0.001989603042602539,0.12148564742678293,True,0.001989603042602539,0.12148564742678293,True,0.001989603042602539,PASS,9,Snow should not significantly affect prediction.,Consistent,0.1366666666666667
TranslationRelation,0.0,-1.637725830078125,-1.6376113891601562,0.00011444091796875,0.006987790385243355,True,0.007868170738220215,0.48043242583043455,True,0.00011444091796875,PASS,9,Small translation should preserve prediction consistency.,Consistent,0.1366666666666667
TranslationRelation,20.0,-1.637725830078125,-1.6417603492736816,0.004034519195556641,0.24634872687310014,True,0.007868170738220215,0.48043242583043455,True,0.004034519195556641,PASS,9,Small translation should preserve prediction consistency.,Consistent,0.1366666666666667
TranslationRelation,40.0,-1.637725830078125,-1.6370420455932617,0.0006837844848632812,0.04175204755182905,True,0.007868170738220215,0.48043242583043455,True,0.0006837844848632812,PASS,9,Small translation should preserve prediction consistency.,Consistent,0.1366666666666667
TranslationRelation,60.0,-1.637725830078125,-1.6338921785354614,0.0038336515426635742,0.23408369895733444,True,0.007868170738220215,0.48043242583043455,True,0.0038336515426635742,PASS,9,Small translation should preserve prediction consistency.,Consistent,0.1366666666666667
TranslationRelation,80.0,-1.637725830078125,-1.6357654333114624,0.0019603967666625977,0.11970230508888226,True,0.007868170738220215,0.48043242583043455,True,0.0019603967666625977,PASS,9,Small translation should preserve prediction consistency.,Consistent,0.1366666666666667
DarkVisibilityRelation,0.05,-1.637725830078125,-1.637256145477295,0.0004696846008300781,0.028679056372769608,True,0.009185075759887695,0.5608429678989589,True,0.0004696846008300781,PASS,9,Output should not change drastically under visibility degradation.,Consistent,0.1366666666666667
DarkVisibilityRelation,0.4125,-1.637725830078125,-1.6337597370147705,0.003966093063354492,0.24217061053859007,True,0.009185075759887695,0.5608429678989589,True,0.003966093063354492,PASS,9,Output should not change drastically under visibility degradation.,Consistent,0.1366666666666667
DarkVisibilityRelation,0.775,-1.637725830078125,-1.630598783493042,0.007127046585083008,0.4351792041376659,True,0.009185075759887695,0.5608429678989589,True,0.007127046585083008,PASS,9,Output should not change drastically under visibility degradation.,Consistent,0.1366666666666667
DarkVisibilityRelation,1.1375,-1.637725830078125,-1.6280736923217773,0.009652137756347656,0.5893618874087334,True,0.009185075759887695,0.5608429678989589,True,0.009652137756347656,PASS,9,Output should not change drastically under visibility degradation.,Consistent,0.1366666666666667
DarkVisibilityRelation,1.5,-1.637725830078125,-1.6280710697174072,0.009654760360717773,0.5895220242717285,True,0.009185075759887695,0.5608429678989589,True,0.009654760360717773,PASS,9,Output should not change drastically under visibility degradation.,Consistent,0.1366666666666667
TemporalSmoothnessRelation,0.0,-1.630487322807312,-1.63059401512146,0.00010669231414794922,0.0,True,,,,0.00010669231414794922,PASS,9,Predictions should change smoothly across consecutive frames.,Consistent,0.1366666666666667
BlurRelation,1.0,-1.630487322807312,-1.6304619312286377,2.5391578674316406e-05,0.0015572990201241162,True,0.00011479854583740234,0.007040746274082271,True,2.5391578674316406e-05,PASS,0,Blur should not significantly change output.,Consistent,0.2
BlurRelation,8.5,-1.630487322807312,-1.6304022073745728,8.511543273925781e-05,0.0052202417857681645,True,0.00011479854583740234,0.007040746274082271,True,8.511543273925781e-05,PASS,0,Blur should not significantly change output.,Consistent,0.2
BlurRelation,16.0,-1.630487322807312,-1.6304042339324951,8.308887481689453e-05,0.005095950314678446,True,0.00011479854583740234,0.007040746274082271,True,8.308887481689453e-05,PASS,0,Blur should not significantly change output.,Consistent,0.2
BlurRelation,23.5,-1.630487322807312,-1.6305170059204102,2.968311309814453e-05,0.0018205044883141078,True,0.00011479854583740234,0.007040746274082271,True,2.968311309814453e-05,PASS,0,Blur should not significantly change output.,Consistent,0.2
BlurRelation,31.0,-1.630487322807312,-1.6304570436477661,3.0279159545898438e-05,0.0018570608033404953,True,0.00011479854583740234,0.007040746274082271,True,3.0279159545898438e-05,PASS,0,Blur should not significantly change output.,Consistent,0.2
BrightnessRelation,0.1,-1.630487322807312,-1.6287648677825928,0.0017224550247192383,0.10564043916325519,True,0.004768848419189453,0.29247976526312275,True,0.0017224550247192383,PASS,0,Output should remain approximately same under localized brightness change.,Consistent,0.2
BrightnessRelation,0.825,-1.630487322807312,-1.6304028034210205,8.45193862915039e-05,0.005183685470741777,True,0.004768848419189453,0.29247976526312275,True,8.45193862915039e-05,PASS,0,Output should remain approximately same under localized brightness change.,Consistent,0.2
BrightnessRelation,1.55,-1.630487322807312,-1.6277387142181396,0.0027486085891723633,0.16857579111268425,True,0.004768848419189453,0.29247976526312275,True,0.0027486085891723633,PASS,0,Output should remain approximately same under localized brightness change.,Consistent,0.2
BrightnessRelation,2.275,-1.630487322807312,-1.6305240392684937,3.6716461181640625e-05,0.002251869005625483,True,0.004768848419189453,0.29247976526312275,True,3.6716461181640625e-05,PASS,0,Output should remain approximately same under localized brightness change.,Consistent,0.2
BrightnessRelation,3.0,-1.630487322807312,-1.632507562637329,0.00202023983001709,0.1239039741504385,True,0.004768848419189453,0.29247976526312275,True,0.00202023983001709,PASS,0,Output should remain approximately same under localized brightness change.,Consistent,0.2
CompositeRelation,0.1,-1.630487322807312,-1.6309611797332764,0.00047385692596435547,0.029062270445978228,True,0.008129715919494629,0.4986062031709124,True,0.00047385692596435547,PASS,0,Prediction should remain approximately consistent under composite transformations.,Consistent,0.2
CompositeRelation,0.44999999999999996,-1.630487322807312,-1.6320534944534302,0.001566171646118164,0.09605537336333633,True,0.008129715919494629,0.4986062031709124,True,0.001566171646118164,PASS,0,Prediction should remain approximately consistent under composite transformations.,Consistent,0.2
CompositeRelation,0.7999999999999999,-1.630487322807312,-1.6362007856369019,0.005713462829589844,0.350414213316942,True,0.008129715919494629,0.4986062031709124,True,0.005713462829589844,PASS,0,Prediction should remain approximately consistent under composite transformations.,Consistent,0.2
CompositeRelation,1.15,-1.630487322807312,-1.6280710697174072,0.002416253089904785,0.14819198985397047,True,0.008129715919494629,0.4986062031709124,True,0.002416253089904785,PASS,0,Prediction should remain approximately consistent under composite transformations.,Consistent,0.2
CompositeRelation,1.5,-1.630487322807312,-1.6339811086654663,0.003493785858154297,0.21427849615867417,True,0.008129715919494629,0.4986062031709124,True,0.003493785858154297,PASS,0,Prediction should remain approximately consistent under composite transformations.,Consistent,0.2
ContrastRelation,0.1,-1.630487322807312,-1.6304548978805542,3.24249267578125e-05,0.001988663537435491,True,0.0007001161575317383,0.042939047629994995,True,3.24249267578125e-05,PASS,0,Contrast change should not significantly affect output.,Consistent,0.2
ContrastRelation,1.075,-1.630487322807312,-1.6305086612701416,2.1338462829589844e-05,0.00130871607794468,True,0.0007001161575317383,0.042939047629994995,True,2.1338462829589844e-05,PASS,0,Contrast change should not significantly affect output.,Consistent,0.2
ContrastRelation,2.05,-1.630487322807312,-1.630591869354248,0.00010454654693603516,0.006411977655628404,True,0.0007001161575317383,0.042939047629994995,True,0.00010454654693603516,PASS,0,Contrast change should not significantly affect output.,Consistent,0.2
ContrastRelation,3.025,-1.630487322807312,-1.631155014038086,0.0006676912307739258,0.04095038409255951,True,0.0007001161575317383,0.042939047629994995,True,0.0006676912307739258,PASS,0,Contrast change should not significantly affect output.,Consistent,0.2
ContrastRelation,4.0,-1.630487322807312,-1.6305352449417114,4.792213439941406e-05,0.0029391277281215714,True,0.0007001161575317383,0.042939047629994995,True,4.792213439941406e-05,PASS,0,Contrast change should not significantly affect output.,Consistent,0.2
DarkVisibilityRelation,0.05,-1.630487322807312,-1.6353460550308228,0.004858732223510742,0.29799245756910203,True,0.005398392677307129,0.33109054519399345,True,0.004858732223510742,PASS,0,Output should not change drastically under visibility degradation.,Consistent,0.2
DarkVisibilityRelation,0.4125,-1.630487322807312,-1.6358985900878906,0.005411267280578613,0.33188016159856343,True,0.005398392677307129,0.33109054519399345,True,0.005411267280578613,PASS,0,Output should not change drastically under visibility degradation.,Consistent,0.2
DarkVisibilityRelation,0.775,-1.630487322807312,-1.6334831714630127,0.0029958486557006836,0.18373935058562987,True,0.005398392677307129,0.33109054519399345,True,0.0029958486557006836,PASS,0,Output should not change drastically under visibility degradation.,Consistent,0.2
DarkVisibilityRelation,1.1375,-1.630487322807312,-1.6305001974105835,1.2874603271484375e-05,0.0007896164045699743,True,0.005398392677307129,0.33109054519399345,True,1.2874603271484375e-05,PASS,0,Output should not change drastically under visibility degradation.,Consistent,0.2
DarkVisibilityRelation,1.5,-1.630487322807312,-1.6305058002471924,1.8477439880371094e-05,0.0011332457658180188,True,0.005398392677307129,0.33109054519399345,True,1.8477439880371094e-05,PASS,0,Output should not change drastically under visibility degradation.,Consistent,0.2
DustRelation,0.0,-1.630487322807312,-1.630487322807312,0.0,0.0,True,0.00018227100372314453,0.01117892113506936,True,0.0,PASS,0,Dust should not significantly affect prediction.,Consistent,0.2
DustRelation,0.375,-1.630487322807312,-1.6305034160614014,1.609325408935547e-05,0.0009870205057124681,True,0.00018227100372314453,0.01117892113506936,True,1.609325408935547e-05,PASS,0,Dust should not significantly affect prediction.,Consistent,0.2
DustRelation,0.75,-1.630487322807312,-1.6304535865783691,3.3736228942871094e-05,0.002069087430493544,True,0.00018227100372314453,0.01117892113506936,True,3.3736228942871094e-05,PASS,0,Dust should not significantly affect prediction.,Consistent,0.2
DustRelation,1.125,-1.630487322807312,-1.6303324699401855,0.00015485286712646484,0.009497330643855526,True,0.00018227100372314453,0.01117892113506936,True,0.00015485286712646484,PASS,0,Dust should not significantly affect prediction.,Consistent,0.2
DustRelation,1.5,-1.630487322807312,-1.6303211450576782,0.00016617774963378906,0.010191900629356892,True,0.00018227100372314453,0.01117892113506936,True,0.00016617774963378906,PASS,0,Dust should not significantly affect prediction.,Consistent,0.2
FogRelation,0.0,-1.630487322807312,-1.630428433418274,5.888938903808594e-05,0.0036117639246071053,True,0.0016894340515136719,0.10361521931079332,True,5.888938903808594e-05,PASS,0,Fog should not significantly affect prediction.,Consistent,0.2
FogRelation,0.375,-1.630487322807312,-1.6311770677566528,0.0006897449493408203,0.04230296774853585,True,0.0016894340515136719,0.10361521931079332,True,0.0006897449493408203,PASS,0,Fog should not significantly affect prediction.,Consistent,0.2
FogRelation,0.75,-1.630487322807312,-1.631667971611023,0.0011806488037109375,0.07241074880426876,True,0.0016894340515136719,0.10361521931079332,True,0.0011806488037109375,PASS,0,Fog should not significantly affect prediction.,Consistent,0.2
FogRelation,1.125,-1.630487322807312,-1.6319606304168701,0.0014733076095581055,0.09035989948222513,True,0.0016894340515136719,0.10361521931079332,True,0.0014733076095581055,PASS,0,Fog should not significantly affect prediction.,Consistent,0.2
FogRelation,1.5,-1.630487322807312,-1.6321178674697876,0.001630544662475586,0.10000345538618621,True,0.0016894340515136719,0.10361521931079332,True,0.001630544662475586,PASS,0,Fog should not significantly affect prediction.,Consistent,0.2
HazeRelation,0.0,-1.630487322807312,-1.630487322807312,0.0,0.0,True,0.0010682344436645508,0.06551622779029205,True,0.0,PASS,0,Haze should not significantly affect prediction.,Consistent,0.2
HazeRelation,0.375,-1.630487322807312,-1.6302326917648315,0.00025463104248046875,0.015616857779272828,True,0.0010682344436645508,0.06551622779029205,True,0.00025463104248046875,PASS,0,Haze should not significantly affect prediction.,Consistent,0.2
HazeRelation,0.75,-1.630487322807312,-1.629958152770996,0.000529170036315918,0.032454696480427,True,0.0010682344436645508,0.06551622779029205,True,0.000529170036315918,PASS,0,Haze should not significantly affect prediction.,Consistent,0.2
HazeRelation,1.125,-1.630487322807312,-1.6296899318695068,0.0007973909378051758,0.04890503824230147,True,0.0010682344436645508,0.06551622779029205,True,0.0007973909378051758,PASS,0,Haze should not significantly affect prediction.,Consistent,0.2
HazeRelation,1.5,-1.630487322807312,-1.6294190883636475,0.0010682344436645508,0.06551622779029205,True,0.0010682344436645508,0.06551622779029205,True,0.0010682344436645508,PASS,0,Haze should not significantly affect prediction.,Consistent,0.2
NoiseRelation,0.0,-1.630487322807312,-1.6305129528045654,2.562999725341797e-05,0.0015719215461346716,True,0.0015780925750732422,0.09678649966386409,True,2.562999725341797e-05,PASS,0,Noise should not significantly affect prediction.,Consistent,0.2
NoiseRelation,37.5,-1.630487322807312,-1.630541205406189,5.3882598876953125e-05,0.0033046908783854485,True,0.0015780925750732422,0.09678649966386409,True,5.3882598876953125e-05,PASS,0,Noise should not significantly affect prediction.,Consistent,0.2
NoiseRelation,75.0,-1.630487322807312,-1.6305994987487793,0.00011217594146728516,0.0068798984879661655,True,0.0015780925750732422,0.09678649966386409,True,0.00011217594146728516,PASS,0,Noise should not significantly affect prediction.,Consistent,0.2
NoiseRelation,112.5,-1.630487322807312,-1.6317393779754639,0.0012520551681518555,0.07679019534443002,True,0.0015780925750732422,0.09678649966386409,True,0.0012520551681518555,PASS,0,Noise should not significantly affect prediction.,Consistent,0.2
NoiseRelation,150.0,-1.630487322807312,-1.6320910453796387,0.0016037225723266602,0.09835842120999876,True,0.0015780925750732422,0.09678649966386409,True,0.0016037225723266602,PASS,0,Noise should not significantly affect prediction.,Consistent,0.2
RainRelation,0.0,-1.630487322807312,-1.630487322807312,0.0,0.0,True,0.005215764045715332,0.31988969026990827,True,0.0,PASS,0,Rain should not significantly affect prediction.,Consistent,0.2
RainRelation,0.375,-1.630487322807312,-1.6324877738952637,0.00200045108795166,0.12269030449156243,True,0.005215764045715332,0.31988969026990827,True,0.00200045108795166,PASS,0,Rain should not significantly affect prediction.,Consistent,0.2
RainRelation,0.75,-1.630487322807312,-1.6320440769195557,0.0015567541122436523,0.0954777835859194,True,0.005215764045715332,0.31988969026990827,True,0.0015567541122436523,PASS,0,Rain should not significantly affect prediction.,Consistent,0.2
RainRelation,1.125,-1.630487322807312,-1.6312711238861084,0.0007838010787963867,0.048071554259699834,True,0.005215764045715332,0.31988969026990827,True,0.0007838010787963867,PASS,0,Rain should not significantly affect prediction.,Consistent,0.2
RainRelation,1.5,-1.630487322807312,-1.6357030868530273,0.005215764045715332,0.31988969026990827,True,0.005215764045715332,0.31988969026990827,True,0.005215764045715332,PASS,0,Rain should not significantly affect prediction.,Consistent,0.2
RotationRelation,-60.0,-1.630487322807312,-1.6300373077392578,0.0004500150680541992,0.027600017844922716,True,0.0016385316848754883,0.1004933100075398,True,0.0004500150680541992,PASS,0,Small rotation should not significantly change output.,Consistent,0.2
RotationRelation,-30.0,-1.630487322807312,-1.630059003829956,0.00042831897735595703,0.026269367977962206,True,0.0016385316848754883,0.1004933100075398,True,0.00042831897735595703,PASS,0,Small rotation should not significantly change output.,Consistent,0.2
RotationRelation,0.0,-1.630487322807312,-1.6304874420166016,1.1920928955078125e-07,7.3112630052775415e-06,True,0.0016385316848754883,0.1004933100075398,True,1.1920928955078125e-07,PASS,0,Small rotation should not significantly change output.,Consistent,0.2
RotationRelation,30.0,-1.630487322807312,-1.6313544511795044,0.0008671283721923828,0.05318212710038883,True,0.0016385316848754883,0.1004933100075398,True,0.0008671283721923828,PASS,0,Small rotation should not significantly change output.,Consistent,0.2
RotationRelation,60.0,-1.630487322807312,-1.6316758394241333,0.001188516616821289,0.07289329216261708,True,0.0016385316848754883,0.1004933100075398,True,0.001188516616821289,PASS,0,Small rotation should not significantly change output.,Consistent,0.2
SandstormRelation,0.0,-1.630487322807312,-1.630426049232483,6.127357482910156e-05,0.003757989184712656,True,0.0009940862655639648,0.06096862220100941,True,6.127357482910156e-05,PASS,0,Sandstorm should not significantly affect prediction.,Consistent,0.2
SandstormRelation,0.375,-1.630487322807312,-1.6307563781738281,0.0002690553665161133,0.01650152060291141,True,0.0009940862655639648,0.06096862220100941,True,0.0002690553665161133,PASS,0,Sandstorm should not significantly affect prediction.,Consistent,0.2
SandstormRelation,0.75,-1.630487322807312,-1.6308999061584473,0.0004125833511352539,0.02530428126126557,True,0.0009940862655639648,0.06096862220100941,True,0.0004125833511352539,PASS,0,Sandstorm should not significantly affect prediction.,Consistent,0.2
SandstormRelation,1.125,-1.630487322807312,-1.6311149597167969,0.0006276369094848633,0.03849379972278626,True,0.0009940862655639648,0.06096862220100941,True,0.0006276369094848633,PASS,0,Sandstorm should not significantly affect prediction.,Consistent,0.2
SandstormRelation,1.5,-1.630487322807312,-1.6314201354980469,0.0009328126907348633,0.05721063301629676,True,0.0009940862655639648,0.06096862220100941,True,0.0009328126907348633,PASS,0,Sandstorm should not significantly affect prediction.,Consistent,0.2
SmokeRelation,0.0,-1.630487322807312,-1.630487322807312,0.0,0.0,True,0.0013426542282104492,0.08234675522844094,True,0.0,PASS,0,Smoke should not significantly affect prediction.,Consistent,0.2
SmokeRelation,0.375,-1.630487322807312,-1.6300514936447144,0.00043582916259765625,0.02672997754729469,True,0.0013426542282104492,0.08234675522844094,True,0.00043582916259765625,PASS,0,Smoke should not significantly affect prediction.,Consistent,0.2
SmokeRelation,0.75,-1.630487322807312,-1.6295993328094482,0.0008879899978637695,0.054461598126312405,True,0.0013426542282104492,0.08234675522844094,True,0.0008879899978637695,PASS,0,Smoke should not significantly affect prediction.,Consistent,0.2
SmokeRelation,1.125,-1.630487322807312,-1.6291446685791016,0.0013426542282104492,0.08234675522844094,True,0.0013426542282104492,0.08234675522844094,True,0.0013426542282104492,PASS,0,Smoke should not significantly affect prediction.,Consistent,0.2
SmokeRelation,1.5,-1.630487322807312,-1.629170298576355,0.0013170242309570312,0.08077483368230627,True,0.0013426542282104492,0.08234675522844094,True,0.0013170242309570312,PASS,0,Smoke should not significantly affect prediction.,Consistent,0.2
SnowRelation,0.0,-1.630487322807312,-1.630487322807312,0.0,0.0,True,0.0006479024887084961,0.039736714433683436,True,0.0,PASS,0,Snow should not significantly affect prediction.,Consistent,0.2
SnowRelation,0.375,-1.630487322807312,-1.6303225755691528,0.0001647472381591797,0.010104165473293562,True,0.0006479024887084961,0.039736714433683436,True,0.0001647472381591797,PASS,0,Snow should not significantly affect prediction.,Consistent,0.2
SnowRelation,0.75,-1.630487322807312,-1.630149483680725,0.00033783912658691406,0.020720119356956553,True,0.0006479024887084961,0.039736714433683436,True,0.00033783912658691406,PASS,0,Snow should not significantly affect prediction.,Consistent,0.2
SnowRelation,1.125,-1.630487322807312,-1.630377173423767,0.00011014938354492188,0.006755607016876448,True,0.0006479024887084961,0.039736714433683436,True,0.00011014938354492188,PASS,0,Snow should not significantly affect prediction.,Consistent,0.2
SnowRelation,1.5,-1.630487322807312,-1.6298394203186035,0.0006479024887084961,0.039736714433683436,True,0.0006479024887084961,0.039736714433683436,True,0.0006479024887084961,PASS,0,Snow should not significantly affect prediction.,Consistent,0.2
TranslationRelation,0.0,-1.630487322807312,-1.6304973363876343,1.0013580322265625e-05,0.0006141460924433134,True,0.003500819206237793,0.21470986067598555,True,1.0013580322265625e-05,PASS,0,Small translation should preserve prediction consistency.,Consistent,0.2
TranslationRelation,20.0,-1.630487322807312,-1.6314631700515747,0.0009758472442626953,0.05984999896120195,True,0.003500819206237793,0.21470986067598555,True,0.0009758472442626953,PASS,0,Small translation should preserve prediction consistency.,Consistent,0.2
TranslationRelation,40.0,-1.630487322807312,-1.6302508115768433,0.00023651123046875,0.01450554580247064,True,0.003500819206237793,0.21470986067598555,True,0.00023651123046875,PASS,0,Small translation should preserve prediction consistency.,Consistent,0.2
TranslationRelation,60.0,-1.630487322807312,-1.627962350845337,0.0025249719619750977,0.1548598617147836,True,0.003500819206237793,0.21470986067598555,True,0.0025249719619750977,PASS,0,Small translation should preserve prediction consistency.,Consistent,0.2
TranslationRelation,80.0,-1.630487322807312,-1.6306092739105225,0.00012195110321044922,0.007479422054398924,True,0.003500819206237793,0.21470986067598555,True,0.00012195110321044922,PASS,0,Small translation should preserve prediction consistency.,Consistent,0.2
DarkVisibilityRelation,0.05,-1.630487322807312,-1.6303831338882446,0.00010418891906738281,0.0063900438666125705,True,0.00231170654296875,0.14178001219834208,True,0.00010418891906738281,PASS,0,Output should not change drastically under visibility degradation.,Consistent,0.2
DarkVisibilityRelation,0.4125,-1.630487322807312,-1.6295099258422852,0.0009773969650268555,0.059945045380270554,True,0.00231170654296875,0.14178001219834208,True,0.0009773969650268555,PASS,0,Output should not change drastically under visibility degradation.,Consistent,0.2
DarkVisibilityRelation,0.775,-1.630487322807312,-1.6286375522613525,0.0018497705459594727,0.11344886805289162,True,0.00231170654296875,0.14178001219834208,True,0.0018497705459594727,PASS,0,Output should not change drastically under visibility degradation.,Consistent,0.2
DarkVisibilityRelation,1.1375,-1.630487322807312,-1.6280714273452759,0.002415895462036133,0.14817005606495465,True,0.00231170654296875,0.14178001219834208,True,0.002415895462036133,PASS,0,Output should not change drastically under visibility degradation.,Consistent,0.2
DarkVisibilityRelation,1.5,-1.630487322807312,-1.6280969381332397,0.0023903846740722656,0.14660544578182524,True,0.00231170654296875,0.14178001219834208,True,0.0023903846740722656,PASS,0,Output should not change drastically under visibility degradation.,Consistent,0.2
TemporalSmoothnessRelation,0.0,-1.630487322807312,-1.63059401512146,0.00010669231414794922,0.0,True,,,,0.00010669231414794922,PASS,0,Predictions should change smoothly across consecutive frames.,Consistent,0.2
BlurRelation,1.0,-1.63059401512146,-1.6304643154144287,0.00012969970703125,0.007954133664611314,True,0.0003364086151123047,0.020631034192585596,True,0.00012969970703125,PASS,1,Blur should not significantly change output.,Consistent,0.2
BlurRelation,8.5,-1.63059401512146,-1.6305272579193115,6.67572021484375e-05,0.004094039386197,True,0.0003364086151123047,0.020631034192585596,True,6.67572021484375e-05,PASS,1,Blur should not significantly change output.,Consistent,0.2
BlurRelation,16.0,-1.63059401512146,-1.6304373741149902,0.00015664100646972656,0.009606370988326533,True,0.0003364086151123047,0.020631034192585596,True,0.00015664100646972656,PASS,1,Blur should not significantly change output.,Consistent,0.2
BlurRelation,23.5,-1.63059401512146,-1.630481243133545,0.00011277198791503906,0.006916002248825647,True,0.0003364086151123047,0.020631034192585596,True,0.00011277198791503906,PASS,1,Blur should not significantly change output.,Consistent,0.2
BlurRelation,31.0,-1.63059401512146,-1.6307737827301025,0.00017976760864257812,0.011024663204259065,True,0.0003364086151123047,0.020631034192585596,True,0.00017976760864257812,PASS,1,Blur should not significantly change output.,Consistent,0.2
BrightnessRelation,0.1,-1.63059401512146,-1.6323139667510986,0.0017199516296386719,0.10548000047151843,True,0.005826711654663086,0.35733653056881604,True,0.0017199516296386719,PASS,1,Output should remain approximately same under localized brightness change.,Consistent,0.2
BrightnessRelation,0.825,-1.63059401512146,-1.6313601732254028,0.0007661581039428711,0.046986412741228785,True,0.005826711654663086,0.35733653056881604,True,0.0007661581039428711,PASS,1,Output should remain approximately same under localized brightness change.,Consistent,0.2
BrightnessRelation,1.55,-1.63059401512146,-1.630269169807434,0.0003248453140258789,0.01992188808461933,True,0.005826711654663086,0.35733653056881604,True,0.0003248453140258789,PASS,1,Output should remain approximately same under localized brightness change.,Consistent,0.2
BrightnessRelation,2.275,-1.63059401512146,-1.6264872550964355,0.004106760025024414,0.2518565300972976,True,0.005826711654663086,0.35733653056881604,True,0.004106760025024414,PASS,1,Output should remain approximately same under localized brightness change.,Consistent,0.2
BrightnessRelation,3.0,-1.63059401512146,-1.6280591487884521,0.0025348663330078125,0.15545652412159466,True,0.005826711654663086,0.35733653056881604,True,0.0025348663330078125,PASS,1,Output should remain approximately same under localized brightness change.,Consistent,0.2
CompositeRelation,0.1,-1.63059401512146,-1.6309375762939453,0.00034356117248535156,0.021069681269678134,True,0.0036973953247070312,0.22675129571836813,True,0.00034356117248535156,PASS,1,Prediction should remain approximately consistent under composite transformations.,Consistent,0.2
CompositeRelation,0.44999999999999996,-1.63059401512146,-1.6317684650421143,0.0011744499206542969,0.07202585005859437,True,0.0036973953247070312,0.22675129571836813,True,0.0011744499206542969,PASS,1,Prediction should remain approximately consistent under composite transformations.,Consistent,0.2
CompositeRelation,0.7999999999999999,-1.63059401512146,-1.6294573545455933,0.0011366605758666992,0.06970833133462213,True,0.0036973953247070312,0.22675129571836813,True,0.0011366605758666992,PASS,1,Prediction should remain approximately consistent under composite transformations.,Consistent,0.2
CompositeRelation,1.15,-1.63059401512146,-1.6280710697174072,0.0025229454040527344,0.15472544565977378,True,0.0036973953247070312,0.22675129571836813,True,0.0025229454040527344,PASS,1,Prediction should remain approximately consistent under composite transformations.,Consistent,0.2
CompositeRelation,1.5,-1.63059401512146,-1.6280717849731445,0.0025222301483154297,0.15468158095206452,True,0.0036973953247070312,0.22675129571836813,True,0.0025222301483154297,PASS,1,Prediction should remain approximately consistent under composite transformations.,Consistent,0.2
ContrastRelation,0.1,-1.63059401512146,-1.6307164430618286,0.00012242794036865234,0.00750817580290057,True,0.0007261037826538086,0.04452998910951059,True,0.00012242794036865234,PASS,1,Contrast change should not significantly affect output.,Consistent,0.2
ContrastRelation,1.075,-1.63059401512146,-1.6305689811706543,2.5033950805664062e-05,0.001535264769823875,True,0.0007261037826538086,0.04452998910951059,True,2.5033950805664062e-05,PASS,1,Contrast change should not significantly affect output.,Consistent,0.2
ContrastRelation,2.05,-1.63059401512146,-1.6306276321411133,3.361701965332031e-05,0.002061641262334918,True,0.0007261037826538086,0.04452998910951059,True,3.361701965332031e-05,PASS,1,Contrast change should not significantly affect output.,Consistent,0.2
ContrastRelation,3.025,-1.63059401512146,-1.6302472352981567,0.00034677982330322266,0.021267072454369776,True,0.0007261037826538086,0.04452998910951059,True,0.00034677982330322266,PASS,1,Contrast change should not significantly affect output.,Consistent,0.2
ContrastRelation,4.0,-1.63059401512146,-1.6299903392791748,0.0006036758422851562,0.037021813306610016,True,0.0007261037826538086,0.04452998910951059,True,0.0006036758422851562,PASS,1,Contrast change should not significantly affect output.,Consistent,0.2
DarkVisibilityRelation,0.05,-1.63059401512146,-1.6357274055480957,0.005133390426635742,0.3148170072293129,True,0.005135178565979004,0.31492666899858607,True,0.005133390426635742,PASS,1,Output should not change drastically under visibility degradation.,Consistent,0.2
DarkVisibilityRelation,0.4125,-1.63059401512146,-1.6348317861557007,0.004237771034240723,0.2598910823927092,True,0.005135178565979004,0.31492666899858607,True,0.004237771034240723,PASS,1,Output should not change drastically under visibility degradation.,Consistent,0.2
DarkVisibilityRelation,0.775,-1.63059401512146,-1.634603500366211,0.0040094852447509766,0.24589092984883912,True,0.005135178565979004,0.31492666899858607,True,0.0040094852447509766,PASS,1,Output should not change drastically under visibility degradation.,Consistent,0.2
DarkVisibilityRelation,1.1375,-1.63059401512146,-1.6305922269821167,1.7881393432617188e-06,0.00010966176927313393,True,0.005135178565979004,0.31492666899858607,True,1.7881393432617188e-06,PASS,1,Output should not change drastically under visibility degradation.,Consistent,0.2
DarkVisibilityRelation,1.5,-1.63059401512146,-1.6306036710739136,9.655952453613281e-06,0.0005921735540749232,True,0.005135178565979004,0.31492666899858607,True,9.655952453613281e-06,PASS,1,Output should not change drastically under visibility degradation.,Consistent,0.2
DustRelation,0.0,-1.63059401512146,-1.63059401512146,0.0,0.0,True,0.00032210350036621094,0.019753740038400525,True,0.0,PASS,1,Dust should not significantly affect prediction.,Consistent,0.2
DustRelation,0.375,-1.63059401512146,-1.630593180656433,8.344650268554688e-07,5.11754923274625e-05,True,0.00032210350036621094,0.019753740038400525,True,8.344650268554688e-07,PASS,1,Dust should not significantly affect prediction.,Consistent,0.2
DustRelation,0.75,-1.63059401512146,-1.6305875778198242,6.4373016357421875e-06,0.00039478236938328214,True,0.00032210350036621094,0.019753740038400525,True,6.4373016357421875e-06,PASS,1,Dust should not significantly affect prediction.,Consistent,0.2
DustRelation,1.125,-1.63059401512146,-1.6304717063903809,0.00012230873107910156,0.007500865018282361,True,0.00032210350036621094,0.019753740038400525,True,0.00012230873107910156,PASS,1,Dust should not significantly affect prediction.,Consistent,0.2
DustRelation,1.5,-1.63059401512146,-1.630793809890747,0.00019979476928710938,0.012252875020118164,True,0.00032210350036621094,0.019753740038400525,True,0.00019979476928710938,PASS,1,Dust should not significantly affect prediction.,Consistent,0.2
FogRelation,0.0,-1.63059401512146,-1.6306612491607666,6.723403930664062e-05,0.004123282524669836,True,0.001729726791381836,0.10607948481021155,True,6.723403930664062e-05,PASS,1,Fog should not significantly affect prediction.,Consistent,0.2
FogRelation,0.375,-1.63059401512146,-1.6314404010772705,0.0008463859558105469,0.051906570789283395,True,0.001729726791381836,0.10607948481021155,True,0.0008463859558105469,PASS,1,Fog should not significantly affect prediction.,Consistent,0.2
FogRelation,0.75,-1.63059401512146,-1.6319375038146973,0.0013434886932373047,0.08239254264721463,True,0.001729726791381836,0.10607948481021155,True,0.0013434886932373047,PASS,1,Fog should not significantly affect prediction.,Consistent,0.2
FogRelation,1.125,-1.63059401512146,-1.632232666015625,0.001638650894165039,0.10049404536189993,True,0.001729726791381836,0.10607948481021155,True,0.001638650894165039,PASS,1,Fog should not significantly affect prediction.,Consistent,0.2
FogRelation,1.5,-1.63059401512146,-1.6323909759521484,0.0017969608306884766,0.1102027673348814,True,0.001729726791381836,0.10607948481021155,True,0.0017969608306884766,PASS,1,Fog should not significantly affect prediction.,Consistent,0.2
HazeRelation,0.0,-1.63059401512146,-1.63059401512146,0.0,0.0,True,0.0011210441589355469,0.06875061854963677,True,0.0,PASS,1,Haze should not significantly affect prediction.,Consistent,0.2
HazeRelation,0.375,-1.63059401512146,-1.6303240060806274,0.00027000904083251953,0.016558927160243226,True,0.0011210441589355469,0.06875061854963677,True,0.00027000904083251953,PASS,1,Haze should not significantly affect prediction.,Consistent,0.2
HazeRelation,0.75,-1.63059401512146,-1.6300432682037354,0.0005507469177246094,0.03377582493612525,True,0.0011210441589355469,0.06875061854963677,True,0.0005507469177246094,PASS,1,Haze should not significantly affect prediction.,Consistent,0.2
HazeRelation,1.125,-1.63059401512146,-1.6297574043273926,0.0008366107940673828,0.05130708645059026,True,0.0011210441589355469,0.06875061854963677,True,0.0008366107940673828,PASS,1,Haze should not significantly affect prediction.,Consistent,0.2
HazeRelation,1.5,-1.63059401512146,-1.6294729709625244,0.0011210441589355469,0.06875061854963677,True,0.0011210441589355469,0.06875061854963677,True,0.0011210441589355469,PASS,1,Haze should not significantly affect prediction.,Consistent,0.2
NoiseRelation,0.0,-1.63059401512146,-1.6307036876678467,0.00010967254638671875,0.0067259218487522145,True,0.0005612373352050781,0.03441917398252764,True,0.00010967254638671875,PASS,1,Noise should not significantly affect prediction.,Consistent,0.2
NoiseRelation,37.5,-1.63059401512146,-1.6307989358901978,0.00020492076873779297,0.012567238758701148,True,0.0005612373352050781,0.03441917398252764,True,0.00020492076873779297,PASS,1,Noise should not significantly affect prediction.,Consistent,0.2
NoiseRelation,75.0,-1.63059401512146,-1.6310620307922363,0.0004680156707763672,0.028702140411088255,True,0.0005612373352050781,0.03441917398252764,True,0.0004680156707763672,PASS,1,Noise should not significantly affect prediction.,Consistent,0.2
NoiseRelation,112.5,-1.63059401512146,-1.6311558485031128,0.000561833381652832,0.03445572790561868,True,0.0005612373352050781,0.03441917398252764,True,0.000561833381652832,PASS,1,Noise should not significantly affect prediction.,Consistent,0.2
NoiseRelation,150.0,-1.63059401512146,-1.6312649250030518,0.0006709098815917969,0.04114509583127985,True,0.0005612373352050781,0.03441917398252764,True,0.0006709098815917969,PASS,1,Noise should not significantly affect prediction.,Consistent,0.2
RainRelation,0.0,-1.63059401512146,-1.63059401512146,0.0,0.0,True,0.00893402099609375,0.54789944242705,True,0.0,PASS,1,Rain should not significantly affect prediction.,Consistent,0.2
RainRelation,0.375,-1.63059401512146,-1.632752776145935,0.0021587610244750977,0.1323909986511455,True,0.00893402099609375,0.54789944242705,True,0.0021587610244750977,PASS,1,Rain should not significantly affect prediction.,Consistent,0.2
RainRelation,0.75,-1.63059401512146,-1.6321419477462769,0.0015479326248168945,0.09493053826744295,True,0.00893402099609375,0.54789944242705,True,0.0015479326248168945,PASS,1,Rain should not significantly affect prediction.,Consistent,0.2
RainRelation,1.125,-1.63059401512146,-1.6372663974761963,0.006672382354736328,0.4091992366503902,True,0.00893402099609375,0.54789944242705,True,0.006672382354736328,PASS,1,Rain should not significantly affect prediction.,Consistent,0.2
RainRelation,1.5,-1.63059401512146,-1.6395280361175537,0.00893402099609375,0.54789944242705,True,0.00893402099609375,0.54789944242705,True,0.00893402099609375,PASS,1,Rain should not significantly affect prediction.,Consistent,0.2
RotationRelation,-60.0,-1.63059401512146,-1.6304367780685425,0.00015723705291748047,0.009642924911417577,True,0.0007841587066650391,0.04809034121857834,True,0.00015723705291748047,PASS,1,Small rotation should not significantly change output.,Consistent,0.2
RotationRelation,-30.0,-1.63059401512146,-1.6310168504714966,0.0004228353500366211,0.025931353040787072,True,0.0007841587066650391,0.04809034121857834,True,0.0004228353500366211,PASS,1,Small rotation should not significantly change output.,Consistent,0.2
RotationRelation,0.0,-1.63059401512146,-1.6305949687957764,9.5367431640625e-07,5.848627694567143e-05,True,0.0007841587066650391,0.04809034121857834,True,9.5367431640625e-07,PASS,1,Small rotation should not significantly change output.,Consistent,0.2
RotationRelation,30.0,-1.63059401512146,-1.6302326917648315,0.00036132335662841797,0.022158988177791262,True,0.0007841587066650391,0.04809034121857834,True,0.00036132335662841797,PASS,1,Small rotation should not significantly change output.,Consistent,0.2
RotationRelation,60.0,-1.63059401512146,-1.6305674314498901,2.658367156982422e-05,0.001630304969860591,True,0.0007841587066650391,0.04809034121857834,True,2.658367156982422e-05,PASS,1,Small rotation should not significantly change output.,Consistent,0.2
SandstormRelation,0.0,-1.63059401512146,-1.6306356191635132,4.1604042053222656e-05,0.0025514638317549166,True,0.001073598861694336,0.0658409262715896,True,4.1604042053222656e-05,PASS,1,Sandstorm should not significantly affect prediction.,Consistent,0.2
SandstormRelation,0.375,-1.63059401512146,-1.6310510635375977,0.0004570484161376953,0.028029548226213036,True,0.001073598861694336,0.0658409262715896,True,0.0004570484161376953,PASS,1,Sandstorm should not significantly affect prediction.,Consistent,0.2
SandstormRelation,0.75,-1.63059401512146,-1.6312097311019897,0.0006157159805297852,0.03776020255304912,True,0.001073598861694336,0.0658409262715896,True,0.0006157159805297852,PASS,1,Sandstorm should not significantly affect prediction.,Consistent,0.2
SandstormRelation,1.125,-1.63059401512146,-1.6317092180252075,0.0011152029037475586,0.06839239010334454,True,0.001073598861694336,0.0658409262715896,True,0.0011152029037475586,PASS,1,Sandstorm should not significantly affect prediction.,Consistent,0.2
SandstormRelation,1.5,-1.63059401512146,-1.6316794157028198,0.0010854005813598633,0.0665646939487923,True,0.001073598861694336,0.0658409262715896,True,0.0010854005813598633,PASS,1,Sandstorm should not significantly affect prediction.,Consistent,0.2
SmokeRelation,0.0,-1.63059401512146,-1.63059401512146,0.0,0.0,True,0.001880645751953125,0.11533493813686406,True,0.0,PASS,1,Smoke should not significantly affect prediction.,Consistent,0.2
SmokeRelation,0.375,-1.63059401512146,-1.6301372051239014,0.00045680999755859375,0.028014926656976614,True,0.001880645751953125,0.11533493813686406,True,0.00045680999755859375,PASS,1,Smoke should not significantly affect prediction.,Consistent,0.2
SmokeRelation,0.75,-1.63059401512146,-1.6296627521514893,0.0009312629699707031,0.05711184943744816,True,0.001880645751953125,0.11533493813686406,True,0.0009312629699707031,PASS,1,Smoke should not significantly affect prediction.,Consistent,0.2
SmokeRelation,1.125,-1.63059401512146,-1.6291903257369995,0.0014036893844604492,0.08608448887941014,True,0.001880645751953125,0.11533493813686406,True,0.0014036893844604492,PASS,1,Smoke should not significantly affect prediction.,Consistent,0.2
SmokeRelation,1.5,-1.63059401512146,-1.6287133693695068,0.001880645751953125,0.11533493813686406,True,0.001880645751953125,0.11533493813686406,True,0.001880645751953125,PASS,1,Smoke should not significantly affect prediction.,Consistent,0.2
SnowRelation,0.0,-1.63059401512146,-1.63059401512146,0.0,0.0,True,0.0017703771591186523,0.1085724623650208,True,0.0,PASS,1,Snow should not significantly affect prediction.,Consistent,0.2
SnowRelation,0.375,-1.63059401512146,-1.630758285522461,0.00016427040100097656,0.010074261203891904,True,0.0017703771591186523,0.1085724623650208,True,0.00016427040100097656,PASS,1,Snow should not significantly affect prediction.,Consistent,0.2
SnowRelation,0.75,-1.63059401512146,-1.6301515102386475,0.0004425048828125,0.027137632502791543,True,0.0017703771591186523,0.1085724623650208,True,0.0004425048828125,PASS,1,Snow should not significantly affect prediction.,Consistent,0.2
SnowRelation,1.125,-1.63059401512146,-1.629692554473877,0.0009014606475830078,0.055284153282895925,True,0.0017703771591186523,0.1085724623650208,True,0.0009014606475830078,PASS,1,Snow should not significantly affect prediction.,Consistent,0.2
SnowRelation,1.5,-1.63059401512146,-1.6289879083633423,0.0016061067581176758,0.09849820116112891,True,0.0017703771591186523,0.1085724623650208,True,0.0016061067581176758,PASS,1,Snow should not significantly affect prediction.,Consistent,0.2
TranslationRelation,0.0,-1.63059401512146,-1.6304678916931152,0.00012612342834472656,0.007734810126065046,True,0.0022211074829101562,0.13621453900646877,True,0.00012612342834472656,PASS,1,Small translation should preserve prediction consistency.,Consistent,0.2
TranslationRelation,20.0,-1.63059401512146,-1.6306946277618408,0.00010061264038085938,0.006170302217768335,True,0.0022211074829101562,0.13621453900646877,True,0.00010061264038085938,PASS,1,Small translation should preserve prediction consistency.,Consistent,0.2
TranslationRelation,40.0,-1.63059401512146,-1.6325149536132812,0.001920938491821289,0.11780598333781868,True,0.0022211074829101562,0.13621453900646877,True,0.001920938491821289,PASS,1,Small translation should preserve prediction consistency.,Consistent,0.2
TranslationRelation,60.0,-1.63059401512146,-1.6306453943252563,5.137920379638672e-05,0.0031509481704480482,True,0.0022211074829101562,0.13621453900646877,True,5.137920379638672e-05,PASS,1,Small translation should preserve prediction consistency.,Consistent,0.2
TranslationRelation,80.0,-1.63059401512146,-1.630293846130371,0.0003001689910888672,0.018408555668650083,True,0.0022211074829101562,0.13621453900646877,True,0.0003001689910888672,PASS,1,Small translation should preserve prediction consistency.,Consistent,0.2
DarkVisibilityRelation,0.05,-1.63059401512146,-1.630481481552124,0.0001125335693359375,0.006901380679589229,True,0.002420186996459961,0.14842354931887766,True,0.0001125335693359375,PASS,1,Output should not change drastically under visibility degradation.,Consistent,0.2
DarkVisibilityRelation,0.4125,-1.63059401512146,-1.629310965538025,0.0012830495834350586,0.07868597484578271,True,0.002420186996459961,0.14842354931887766,True,0.0012830495834350586,PASS,1,Output should not change drastically under visibility degradation.,Consistent,0.2
DarkVisibilityRelation,0.775,-1.63059401512146,-1.6290165185928345,0.0015774965286254883,0.09674361285275876,True,0.002420186996459961,0.14842354931887766,True,0.0015774965286254883,PASS,1,Output should not change drastically under visibility degradation.,Consistent,0.2
DarkVisibilityRelation,1.1375,-1.63059401512146,-1.628061294555664,0.0025327205657958984,0.15532492999846692,True,0.002420186996459961,0.14842354931887766,True,0.0025327205657958984,PASS,1,Output should not change drastically under visibility degradation.,Consistent,0.2
DarkVisibilityRelation,1.5,-1.63059401512146,-1.6280710697174072,0.0025229454040527344,0.15472544565977378,True,0.002420186996459961,0.14842354931887766,True,0.0025229454040527344,PASS,1,Output should not change drastically under visibility degradation.,Consistent,0.2
TemporalSmoothnessRelation,0.0,-1.630487322807312,-1.63059401512146,0.00010669231414794922,0.0,True,,,,0.00010669231414794922,PASS,1,Predictions should change smoothly across consecutive frames.,Consistent,0.2
BlurRelation,1.0,-1.6306160688400269,-1.630756139755249,0.00014007091522216797,0.008590055746307765,True,0.0004025697708129883,0.024688185749175594,True,0.00014007091522216797,PASS,2,Blur should not significantly change output.,Consistent,0.2
BlurRelation,8.5,-1.6306160688400269,-1.6306631565093994,4.7087669372558594e-05,0.002887720867907717,True,0.0004025697708129883,0.024688185749175594,True,4.7087669372558594e-05,PASS,2,Blur should not significantly change output.,Consistent,0.2
BlurRelation,16.0,-1.6306160688400269,-1.630555272102356,6.079673767089844e-05,0.003728449728184647,True,0.0004025697708129883,0.024688185749175594,True,6.079673767089844e-05,PASS,2,Blur should not significantly change output.,Consistent,0.2
BlurRelation,23.5,-1.6306160688400269,-1.6305798292160034,3.62396240234375e-05,0.0022224484654277113,True,0.0004025697708129883,0.024688185749175594,True,3.62396240234375e-05,PASS,2,Blur should not significantly change output.,Consistent,0.2
BlurRelation,31.0,-1.6306160688400269,-1.630957841873169,0.00034177303314208984,0.020959736020990948,True,0.0004025697708129883,0.024688185749175594,True,0.00034177303314208984,PASS,2,Blur should not significantly change output.,Consistent,0.2
BrightnessRelation,0.1,-1.6306160688400269,-1.6330112218856812,0.002395153045654297,0.14688629791899202,True,0.006767749786376953,0.41504225091862507,True,0.002395153045654297,PASS,2,Output should remain approximately same under localized brightness change.,Consistent,0.2
BrightnessRelation,0.825,-1.6306160688400269,-1.6301759481430054,0.0004401206970214844,0.02699105175776023,True,0.006767749786376953,0.41504225091862507,True,0.0004401206970214844,PASS,2,Output should remain approximately same under localized brightness change.,Consistent,0.2
BrightnessRelation,1.55,-1.6306160688400269,-1.6293246746063232,0.0012913942337036133,0.07919665863808684,True,0.006767749786376953,0.41504225091862507,True,0.0012913942337036133,PASS,2,Output should remain approximately same under localized brightness change.,Consistent,0.2
BrightnessRelation,2.275,-1.6306160688400269,-1.628172516822815,0.002443552017211914,0.14985443633005666,True,0.006767749786376953,0.41504225091862507,True,0.002443552017211914,PASS,2,Output should remain approximately same under localized brightness change.,Consistent,0.2
BrightnessRelation,3.0,-1.6306160688400269,-1.6262434720993042,0.004372596740722656,0.268155952999633,True,0.006767749786376953,0.41504225091862507,True,0.004372596740722656,PASS,2,Output should remain approximately same under localized brightness change.,Consistent,0.2
CompositeRelation,0.1,-1.6306160688400269,-1.6361409425735474,0.005524873733520508,0.3388210413773444,True,0.008426666259765625,0.5167777536978752,True,0.005524873733520508,PASS,2,Prediction should remain approximately consistent under composite transformations.,Consistent,0.2
CompositeRelation,0.44999999999999996,-1.6306160688400269,-1.635871410369873,0.005255341529846191,0.32229158091572585,True,0.008426666259765625,0.5167777536978752,True,0.005255341529846191,PASS,2,Prediction should remain approximately consistent under composite transformations.,Consistent,0.2
CompositeRelation,0.7999999999999999,-1.6306160688400269,-1.6304523944854736,0.00016367435455322266,0.010037571523132394,True,0.008426666259765625,0.5167777536978752,True,0.00016367435455322266,PASS,2,Prediction should remain approximately consistent under composite transformations.,Consistent,0.2
CompositeRelation,1.15,-1.6306160688400269,-1.6277142763137817,0.002901792526245117,0.17795671232053073,True,0.008426666259765625,0.5167777536978752,True,0.002901792526245117,PASS,2,Prediction should remain approximately consistent under composite transformations.,Consistent,0.2
CompositeRelation,1.5,-1.6306160688400269,-1.6327550411224365,0.002138972282409668,0.13117563426042572,True,0.008426666259765625,0.5167777536978752,True,0.002138972282409668,PASS,2,Prediction should remain approximately consistent under composite transformations.,Consistent,0.2
ContrastRelation,0.1,-1.6306160688400269,-1.6307522058486938,0.0001361370086669922,0.008348803116836993,True,0.0006123781204223633,0.0375549926542834,True,0.0001361370086669922,PASS,2,Contrast change should not significantly affect output.,Consistent,0.2
ContrastRelation,1.075,-1.6306160688400269,-1.630617380142212,1.3113021850585938e-06,8.041754315692376e-05,True,0.0006123781204223633,0.0375549926542834,True,1.3113021850585938e-06,PASS,2,Contrast change should not significantly affect output.,Consistent,0.2
ContrastRelation,2.05,-1.6306160688400269,-1.630327582359314,0.0002884864807128906,0.017691859494523225,True,0.0006123781204223633,0.0375549926542834,True,0.0002884864807128906,PASS,2,Contrast change should not significantly affect output.,Consistent,0.2
ContrastRelation,3.025,-1.6306160688400269,-1.6301398277282715,0.0004762411117553711,0.0292061895374464,True,0.0006123781204223633,0.0375549926542834,True,0.0004762411117553711,PASS,2,Contrast change should not significantly affect output.,Consistent,0.2
ContrastRelation,4.0,-1.6306160688400269,-1.6303787231445312,0.00023734569549560547,0.014555575311403201,True,0.0006123781204223633,0.0375549926542834,True,0.00023734569549560547,PASS,2,Contrast change should not significantly affect output.,Consistent,0.2
DarkVisibilityRelation,0.05,-1.6306160688400269,-1.6357386112213135,0.005122542381286621,0.3141474769996519,True,0.005141615867614746,0.31531718671829806,True,0.005122542381286621,PASS,2,Output should not change drastically under visibility degradation.,Consistent,0.2
DarkVisibilityRelation,0.4125,-1.6306160688400269,-1.6357663869857788,0.005150318145751953,0.31585086677743035,True,0.005141615867614746,0.31531718671829806,True,0.005150318145751953,PASS,2,Output should not change drastically under visibility degradation.,Consistent,0.2
DarkVisibilityRelation,0.775,-1.6306160688400269,-1.6335158348083496,0.002899765968322754,0.1778324306629246,True,0.005141615867614746,0.31531718671829806,True,0.002899765968322754,PASS,2,Output should not change drastically under visibility degradation.,Consistent,0.2
DarkVisibilityRelation,1.1375,-1.6306160688400269,-1.630624771118164,8.702278137207031e-06,0.0005336800591323122,True,0.005141615867614746,0.31531718671829806,True,8.702278137207031e-06,PASS,2,Output should not change drastically under visibility degradation.,Consistent,0.2
DarkVisibilityRelation,1.5,-1.6306160688400269,-1.6306289434432983,1.2874603271484375e-05,0.0007895540600861605,True,0.005141615867614746,0.31531718671829806,True,1.2874603271484375e-05,PASS,2,Output should not change drastically under visibility degradation.,Consistent,0.2
DustRelation,0.0,-1.6306160688400269,-1.6306160688400269,0.0,0.0,True,0.0003578662872314453,0.021946678596098647,True,0.0,PASS,2,Dust should not significantly affect prediction.,Consistent,0.2
DustRelation,0.375,-1.6306160688400269,-1.6306051015853882,1.0967254638671875e-05,0.0006725830882215443,True,0.0003578662872314453,0.021946678596098647,True,1.0967254638671875e-05,PASS,2,Dust should not significantly affect prediction.,Consistent,0.2
DustRelation,0.75,-1.6306160688400269,-1.6305838823318481,3.218650817871094e-05,0.001973885150215401,True,0.0003578662872314453,0.021946678596098647,True,3.218650817871094e-05,PASS,2,Dust should not significantly affect prediction.,Consistent,0.2
DustRelation,1.125,-1.6306160688400269,-1.630502462387085,0.00011360645294189453,0.006967083511686212,True,0.0003578662872314453,0.021946678596098647,True,0.00011360645294189453,PASS,2,Dust should not significantly affect prediction.,Consistent,0.2
DustRelation,1.5,-1.6306160688400269,-1.6308603286743164,0.0002442598342895508,0.014979595084412434,True,0.0003578662872314453,0.021946678596098647,True,0.0002442598342895508,PASS,2,Dust should not significantly affect prediction.,Consistent,0.2
FogRelation,0.0,-1.6306160688400269,-1.6306414604187012,2.5391578674316406e-05,0.0015571760629477054,True,0.0024341344833374023,0.1492768921564751,True,2.5391578674316406e-05,PASS,2,Fog should not significantly affect prediction.,Consistent,0.2
FogRelation,0.375,-1.6306160688400269,-1.631798505783081,0.0011824369430541992,0.07251469187032061,True,0.0024341344833374023,0.1492768921564751,True,0.0011824369430541992,PASS,2,Fog should not significantly affect prediction.,Consistent,0.2
FogRelation,0.75,-1.6306160688400269,-1.6324998140335083,0.0018837451934814453,0.11552345608779174,True,0.0024341344833374023,0.1492768921564751,True,0.0018837451934814453,PASS,2,Fog should not significantly affect prediction.,Consistent,0.2
FogRelation,1.125,-1.6306160688400269,-1.6328924894332886,0.0022764205932617188,0.13960485492041963,True,0.0024341344833374023,0.1492768921564751,True,0.0022764205932617188,PASS,2,Fog should not significantly affect prediction.,Consistent,0.2
FogRelation,1.5,-1.6306160688400269,-1.6330755949020386,0.0024595260620117188,0.1508340682194228,True,0.0024341344833374023,0.1492768921564751,True,0.0024595260620117188,PASS,2,Fog should not significantly affect prediction.,Consistent,0.2
HazeRelation,0.0,-1.6306160688400269,-1.6306160688400269,0.0,0.0,True,0.0011278390884399414,0.06916639780069597,True,0.0,PASS,2,Haze should not significantly affect prediction.,Consistent,0.2
HazeRelation,0.375,-1.6306160688400269,-1.6303476095199585,0.0002684593200683594,0.016463664289944755,True,0.0011278390884399414,0.06916639780069597,True,0.0002684593200683594,PASS,2,Haze should not significantly affect prediction.,Consistent,0.2
HazeRelation,0.75,-1.6306160688400269,-1.6300604343414307,0.0005556344985961914,0.034075106241311055,True,0.0011278390884399414,0.06916639780069597,True,0.0005556344985961914,PASS,2,Haze should not significantly affect prediction.,Consistent,0.2
HazeRelation,1.125,-1.6306160688400269,-1.6297755241394043,0.0008405447006225586,0.05154764516358813,True,0.0011278390884399414,0.06916639780069597,True,0.0008405447006225586,PASS,2,Haze should not significantly affect prediction.,Consistent,0.2
HazeRelation,1.5,-1.6306160688400269,-1.629488229751587,0.0011278390884399414,0.06916639780069597,True,0.0011278390884399414,0.06916639780069597,True,0.0011278390884399414,PASS,2,Haze should not significantly affect prediction.,Consistent,0.2
NoiseRelation,0.0,-1.6306160688400269,-1.6306349039077759,1.8835067749023438e-05,0.0011550883471630868,True,0.0018306970596313477,0.1122702009328071,True,1.8835067749023438e-05,PASS,2,Noise should not significantly affect prediction.,Consistent,0.2
NoiseRelation,37.5,-1.6306160688400269,-1.630143404006958,0.00047266483306884766,0.02898686896520025,True,0.0018306970596313477,0.1122702009328071,True,0.00047266483306884766,PASS,2,Noise should not significantly affect prediction.,Consistent,0.2
NoiseRelation,75.0,-1.6306160688400269,-1.6317723989486694,0.0011563301086425781,0.07091365169292368,True,0.0018306970596313477,0.1122702009328071,True,0.0011563301086425781,PASS,2,Noise should not significantly affect prediction.,Consistent,0.2
NoiseRelation,112.5,-1.6306160688400269,-1.6319741010665894,0.0013580322265625,0.08328333196760687,True,0.0018306970596313477,0.1122702009328071,True,0.0013580322265625,PASS,2,Noise should not significantly affect prediction.,Consistent,0.2
NoiseRelation,150.0,-1.6306160688400269,-1.6313374042510986,0.0007213354110717773,0.04423695942204961,True,0.0018306970596313477,0.1122702009328071,True,0.0007213354110717773,PASS,2,Noise should not significantly affect prediction.,Consistent,0.2
RainRelation,0.0,-1.6306160688400269,-1.6306160688400269,0.0,0.0,True,0.0069113969802856445,0.42385162723717895,True,0.0,PASS,2,Rain should not significantly affect prediction.,Consistent,0.2
RainRelation,0.375,-1.6306160688400269,-1.632413387298584,0.001797318458557129,0.11022320892517631,True,0.0069113969802856445,0.42385162723717895,True,0.001797318458557129,PASS,2,Rain should not significantly affect prediction.,Consistent,0.2
RainRelation,0.75,-1.6306160688400269,-1.6321829557418823,0.0015668869018554688,0.09609165338678236,True,0.0069113969802856445,0.42385162723717895,True,0.0015668869018554688,PASS,2,Rain should not significantly affect prediction.,Consistent,0.2
RainRelation,1.125,-1.6306160688400269,-1.633741021156311,0.0031249523162841797,0.19164231602869086,True,0.0069113969802856445,0.42385162723717895,True,0.0031249523162841797,PASS,2,Rain should not significantly affect prediction.,Consistent,0.2
RainRelation,1.5,-1.6306160688400269,-1.6375274658203125,0.0069113969802856445,0.42385162723717895,True,0.0069113969802856445,0.42385162723717895,True,0.0069113969802856445,PASS,2,Rain should not significantly affect prediction.,Consistent,0.2
RotationRelation,-60.0,-1.6306160688400269,-1.6316145658493042,0.0009984970092773438,0.06123430377112667,True,0.0018721818923950195,0.11481431957086252,True,0.0009984970092773438,PASS,2,Small rotation should not significantly change output.,Consistent,0.2
RotationRelation,-30.0,-1.6306160688400269,-1.6310421228408813,0.0004260540008544922,0.026128390840258683,True,0.0018721818923950195,0.11481431957086252,True,0.0004260540008544922,PASS,2,Small rotation should not significantly change output.,Consistent,0.2
RotationRelation,0.0,-1.6306160688400269,-1.6306166648864746,5.960464477539062e-07,3.655342870769262e-05,True,0.0018721818923950195,0.11481431957086252,True,5.960464477539062e-07,PASS,2,Small rotation should not significantly change output.,Consistent,0.2
RotationRelation,30.0,-1.6306160688400269,-1.6301909685134888,0.00042510032653808594,0.026069905354326378,True,0.0018721818923950195,0.11481431957086252,True,0.00042510032653808594,PASS,2,Small rotation should not significantly change output.,Consistent,0.2
RotationRelation,60.0,-1.6306160688400269,-1.6320631504058838,0.0014470815658569336,0.08874441421653613,True,0.0018721818923950195,0.11481431957086252,True,0.0014470815658569336,PASS,2,Small rotation should not significantly change output.,Consistent,0.2
SandstormRelation,0.0,-1.6306160688400269,-1.6306403875350952,2.4318695068359375e-05,0.0014913798912738587,True,0.0016344785690307617,0.10023681220223468,True,2.4318695068359375e-05,PASS,2,Sandstorm should not significantly affect prediction.,Consistent,0.2
SandstormRelation,0.375,-1.6306160688400269,-1.631310224533081,0.0006941556930541992,0.042570123072978826,True,0.0016344785690307617,0.10023681220223468,True,0.0006941556930541992,PASS,2,Sandstorm should not significantly affect prediction.,Consistent,0.2
SandstormRelation,0.75,-1.6306160688400269,-1.631885051727295,0.0012689828872680664,0.07782224971867759,True,0.0016344785690307617,0.10023681220223468,True,0.0012689828872680664,PASS,2,Sandstorm should not significantly affect prediction.,Consistent,0.2
SandstormRelation,1.125,-1.6306160688400269,-1.6319935321807861,0.0013774633407592773,0.08447497374347765,True,0.0016344785690307617,0.10023681220223468,True,0.0013774633407592773,PASS,2,Sandstorm should not significantly affect prediction.,Consistent,0.2
SandstormRelation,1.5,-1.6306160688400269,-1.632274866104126,0.001658797264099121,0.10172819209350857,True,0.0016344785690307617,0.10023681220223468,True,0.001658797264099121,PASS,2,Sandstorm should not significantly affect prediction.,Consistent,0.2
SmokeRelation,0.0,-1.6306160688400269,-1.6306160688400269,0.0,0.0,True,0.0033951997756958008,0.2082156406047587,True,0.0,PASS,2,Smoke should not significantly affect prediction.,Consistent,0.2
SmokeRelation,0.375,-1.6306160688400269,-1.6301556825637817,0.0004603862762451172,0.02823386833382178,True,0.0033951997756958008,0.2082156406047587,True,0.0004603862762451172,PASS,2,Smoke should not significantly affect prediction.,Consistent,0.2
SmokeRelation,0.75,-1.6306160688400269,-1.6321154832839966,0.0014994144439697266,0.09195380525707154,True,0.0033951997756958008,0.2082156406047587,True,0.0014994144439697266,PASS,2,Smoke should not significantly affect prediction.,Consistent,0.2
SmokeRelation,1.125,-1.6306160688400269,-1.6292489767074585,0.0013670921325683594,0.08383894408396379,True,0.0033951997756958008,0.2082156406047587,True,0.0013670921325683594,PASS,2,Smoke should not significantly affect prediction.,Consistent,0.2
SmokeRelation,1.5,-1.6306160688400269,-1.6287202835083008,0.0018957853317260742,0.11626183534768715,True,0.0033951997756958008,0.2082156406047587,True,0.0018957853317260742,PASS,2,Smoke should not significantly affect prediction.,Consistent,0.2
SnowRelation,0.0,-1.6306160688400269,-1.6306160688400269,0.0,0.0,True,0.0017379522323608398,0.10658248742589013,True,0.0,PASS,2,Snow should not significantly affect prediction.,Consistent,0.2
SnowRelation,0.375,-1.6306160688400269,-1.6305739879608154,4.208087921142578e-05,0.002580672066763099,True,0.0017379522323608398,0.10658248742589013,True,4.208087921142578e-05,PASS,2,Snow should not significantly affect prediction.,Consistent,0.2
SnowRelation,0.75,-1.6306160688400269,-1.6297866106033325,0.0008294582366943359,0.05086775138962504,True,0.0017379522323608398,0.10658248742589013,True,0.0008294582366943359,PASS,2,Snow should not significantly affect prediction.,Consistent,0.2
SnowRelation,1.125,-1.6306160688400269,-1.6295663118362427,0.0010497570037841797,0.06437789863998823,True,0.0017379522323608398,0.10658248742589013,True,0.0010497570037841797,PASS,2,Snow should not significantly affect prediction.,Consistent,0.2
SnowRelation,1.5,-1.6306160688400269,-1.6313042640686035,0.0006881952285766602,0.04220458878590189,True,0.0017379522323608398,0.10658248742589013,True,0.0006881952285766602,PASS,2,Snow should not significantly affect prediction.,Consistent,0.2
TranslationRelation,0.0,-1.6306160688400269,-1.63063645362854,2.0384788513183594e-05,0.0012501272618030874,True,0.005559802055358887,0.3409630722996152,True,2.0384788513183594e-05,PASS,2,Small translation should preserve prediction consistency.,Consistent,0.2
TranslationRelation,20.0,-1.6306160688400269,-1.630294680595398,0.00032138824462890625,0.01970960875918786,True,0.005559802055358887,0.3409630722996152,True,0.00032138824462890625,PASS,2,Small translation should preserve prediction consistency.,Consistent,0.2
TranslationRelation,40.0,-1.6306160688400269,-1.6325652599334717,0.0019491910934448242,0.1195370225598964,True,0.005559802055358887,0.3409630722996152,True,0.0019491910934448242,PASS,2,Small translation should preserve prediction consistency.,Consistent,0.2
TranslationRelation,60.0,-1.6306160688400269,-1.6348152160644531,0.0041991472244262695,0.2575189052456945,True,0.005559802055358887,0.3409630722996152,True,0.0041991472244262695,PASS,2,Small translation should preserve prediction consistency.,Consistent,0.2
TranslationRelation,80.0,-1.6306160688400269,-1.6358544826507568,0.0052384138107299805,0.32125346354042733,True,0.005559802055358887,0.3409630722996152,True,0.0052384138107299805,PASS,2,Small translation should preserve prediction consistency.,Consistent,0.2
DarkVisibilityRelation,0.05,-1.6306160688400269,-1.6305029392242432,0.0001131296157836914,0.00693784076872006,True,0.0024503469467163086,0.15027114541732436,True,0.0001131296157836914,PASS,2,Output should not change drastically under visibility degradation.,Consistent,0.2
DarkVisibilityRelation,0.4125,-1.6306160688400269,-1.6295852661132812,0.0010308027267456055,0.06321549960708361,True,0.0024503469467163086,0.15027114541732436,True,0.0010308027267456055,PASS,2,Output should not change drastically under visibility degradation.,Consistent,0.2
DarkVisibilityRelation,0.775,-1.6306160688400269,-1.6286643743515015,0.0019516944885253906,0.1196905469604687,True,0.0024503469467163086,0.15027114541732436,True,0.0019516944885253906,PASS,2,Output should not change drastically under visibility degradation.,Consistent,0.2
DarkVisibilityRelation,1.1375,-1.6306160688400269,-1.6280721426010132,0.002543926239013672,0.15601003372443212,True,0.0024503469467163086,0.15027114541732436,True,0.002543926239013672,PASS,2,Output should not change drastically under visibility degradation.,Consistent,0.2
DarkVisibilityRelation,1.5,-1.6306160688400269,-1.6280525922775269,0.0025634765625,0.15720898618604442,True,0.0024503469467163086,0.15027114541732436,True,0.0025634765625,PASS,2,Output should not change drastically under visibility degradation.,Consistent,0.2
TemporalSmoothnessRelation,0.0,-1.630487322807312,-1.63059401512146,0.00010669231414794922,0.0,True,,,,0.00010669231414794922,PASS,2,Predictions should change smoothly across consecutive frames.,Consistent,0.2
BlurRelation,1.0,-1.6298954486846924,-1.6298218965530396,7.355213165283203e-05,0.004512687398772343,True,0.0009844303131103516,0.06039833474726419,True,7.355213165283203e-05,PASS,3,Blur should not significantly change output.,Consistent,0.2
BlurRelation,8.5,-1.6298954486846924,-1.6299364566802979,4.100799560546875e-05,0.0025159877879703174,True,0.0009844303131103516,0.06039833474726419,True,4.100799560546875e-05,PASS,3,Blur should not significantly change output.,Consistent,0.2
BlurRelation,16.0,-1.6298954486846924,-1.629963755607605,6.830692291259766e-05,0.004190875007287767,True,0.0009844303131103516,0.06039833474726419,True,6.830692291259766e-05,PASS,3,Blur should not significantly change output.,Consistent,0.2
BlurRelation,23.5,-1.6298954486846924,-1.63080632686615,0.0009108781814575195,0.05588564734849185,True,0.0009844303131103516,0.06039833474726419,True,0.0009108781814575195,PASS,3,Blur should not significantly change output.,Consistent,0.2
BlurRelation,31.0,-1.6298954486846924,-1.6301149129867554,0.00021946430206298828,0.013464923016434168,True,0.0009844303131103516,0.06039833474726419,True,0.00021946430206298828,PASS,3,Blur should not significantly change output.,Consistent,0.2
BrightnessRelation,0.1,-1.6298954486846924,-1.6377003192901611,0.00780487060546875,0.47885683852904837,True,0.008745670318603516,0.5365782792925999,True,0.00780487060546875,PASS,3,Output should remain approximately same under localized brightness change.,Consistent,0.2
BrightnessRelation,0.825,-1.6298954486846924,-1.6298654079437256,3.0040740966796875e-05,0.001843107333048023,True,0.008745670318603516,0.5365782792925999,True,3.0040740966796875e-05,PASS,3,Output should remain approximately same under localized brightness change.,Consistent,0.2
BrightnessRelation,1.55,-1.6298954486846924,-1.6289546489715576,0.0009407997131347656,0.05772144076355159,True,0.008745670318603516,0.5365782792925999,True,0.0009407997131347656,PASS,3,Output should remain approximately same under localized brightness change.,Consistent,0.2
BrightnessRelation,2.275,-1.6298954486846924,-1.6341286897659302,0.004233241081237793,0.25972454168201725,True,0.008745670318603516,0.5365782792925999,True,0.004233241081237793,PASS,3,Output should remain approximately same under localized brightness change.,Consistent,0.2
BrightnessRelation,3.0,-1.6298954486846924,-1.6309751272201538,0.0010796785354614258,0.06624215521990455,True,0.008745670318603516,0.5365782792925999,True,0.0010796785354614258,PASS,3,Output should remain approximately same under localized brightness change.,Consistent,0.2
CompositeRelation,0.1,-1.6298954486846924,-1.629750370979309,0.00014507770538330078,0.008901038191743827,True,0.006600618362426758,0.4049716390113851,True,0.00014507770538330078,PASS,3,Prediction should remain approximately consistent under composite transformations.,Consistent,0.2
CompositeRelation,0.44999999999999996,-1.6298954486846924,-1.635339379310608,0.005443930625915527,0.33400469277104794,True,0.006600618362426758,0.4049716390113851,True,0.005443930625915527,PASS,3,Prediction should remain approximately consistent under composite transformations.,Consistent,0.2
CompositeRelation,0.7999999999999999,-1.6298954486846924,-1.6287387609481812,0.0011566877365112305,0.07096694624033718,True,0.006600618362426758,0.4049716390113851,True,0.0011566877365112305,PASS,3,Prediction should remain approximately consistent under composite transformations.,Consistent,0.2
CompositeRelation,1.15,-1.6298954486846924,-1.6307240724563599,0.0008286237716674805,0.050839043936574645,True,0.006600618362426758,0.4049716390113851,True,0.0008286237716674805,PASS,3,Prediction should remain approximately consistent under composite transformations.,Consistent,0.2
CompositeRelation,1.5,-1.6298954486846924,-1.6319645643234253,0.00206911563873291,0.12694767452267675,True,0.006600618362426758,0.4049716390113851,True,0.00206911563873291,PASS,3,Prediction should remain approximately consistent under composite transformations.,Consistent,0.2
ContrastRelation,0.1,-1.6298954486846924,-1.6300418376922607,0.00014638900756835938,0.00898149128961497,True,0.0007718801498413086,0.0473576189741506,True,0.00014638900756835938,PASS,3,Contrast change should not significantly affect output.,Consistent,0.2
ContrastRelation,1.075,-1.6298954486846924,-1.6298401355743408,5.53131103515625e-05,0.0033936579465646145,True,0.0007718801498413086,0.0473576189741506,True,5.53131103515625e-05,PASS,3,Contrast change should not significantly affect output.,Consistent,0.2
ContrastRelation,2.05,-1.6298954486846924,-1.629879355430603,1.609325408935547e-05,0.000987378928418584,True,0.0007718801498413086,0.0473576189741506,True,1.609325408935547e-05,PASS,3,Contrast change should not significantly affect output.,Consistent,0.2
ContrastRelation,3.025,-1.6298954486846924,-1.6301687955856323,0.0002733469009399414,0.016770813947139356,True,0.0007718801498413086,0.0473576189741506,True,0.0002733469009399414,PASS,3,Contrast change should not significantly affect output.,Consistent,0.2
ContrastRelation,4.0,-1.6298954486846924,-1.629396915435791,0.0004985332489013672,0.030586805027011246,True,0.0007718801498413086,0.0473576189741506,True,0.0004985332489013672,PASS,3,Contrast change should not significantly affect output.,Consistent,0.2
DarkVisibilityRelation,0.05,-1.6298954486846924,-1.6358180046081543,0.005922555923461914,0.36337007349401546,True,0.0059201717376708984,0.36322379513424974,True,0.005922555923461914,PASS,3,Output should not change drastically under visibility degradation.,Consistent,0.2
DarkVisibilityRelation,0.4125,-1.6298954486846924,-1.634497046470642,0.004601597785949707,0.28232454826582043,True,0.0059201717376708984,0.36322379513424974,True,0.004601597785949707,PASS,3,Output should not change drastically under visibility degradation.,Consistent,0.2
DarkVisibilityRelation,0.775,-1.6298954486846924,-1.632769227027893,0.0028737783432006836,0.17631662094360595,True,0.0059201717376708984,0.36322379513424974,True,0.0028737783432006836,PASS,3,Output should not change drastically under visibility degradation.,Consistent,0.2
DarkVisibilityRelation,1.1375,-1.6298954486846924,-1.6299000978469849,4.649162292480469e-06,0.0002852428015431465,True,0.0059201717376708984,0.36322379513424974,True,4.649162292480469e-06,PASS,3,Output should not change drastically under visibility degradation.,Consistent,0.2
DarkVisibilityRelation,1.5,-1.6298954486846924,-1.6298978328704834,2.384185791015625e-06,0.00014627835976571612,True,0.0059201717376708984,0.36322379513424974,True,2.384185791015625e-06,PASS,3,Output should not change drastically under visibility degradation.,Consistent,0.2
DustRelation,0.0,-1.6298954486846924,-1.6298954486846924,0.0,0.0,True,7.677078247070312e-05,0.00471016318445606,True,0.0,PASS,3,Dust should not significantly affect prediction.,Consistent,0.2
DustRelation,0.375,-1.6298954486846924,-1.6298818588256836,1.3589859008789062e-05,0.0008337866506645819,True,7.677078247070312e-05,0.00471016318445606,True,1.3589859008789062e-05,PASS,3,Dust should not significantly affect prediction.,Consistent,0.2
DustRelation,0.75,-1.6298954486846924,-1.6299550533294678,5.9604644775390625e-05,0.003656958994142903,True,7.677078247070312e-05,0.00471016318445606,True,5.9604644775390625e-05,PASS,3,Dust should not significantly affect prediction.,Consistent,0.2
DustRelation,1.125,-1.6298954486846924,-1.6298989057540894,3.4570693969726562e-06,0.0002121036216602884,True,7.677078247070312e-05,0.00471016318445606,True,3.4570693969726562e-06,PASS,3,Dust should not significantly affect prediction.,Consistent,0.2
DustRelation,1.5,-1.6298954486846924,-1.6299586296081543,6.318092346191406e-05,0.0038763765337914776,True,7.677078247070312e-05,0.00471016318445606,True,6.318092346191406e-05,PASS,3,Dust should not significantly affect prediction.,Consistent,0.2
FogRelation,0.0,-1.6298954486846924,-1.629878044128418,1.7404556274414062e-05,0.0010678320262897277,True,0.000914454460144043,0.056105064888140425,True,1.7404556274414062e-05,PASS,3,Fog should not significantly affect prediction.,Consistent,0.2
FogRelation,0.375,-1.6298954486846924,-1.6303460597991943,0.0004506111145019531,0.02764660999572035,True,0.000914454460144043,0.056105064888140425,True,0.0004506111145019531,PASS,3,Fog should not significantly affect prediction.,Consistent,0.2
FogRelation,0.75,-1.6298954486846924,-1.6306151151657104,0.0007196664810180664,0.044154122895281415,True,0.000914454460144043,0.056105064888140425,True,0.0007196664810180664,PASS,3,Fog should not significantly affect prediction.,Consistent,0.2
FogRelation,1.125,-1.6298954486846924,-1.6307491064071655,0.0008536577224731445,0.05237496671411466,True,0.000914454460144043,0.056105064888140425,True,0.0008536577224731445,PASS,3,Fog should not significantly affect prediction.,Consistent,0.2
FogRelation,1.5,-1.6298954486846924,-1.630792498588562,0.0008970499038696289,0.05503723286185069,True,0.000914454460144043,0.056105064888140425,True,0.0008970499038696289,PASS,3,Fog should not significantly affect prediction.,Consistent,0.2
HazeRelation,0.0,-1.6298954486846924,-1.6298954486846924,0.0,0.0,True,0.000805974006652832,0.049449399518800334,True,0.0,PASS,3,Haze should not significantly affect prediction.,Consistent,0.2
HazeRelation,0.375,-1.6298954486846924,-1.6297017335891724,0.00019371509552001953,0.011885116730964436,True,0.000805974006652832,0.049449399518800334,True,0.00019371509552001953,PASS,3,Haze should not significantly affect prediction.,Consistent,0.2
HazeRelation,0.75,-1.6298954486846924,-1.6294989585876465,0.00039649009704589844,0.02432609122903859,True,0.000805974006652832,0.049449399518800334,True,0.00039649009704589844,PASS,3,Haze should not significantly affect prediction.,Consistent,0.2
HazeRelation,1.125,-1.6298954486846924,-1.629294514656067,0.0006009340286254883,0.03686946057894875,True,0.000805974006652832,0.049449399518800334,True,0.0006009340286254883,PASS,3,Haze should not significantly affect prediction.,Consistent,0.2
HazeRelation,1.5,-1.6298954486846924,-1.6290894746780396,0.000805974006652832,0.049449399518800334,True,0.000805974006652832,0.049449399518800334,True,0.000805974006652832,PASS,3,Haze should not significantly affect prediction.,Consistent,0.2
NoiseRelation,0.0,-1.6298954486846924,-1.629905343055725,9.894371032714844e-06,0.000607055193027722,True,0.001463174819946289,0.08977102938821999,True,9.894371032714844e-06,PASS,3,Noise should not significantly affect prediction.,Consistent,0.2
NoiseRelation,37.5,-1.6298954486846924,-1.6305774450302124,0.0006819963455200195,0.0418429248109831,True,0.001463174819946289,0.08977102938821999,True,0.0006819963455200195,PASS,3,Noise should not significantly affect prediction.,Consistent,0.2
NoiseRelation,75.0,-1.6298954486846924,-1.6305948495864868,0.0006994009017944336,0.04291075683727282,True,0.001463174819946289,0.08977102938821999,True,0.0006994009017944336,PASS,3,Noise should not significantly affect prediction.,Consistent,0.2
NoiseRelation,112.5,-1.6298954486846924,-1.6291316747665405,0.0007637739181518555,0.04686027255094716,True,0.001463174819946289,0.08977102938821999,True,0.0007637739181518555,PASS,3,Noise should not significantly affect prediction.,Consistent,0.2
NoiseRelation,150.0,-1.6298954486846924,-1.6300121545791626,0.00011670589447021484,0.007160325710531805,True,0.001463174819946289,0.08977102938821999,True,0.00011670589447021484,PASS,3,Noise should not significantly affect prediction.,Consistent,0.2
RainRelation,0.0,-1.6298954486846924,-1.6298954486846924,0.0,0.0,True,0.005133867263793945,0.31498119208351655,True,0.0,PASS,3,Rain should not significantly affect prediction.,Consistent,0.2
RainRelation,0.375,-1.6298954486846924,-1.6327152252197266,0.0028197765350341797,0.1730034160949125,True,0.005133867263793945,0.31498119208351655,True,0.0028197765350341797,PASS,3,Rain should not significantly affect prediction.,Consistent,0.2
RainRelation,0.75,-1.6298954486846924,-1.6349087953567505,0.0050133466720581055,0.3075868209973596,True,0.005133867263793945,0.31498119208351655,True,0.0050133466720581055,PASS,3,Rain should not significantly affect prediction.,Consistent,0.2
RainRelation,1.125,-1.6298954486846924,-1.6314847469329834,0.0015892982482910156,0.09750915461982637,True,0.005133867263793945,0.31498119208351655,True,0.0015892982482910156,PASS,3,Rain should not significantly affect prediction.,Consistent,0.2
RainRelation,1.5,-1.6298954486846924,-1.6350293159484863,0.005133867263793945,0.31498119208351655,True,0.005133867263793945,0.31498119208351655,True,0.005133867263793945,PASS,3,Rain should not significantly affect prediction.,Consistent,0.2
RotationRelation,-60.0,-1.6298954486846924,-1.6304900646209717,0.0005946159362792969,0.036481822925569604,True,0.000847935676574707,0.05202389865067694,True,0.0005946159362792969,PASS,3,Small rotation should not significantly change output.,Consistent,0.2
RotationRelation,-30.0,-1.6298954486846924,-1.6307430267333984,0.0008475780487060547,0.05200195689671208,True,0.000847935676574707,0.05202389865067694,True,0.0008475780487060547,PASS,3,Small rotation should not significantly change output.,Consistent,0.2
RotationRelation,0.0,-1.6298954486846924,-1.6298950910568237,3.5762786865234375e-07,2.194175396485742e-05,True,0.000847935676574707,0.05202389865067694,True,3.5762786865234375e-07,PASS,3,Small rotation should not significantly change output.,Consistent,0.2
RotationRelation,30.0,-1.6298954486846924,-1.6306886672973633,0.0007932186126708984,0.04866681029405375,True,0.000847935676574707,0.05202389865067694,True,0.0007932186126708984,PASS,3,Small rotation should not significantly change output.,Consistent,0.2
RotationRelation,60.0,-1.6298954486846924,-1.6300781965255737,0.00018274784088134766,0.011212236276042141,True,0.000847935676574707,0.05202389865067694,True,0.00018274784088134766,PASS,3,Small rotation should not significantly change output.,Consistent,0.2
SandstormRelation,0.0,-1.6298954486846924,-1.6297886371612549,0.0001068115234375,0.006553270517504083,True,0.0005491971969604492,0.033695220172032705,True,0.0001068115234375,PASS,3,Sandstorm should not significantly affect prediction.,Consistent,0.2
SandstormRelation,0.375,-1.6298954486846924,-1.6299599409103394,6.449222564697266e-05,0.003956829631662622,True,0.0005491971969604492,0.033695220172032705,True,6.449222564697266e-05,PASS,3,Sandstorm should not significantly affect prediction.,Consistent,0.2
SandstormRelation,0.75,-1.6298954486846924,-1.630064606666565,0.0001691579818725586,0.010378449625377558,True,0.0005491971969604492,0.033695220172032705,True,0.0001691579818725586,PASS,3,Sandstorm should not significantly affect prediction.,Consistent,0.2
SandstormRelation,1.125,-1.6298954486846924,-1.6301968097686768,0.000301361083984375,0.01848958467438652,True,0.0005491971969604492,0.033695220172032705,True,0.000301361083984375,PASS,3,Sandstorm should not significantly affect prediction.,Consistent,0.2
SandstormRelation,1.5,-1.6298954486846924,-1.6303378343582153,0.0004423856735229492,0.027141949654528628,True,0.0005491971969604492,0.033695220172032705,True,0.0004423856735229492,PASS,3,Sandstorm should not significantly affect prediction.,Consistent,0.2
SmokeRelation,0.0,-1.6298954486846924,-1.6298954486846924,0.0,0.0,True,0.0013556480407714844,0.08317387536278618,True,0.0,PASS,3,Smoke should not significantly affect prediction.,Consistent,0.2
SmokeRelation,0.375,-1.6298954486846924,-1.6295753717422485,0.00032007694244384766,0.01963786979854739,True,0.0013556480407714844,0.08317387536278618,True,0.00032007694244384766,PASS,3,Smoke should not significantly affect prediction.,Consistent,0.2
SmokeRelation,0.75,-1.6298954486846924,-1.629225730895996,0.0006697177886962891,0.04108959125818966,True,0.0013556480407714844,0.08317387536278618,True,0.0006697177886962891,PASS,3,Smoke should not significantly affect prediction.,Consistent,0.2
SmokeRelation,1.125,-1.6298954486846924,-1.6288862228393555,0.001009225845336914,0.06191962968882764,True,0.0013556480407714844,0.08317387536278618,True,0.001009225845336914,PASS,3,Smoke should not significantly affect prediction.,Consistent,0.2
SmokeRelation,1.5,-1.6298954486846924,-1.628539800643921,0.0013556480407714844,0.08317387536278618,True,0.0013556480407714844,0.08317387536278618,True,0.0013556480407714844,PASS,3,Smoke should not significantly affect prediction.,Consistent,0.2
SnowRelation,0.0,-1.6298954486846924,-1.6298954486846924,0.0,0.0,True,0.0006334781646728516,0.038866160189750774,True,0.0,PASS,3,Snow should not significantly affect prediction.,Consistent,0.2
SnowRelation,0.375,-1.6298954486846924,-1.6298139095306396,8.153915405273438e-05,0.005002719903987492,True,0.0006334781646728516,0.038866160189750774,True,8.153915405273438e-05,PASS,3,Snow should not significantly affect prediction.,Consistent,0.2
SnowRelation,0.75,-1.6298954486846924,-1.6297043561935425,0.00019109249114990234,0.011724210535222148,True,0.0006334781646728516,0.038866160189750774,True,0.00019109249114990234,PASS,3,Snow should not significantly affect prediction.,Consistent,0.2
SnowRelation,1.125,-1.6298954486846924,-1.6292619705200195,0.0006334781646728516,0.038866160189750774,True,0.0006334781646728516,0.038866160189750774,True,0.0006334781646728516,PASS,3,Snow should not significantly affect prediction.,Consistent,0.2
SnowRelation,1.5,-1.6298954486846924,-1.629434585571289,0.0004608631134033203,0.02827560694271293,True,0.0006334781646728516,0.038866160189750774,True,0.0004608631134033203,PASS,3,Snow should not significantly affect prediction.,Consistent,0.2
TranslationRelation,0.0,-1.6298954486846924,-1.63010573387146,0.00021028518676757812,0.012901751331336165,True,0.0031954050064086914,0.19604957167600104,True,0.00021028518676757812,PASS,3,Small translation should preserve prediction consistency.,Consistent,0.2
TranslationRelation,20.0,-1.6298954486846924,-1.6316125392913818,0.0017170906066894531,0.10534967470326875,True,0.0031954050064086914,0.19604957167600104,True,0.0017170906066894531,PASS,3,Small translation should preserve prediction consistency.,Consistent,0.2
TranslationRelation,40.0,-1.6298954486846924,-1.6294293403625488,0.0004661083221435547,0.028597419334197502,True,0.0031954050064086914,0.19604957167600104,True,0.0004661083221435547,PASS,3,Small translation should preserve prediction consistency.,Consistent,0.2
TranslationRelation,60.0,-1.6298954486846924,-1.6287420988082886,0.0011533498764038086,0.07076215653666518,True,0.0031954050064086914,0.19604957167600104,True,0.0011533498764038086,PASS,3,Small translation should preserve prediction consistency.,Consistent,0.2
TranslationRelation,80.0,-1.6298954486846924,-1.6319375038146973,0.002042055130004883,0.12528741513933586,True,0.0031954050064086914,0.19604957167600104,True,0.002042055130004883,PASS,3,Small translation should preserve prediction consistency.,Consistent,0.2
DarkVisibilityRelation,0.05,-1.6298954486846924,-1.6298165321350098,7.891654968261719e-05,0.004841813708245204,True,0.0018771886825561523,0.1151722665615366,True,7.891654968261719e-05,PASS,3,Output should not change drastically under visibility degradation.,Consistent,0.2
DarkVisibilityRelation,0.4125,-1.6298954486846924,-1.6291580200195312,0.0007374286651611328,0.045243896675536,True,0.0018771886825561523,0.1151722665615366,True,0.0007374286651611328,PASS,3,Output should not change drastically under visibility degradation.,Consistent,0.2
DarkVisibilityRelation,0.775,-1.6298954486846924,-1.6284998655319214,0.001395583152770996,0.08562403788886193,True,0.0018771886825561523,0.1151722665615366,True,0.001395583152770996,PASS,3,Output should not change drastically under visibility degradation.,Consistent,0.2
DarkVisibilityRelation,1.1375,-1.6298954486846924,-1.6291406154632568,0.0007548332214355469,0.046311728701825726,True,0.0018771886825561523,0.1151722665615366,True,0.0007548332214355469,PASS,3,Output should not change drastically under visibility degradation.,Consistent,0.2
DarkVisibilityRelation,1.5,-1.6298954486846924,-1.6279393434524536,0.0019561052322387695,0.1200140802697818,True,0.0018771886825561523,0.1151722665615366,True,0.0019561052322387695,PASS,3,Output should not change drastically under visibility degradation.,Consistent,0.2
TemporalSmoothnessRelation,0.0,-1.630487322807312,-1.63059401512146,0.00010669231414794922,0.0,True,,,,0.00010669231414794922,PASS,3,Predictions should change smoothly across consecutive frames.,Consistent,0.2
BlurRelation,1.0,-1.6303092241287231,-1.630350112915039,4.088878631591797e-05,0.002508037164385074,True,0.00035500526428222656,0.021775319753757287,True,4.088878631591797e-05,PASS,4,Blur should not significantly change output.,Consistent,0.2
BlurRelation,8.5,-1.6303092241287231,-1.6303640604019165,5.4836273193359375e-05,0.0033635483837234225,True,0.00035500526428222656,0.021775319753757287,True,5.4836273193359375e-05,PASS,4,Blur should not significantly change output.,Consistent,0.2
BlurRelation,16.0,-1.6303092241287231,-1.6301244497299194,0.00018477439880371094,0.011333695640807185,True,0.00035500526428222656,0.021775319753757287,True,0.00018477439880371094,PASS,4,Blur should not significantly change output.,Consistent,0.2
BlurRelation,23.5,-1.6303092241287231,-1.630344033241272,3.4809112548828125e-05,0.002135122017493999,True,0.00035500526428222656,0.021775319753757287,True,3.4809112548828125e-05,PASS,4,Blur should not significantly change output.,Consistent,0.2
BlurRelation,31.0,-1.6303092241287231,-1.6304794549942017,0.00017023086547851562,0.010441624112950104,True,0.00035500526428222656,0.021775319753757287,True,0.00017023086547851562,PASS,4,Blur should not significantly change output.,Consistent,0.2
BrightnessRelation,0.1,-1.6303092241287231,-1.6330480575561523,0.0027388334274291992,0.16799461764357748,True,0.004668474197387695,0.2863549604421232,True,0.0027388334274291992,PASS,4,Output should remain approximately same under localized brightness change.,Consistent,0.2
BrightnessRelation,0.825,-1.6303092241287231,-1.63104248046875,0.0007332563400268555,0.04497649153974516,True,0.004668474197387695,0.2863549604421232,True,0.0007332563400268555,PASS,4,Output should remain approximately same under localized brightness change.,Consistent,0.2
BrightnessRelation,1.55,-1.6303092241287231,-1.629094123840332,0.0012151002883911133,0.07453184494628881,True,0.004668474197387695,0.2863549604421232,True,0.0012151002883911133,PASS,4,Output should remain approximately same under localized brightness change.,Consistent,0.2
BrightnessRelation,2.275,-1.6303092241287231,-1.6311407089233398,0.0008314847946166992,0.05100163038363233,True,0.004668474197387695,0.2863549604421232,True,0.0008314847946166992,PASS,4,Output should remain approximately same under localized brightness change.,Consistent,0.2
BrightnessRelation,3.0,-1.6303092241287231,-1.6283795833587646,0.001929640769958496,0.11836034279854575,True,0.004668474197387695,0.2863549604421232,True,0.001929640769958496,PASS,4,Output should remain approximately same under localized brightness change.,Consistent,0.2
CompositeRelation,0.1,-1.6303092241287231,-1.6301604509353638,0.000148773193359375,0.009125453006275722,True,0.002591371536254883,0.15894959731604297,True,0.000148773193359375,PASS,4,Prediction should remain approximately consistent under composite transformations.,Consistent,0.2
CompositeRelation,0.44999999999999996,-1.6303092241287231,-1.630340814590454,3.159046173095703e-05,0.0019376963514928414,True,0.002591371536254883,0.15894959731604297,True,3.159046173095703e-05,PASS,4,Prediction should remain approximately consistent under composite transformations.,Consistent,0.2
CompositeRelation,0.7999999999999999,-1.6303092241287231,-1.6327518224716187,0.002442598342895508,0.14982414430976726,True,0.002591371536254883,0.15894959731604297,True,0.002442598342895508,PASS,4,Prediction should remain approximately consistent under composite transformations.,Consistent,0.2
CompositeRelation,1.15,-1.6303092241287231,-1.6318498849868774,0.0015406608581542969,0.09450108545922069,True,0.002591371536254883,0.15894959731604297,True,0.0015406608581542969,PASS,4,Prediction should remain approximately consistent under composite transformations.,Consistent,0.2
CompositeRelation,1.5,-1.6303092241287231,-1.63160240650177,0.001293182373046875,0.0793212453622428,True,0.002591371536254883,0.15894959731604297,True,0.001293182373046875,PASS,4,Prediction should remain approximately consistent under composite transformations.,Consistent,0.2
ContrastRelation,0.1,-1.6303092241287231,-1.6306734085083008,0.0003641843795776367,0.022338348504945774,True,0.0015772581100463867,0.09674588840227089,True,0.0003641843795776367,PASS,4,Contrast change should not significantly affect output.,Consistent,0.2
ContrastRelation,1.075,-1.6303092241287231,-1.6303521394729614,4.291534423828125e-05,0.0026323422133487655,True,0.0015772581100463867,0.09674588840227089,True,4.291534423828125e-05,PASS,4,Contrast change should not significantly affect output.,Consistent,0.2
ContrastRelation,2.05,-1.6303092241287231,-1.6304609775543213,0.00015175342559814453,0.009308254548869384,True,0.0015772581100463867,0.09674588840227089,True,0.00015175342559814453,PASS,4,Contrast change should not significantly affect output.,Consistent,0.2
ContrastRelation,3.025,-1.6303092241287231,-1.6290961503982544,0.00121307373046875,0.07440753989732511,True,0.0015772581100463867,0.09674588840227089,True,0.00121307373046875,PASS,4,Contrast change should not significantly affect output.,Consistent,0.2
ContrastRelation,4.0,-1.6303092241287231,-1.6299370527267456,0.00037217140197753906,0.022828256639096794,True,0.0015772581100463867,0.09674588840227089,True,0.00037217140197753906,PASS,4,Contrast change should not significantly affect output.,Consistent,0.2
DarkVisibilityRelation,0.05,-1.6303092241287231,-1.6358240842819214,0.005514860153198242,0.3382705985387239,True,0.005509376525878906,0.3379342437003515,True,0.005514860153198242,PASS,4,Output should not change drastically under visibility degradation.,Consistent,0.2
DarkVisibilityRelation,0.4125,-1.6303092241287231,-1.6354469060897827,0.00513768196105957,0.3151352353080697,True,0.005509376525878906,0.3379342437003515,True,0.00513768196105957,PASS,4,Output should not change drastically under visibility degradation.,Consistent,0.2
DarkVisibilityRelation,0.775,-1.6303092241287231,-1.6331593990325928,0.002850174903869629,0.17482408327487675,True,0.005509376525878906,0.3379342437003515,True,0.002850174903869629,PASS,4,Output should not change drastically under visibility degradation.,Consistent,0.2
DarkVisibilityRelation,1.1375,-1.6303092241287231,-1.6303147077560425,5.4836273193359375e-06,0.0003363548383723423,True,0.005509376525878906,0.3379342437003515,True,5.4836273193359375e-06,PASS,4,Output should not change drastically under visibility degradation.,Consistent,0.2
DarkVisibilityRelation,1.5,-1.6303092241287231,-1.6303210258483887,1.1801719665527344e-05,0.0007238941086709105,True,0.005509376525878906,0.3379342437003515,True,1.1801719665527344e-05,PASS,4,Output should not change drastically under visibility degradation.,Consistent,0.2
DustRelation,0.0,-1.6303092241287231,-1.6303092241287231,0.0,0.0,True,0.0008537769317626953,0.052368985922232936,True,0.0,PASS,4,Dust should not significantly affect prediction.,Consistent,0.2
DustRelation,0.375,-1.6303092241287231,-1.6302695274353027,3.9696693420410156e-05,0.0024349165473476083,True,0.0008537769317626953,0.052368985922232936,True,3.9696693420410156e-05,PASS,4,Dust should not significantly affect prediction.,Consistent,0.2
DustRelation,0.75,-1.6303092241287231,-1.630724549293518,0.0004153251647949219,0.025475222975853053,True,0.0008537769317626953,0.052368985922232936,True,0.0004153251647949219,PASS,4,Dust should not significantly affect prediction.,Consistent,0.2
DustRelation,1.125,-1.6303092241287231,-1.6303852796554565,7.605552673339844e-05,0.0046650953669903125,True,0.0008537769317626953,0.052368985922232936,True,7.605552673339844e-05,PASS,4,Dust should not significantly affect prediction.,Consistent,0.2
DustRelation,1.5,-1.6303092241287231,-1.6298707723617554,0.00043845176696777344,0.026893762946379886,True,0.0008537769317626953,0.052368985922232936,True,0.00043845176696777344,PASS,4,Dust should not significantly affect prediction.,Consistent,0.2
FogRelation,0.0,-1.6303092241287231,-1.6302440166473389,6.520748138427734e-05,0.003999697751949374,True,0.00244748592376709,0.15012393883962086,True,6.520748138427734e-05,PASS,4,Fog should not significantly affect prediction.,Consistent,0.2
FogRelation,0.375,-1.6303092241287231,-1.6312966346740723,0.000987410545349121,0.06056580709213285,True,0.00244748592376709,0.15012393883962086,True,0.000987410545349121,PASS,4,Fog should not significantly affect prediction.,Consistent,0.2
FogRelation,0.75,-1.6303092241287231,-1.632001519203186,0.0016922950744628906,0.10380202794638632,True,0.00244748592376709,0.15012393883962086,True,0.0016922950744628906,PASS,4,Fog should not significantly affect prediction.,Consistent,0.2
FogRelation,1.125,-1.6303092241287231,-1.632443904876709,0.00213468074798584,0.13093708892898984,True,0.00244748592376709,0.15012393883962086,True,0.00213468074798584,PASS,4,Fog should not significantly affect prediction.,Consistent,0.2
FogRelation,1.5,-1.6303092241287231,-1.632691502571106,0.0023822784423828125,0.14612424108767147,True,0.00244748592376709,0.15012393883962086,True,0.0023822784423828125,PASS,4,Fog should not significantly affect prediction.,Consistent,0.2
HazeRelation,0.0,-1.6303092241287231,-1.6303092241287231,0.0,0.0,True,0.0009877681732177734,0.060587743277244095,True,0.0,PASS,4,Haze should not significantly affect prediction.,Consistent,0.2
HazeRelation,0.375,-1.6303092241287231,-1.6300737857818604,0.00023543834686279297,0.014441321864899477,True,0.0009877681732177734,0.060587743277244095,True,0.00023543834686279297,PASS,4,Haze should not significantly affect prediction.,Consistent,0.2
HazeRelation,0.75,-1.6303092241287231,-1.629821538925171,0.0004876852035522461,0.029913644430027222,True,0.0009877681732177734,0.060587743277244095,True,0.0004876852035522461,PASS,4,Haze should not significantly affect prediction.,Consistent,0.2
HazeRelation,1.125,-1.6303092241287231,-1.6295723915100098,0.0007368326187133789,0.045195853390857556,True,0.0009877681732177734,0.060587743277244095,True,0.0007368326187133789,PASS,4,Haze should not significantly affect prediction.,Consistent,0.2
HazeRelation,1.5,-1.6303092241287231,-1.6293214559555054,0.0009877681732177734,0.060587743277244095,True,0.0009877681732177734,0.060587743277244095,True,0.0009877681732177734,PASS,4,Haze should not significantly affect prediction.,Consistent,0.2
NoiseRelation,0.0,-1.6303092241287231,-1.630323886871338,1.4662742614746094e-05,0.0008993835895608282,True,0.0006026029586791992,0.03696247191243892,True,1.4662742614746094e-05,PASS,4,Noise should not significantly affect prediction.,Consistent,0.2
NoiseRelation,37.5,-1.6303092241287231,-1.6302578449249268,5.137920379638672e-05,0.003151498594314772,True,0.0006026029586791992,0.03696247191243892,True,5.137920379638672e-05,PASS,4,Noise should not significantly affect prediction.,Consistent,0.2
NoiseRelation,75.0,-1.6303092241287231,-1.6297212839126587,0.0005879402160644531,0.036063088322878085,True,0.0006026029586791992,0.03696247191243892,True,0.0005879402160644531,PASS,4,Noise should not significantly affect prediction.,Consistent,0.2
NoiseRelation,112.5,-1.6303092241287231,-1.6298271417617798,0.0004820823669433594,0.029569977529951136,True,0.0006026029586791992,0.03696247191243892,True,0.0004820823669433594,PASS,4,Noise should not significantly affect prediction.,Consistent,0.2
NoiseRelation,150.0,-1.6303092241287231,-1.6299437284469604,0.0003654956817626953,0.022418781183686988,True,0.0006026029586791992,0.03696247191243892,True,0.0003654956817626953,PASS,4,Noise should not significantly affect prediction.,Consistent,0.2
RainRelation,0.0,-1.6303092241287231,-1.6303092241287231,0.0,0.0,True,0.00903165340423584,0.5539837308609514,True,0.0,PASS,4,Rain should not significantly affect prediction.,Consistent,0.2
RainRelation,0.375,-1.6303092241287231,-1.632062554359436,0.0017533302307128906,0.10754580353870458,True,0.00903165340423584,0.5539837308609514,True,0.0017533302307128906,PASS,4,Rain should not significantly affect prediction.,Consistent,0.2
RainRelation,0.75,-1.6303092241287231,-1.6322765350341797,0.001967310905456543,0.12067095429692967,True,0.00903165340423584,0.5539837308609514,True,0.001967310905456543,PASS,4,Rain should not significantly affect prediction.,Consistent,0.2
RainRelation,1.125,-1.6303092241287231,-1.6353538036346436,0.00504457950592041,0.3094245151174436,True,0.00903165340423584,0.5539837308609514,True,0.00504457950592041,PASS,4,Rain should not significantly affect prediction.,Consistent,0.2
RainRelation,1.5,-1.6303092241287231,-1.639340877532959,0.00903165340423584,0.5539837308609514,True,0.00903165340423584,0.5539837308609514,True,0.00903165340423584,PASS,4,Rain should not significantly affect prediction.,Consistent,0.2
RotationRelation,-60.0,-1.6303092241287231,-1.6292978525161743,0.0010113716125488281,0.062035531494585905,True,0.0021032094955444336,0.12900670463920078,True,0.0010113716125488281,PASS,4,Small rotation should not significantly change output.,Consistent,0.2
RotationRelation,-30.0,-1.6303092241287231,-1.6298532485961914,0.0004559755325317383,0.027968636016830632,True,0.0021032094955444336,0.12900670463920078,True,0.0004559755325317383,PASS,4,Small rotation should not significantly change output.,Consistent,0.2
RotationRelation,0.0,-1.6303092241287231,-1.6303097009658813,4.76837158203125e-07,2.9248246814986284e-05,True,0.0021032094955444336,0.12900670463920078,True,4.76837158203125e-07,PASS,4,Small rotation should not significantly change output.,Consistent,0.2
RotationRelation,30.0,-1.6303092241287231,-1.6304471492767334,0.0001379251480102539,0.008460055391234783,True,0.0021032094955444336,0.12900670463920078,True,0.0001379251480102539,PASS,4,Small rotation should not significantly change output.,Consistent,0.2
RotationRelation,60.0,-1.6303092241287231,-1.6314010620117188,0.0010918378829956055,0.06697117314461484,True,0.0021032094955444336,0.12900670463920078,True,0.0010918378829956055,PASS,4,Small rotation should not significantly change output.,Consistent,0.2
SandstormRelation,0.0,-1.6303092241287231,-1.6302684545516968,4.076957702636719e-05,0.0025007251026813275,True,0.0014435052871704102,0.08854175517066723,True,4.076957702636719e-05,PASS,4,Sandstorm should not significantly affect prediction.,Consistent,0.2
SandstormRelation,0.375,-1.6303092241287231,-1.6307200193405151,0.0004107952117919922,0.025197364631110684,True,0.0014435052871704102,0.08854175517066723,True,0.0004107952117919922,PASS,4,Sandstorm should not significantly affect prediction.,Consistent,0.2
SandstormRelation,0.75,-1.6303092241287231,-1.6311854124069214,0.0008761882781982422,0.0537436535225373,True,0.0014435052871704102,0.08854175517066723,True,0.0008761882781982422,PASS,4,Sandstorm should not significantly affect prediction.,Consistent,0.2
SandstormRelation,1.125,-1.6303092241287231,-1.6315622329711914,0.0012530088424682617,0.07685708056808022,True,0.0014435052871704102,0.08854175517066723,True,0.0012530088424682617,PASS,4,Sandstorm should not significantly affect prediction.,Consistent,0.2
SandstormRelation,1.5,-1.6303092241287231,-1.6317119598388672,0.001402735710144043,0.0860410300679859,True,0.0014435052871704102,0.08854175517066723,True,0.001402735710144043,PASS,4,Sandstorm should not significantly affect prediction.,Consistent,0.2
SmokeRelation,0.0,-1.6303092241287231,-1.6303092241287231,0.0,0.0,True,0.0017682313919067383,0.1084598112516729,True,0.0,PASS,4,Smoke should not significantly affect prediction.,Consistent,0.2
SmokeRelation,0.375,-1.6303092241287231,-1.6306219100952148,0.0003126859664916992,0.019179537848927255,True,0.0017682313919067383,0.1084598112516729,True,0.0003126859664916992,PASS,4,Smoke should not significantly affect prediction.,Consistent,0.2
SmokeRelation,0.75,-1.6303092241287231,-1.6295109987258911,0.0007982254028320312,0.04896156516828704,True,0.0017682313919067383,0.1084598112516729,True,0.0007982254028320312,PASS,4,Smoke should not significantly affect prediction.,Consistent,0.2
SmokeRelation,1.125,-1.6303092241287231,-1.6299318075180054,0.00037741661071777344,0.023149987354061645,True,0.0017682313919067383,0.1084598112516729,True,0.00037741661071777344,PASS,4,Smoke should not significantly affect prediction.,Consistent,0.2
SmokeRelation,1.5,-1.6303092241287231,-1.628853678703308,0.001455545425415039,0.08928027340274564,True,0.0017682313919067383,0.1084598112516729,True,0.001455545425415039,PASS,4,Smoke should not significantly affect prediction.,Consistent,0.2
SnowRelation,0.0,-1.6303092241287231,-1.6303092241287231,0.0,0.0,True,0.00228118896484375,0.1399236127628944,True,0.0,PASS,4,Snow should not significantly affect prediction.,Consistent,0.2
SnowRelation,0.375,-1.6303092241287231,-1.630452036857605,0.00014281272888183594,0.008759849921088391,True,0.00228118896484375,0.1399236127628944,True,0.00014281272888183594,PASS,4,Snow should not significantly affect prediction.,Consistent,0.2
SnowRelation,0.75,-1.6303092241287231,-1.6297324895858765,0.0005767345428466797,0.035375754522725913,True,0.00228118896484375,0.1399236127628944,True,0.0005767345428466797,PASS,4,Snow should not significantly affect prediction.,Consistent,0.2
SnowRelation,1.125,-1.6303092241287231,-1.6289976835250854,0.0013115406036376953,0.08044730286461978,True,0.00228118896484375,0.1399236127628944,True,0.0013115406036376953,PASS,4,Snow should not significantly affect prediction.,Consistent,0.2
SnowRelation,1.5,-1.6303092241287231,-1.6281708478927612,0.002138376235961914,0.13116376284180598,True,0.00228118896484375,0.1399236127628944,True,0.002138376235961914,PASS,4,Snow should not significantly affect prediction.,Consistent,0.2
TranslationRelation,0.0,-1.6303092241287231,-1.6304212808609009,0.00011205673217773438,0.006873338001521777,True,0.0034543275833129883,0.2118816119894644,True,0.00011205673217773438,PASS,4,Small translation should preserve prediction consistency.,Consistent,0.2
TranslationRelation,20.0,-1.6303092241287231,-1.6317157745361328,0.001406550407409668,0.08627501604250579,True,0.0034543275833129883,0.2118816119894644,True,0.001406550407409668,PASS,4,Small translation should preserve prediction consistency.,Consistent,0.2
TranslationRelation,40.0,-1.6303092241287231,-1.632595181465149,0.0022859573364257812,0.14021609523104425,True,0.0034543275833129883,0.2118816119894644,True,0.0022859573364257812,PASS,4,Small translation should preserve prediction consistency.,Consistent,0.2
TranslationRelation,60.0,-1.6303092241287231,-1.629140853881836,0.001168370246887207,0.07166551675842014,True,0.0034543275833129883,0.2118816119894644,True,0.001168370246887207,PASS,4,Small translation should preserve prediction consistency.,Consistent,0.2
TranslationRelation,80.0,-1.6303092241287231,-1.6319218873977661,0.0016126632690429688,0.09891757072828361,True,0.0034543275833129883,0.2118816119894644,True,0.0016126632690429688,PASS,4,Small translation should preserve prediction consistency.,Consistent,0.2
DarkVisibilityRelation,0.05,-1.6303092241287231,-1.6302140951156616,9.512901306152344e-05,0.0058350252395897645,True,0.0021431446075439453,0.13145624530995587,True,9.512901306152344e-05,PASS,4,Output should not change drastically under visibility degradation.,Consistent,0.2
DarkVisibilityRelation,0.4125,-1.6303092241287231,-1.6294050216674805,0.0009042024612426758,0.05546198802291774,True,0.0021431446075439453,0.13145624530995587,True,0.0009042024612426758,PASS,4,Output should not change drastically under visibility degradation.,Consistent,0.2
DarkVisibilityRelation,0.775,-1.6303092241287231,-1.6285957098007202,0.0017135143280029297,0.10510357492965322,True,0.0021431446075439453,0.13145624530995587,True,0.0017135143280029297,PASS,4,Output should not change drastically under visibility degradation.,Consistent,0.2
DarkVisibilityRelation,1.1375,-1.6303092241287231,-1.6280709505081177,0.0022382736206054688,0.13729127054954562,True,0.0021431446075439453,0.13145624530995587,True,0.0022382736206054688,PASS,4,Output should not change drastically under visibility degradation.,Consistent,0.2
DarkVisibilityRelation,1.5,-1.6303092241287231,-1.6280710697174072,0.002238154411315918,0.13728395848784186,True,0.0021431446075439453,0.13145624530995587,True,0.002238154411315918,PASS,4,Output should not change drastically under visibility degradation.,Consistent,0.2
TemporalSmoothnessRelation,0.0,-1.630487322807312,-1.63059401512146,0.00010669231414794922,0.0,True,,,,0.00010669231414794922,PASS,4,Predictions should change smoothly across consecutive frames.,Consistent,0.2
BlurRelation,1.0,-1.6362489461898804,-1.6360448598861694,0.0002040863037109375,0.012472807359668148,True,0.000518798828125,0.03170657571803492,True,0.0002040863037109375,PASS,5,Blur should not significantly change output.,Consistent,0.2
BlurRelation,8.5,-1.6362489461898804,-1.636091947555542,0.0001569986343383789,0.009595027624230696,True,0.000518798828125,0.03170657571803492,True,0.0001569986343383789,PASS,5,Blur should not significantly change output.,Consistent,0.2
BlurRelation,16.0,-1.6362489461898804,-1.6360539197921753,0.00019502639770507812,0.011919107967533347,True,0.000518798828125,0.03170657571803492,True,0.00019502639770507812,PASS,5,Blur should not significantly change output.,Consistent,0.2
BlurRelation,23.5,-1.6362489461898804,-1.635573148727417,0.0006757974624633789,0.04130160334226561,True,0.000518798828125,0.03170657571803492,True,0.0006757974624633789,PASS,5,Blur should not significantly change output.,Consistent,0.2
BlurRelation,31.0,-1.6362489461898804,-1.6355843544006348,0.0006645917892456055,0.04061676462041468,True,0.000518798828125,0.03170657571803492,True,0.0006645917892456055,PASS,5,Blur should not significantly change output.,Consistent,0.2
BrightnessRelation,0.1,-1.6362489461898804,-1.632741093635559,0.003507852554321289,0.21438366201261386,True,0.004246950149536133,0.2595538755815055,True,0.003507852554321289,PASS,5,Output should remain approximately same under localized brightness change.,Consistent,0.2
BrightnessRelation,0.825,-1.6362489461898804,-1.6369880437850952,0.0007390975952148438,0.04517021356889166,True,0.004246950149536133,0.2595538755815055,True,0.0007390975952148438,PASS,5,Output should remain approximately same under localized brightness change.,Consistent,0.2
BrightnessRelation,1.55,-1.6362489461898804,-1.6348634958267212,0.0013854503631591797,0.08467229388671918,True,0.004246950149536133,0.2595538755815055,True,0.0013854503631591797,PASS,5,Output should remain approximately same under localized brightness change.,Consistent,0.2
BrightnessRelation,2.275,-1.6362489461898804,-1.633857250213623,0.0023916959762573242,0.1461693540052699,True,0.004246950149536133,0.2595538755815055,True,0.0023916959762573242,PASS,5,Output should remain approximately same under localized brightness change.,Consistent,0.2
BrightnessRelation,3.0,-1.6362489461898804,-1.634310007095337,0.001938939094543457,0.11849895543516496,True,0.004246950149536133,0.2595538755815055,True,0.001938939094543457,PASS,5,Output should remain approximately same under localized brightness change.,Consistent,0.2
CompositeRelation,0.1,-1.6362489461898804,-1.6357991695404053,0.00044977664947509766,0.02748826061216584,True,0.008032679557800293,0.49092008079235916,True,0.00044977664947509766,PASS,5,Prediction should remain approximately consistent under composite transformations.,Consistent,0.2
CompositeRelation,0.44999999999999996,-1.6362489461898804,-1.6347042322158813,0.0015447139739990234,0.09440574635898356,True,0.008032679557800293,0.49092008079235916,True,0.0015447139739990234,PASS,5,Prediction should remain approximately consistent under composite transformations.,Consistent,0.2
CompositeRelation,0.7999999999999999,-1.6362489461898804,-1.6324008703231812,0.0038480758666992188,0.23517653129093916,True,0.008032679557800293,0.49092008079235916,True,0.0038480758666992188,PASS,5,Prediction should remain approximately consistent under composite transformations.,Consistent,0.2
CompositeRelation,1.15,-1.6362489461898804,-1.6280736923217773,0.008175253868103027,0.4996335607001647,True,0.008032679557800293,0.49092008079235916,True,0.008175253868103027,PASS,5,Prediction should remain approximately consistent under composite transformations.,Consistent,0.2
CompositeRelation,1.5,-1.6362489461898804,-1.6361063718795776,0.00014257431030273438,0.008713479907805553,True,0.008032679557800293,0.49092008079235916,True,0.00014257431030273438,PASS,5,Prediction should remain approximately consistent under composite transformations.,Consistent,0.2
ContrastRelation,0.1,-1.6362489461898804,-1.6358920335769653,0.00035691261291503906,0.021812841842784134,True,0.0003877878189086914,0.023699791087032993,True,0.00035691261291503906,PASS,5,Contrast change should not significantly affect output.,Consistent,0.2
ContrastRelation,1.075,-1.6362489461898804,-1.636279821395874,3.0875205993652344e-05,0.0018869492442488613,True,0.0003877878189086914,0.023699791087032993,True,3.0875205993652344e-05,PASS,5,Contrast change should not significantly affect output.,Consistent,0.2
ContrastRelation,2.05,-1.6362489461898804,-1.6362199783325195,2.8967857360839844e-05,0.0017703809511678504,True,0.0003877878189086914,0.023699791087032993,True,2.8967857360839844e-05,PASS,5,Contrast change should not significantly affect output.,Consistent,0.2
ContrastRelation,3.025,-1.6362489461898804,-1.6361697912216187,7.915496826171875e-05,0.004837584162861945,True,0.0003877878189086914,0.023699791087032993,True,7.915496826171875e-05,PASS,5,Contrast change should not significantly affect output.,Consistent,0.2
ContrastRelation,4.0,-1.6362489461898804,-1.636198878288269,5.0067901611328125e-05,0.0030599176933765316,True,0.0003877878189086914,0.023699791087032993,True,5.0067901611328125e-05,PASS,5,Contrast change should not significantly affect output.,Consistent,0.2
DarkVisibilityRelation,0.05,-1.6362489461898804,-1.6358548402786255,0.0003941059112548828,0.02408592355786384,True,0.0012570619583129883,0.07682579065870362,True,0.0003941059112548828,PASS,5,Output should not change drastically under visibility degradation.,Consistent,0.2
DarkVisibilityRelation,0.4125,-1.6362489461898804,-1.6371119022369385,0.0008629560470581055,0.05273986710083979,True,0.0012570619583129883,0.07682579065870362,True,0.0008629560470581055,PASS,5,Output should not change drastically under visibility degradation.,Consistent,0.2
DarkVisibilityRelation,0.775,-1.6362489461898804,-1.6359808444976807,0.00026810169219970703,0.01638513069619957,True,0.0012570619583129883,0.07682579065870362,True,0.00026810169219970703,PASS,5,Output should not change drastically under visibility degradation.,Consistent,0.2
DarkVisibilityRelation,1.1375,-1.6362489461898804,-1.6362394094467163,9.5367431640625e-06,0.0005828414654050536,True,0.0012570619583129883,0.07682579065870362,True,9.5367431640625e-06,PASS,5,Output should not change drastically under visibility degradation.,Consistent,0.2
DarkVisibilityRelation,1.5,-1.6362489461898804,-1.636263370513916,1.4424324035644531e-05,0.0008815477164251436,True,0.0012570619583129883,0.07682579065870362,True,1.4424324035644531e-05,PASS,5,Output should not change drastically under visibility degradation.,Consistent,0.2
DustRelation,0.0,-1.6362489461898804,-1.6362489461898804,0.0,0.0,True,0.0002695322036743164,0.01647255691601033,True,0.0,PASS,5,Dust should not significantly affect prediction.,Consistent,0.2
DustRelation,0.375,-1.6362489461898804,-1.6361881494522095,6.079673767089844e-05,0.003715614341957217,True,0.0002695322036743164,0.01647255691601033,True,6.079673767089844e-05,PASS,5,Dust should not significantly affect prediction.,Consistent,0.2
DustRelation,0.75,-1.6362489461898804,-1.6361284255981445,0.00012052059173583984,0.007365659019056366,True,0.0002695322036743164,0.01647255691601033,True,0.00012052059173583984,PASS,5,Dust should not significantly affect prediction.,Consistent,0.2
DustRelation,1.125,-1.6362489461898804,-1.635979413986206,0.0002695322036743164,0.01647255691601033,True,0.0002695322036743164,0.01647255691601033,True,0.0002695322036743164,PASS,5,Dust should not significantly affect prediction.,Consistent,0.2
DustRelation,1.5,-1.6362489461898804,-1.636096715927124,0.00015223026275634766,0.00930360689152817,True,0.0002695322036743164,0.01647255691601033,True,0.00015223026275634766,PASS,5,Dust should not significantly affect prediction.,Consistent,0.2
FogRelation,0.0,-1.6362489461898804,-1.6360489130020142,0.00020003318786621094,0.012225099736871,True,0.0013592243194580078,0.08306947985685527,True,0.00020003318786621094,PASS,5,Fog should not significantly affect prediction.,Consistent,0.2
FogRelation,0.375,-1.6362489461898804,-1.6357697248458862,0.0004792213439941406,0.029287783636603944,True,0.0013592243194580078,0.08306947985685527,True,0.0004792213439941406,PASS,5,Fog should not significantly affect prediction.,Consistent,0.2
FogRelation,0.75,-1.6362489461898804,-1.635432481765747,0.0008164644241333008,0.04989851495699016,True,0.0013592243194580078,0.08306947985685527,True,0.0008164644241333008,PASS,5,Fog should not significantly affect prediction.,Consistent,0.2
FogRelation,1.125,-1.6362489461898804,-1.6350655555725098,0.0011833906173706055,0.07232334033844959,True,0.0013592243194580078,0.08306947985685527,True,0.0011833906173706055,PASS,5,Fog should not significantly affect prediction.,Consistent,0.2
FogRelation,1.5,-1.6362489461898804,-1.6346896886825562,0.0015592575073242188,0.09529457959372627,True,0.0013592243194580078,0.08306947985685527,True,0.0015592575073242188,PASS,5,Fog should not significantly affect prediction.,Consistent,0.2
HazeRelation,0.0,-1.6362489461898804,-1.6362489461898804,0.0,0.0,True,0.003663301467895508,0.22388397789871622,True,0.0,PASS,5,Haze should not significantly affect prediction.,Consistent,0.2
HazeRelation,0.375,-1.6362489461898804,-1.6353466510772705,0.0009022951126098633,0.05514408814563564,True,0.003663301467895508,0.22388397789871622,True,0.0009022951126098633,PASS,5,Haze should not significantly affect prediction.,Consistent,0.2
HazeRelation,0.75,-1.6362489461898804,-1.6344257593154907,0.0018231868743896484,0.11142471714881114,True,0.003663301467895508,0.22388397789871622,True,0.0018231868743896484,PASS,5,Haze should not significantly affect prediction.,Consistent,0.2
HazeRelation,1.125,-1.6362489461898804,-1.6335086822509766,0.0027402639389038086,0.16747220956582462,True,0.003663301467895508,0.22388397789871622,True,0.0027402639389038086,PASS,5,Haze should not significantly affect prediction.,Consistent,0.2
HazeRelation,1.5,-1.6362489461898804,-1.6325856447219849,0.003663301467895508,0.22388397789871622,True,0.003663301467895508,0.22388397789871622,True,0.003663301467895508,PASS,5,Haze should not significantly affect prediction.,Consistent,0.2
NoiseRelation,0.0,-1.6362489461898804,-1.636234998703003,1.3947486877441406e-05,0.0008524056431548909,True,0.002377748489379883,0.145316948362115,True,1.3947486877441406e-05,PASS,5,Noise should not significantly affect prediction.,Consistent,0.2
NoiseRelation,37.5,-1.6362489461898804,-1.635470986366272,0.0007779598236083984,0.047545292540417256,True,0.002377748489379883,0.145316948362115,True,0.0007779598236083984,PASS,5,Noise should not significantly affect prediction.,Consistent,0.2
NoiseRelation,75.0,-1.6362489461898804,-1.634686827659607,0.0015621185302734375,0.09546943203334779,True,0.002377748489379883,0.145316948362115,True,0.0015621185302734375,PASS,5,Noise should not significantly affect prediction.,Consistent,0.2
NoiseRelation,112.5,-1.6362489461898804,-1.6341582536697388,0.0020906925201416016,0.1277734202534229,True,0.002377748489379883,0.145316948362115,True,0.0020906925201416016,PASS,5,Noise should not significantly affect prediction.,Consistent,0.2
NoiseRelation,150.0,-1.6362489461898804,-1.633857250213623,0.0023916959762573242,0.1461693540052699,True,0.002377748489379883,0.145316948362115,True,0.0023916959762573242,PASS,5,Noise should not significantly affect prediction.,Consistent,0.2
RainRelation,0.0,-1.6362489461898804,-1.6362489461898804,0.0,0.0,True,0.004475951194763184,0.27354935626954435,True,0.0,PASS,5,Rain should not significantly affect prediction.,Consistent,0.2
RainRelation,0.375,-1.6362489461898804,-1.6362069845199585,4.1961669921875e-05,0.002564502447782236,True,0.004475951194763184,0.27354935626954435,True,4.1961669921875e-05,PASS,5,Rain should not significantly affect prediction.,Consistent,0.2
RainRelation,0.75,-1.6362489461898804,-1.635764718055725,0.00048422813415527344,0.0295937754059416,True,0.004475951194763184,0.27354935626954435,True,0.00048422813415527344,PASS,5,Rain should not significantly affect prediction.,Consistent,0.2
RainRelation,1.125,-1.6362489461898804,-1.636741042137146,0.000492095947265625,0.03007461961490077,True,0.004475951194763184,0.27354935626954435,True,0.000492095947265625,PASS,5,Rain should not significantly affect prediction.,Consistent,0.2
RainRelation,1.5,-1.6362489461898804,-1.6322650909423828,0.003983855247497559,0.24347473665464361,True,0.004475951194763184,0.27354935626954435,True,0.003983855247497559,PASS,5,Rain should not significantly affect prediction.,Consistent,0.2
RotationRelation,-60.0,-1.6362489461898804,-1.6350921392440796,0.0011568069458007812,0.07069866975363301,True,0.0016068220138549805,0.09820150140243397,True,0.0011568069458007812,PASS,5,Small rotation should not significantly change output.,Consistent,0.2
RotationRelation,-30.0,-1.6362489461898804,-1.635924220085144,0.0003247261047363281,0.019845751897042074,True,0.0016068220138549805,0.09820150140243397,True,0.0003247261047363281,PASS,5,Small rotation should not significantly change output.,Consistent,0.2
RotationRelation,0.0,-1.6362489461898804,-1.6362498998641968,9.5367431640625e-07,5.828414654050536e-05,True,0.0016068220138549805,0.09820150140243397,True,9.5367431640625e-07,PASS,5,Small rotation should not significantly change output.,Consistent,0.2
RotationRelation,30.0,-1.6362489461898804,-1.6346430778503418,0.0016058683395385742,0.09814321725589348,True,0.0016068220138549805,0.09820150140243397,True,0.0016058683395385742,PASS,5,Small rotation should not significantly change output.,Consistent,0.2
RotationRelation,60.0,-1.6362489461898804,-1.6349430084228516,0.0013059377670288086,0.07981285316890453,True,0.0016068220138549805,0.09820150140243397,True,0.0013059377670288086,PASS,5,Small rotation should not significantly change output.,Consistent,0.2
SandstormRelation,0.0,-1.6362489461898804,-1.6361349821090698,0.00011396408081054688,0.006964955511590391,True,0.0017760992050170898,0.10854693741337368,True,0.00011396408081054688,PASS,5,Sandstorm should not significantly affect prediction.,Consistent,0.2
SandstormRelation,0.375,-1.6362489461898804,-1.6355243921279907,0.0007245540618896484,0.04428138033414895,True,0.0017760992050170898,0.10854693741337368,True,0.0007245540618896484,PASS,5,Sandstorm should not significantly affect prediction.,Consistent,0.2
SandstormRelation,0.75,-1.6362489461898804,-1.6352096796035767,0.001039266586303711,0.06351514869251572,True,0.0017760992050170898,0.10854693741337368,True,0.001039266586303711,PASS,5,Sandstorm should not significantly affect prediction.,Consistent,0.2
SandstormRelation,1.125,-1.6362489461898804,-1.6346619129180908,0.0015870332717895508,0.0969921053617185,True,0.0017760992050170898,0.10854693741337368,True,0.0015870332717895508,PASS,5,Sandstorm should not significantly affect prediction.,Consistent,0.2
SandstormRelation,1.5,-1.6362489461898804,-1.6343588829040527,0.0018900632858276367,0.11551189292496407,True,0.0017760992050170898,0.10854693741337368,True,0.0018900632858276367,PASS,5,Sandstorm should not significantly affect prediction.,Consistent,0.2
SmokeRelation,0.0,-1.6362489461898804,-1.6362489461898804,0.0,0.0,True,0.006129741668701172,0.37462135188909823,True,0.0,PASS,5,Smoke should not significantly affect prediction.,Consistent,0.2
SmokeRelation,0.375,-1.6362489461898804,-1.6347326040267944,0.0015163421630859375,0.09267179299940353,True,0.006129741668701172,0.37462135188909823,True,0.0015163421630859375,PASS,5,Smoke should not significantly affect prediction.,Consistent,0.2
SmokeRelation,0.75,-1.6362489461898804,-1.633198618888855,0.0030503273010253906,0.1864218427098064,True,0.006129741668701172,0.37462135188909823,True,0.0030503273010253906,PASS,5,Smoke should not significantly affect prediction.,Consistent,0.2
SmokeRelation,1.125,-1.6362489461898804,-1.631668210029602,0.00458073616027832,0.2799533268706824,True,0.006129741668701172,0.37462135188909823,True,0.00458073616027832,PASS,5,Smoke should not significantly affect prediction.,Consistent,0.2
SmokeRelation,1.5,-1.6362489461898804,-1.6301192045211792,0.006129741668701172,0.37462135188909823,True,0.006129741668701172,0.37462135188909823,True,0.006129741668701172,PASS,5,Smoke should not significantly affect prediction.,Consistent,0.2
SnowRelation,0.0,-1.6362489461898804,-1.6362489461898804,0.0,0.0,True,0.0014729499816894531,0.09001986433181053,True,0.0,PASS,5,Snow should not significantly affect prediction.,Consistent,0.2
SnowRelation,0.375,-1.6362489461898804,-1.6361603736877441,8.857250213623047e-05,0.005413140109949436,True,0.0014729499816894531,0.09001986433181053,True,8.857250213623047e-05,PASS,5,Snow should not significantly affect prediction.,Consistent,0.2
SnowRelation,0.75,-1.6362489461898804,-1.6356353759765625,0.0006135702133178711,0.03749856278049764,True,0.0014729499816894531,0.09001986433181053,True,0.0006135702133178711,PASS,5,Snow should not significantly affect prediction.,Consistent,0.2
SnowRelation,1.125,-1.6362489461898804,-1.6367217302322388,0.00047278404235839844,0.028894365647455532,True,0.0014729499816894531,0.09001986433181053,True,0.00047278404235839844,PASS,5,Snow should not significantly affect prediction.,Consistent,0.2
SnowRelation,1.5,-1.6362489461898804,-1.6352487802505493,0.0010001659393310547,0.061125498684355004,True,0.0014729499816894531,0.09001986433181053,True,0.0010001659393310547,PASS,5,Snow should not significantly affect prediction.,Consistent,0.2
TranslationRelation,0.0,-1.6362489461898804,-1.6364678144454956,0.00021886825561523438,0.013376211631045982,True,0.0028295516967773438,0.17292906278567943,True,0.00021886825561523438,PASS,5,Small translation should preserve prediction consistency.,Consistent,0.2
TranslationRelation,20.0,-1.6362489461898804,-1.6344062089920044,0.0018427371978759766,0.11261954215289148,True,0.0028295516967773438,0.17292906278567943,True,0.0018427371978759766,PASS,5,Small translation should preserve prediction consistency.,Consistent,0.2
TranslationRelation,40.0,-1.6362489461898804,-1.6337963342666626,0.0024526119232177734,0.14989225386554467,True,0.0028295516967773438,0.17292906278567943,True,0.0024526119232177734,PASS,5,Small translation should preserve prediction consistency.,Consistent,0.2
TranslationRelation,60.0,-1.6362489461898804,-1.6336382627487183,0.0026106834411621094,0.15955285115463344,True,0.0028295516967773438,0.17292906278567943,True,0.0026106834411621094,PASS,5,Small translation should preserve prediction consistency.,Consistent,0.2
TranslationRelation,80.0,-1.6362489461898804,-1.6349384784698486,0.0013104677200317383,0.08008970286497194,True,0.0028295516967773438,0.17292906278567943,True,0.0013104677200317383,PASS,5,Small translation should preserve prediction consistency.,Consistent,0.2
DarkVisibilityRelation,0.05,-1.6362489461898804,-1.635895013809204,0.00035393238067626953,0.021630703884845053,True,0.007878899574279785,0.4815217621627026,True,0.00035393238067626953,PASS,5,Output should not change drastically under visibility degradation.,Consistent,0.2
DarkVisibilityRelation,0.4125,-1.6362489461898804,-1.6332484483718872,0.003000497817993164,0.18337649605306502,True,0.007878899574279785,0.4815217621627026,True,0.003000497817993164,PASS,5,Output should not change drastically under visibility degradation.,Consistent,0.2
DarkVisibilityRelation,0.775,-1.6362489461898804,-1.6299270391464233,0.006321907043457031,0.3863656074170101,True,0.007878899574279785,0.4815217621627026,True,0.006321907043457031,PASS,5,Output should not change drastically under visibility degradation.,Consistent,0.2
DarkVisibilityRelation,1.1375,-1.6362489461898804,-1.6280714273452759,0.008177518844604492,0.4997719855481984,True,0.007878899574279785,0.4815217621627026,True,0.008177518844604492,PASS,5,Output should not change drastically under visibility degradation.,Consistent,0.2
DarkVisibilityRelation,1.5,-1.6362489461898804,-1.6280161142349243,0.008232831954956055,0.5031524660475477,True,0.007878899574279785,0.4815217621627026,True,0.008232831954956055,PASS,5,Output should not change drastically under visibility degradation.,Consistent,0.2
TemporalSmoothnessRelation,0.0,-1.630487322807312,-1.63059401512146,0.00010669231414794922,0.0,True,,,,0.00010669231414794922,PASS,5,Predictions should change smoothly across consecutive frames.,Consistent,0.2
BlurRelation,1.0,-1.6347743272781372,-1.6349475383758545,0.00017321109771728516,0.010595406893354429,True,0.00039505958557128906,0.024165986541346576,True,0.00017321109771728516,PASS,6,Blur should not significantly change output.,Consistent,0.2
BlurRelation,8.5,-1.6347743272781372,-1.6347720623016357,2.2649765014648438e-06,0.00013854971161303105,True,0.00039505958557128906,0.024165986541346576,True,2.2649765014648438e-06,PASS,6,Blur should not significantly change output.,Consistent,0.2
BlurRelation,16.0,-1.6347743272781372,-1.6345524787902832,0.0002218484878540039,0.013570579647992147,True,0.00039505958557128906,0.024165986541346576,True,0.0002218484878540039,PASS,6,Blur should not significantly change output.,Consistent,0.2
BlurRelation,23.5,-1.6347743272781372,-1.6347072124481201,6.711483001708984e-05,0.004105446717796658,True,0.00039505958557128906,0.024165986541346576,True,6.711483001708984e-05,PASS,6,Blur should not significantly change output.,Consistent,0.2
BlurRelation,31.0,-1.6347743272781372,-1.6348865032196045,0.00011217594146728516,0.006861856769887486,True,0.00039505958557128906,0.024165986541346576,True,0.00011217594146728516,PASS,6,Blur should not significantly change output.,Consistent,0.2
BrightnessRelation,0.1,-1.6347743272781372,-1.6348278522491455,5.352497100830078e-05,0.003274148448118471,True,0.0044765472412109375,0.27383256686802854,True,5.352497100830078e-05,PASS,6,Output should remain approximately same under localized brightness change.,Consistent,0.2
BrightnessRelation,0.825,-1.6347743272781372,-1.6341418027877808,0.0006325244903564453,0.03869182999046015,True,0.0044765472412109375,0.27383256686802854,True,0.0006325244903564453,PASS,6,Output should remain approximately same under localized brightness change.,Consistent,0.2
BrightnessRelation,1.55,-1.6347743272781372,-1.6343320608139038,0.00044226646423339844,0.02705365421496554,True,0.0044765472412109375,0.27383256686802854,True,0.00044226646423339844,PASS,6,Output should remain approximately same under localized brightness change.,Consistent,0.2
BrightnessRelation,2.275,-1.6347743272781372,-1.6361892223358154,0.0014148950576782227,0.08654981721763504,True,0.0044765472412109375,0.27383256686802854,True,0.0014148950576782227,PASS,6,Output should remain approximately same under localized brightness change.,Consistent,0.2
BrightnessRelation,3.0,-1.6347743272781372,-1.6317126750946045,0.003061652183532715,0.18728274965039352,True,0.0044765472412109375,0.27383256686802854,True,0.003061652183532715,PASS,6,Output should remain approximately same under localized brightness change.,Consistent,0.2
CompositeRelation,0.1,-1.6347743272781372,-1.6360920667648315,0.001317739486694336,0.08060676379844449,True,0.008009195327758789,0.4899263644438477,True,0.001317739486694336,PASS,6,Prediction should remain approximately consistent under composite transformations.,Consistent,0.2
CompositeRelation,0.44999999999999996,-1.6347743272781372,-1.6359031200408936,0.0011287927627563477,0.06904880101388375,True,0.008009195327758789,0.4899263644438477,True,0.0011287927627563477,PASS,6,Prediction should remain approximately consistent under composite transformations.,Consistent,0.2
CompositeRelation,0.7999999999999999,-1.6347743272781372,-1.6357144117355347,0.0009400844573974609,0.057505422409492794,True,0.008009195327758789,0.4899263644438477,True,0.0009400844573974609,PASS,6,Prediction should remain approximately consistent under composite transformations.,Consistent,0.2
CompositeRelation,1.15,-1.6347743272781372,-1.6280828714370728,0.006691455841064453,0.4093196006454031,True,0.008009195327758789,0.4899263644438477,True,0.006691455841064453,PASS,6,Prediction should remain approximately consistent under composite transformations.,Consistent,0.2
CompositeRelation,1.5,-1.6347743272781372,-1.6349538564682007,0.00017952919006347656,0.010981887667853936,True,0.008009195327758789,0.4899263644438477,True,0.00017952919006347656,PASS,6,Prediction should remain approximately consistent under composite transformations.,Consistent,0.2
ContrastRelation,0.1,-1.6347743272781372,-1.6347301006317139,4.4226646423339844e-05,0.002705365421496554,True,0.00047659873962402344,0.029153776159415695,True,4.4226646423339844e-05,PASS,6,Contrast change should not significantly affect output.,Consistent,0.2
ContrastRelation,1.075,-1.6347743272781372,-1.6347953081130981,2.09808349609375e-05,0.0012834078549417613,True,0.00047659873962402344,0.029153776159415695,True,2.09808349609375e-05,PASS,6,Contrast change should not significantly affect output.,Consistent,0.2
ContrastRelation,2.05,-1.6347743272781372,-1.63494873046875,0.00017440319061279297,0.010668327794203392,True,0.00047659873962402344,0.029153776159415695,True,0.00017440319061279297,PASS,6,Contrast change should not significantly affect output.,Consistent,0.2
ContrastRelation,3.025,-1.6347743272781372,-1.635039210319519,0.00026488304138183594,0.01620302416863974,True,0.00047659873962402344,0.029153776159415695,True,0.00026488304138183594,PASS,6,Contrast change should not significantly affect output.,Consistent,0.2
ContrastRelation,4.0,-1.6347743272781372,-1.635206699371338,0.0004323720932006836,0.02644841073791914,True,0.00047659873962402344,0.029153776159415695,True,0.0004323720932006836,PASS,6,Contrast change should not significantly affect output.,Consistent,0.2
DarkVisibilityRelation,0.05,-1.6347743272781372,-1.6358073949813843,0.0010330677032470703,0.06319325267571195,True,0.0015597343444824219,0.09540970667078413,True,0.0010330677032470703,PASS,6,Output should not change drastically under visibility degradation.,Consistent,0.2
DarkVisibilityRelation,0.4125,-1.6347743272781372,-1.6342476606369019,0.0005266666412353516,0.03221645399507217,True,0.0015597343444824219,0.09540970667078413,True,0.0005266666412353516,PASS,6,Output should not change drastically under visibility degradation.,Consistent,0.2
DarkVisibilityRelation,0.775,-1.6347743272781372,-1.6354354619979858,0.0006611347198486328,0.04044193161083528,True,0.0015597343444824219,0.09540970667078413,True,0.0006611347198486328,PASS,6,Output should not change drastically under visibility degradation.,Consistent,0.2
DarkVisibilityRelation,1.1375,-1.6347743272781372,-1.6347912549972534,1.6927719116210938e-05,0.0010354767920552849,True,0.0015597343444824219,0.09540970667078413,True,1.6927719116210938e-05,PASS,6,Output should not change drastically under visibility degradation.,Consistent,0.2
DarkVisibilityRelation,1.5,-1.6347743272781372,-1.6347743272781372,0.0,0.0,True,0.0015597343444824219,0.09540970667078413,True,0.0,PASS,6,Output should not change drastically under visibility degradation.,Consistent,0.2
DustRelation,0.0,-1.6347743272781372,-1.6347743272781372,0.0,0.0,True,0.0003393888473510742,0.02076058047169997,True,0.0,PASS,6,Dust should not significantly affect prediction.,Consistent,0.2
DustRelation,0.375,-1.6347743272781372,-1.634793758392334,1.9431114196777344e-05,0.0011886106838381086,True,0.0003393888473510742,0.02076058047169997,True,1.9431114196777344e-05,PASS,6,Dust should not significantly affect prediction.,Consistent,0.2
DustRelation,0.75,-1.6347743272781372,-1.6346514225006104,0.00012290477752685547,0.0075181448775281596,True,0.0003393888473510742,0.02076058047169997,True,0.00012290477752685547,PASS,6,Dust should not significantly affect prediction.,Consistent,0.2
DustRelation,1.125,-1.6347743272781372,-1.6345924139022827,0.0001819133758544922,0.011127729469551864,True,0.0003393888473510742,0.02076058047169997,True,0.0001819133758544922,PASS,6,Dust should not significantly affect prediction.,Consistent,0.2
DustRelation,1.5,-1.6347743272781372,-1.634454369544983,0.0003199577331542969,0.01957196978786186,True,0.0003393888473510742,0.02076058047169997,True,0.0003199577331542969,PASS,6,Dust should not significantly affect prediction.,Consistent,0.2
FogRelation,0.0,-1.6347743272781372,-1.6346174478530884,0.00015687942504882812,0.009596390551723625,True,0.00042831897735595703,0.026200479675032667,True,0.00015687942504882812,PASS,6,Fog should not significantly affect prediction.,Consistent,0.2
FogRelation,0.375,-1.6347743272781372,-1.6349601745605469,0.00018584728240966797,0.011368368442353444,True,0.00042831897735595703,0.026200479675032667,True,0.00018584728240966797,PASS,6,Fog should not significantly affect prediction.,Consistent,0.2
FogRelation,0.75,-1.6347743272781372,-1.6350457668304443,0.0002714395523071289,0.01660408912330904,True,0.00042831897735595703,0.026200479675032667,True,0.0002714395523071289,PASS,6,Fog should not significantly affect prediction.,Consistent,0.2
FogRelation,1.125,-1.6347743272781372,-1.634967565536499,0.0001932382583618164,0.011820478027617019,True,0.00042831897735595703,0.026200479675032667,True,0.0001932382583618164,PASS,6,Fog should not significantly affect prediction.,Consistent,0.2
FogRelation,1.5,-1.6347743272781372,-1.6347880363464355,1.3709068298339844e-05,0.0008385903597630827,True,0.00042831897735595703,0.026200479675032667,True,1.3709068298339844e-05,PASS,6,Fog should not significantly affect prediction.,Consistent,0.2
HazeRelation,0.0,-1.6347743272781372,-1.6347743272781372,0.0,0.0,True,0.002998828887939453,0.18343981817565314,True,0.0,PASS,6,Haze should not significantly affect prediction.,Consistent,0.2
HazeRelation,0.375,-1.6347743272781372,-1.634037733078003,0.0007365942001342773,0.04505782463457468,True,0.002998828887939453,0.18343981817565314,True,0.0007365942001342773,PASS,6,Haze should not significantly affect prediction.,Consistent,0.2
HazeRelation,0.75,-1.6347743272781372,-1.6332813501358032,0.0014929771423339844,0.09132613622324216,True,0.002998828887939453,0.18343981817565314,True,0.0014929771423339844,PASS,6,Haze should not significantly affect prediction.,Consistent,0.2
HazeRelation,1.125,-1.6347743272781372,-1.6325314044952393,0.0022429227828979492,0.13720067494732524,True,0.002998828887939453,0.18343981817565314,True,0.0022429227828979492,PASS,6,Haze should not significantly affect prediction.,Consistent,0.2
HazeRelation,1.5,-1.6347743272781372,-1.6317754983901978,0.002998828887939453,0.18343981817565314,True,0.002998828887939453,0.18343981817565314,True,0.002998828887939453,PASS,6,Haze should not significantly affect prediction.,Consistent,0.2
NoiseRelation,0.0,-1.6347743272781372,-1.6347789764404297,4.649162292480469e-06,0.0002843915133109585,True,0.0008003711700439453,0.048959092829994236,True,4.649162292480469e-06,PASS,6,Noise should not significantly affect prediction.,Consistent,0.2
NoiseRelation,37.5,-1.6347743272781372,-1.634122610092163,0.0006517171859741211,0.039865856494128465,True,0.0008003711700439453,0.048959092829994236,True,0.0006517171859741211,PASS,6,Noise should not significantly affect prediction.,Consistent,0.2
NoiseRelation,75.0,-1.6347743272781372,-1.634365439414978,0.0004088878631591797,0.025011868991194557,True,0.0008003711700439453,0.048959092829994236,True,0.0004088878631591797,PASS,6,Noise should not significantly affect prediction.,Consistent,0.2
NoiseRelation,112.5,-1.6347743272781372,-1.6339786052703857,0.0007957220077514648,0.04867470131668328,True,0.0008003711700439453,0.048959092829994236,True,0.0007957220077514648,PASS,6,Noise should not significantly affect prediction.,Consistent,0.2
NoiseRelation,150.0,-1.6347743272781372,-1.634269118309021,0.0005052089691162109,0.030903877779790825,True,0.0008003711700439453,0.048959092829994236,True,0.0005052089691162109,PASS,6,Noise should not significantly affect prediction.,Consistent,0.2
RainRelation,0.0,-1.6347743272781372,-1.6347743272781372,0.0,0.0,True,0.002608656883239746,0.1595728073277873,True,0.0,PASS,6,Rain should not significantly affect prediction.,Consistent,0.2
RainRelation,0.375,-1.6347743272781372,-1.6356114149093628,0.0008370876312255859,0.05120505657614233,True,0.002608656883239746,0.1595728073277873,True,0.0008370876312255859,PASS,6,Rain should not significantly affect prediction.,Consistent,0.2
RainRelation,0.75,-1.6347743272781372,-1.633002758026123,0.0017715692520141602,0.10836775075164498,True,0.002608656883239746,0.1595728073277873,True,0.0017715692520141602,PASS,6,Rain should not significantly affect prediction.,Consistent,0.2
RainRelation,1.125,-1.6347743272781372,-1.6338001489639282,0.0009741783142089844,0.059590960173773154,True,0.002608656883239746,0.1595728073277873,True,0.0009741783142089844,PASS,6,Rain should not significantly affect prediction.,Consistent,0.2
RainRelation,1.5,-1.6347743272781372,-1.6350442171096802,0.00026988983154296875,0.016509291952205386,True,0.002608656883239746,0.1595728073277873,True,0.00026988983154296875,PASS,6,Rain should not significantly affect prediction.,Consistent,0.2
RotationRelation,-60.0,-1.6347743272781372,-1.6360740661621094,0.001299738883972168,0.07950565819562515,True,0.001856088638305664,0.11353784262183651,True,0.001299738883972168,PASS,6,Small rotation should not significantly change output.,Consistent,0.2
RotationRelation,-30.0,-1.6347743272781372,-1.6342179775238037,0.0005563497543334961,0.034032184426211365,True,0.001856088638305664,0.11353784262183651,True,0.0005563497543334961,PASS,6,Small rotation should not significantly change output.,Consistent,0.2
RotationRelation,0.0,-1.6347743272781372,-1.634774088859558,2.384185791015625e-07,1.4584180169792744e-05,True,0.001856088638305664,0.11353784262183651,True,2.384185791015625e-07,PASS,6,Small rotation should not significantly change output.,Consistent,0.2
RotationRelation,30.0,-1.6347743272781372,-1.6342746019363403,0.000499725341796875,0.03056844163588559,True,0.001856088638305664,0.11353784262183651,True,0.000499725341796875,PASS,6,Small rotation should not significantly change output.,Consistent,0.2
RotationRelation,60.0,-1.6347743272781372,-1.6354565620422363,0.0006822347640991211,0.04173263155586194,True,0.001856088638305664,0.11353784262183651,True,0.0006822347640991211,PASS,6,Small rotation should not significantly change output.,Consistent,0.2
SandstormRelation,0.0,-1.6347743272781372,-1.6346609592437744,0.00011336803436279297,0.0069347776707364495,True,0.0006163120269775391,0.03770010573891425,True,0.00011336803436279297,PASS,6,Sandstorm should not significantly affect prediction.,Consistent,0.2
SandstormRelation,0.375,-1.6347743272781372,-1.6345758438110352,0.00019848346710205078,0.01214132999135246,True,0.0006163120269775391,0.03770010573891425,True,0.00019848346710205078,PASS,6,Sandstorm should not significantly affect prediction.,Consistent,0.2
SandstormRelation,0.75,-1.6347743272781372,-1.634743571281433,3.075599670410156e-05,0.0018813592419032641,True,0.0006163120269775391,0.03770010573891425,True,3.075599670410156e-05,PASS,6,Sandstorm should not significantly affect prediction.,Consistent,0.2
SandstormRelation,1.125,-1.6347743272781372,-1.6346371173858643,0.00013720989227294922,0.008393195687715724,True,0.0006163120269775391,0.03770010573891425,True,0.00013720989227294922,PASS,6,Sandstorm should not significantly affect prediction.,Consistent,0.2
SandstormRelation,1.5,-1.6347743272781372,-1.6341272592544556,0.0006470680236816406,0.03958146498081751,True,0.0006163120269775391,0.03770010573891425,True,0.0006470680236816406,PASS,6,Sandstorm should not significantly affect prediction.,Consistent,0.2
SmokeRelation,0.0,-1.6347743272781372,-1.6347743272781372,0.0,0.0,True,0.005015969276428223,0.30682927450218467,True,0.0,PASS,6,Smoke should not significantly affect prediction.,Consistent,0.2
SmokeRelation,0.375,-1.6347743272781372,-1.6337708234786987,0.0010035037994384766,0.06138481433465765,True,0.005015969276428223,0.30682927450218467,True,0.0010035037994384766,PASS,6,Smoke should not significantly affect prediction.,Consistent,0.2
SmokeRelation,0.75,-1.6347743272781372,-1.6323128938674927,0.0024614334106445312,0.1505670760729403,True,0.005015969276428223,0.30682927450218467,True,0.0024614334106445312,PASS,6,Smoke should not significantly affect prediction.,Consistent,0.2
SmokeRelation,1.125,-1.6347743272781372,-1.6315311193466187,0.0032432079315185547,0.19838860284969068,True,0.005015969276428223,0.30682927450218467,True,0.0032432079315185547,PASS,6,Smoke should not significantly affect prediction.,Consistent,0.2
SmokeRelation,1.5,-1.6347743272781372,-1.629758358001709,0.005015969276428223,0.30682927450218467,True,0.005015969276428223,0.30682927450218467,True,0.005015969276428223,PASS,6,Smoke should not significantly affect prediction.,Consistent,0.2
SnowRelation,0.0,-1.6347743272781372,-1.6347743272781372,0.0,0.0,True,0.0014802217483520508,0.09054588258415824,True,0.0,PASS,6,Snow should not significantly affect prediction.,Consistent,0.2
SnowRelation,0.375,-1.6347743272781372,-1.6346129179000854,0.0001614093780517578,0.009873489974949688,True,0.0014802217483520508,0.09054588258415824,True,0.0001614093780517578,PASS,6,Snow should not significantly affect prediction.,Consistent,0.2
SnowRelation,0.75,-1.6347743272781372,-1.635226845741272,0.0004525184631347656,0.02768077396226663,True,0.0014802217483520508,0.09054588258415824,True,0.0004525184631347656,PASS,6,Snow should not significantly affect prediction.,Consistent,0.2
SnowRelation,1.125,-1.6347743272781372,-1.6341452598571777,0.0006290674209594727,0.03848035937799815,True,0.0014802217483520508,0.09054588258415824,True,0.0006290674209594727,PASS,6,Snow should not significantly affect prediction.,Consistent,0.2
SnowRelation,1.5,-1.6347743272781372,-1.63374662399292,0.0010277032852172852,0.06286510862189162,True,0.0014802217483520508,0.09054588258415824,True,0.0010277032852172852,PASS,6,Snow should not significantly affect prediction.,Consistent,0.2
TranslationRelation,0.0,-1.6347743272781372,-1.6346733570098877,0.00010097026824951172,0.006176400301907227,True,0.0025844573974609375,0.15809251304055333,True,0.00010097026824951172,PASS,6,Small translation should preserve prediction consistency.,Consistent,0.2
TranslationRelation,20.0,-1.6347743272781372,-1.6363111734390259,0.0015368461608886719,0.09400962537448403,True,0.0025844573974609375,0.15809251304055333,True,0.0015368461608886719,PASS,6,Small translation should preserve prediction consistency.,Consistent,0.2
TranslationRelation,40.0,-1.6347743272781372,-1.6347582340240479,1.609325408935547e-05,0.0009844321614610103,True,0.0025844573974609375,0.15809251304055333,True,1.609325408935547e-05,PASS,6,Small translation should preserve prediction consistency.,Consistent,0.2
TranslationRelation,60.0,-1.6347743272781372,-1.6353424787521362,0.0005681514739990234,0.03475410134461611,True,0.0025844573974609375,0.15809251304055333,True,0.0005681514739990234,PASS,6,Small translation should preserve prediction consistency.,Consistent,0.2
TranslationRelation,80.0,-1.6347743272781372,-1.633726716041565,0.0010476112365722656,0.06408288766606932,True,0.0025844573974609375,0.15809251304055333,True,0.0010476112365722656,PASS,6,Small translation should preserve prediction consistency.,Consistent,0.2
DarkVisibilityRelation,0.05,-1.6347743272781372,-1.6344587802886963,0.00031554698944091797,0.019302162454720696,True,0.006366133689880371,0.38941948680372096,True,0.00031554698944091797,PASS,6,Output should not change drastically under visibility degradation.,Consistent,0.2
DarkVisibilityRelation,0.4125,-1.6347743272781372,-1.6320232152938843,0.0027511119842529297,0.16828685497923848,True,0.006366133689880371,0.38941948680372096,True,0.0027511119842529297,PASS,6,Output should not change drastically under visibility degradation.,Consistent,0.2
DarkVisibilityRelation,0.775,-1.6347743272781372,-1.6289584636688232,0.005815863609313965,0.3557591989718393,True,0.006366133689880371,0.38941948680372096,True,0.005815863609313965,PASS,6,Output should not change drastically under visibility degradation.,Consistent,0.2
DarkVisibilityRelation,1.1375,-1.6347743272781372,-1.628092646598816,0.006681680679321289,0.4087216492584416,True,0.006366133689880371,0.38941948680372096,True,0.006681680679321289,PASS,6,Output should not change drastically under visibility degradation.,Consistent,0.2
DarkVisibilityRelation,1.5,-1.6347743272781372,-1.6285755634307861,0.006198763847351074,0.3791813923245264,True,0.006366133689880371,0.38941948680372096,True,0.006198763847351074,PASS,6,Output should not change drastically under visibility degradation.,Consistent,0.2
TemporalSmoothnessRelation,0.0,-1.630487322807312,-1.63059401512146,0.00010669231414794922,0.0,True,,,,0.00010669231414794922,PASS,6,Predictions should change smoothly across consecutive frames.,Consistent,0.2
BlurRelation,1.0,-1.6333321332931519,-1.6335030794143677,0.0001709461212158203,0.010466090335849373,True,0.0003458261489868164,0.02117303212294214,True,0.0001709461212158203,PASS,7,Blur should not significantly change output.,Consistent,0.2
BlurRelation,8.5,-1.6333321332931519,-1.6333069801330566,2.5153160095214844e-05,0.0015399895821926204,True,0.0003458261489868164,0.02117303212294214,True,2.5153160095214844e-05,PASS,7,Blur should not significantly change output.,Consistent,0.2
BlurRelation,16.0,-1.6333321332931519,-1.633583903312683,0.00025177001953125,0.015414492879577319,True,0.0003458261489868164,0.02117303212294214,True,0.00025177001953125,PASS,7,Blur should not significantly change output.,Consistent,0.2
BlurRelation,23.5,-1.6333321332931519,-1.6333194971084595,1.2636184692382812e-05,0.000773644055509089,True,0.0003458261489868164,0.02117303212294214,True,1.2636184692382812e-05,PASS,7,Blur should not significantly change output.,Consistent,0.2
BlurRelation,31.0,-1.6333321332931519,-1.6332380771636963,9.40561294555664e-05,0.005758539243364822,True,0.0003458261489868164,0.02117303212294214,True,9.40561294555664e-05,PASS,7,Blur should not significantly change output.,Consistent,0.2
BrightnessRelation,0.1,-1.6333321332931519,-1.6341488361358643,0.0008167028427124023,0.05000222098389404,True,0.0051403045654296875,0.31471256295803696,True,0.0008167028427124023,PASS,7,Output should remain approximately same under localized brightness change.,Consistent,0.2
BrightnessRelation,0.825,-1.6333321332931519,-1.632736086845398,0.0005960464477539062,0.03649264412778721,True,0.0051403045654296875,0.31471256295803696,True,0.0005960464477539062,PASS,7,Output should remain approximately same under localized brightness change.,Consistent,0.2
BrightnessRelation,1.55,-1.6333321332931519,-1.632982611656189,0.0003495216369628906,0.021399286516534423,True,0.0051403045654296875,0.31471256295803696,True,0.0003495216369628906,PASS,7,Output should remain approximately same under localized brightness change.,Consistent,0.2
BrightnessRelation,2.275,-1.6333321332931519,-1.6290085315704346,0.004323601722717285,0.2647103419741429,True,0.0051403045654296875,0.31471256295803696,True,0.004323601722717285,PASS,7,Output should remain approximately same under localized brightness change.,Consistent,0.2
BrightnessRelation,3.0,-1.6333321332931519,-1.6319210529327393,0.0014110803604125977,0.08639268570812346,True,0.0051403045654296875,0.31471256295803696,True,0.0014110803604125977,PASS,7,Output should remain approximately same under localized brightness change.,Consistent,0.2
CompositeRelation,0.1,-1.6333321332931519,-1.6330209970474243,0.00031113624572753906,0.019049160234704925,True,0.0036545991897583008,0.22375099820511452,True,0.00031113624572753906,PASS,7,Prediction should remain approximately consistent under composite transformations.,Consistent,0.2
CompositeRelation,0.44999999999999996,-1.6333321332931519,-1.6342586278915405,0.0009264945983886719,0.05672416603223244,True,0.0036545991897583008,0.22375099820511452,True,0.0009264945983886719,PASS,7,Prediction should remain approximately consistent under composite transformations.,Consistent,0.2
CompositeRelation,0.7999999999999999,-1.6333321332931519,-1.6354472637176514,0.0021151304244995117,0.1294977969518657,True,0.0036545991897583008,0.22375099820511452,True,0.0021151304244995117,PASS,7,Prediction should remain approximately consistent under composite transformations.,Consistent,0.2
CompositeRelation,1.15,-1.6333321332931519,-1.6323240995407104,0.0010080337524414062,0.061716359748913735,True,0.0036545991897583008,0.22375099820511452,True,0.0010080337524414062,PASS,7,Prediction should remain approximately consistent under composite transformations.,Consistent,0.2
CompositeRelation,1.5,-1.6333321332931519,-1.631792664527893,0.001539468765258789,0.0942532012532488,True,0.0036545991897583008,0.22375099820511452,True,0.001539468765258789,PASS,7,Prediction should remain approximately consistent under composite transformations.,Consistent,0.2
ContrastRelation,0.1,-1.6333321332931519,-1.6333850622177124,5.2928924560546875e-05,0.0032405467985475046,True,0.0011507272720336914,0.070452698753106,True,5.2928924560546875e-05,PASS,7,Contrast change should not significantly affect output.,Consistent,0.2
ContrastRelation,1.075,-1.6333321332931519,-1.633335828781128,3.6954879760742188e-06,0.00022625439359228074,True,0.0011507272720336914,0.070452698753106,True,3.6954879760742188e-06,PASS,7,Contrast change should not significantly affect output.,Consistent,0.2
ContrastRelation,2.05,-1.6333321332931519,-1.6334805488586426,0.00014841556549072266,0.009086668387819016,True,0.0011507272720336914,0.070452698753106,True,0.00014841556549072266,PASS,7,Contrast change should not significantly affect output.,Consistent,0.2
ContrastRelation,3.025,-1.6333321332931519,-1.6324456930160522,0.0008864402770996094,0.05427186034684514,True,0.0011507272720336914,0.070452698753106,True,0.0008864402770996094,PASS,7,Contrast change should not significantly affect output.,Consistent,0.2
ContrastRelation,4.0,-1.6333321332931519,-1.633596420288086,0.00026428699493408203,0.01618083840626085,True,0.0011507272720336914,0.070452698753106,True,0.00026428699493408203,PASS,7,Contrast change should not significantly affect output.,Consistent,0.2
DarkVisibilityRelation,0.05,-1.6333321332931519,-1.635826587677002,0.0024944543838500977,0.15272171567478948,True,0.0024808645248413086,0.15188968338867595,True,0.0024944543838500977,PASS,7,Output should not change drastically under visibility degradation.,Consistent,0.2
DarkVisibilityRelation,0.4125,-1.6333321332931519,-1.634494423866272,0.0011622905731201172,0.07116065604918506,True,0.0024808645248413086,0.15188968338867595,True,0.0011622905731201172,PASS,7,Output should not change drastically under visibility degradation.,Consistent,0.2
DarkVisibilityRelation,0.775,-1.6333321332931519,-1.635279655456543,0.0019475221633911133,0.11923606542313195,True,0.0024808645248413086,0.15188968338867595,True,0.0019475221633911133,PASS,7,Output should not change drastically under visibility degradation.,Consistent,0.2
DarkVisibilityRelation,1.1375,-1.6333321332931519,-1.6333457231521606,1.3589859008789062e-05,0.0008320322861135485,True,0.0024808645248413086,0.15188968338867595,True,1.3589859008789062e-05,PASS,7,Output should not change drastically under visibility degradation.,Consistent,0.2
DarkVisibilityRelation,1.5,-1.6333321332931519,-1.633354902267456,2.276897430419922e-05,0.0013940190056814714,True,0.0024808645248413086,0.15188968338867595,True,2.276897430419922e-05,PASS,7,Output should not change drastically under visibility degradation.,Consistent,0.2
DustRelation,0.0,-1.6333321332931519,-1.6333321332931519,0.0,0.0,True,0.0003647804260253906,0.022333498206205775,True,0.0,PASS,7,Dust should not significantly affect prediction.,Consistent,0.2
DustRelation,0.375,-1.6333321332931519,-1.6333445310592651,1.239776611328125e-05,0.0007590469978579741,True,0.0003647804260253906,0.022333498206205775,True,1.239776611328125e-05,PASS,7,Dust should not significantly affect prediction.,Consistent,0.2
DustRelation,0.75,-1.6333321332931519,-1.6331430673599243,0.00018906593322753906,0.011575466717334105,True,0.0003647804260253906,0.022333498206205775,True,0.00018906593322753906,PASS,7,Dust should not significantly affect prediction.,Consistent,0.2
DustRelation,1.125,-1.6333321332931519,-1.6330560445785522,0.0002760887145996094,0.01690339275999104,True,0.0003647804260253906,0.022333498206205775,True,0.0002760887145996094,PASS,7,Dust should not significantly affect prediction.,Consistent,0.2
DustRelation,1.5,-1.6333321332931519,-1.6329797506332397,0.0003523826599121094,0.0215744512083478,True,0.0003647804260253906,0.022333498206205775,True,0.0003523826599121094,PASS,7,Dust should not significantly affect prediction.,Consistent,0.2
FogRelation,0.0,-1.6333321332931519,-1.6332616806030273,7.045269012451172e-05,0.0043134305359044485,True,0.0014666318893432617,0.08979380014083321,True,7.045269012451172e-05,PASS,7,Fog should not significantly affect prediction.,Consistent,0.2
FogRelation,0.375,-1.6333321332931519,-1.634086012840271,0.0007538795471191406,0.046155896292825266,True,0.0014666318893432617,0.08979380014083321,True,0.0007538795471191406,PASS,7,Fog should not significantly affect prediction.,Consistent,0.2
FogRelation,0.75,-1.6333321332931519,-1.6345226764678955,0.0011905431747436523,0.07289040738084218,True,0.0014666318893432617,0.08979380014083321,True,0.0011905431747436523,PASS,7,Fog should not significantly affect prediction.,Consistent,0.2
FogRelation,1.125,-1.6333321332931519,-1.6347074508666992,0.0013753175735473633,0.08420312706045621,True,0.0014666318893432617,0.08979380014083321,True,0.0013753175735473633,PASS,7,Fog should not significantly affect prediction.,Consistent,0.2
FogRelation,1.5,-1.6333321332931519,-1.6347283124923706,0.00139617919921875,0.08548036960492876,True,0.0014666318893432617,0.08979380014083321,True,0.00139617919921875,PASS,7,Fog should not significantly affect prediction.,Consistent,0.2
HazeRelation,0.0,-1.6333321332931519,-1.6333321332931519,0.0,0.0,True,0.002349257469177246,0.14383210756526052,True,0.0,PASS,7,Haze should not significantly affect prediction.,Consistent,0.2
HazeRelation,0.375,-1.6333321332931519,-1.6327581405639648,0.0005739927291870117,0.035142416295059084,True,0.002349257469177246,0.14383210756526052,True,0.0005739927291870117,PASS,7,Haze should not significantly affect prediction.,Consistent,0.2
HazeRelation,0.75,-1.6333321332931519,-1.6321667432785034,0.0011653900146484375,0.07135041779864956,True,0.002349257469177246,0.14383210756526052,True,0.0011653900146484375,PASS,7,Haze should not significantly affect prediction.,Consistent,0.2
HazeRelation,1.125,-1.6333321332931519,-1.631575107574463,0.0017570257186889648,0.10757301635989115,True,0.002349257469177246,0.14383210756526052,True,0.0017570257186889648,PASS,7,Haze should not significantly affect prediction.,Consistent,0.2
HazeRelation,1.5,-1.6333321332931519,-1.6309828758239746,0.002349257469177246,0.14383210756526052,True,0.002349257469177246,0.14383210756526052,True,0.002349257469177246,PASS,7,Haze should not significantly affect prediction.,Consistent,0.2
NoiseRelation,0.0,-1.6333321332931519,-1.633341908454895,9.775161743164062e-06,0.0005984793636957103,True,0.001166701316833496,0.07143070161573069,True,9.775161743164062e-06,PASS,7,Noise should not significantly affect prediction.,Consistent,0.2
NoiseRelation,37.5,-1.6333321332931519,-1.6339572668075562,0.0006251335144042969,0.03827348516122323,True,0.001166701316833496,0.07143070161573069,True,0.0006251335144042969,PASS,7,Noise should not significantly affect prediction.,Consistent,0.2
NoiseRelation,75.0,-1.6333321332931519,-1.6327905654907227,0.0005415678024291992,0.03315721645450746,True,0.001166701316833496,0.07143070161573069,True,0.0005415678024291992,PASS,7,Noise should not significantly affect prediction.,Consistent,0.2
NoiseRelation,112.5,-1.6333321332931519,-1.6329416036605835,0.0003905296325683594,0.023909980432526182,True,0.001166701316833496,0.07143070161573069,True,0.0003905296325683594,PASS,7,Noise should not significantly affect prediction.,Consistent,0.2
NoiseRelation,150.0,-1.6333321332931519,-1.633801817893982,0.0004696846008300781,0.028756203572696325,True,0.001166701316833496,0.07143070161573069,True,0.0004696846008300781,PASS,7,Noise should not significantly affect prediction.,Consistent,0.2
RainRelation,0.0,-1.6333321332931519,-1.6333321332931519,0.0,0.0,True,0.0037369728088378906,0.22879428162357474,True,0.0,PASS,7,Rain should not significantly affect prediction.,Consistent,0.2
RainRelation,0.375,-1.6333321332931519,-1.6339802742004395,0.0006481409072875977,0.039682101224555816,True,0.0037369728088378906,0.22879428162357474,True,0.0006481409072875977,PASS,7,Rain should not significantly affect prediction.,Consistent,0.2
RainRelation,0.75,-1.6333321332931519,-1.6349880695343018,0.0016559362411499023,0.10138386391581843,True,0.0037369728088378906,0.22879428162357474,True,0.0016559362411499023,PASS,7,Rain should not significantly affect prediction.,Consistent,0.2
RainRelation,1.125,-1.6333321332931519,-1.636997103691101,0.0036649703979492188,0.22438597021293802,True,0.0037369728088378906,0.22879428162357474,True,0.0036649703979492188,PASS,7,Rain should not significantly affect prediction.,Consistent,0.2
RainRelation,1.5,-1.6333321332931519,-1.6332601308822632,7.200241088867188e-05,0.0044083114106366955,True,0.0037369728088378906,0.22879428162357474,True,7.200241088867188e-05,PASS,7,Rain should not significantly affect prediction.,Consistent,0.2
RotationRelation,-60.0,-1.6333321332931519,-1.6331406831741333,0.0001914501190185547,0.011721437293845253,True,0.0009251832962036133,0.05664388221515131,True,0.0001914501190185547,PASS,7,Small rotation should not significantly change output.,Consistent,0.2
RotationRelation,-30.0,-1.6333321332931519,-1.6331431865692139,0.00018894672393798828,0.011568168188508548,True,0.0009251832962036133,0.05664388221515131,True,0.00018894672393798828,PASS,7,Small rotation should not significantly change output.,Consistent,0.2
RotationRelation,0.0,-1.6333321332931519,-1.6333324909210205,3.5762786865234375e-07,2.189558647667233e-05,True,0.0009251832962036133,0.05664388221515131,True,3.5762786865234375e-07,PASS,7,Small rotation should not significantly change output.,Consistent,0.2
RotationRelation,30.0,-1.6333321332931519,-1.6334733963012695,0.00014126300811767578,0.008648756658285569,True,0.0009251832962036133,0.05664388221515131,True,0.00014126300811767578,PASS,7,Small rotation should not significantly change output.,Consistent,0.2
RotationRelation,60.0,-1.6333321332931519,-1.632548213005066,0.0007839202880859375,0.04799512555686574,True,0.0009251832962036133,0.05664388221515131,True,0.0007839202880859375,PASS,7,Small rotation should not significantly change output.,Consistent,0.2
SandstormRelation,0.0,-1.6333321332931519,-1.6333227157592773,9.417533874511719e-06,0.000576583777219038,True,0.0008465051651000977,0.05182685319028339,True,9.417533874511719e-06,PASS,7,Sandstorm should not significantly affect prediction.,Consistent,0.2
SandstormRelation,0.375,-1.6333321332931519,-1.6340354681015015,0.0007033348083496094,0.04306132007078891,True,0.0008465051651000977,0.05182685319028339,True,0.0007033348083496094,PASS,7,Sandstorm should not significantly affect prediction.,Consistent,0.2
SandstormRelation,0.75,-1.6333321332931519,-1.6341692209243774,0.0008370876312255859,0.05125026941306437,True,0.0008465051651000977,0.05182685319028339,True,0.0008370876312255859,PASS,7,Sandstorm should not significantly affect prediction.,Consistent,0.2
SandstormRelation,1.125,-1.6333321332931519,-1.6339802742004395,0.0006481409072875977,0.039682101224555816,True,0.0008465051651000977,0.05182685319028339,True,0.0006481409072875977,PASS,7,Sandstorm should not significantly affect prediction.,Consistent,0.2
SandstormRelation,1.5,-1.6333321332931519,-1.6339571475982666,0.0006250143051147461,0.03826618663239767,True,0.0008465051651000977,0.05182685319028339,True,0.0006250143051147461,PASS,7,Sandstorm should not significantly affect prediction.,Consistent,0.2
SmokeRelation,0.0,-1.6333321332931519,-1.6333321332931519,0.0,0.0,True,0.003931760787963867,0.24072007772453557,True,0.0,PASS,7,Smoke should not significantly affect prediction.,Consistent,0.2
SmokeRelation,0.375,-1.6333321332931519,-1.6323641538619995,0.0009679794311523438,0.05926405406352644,True,0.003931760787963867,0.24072007772453557,True,0.0009679794311523438,PASS,7,Smoke should not significantly affect prediction.,Consistent,0.2
SmokeRelation,0.75,-1.6333321332931519,-1.631551742553711,0.001780390739440918,0.1090035280097004,True,0.003931760787963867,0.24072007772453557,True,0.001780390739440918,PASS,7,Smoke should not significantly affect prediction.,Consistent,0.2
SmokeRelation,1.125,-1.6333321332931519,-1.6303917169570923,0.0029404163360595703,0.18002551201119987,True,0.003931760787963867,0.24072007772453557,True,0.0029404163360595703,PASS,7,Smoke should not significantly affect prediction.,Consistent,0.2
SmokeRelation,1.5,-1.6333321332931519,-1.629400372505188,0.003931760787963867,0.24072007772453557,True,0.003931760787963867,0.24072007772453557,True,0.003931760787963867,PASS,7,Smoke should not significantly affect prediction.,Consistent,0.2
SnowRelation,0.0,-1.6333321332931519,-1.6333321332931519,0.0,0.0,True,0.000876307487487793,0.05365148539667276,True,0.0,PASS,7,Snow should not significantly affect prediction.,Consistent,0.2
SnowRelation,0.375,-1.6333321332931519,-1.6333600282669067,2.7894973754882812e-05,0.0017078557451804415,True,0.000876307487487793,0.05365148539667276,True,2.7894973754882812e-05,PASS,7,Snow should not significantly affect prediction.,Consistent,0.2
SnowRelation,0.75,-1.6333321332931519,-1.6328909397125244,0.0004411935806274414,0.027011855183388098,True,0.000876307487487793,0.05365148539667276,True,0.0004411935806274414,PASS,7,Snow should not significantly affect prediction.,Consistent,0.2
SnowRelation,1.125,-1.6333321332931519,-1.6333729028701782,4.076957702636719e-05,0.0024960968583406453,True,0.000876307487487793,0.05365148539667276,True,4.076957702636719e-05,PASS,7,Snow should not significantly affect prediction.,Consistent,0.2
SnowRelation,1.5,-1.6333321332931519,-1.6324965953826904,0.0008355379104614258,0.05115538853833211,True,0.000876307487487793,0.05365148539667276,True,0.0008355379104614258,PASS,7,Snow should not significantly affect prediction.,Consistent,0.2
TranslationRelation,0.0,-1.6333321332931519,-1.633301854133606,3.0279159545898438e-05,0.0018538263216915905,True,0.0011712312698364258,0.07170804571110188,True,3.0279159545898438e-05,PASS,7,Small translation should preserve prediction consistency.,Consistent,0.2
TranslationRelation,20.0,-1.6333321332931519,-1.6330758333206177,0.0002562999725341797,0.0156918369749485,True,0.0011712312698364258,0.07170804571110188,True,0.0002562999725341797,PASS,7,Small translation should preserve prediction consistency.,Consistent,0.2
TranslationRelation,40.0,-1.6333321332931519,-1.6333562135696411,2.4080276489257812e-05,0.0014743028227626035,True,0.0011712312698364258,0.07170804571110188,True,2.4080276489257812e-05,PASS,7,Small translation should preserve prediction consistency.,Consistent,0.2
TranslationRelation,60.0,-1.6333321332931519,-1.6327484846115112,0.000583648681640625,0.03573359712992924,True,0.0011712312698364258,0.07170804571110188,True,0.000583648681640625,PASS,7,Small translation should preserve prediction consistency.,Consistent,0.2
TranslationRelation,80.0,-1.6333321332931519,-1.6321849822998047,0.001147150993347168,0.07023374288833927,True,0.0011712312698364258,0.07170804571110188,True,0.001147150993347168,PASS,7,Small translation should preserve prediction consistency.,Consistent,0.2
DarkVisibilityRelation,0.05,-1.6333321332931519,-1.6328017711639404,0.0005303621292114258,0.032471154744905056,True,0.004729151725769043,0.2895399370386893,True,0.0005303621292114258,PASS,7,Output should not change drastically under visibility degradation.,Consistent,0.2
DarkVisibilityRelation,0.4125,-1.6333321332931519,-1.6320362091064453,0.001295924186706543,0.07934230686263496,True,0.004729151725769043,0.2895399370386893,True,0.001295924186706543,PASS,7,Output should not change drastically under visibility degradation.,Consistent,0.2
DarkVisibilityRelation,0.775,-1.6333321332931519,-1.6292710304260254,0.004061102867126465,0.24863898150026542,True,0.004729151725769043,0.2895399370386893,True,0.004061102867126465,PASS,7,Output should not change drastically under visibility degradation.,Consistent,0.2
DarkVisibilityRelation,1.1375,-1.6333321332931519,-1.6280726194381714,0.005259513854980469,0.3220110917835943,True,0.004729151725769043,0.2895399370386893,True,0.005259513854980469,PASS,7,Output should not change drastically under visibility degradation.,Consistent,0.2
DarkVisibilityRelation,1.5,-1.6333321332931519,-1.6281299591064453,0.005202174186706543,0.3185004994185012,True,0.004729151725769043,0.2895399370386893,True,0.005202174186706543,PASS,7,Output should not change drastically under visibility degradation.,Consistent,0.2
TemporalSmoothnessRelation,0.0,-1.630487322807312,-1.63059401512146,0.00010669231414794922,0.0,True,,,,0.00010669231414794922,PASS,7,Predictions should change smoothly across consecutive frames.,Consistent,0.2
BlurRelation,1.0,-1.6327346563339233,-1.6326963901519775,3.826618194580078e-05,0.0023436850783134164,True,0.00018870830535888672,0.011557798999906973,True,3.826618194580078e-05,PASS,8,Blur should not significantly change output.,Consistent,0.2
BlurRelation,8.5,-1.6327346563339233,-1.6327197551727295,1.4901161193847656e-05,0.0009126499526142586,True,0.00018870830535888672,0.011557798999906973,True,1.4901161193847656e-05,PASS,8,Blur should not significantly change output.,Consistent,0.2
BlurRelation,16.0,-1.6327346563339233,-1.6328850984573364,0.00015044212341308594,0.009214113921593556,True,0.00018870830535888672,0.011557798999906973,True,0.00015044212341308594,PASS,8,Blur should not significantly change output.,Consistent,0.2
BlurRelation,23.5,-1.6327346563339233,-1.6327532529830933,1.8596649169921875e-05,0.0011389871408625948,True,0.00018870830535888672,0.011557798999906973,True,1.8596649169921875e-05,PASS,8,Blur should not significantly change output.,Consistent,0.2
BlurRelation,31.0,-1.6327346563339233,-1.6327775716781616,4.291534423828125e-05,0.0026284318635290647,True,0.00018870830535888672,0.011557798999906973,True,4.291534423828125e-05,PASS,8,Blur should not significantly change output.,Consistent,0.2
BrightnessRelation,0.1,-1.6327346563339233,-1.6381595134735107,0.005424857139587402,0.33225569114893655,True,0.008077740669250488,0.4947365875127583,True,0.005424857139587402,PASS,8,Output should remain approximately same under localized brightness change.,Consistent,0.2
BrightnessRelation,0.825,-1.6327346563339233,-1.633002519607544,0.00026786327362060547,0.016405795548193915,True,0.008077740669250488,0.4947365875127583,True,0.00026786327362060547,PASS,8,Output should remain approximately same under localized brightness change.,Consistent,0.2
BrightnessRelation,1.55,-1.6327346563339233,-1.6300817728042603,0.002652883529663086,0.1624808963638217,True,0.008077740669250488,0.4947365875127583,True,0.002652883529663086,PASS,8,Output should remain approximately same under localized brightness change.,Consistent,0.2
BrightnessRelation,2.275,-1.6327346563339233,-1.6371990442276,0.004464387893676758,0.2734299258032319,True,0.008077740669250488,0.4947365875127583,True,0.004464387893676758,PASS,8,Output should remain approximately same under localized brightness change.,Consistent,0.2
BrightnessRelation,3.0,-1.6327346563339233,-1.63411545753479,0.0013808012008666992,0.08456979520904766,True,0.008077740669250488,0.4947365875127583,True,0.0013808012008666992,PASS,8,Output should remain approximately same under localized brightness change.,Consistent,0.2
CompositeRelation,0.1,-1.6327346563339233,-1.6323860883712769,0.0003485679626464844,0.02134870769155274,True,0.0008891820907592773,0.054459647972398044,True,0.0003485679626464844,PASS,8,Prediction should remain approximately consistent under composite transformations.,Consistent,0.2
CompositeRelation,0.44999999999999996,-1.6327346563339233,-1.631778359413147,0.0009562969207763672,0.05857022335897267,True,0.0008891820907592773,0.054459647972398044,True,0.0009562969207763672,PASS,8,Prediction should remain approximately consistent under composite transformations.,Consistent,0.2
CompositeRelation,0.7999999999999999,-1.6327346563339233,-1.6324357986450195,0.0002988576889038086,0.01830410744963157,True,0.0008891820907592773,0.054459647972398044,True,0.0002988576889038086,PASS,8,Prediction should remain approximately consistent under composite transformations.,Consistent,0.2
CompositeRelation,1.15,-1.6327346563339233,-1.6315466165542603,0.001188039779663086,0.07276375542202962,True,0.0008891820907592773,0.054459647972398044,True,0.001188039779663086,PASS,8,Prediction should remain approximately consistent under composite transformations.,Consistent,0.2
CompositeRelation,1.5,-1.6327346563339233,-1.6323091983795166,0.0004254579544067383,0.026057981447042317,True,0.0008891820907592773,0.054459647972398044,True,0.0004254579544067383,PASS,8,Prediction should remain approximately consistent under composite transformations.,Consistent,0.2
ContrastRelation,0.1,-1.6327346563339233,-1.6326062679290771,0.0001283884048461914,0.007863391991724453,True,0.000949859619140625,0.058175958579443306,True,0.0001283884048461914,PASS,8,Contrast change should not significantly affect output.,Consistent,0.2
ContrastRelation,1.075,-1.6327346563339233,-1.6327252388000488,9.417533874511719e-06,0.0005767947700522115,True,0.000949859619140625,0.058175958579443306,True,9.417533874511719e-06,PASS,8,Contrast change should not significantly affect output.,Consistent,0.2
ContrastRelation,2.05,-1.6327346563339233,-1.6320985555648804,0.0006361007690429688,0.03895920117719748,True,0.000949859619140625,0.058175958579443306,True,0.0006361007690429688,PASS,8,Contrast change should not significantly affect output.,Consistent,0.2
ContrastRelation,3.025,-1.6327346563339233,-1.631844162940979,0.0008904933929443359,0.0545399611682281,True,0.000949859619140625,0.058175958579443306,True,0.0008904933929443359,PASS,8,Contrast change should not significantly affect output.,Consistent,0.2
ContrastRelation,4.0,-1.6327346563339233,-1.6327940225601196,5.936622619628906e-05,0.0036359974112152066,True,0.000949859619140625,0.058175958579443306,True,5.936622619628906e-05,PASS,8,Contrast change should not significantly affect output.,Consistent,0.2
DarkVisibilityRelation,0.05,-1.6327346563339233,-1.6358269453048706,0.0030922889709472656,0.18939311816651094,True,0.003548741340637207,0.21734941151499093,True,0.0030922889709472656,PASS,8,Output should not change drastically under visibility degradation.,Consistent,0.2
DarkVisibilityRelation,0.4125,-1.6327346563339233,-1.635650873184204,0.0029162168502807617,0.1786092463264209,True,0.003548741340637207,0.21734941151499093,True,0.0029162168502807617,PASS,8,Output should not change drastically under visibility degradation.,Consistent,0.2
DarkVisibilityRelation,0.775,-1.6327346563339233,-1.636283278465271,0.0035486221313476562,0.21734211031537,True,0.003548741340637207,0.21734941151499093,True,0.0035486221313476562,PASS,8,Output should not change drastically under visibility degradation.,Consistent,0.2
DarkVisibilityRelation,1.1375,-1.6327346563339233,-1.6327481269836426,1.3470649719238281e-05,0.0008250355571632899,True,0.003548741340637207,0.21734941151499093,True,1.3470649719238281e-05,PASS,8,Output should not change drastically under visibility degradation.,Consistent,0.2
DarkVisibilityRelation,1.5,-1.6327346563339233,-1.6327345371246338,1.1920928955078125e-07,7.30119962091407e-06,True,0.003548741340637207,0.21734941151499093,True,1.1920928955078125e-07,PASS,8,Output should not change drastically under visibility degradation.,Consistent,0.2
DustRelation,0.0,-1.6327346563339233,-1.6327346563339233,0.0,0.0,True,0.0004361867904663086,0.02671508941292458,True,0.0,PASS,8,Dust should not significantly affect prediction.,Consistent,0.2
DustRelation,0.375,-1.6327346563339233,-1.6327251195907593,9.5367431640625e-06,0.0005840959696731255,True,0.0004361867904663086,0.02671508941292458,True,9.5367431640625e-06,PASS,8,Dust should not significantly affect prediction.,Consistent,0.2
DustRelation,0.75,-1.6327346563339233,-1.6326661109924316,6.854534149169922e-05,0.00419818978202559,True,0.0004361867904663086,0.02671508941292458,True,6.854534149169922e-05,PASS,8,Dust should not significantly affect prediction.,Consistent,0.2
DustRelation,1.125,-1.6327346563339233,-1.6324222087860107,0.00031244754791259766,0.019136444206415776,True,0.0004361867904663086,0.02671508941292458,True,0.00031244754791259766,PASS,8,Dust should not significantly affect prediction.,Consistent,0.2
DustRelation,1.5,-1.6327346563339233,-1.632858395576477,0.00012373924255371094,0.007578645206508803,True,0.0004361867904663086,0.02671508941292458,True,0.00012373924255371094,PASS,8,Dust should not significantly affect prediction.,Consistent,0.2
FogRelation,0.0,-1.6327346563339233,-1.6327922344207764,5.7578086853027344e-05,0.0035264794169014954,True,0.0002275705337524414,0.013937990076324958,True,5.7578086853027344e-05,PASS,8,Fog should not significantly affect prediction.,Consistent,0.2
FogRelation,0.375,-1.6327346563339233,-1.6329656839370728,0.00023102760314941406,0.014149724865331465,True,0.0002275705337524414,0.013937990076324958,True,0.00023102760314941406,PASS,8,Fog should not significantly affect prediction.,Consistent,0.2
FogRelation,0.75,-1.6327346563339233,-1.6330198049545288,0.00028514862060546875,0.017464469493226453,True,0.0002275705337524414,0.013937990076324958,True,0.00028514862060546875,PASS,8,Fog should not significantly affect prediction.,Consistent,0.2
FogRelation,1.125,-1.6327346563339233,-1.6329898834228516,0.00025522708892822266,0.015631868388377025,True,0.0002275705337524414,0.013937990076324958,True,0.00025522708892822266,PASS,8,Fog should not significantly affect prediction.,Consistent,0.2
FogRelation,1.5,-1.6327346563339233,-1.632896065711975,0.0001614093780517578,0.009885824286717651,True,0.0002275705337524414,0.013937990076324958,True,0.0001614093780517578,PASS,8,Fog should not significantly affect prediction.,Consistent,0.2
HazeRelation,0.0,-1.6327346563339233,-1.6327346563339233,0.0,0.0,True,0.0020824670791625977,0.12754465617774788,True,0.0,PASS,8,Haze should not significantly affect prediction.,Consistent,0.2
HazeRelation,0.375,-1.6327346563339233,-1.6322216987609863,0.0005129575729370117,0.03141706196879324,True,0.0020824670791625977,0.12754465617774788,True,0.0005129575729370117,PASS,8,Haze should not significantly affect prediction.,Consistent,0.2
HazeRelation,0.75,-1.6327346563339233,-1.6316990852355957,0.0010355710983276367,0.06342552110688053,True,0.0020824670791625977,0.12754465617774788,True,0.0010355710983276367,PASS,8,Haze should not significantly affect prediction.,Consistent,0.2
HazeRelation,1.125,-1.6327346563339233,-1.6311739683151245,0.0015606880187988281,0.095587305437007,True,0.0020824670791625977,0.12754465617774788,True,0.0015606880187988281,PASS,8,Haze should not significantly affect prediction.,Consistent,0.2
HazeRelation,1.5,-1.6327346563339233,-1.6306521892547607,0.0020824670791625977,0.12754465617774788,True,0.0020824670791625977,0.12754465617774788,True,0.0020824670791625977,PASS,8,Haze should not significantly affect prediction.,Consistent,0.2
NoiseRelation,0.0,-1.6327346563339233,-1.6327565908432007,2.193450927734375e-05,0.0013434207302481889,True,0.0012819766998291016,0.0785171007233099,True,2.193450927734375e-05,PASS,8,Noise should not significantly affect prediction.,Consistent,0.2
NoiseRelation,37.5,-1.6327346563339233,-1.632653832435608,8.082389831542969e-05,0.004950213342979739,True,0.0012819766998291016,0.0785171007233099,True,8.082389831542969e-05,PASS,8,Noise should not significantly affect prediction.,Consistent,0.2
NoiseRelation,75.0,-1.6327346563339233,-1.6322616338729858,0.0004730224609375,0.028971160095787027,True,0.0012819766998291016,0.0785171007233099,True,0.0004730224609375,PASS,8,Noise should not significantly affect prediction.,Consistent,0.2
NoiseRelation,112.5,-1.6327346563339233,-1.6314746141433716,0.0012600421905517578,0.07717367999306171,True,0.0012819766998291016,0.0785171007233099,True,0.0012600421905517578,PASS,8,Noise should not significantly affect prediction.,Consistent,0.2
NoiseRelation,150.0,-1.6327346563339233,-1.6326351165771484,9.953975677490234e-05,0.006096501683463248,True,0.0012819766998291016,0.0785171007233099,True,9.953975677490234e-05,PASS,8,Noise should not significantly affect prediction.,Consistent,0.2
RainRelation,0.0,-1.6327346563339233,-1.6327346563339233,0.0,0.0,True,0.004684567451477051,0.2869152415030602,True,0.0,PASS,8,Rain should not significantly affect prediction.,Consistent,0.2
RainRelation,0.375,-1.6327346563339233,-1.6339529752731323,0.0012183189392089844,0.0746182601257418,True,0.004684567451477051,0.2869152415030602,True,0.0012183189392089844,PASS,8,Rain should not significantly affect prediction.,Consistent,0.2
RainRelation,0.75,-1.6327346563339233,-1.6361737251281738,0.0034390687942504883,0.21063230786375,True,0.004684567451477051,0.2869152415030602,True,0.0034390687942504883,PASS,8,Rain should not significantly affect prediction.,Consistent,0.2
RainRelation,1.125,-1.6327346563339233,-1.636022686958313,0.0032880306243896484,0.20138168794405187,True,0.004684567451477051,0.2869152415030602,True,0.0032880306243896484,PASS,8,Rain should not significantly affect prediction.,Consistent,0.2
RainRelation,1.5,-1.6327346563339233,-1.6314891576766968,0.0012454986572265625,0.0762829336393102,True,0.004684567451477051,0.2869152415030602,True,0.0012454986572265625,PASS,8,Rain should not significantly affect prediction.,Consistent,0.2
RotationRelation,-60.0,-1.6327346563339233,-1.6326637268066406,7.092952728271484e-05,0.004344213774443871,True,0.001020193099975586,0.06248366635578261,True,7.092952728271484e-05,PASS,8,Small rotation should not significantly change output.,Consistent,0.2
RotationRelation,-30.0,-1.6327346563339233,-1.6329346895217896,0.00020003318786621094,0.01225141296389381,True,0.001020193099975586,0.06248366635578261,True,0.00020003318786621094,PASS,8,Small rotation should not significantly change output.,Consistent,0.2
RotationRelation,0.0,-1.6327346563339233,-1.6327340602874756,5.960464477539062e-07,3.6505998104570344e-05,True,0.001020193099975586,0.06248366635578261,True,5.960464477539062e-07,PASS,8,Small rotation should not significantly change output.,Consistent,0.2
RotationRelation,30.0,-1.6327346563339233,-1.6336839199066162,0.0009492635726928711,0.058139452581338735,True,0.001020193099975586,0.06248366635578261,True,0.0009492635726928711,PASS,8,Small rotation should not significantly change output.,Consistent,0.2
RotationRelation,60.0,-1.6327346563339233,-1.6332131624221802,0.00047850608825683594,0.029307015278349075,True,0.001020193099975586,0.06248366635578261,True,0.00047850608825683594,PASS,8,Small rotation should not significantly change output.,Consistent,0.2
SandstormRelation,0.0,-1.6327346563339233,-1.6327273845672607,7.271766662597656e-06,0.00044537317687575823,True,0.0004341602325439453,0.02659096901936904,True,7.271766662597656e-06,PASS,8,Sandstorm should not significantly affect prediction.,Consistent,0.2
SandstormRelation,0.375,-1.6327346563339233,-1.6325234174728394,0.00021123886108398438,0.012937725728259731,True,0.0004341602325439453,0.02659096901936904,True,0.00021123886108398438,PASS,8,Sandstorm should not significantly affect prediction.,Consistent,0.2
SandstormRelation,0.75,-1.6327346563339233,-1.632489800453186,0.0002448558807373047,0.014996664021357499,True,0.0004341602325439453,0.02659096901936904,True,0.0002448558807373047,PASS,8,Sandstorm should not significantly affect prediction.,Consistent,0.2
SandstormRelation,1.125,-1.6327346563339233,-1.6323899030685425,0.0003447532653808594,0.02111506930368349,True,0.0004341602325439453,0.02659096901936904,True,0.0003447532653808594,PASS,8,Sandstorm should not significantly affect prediction.,Consistent,0.2
SandstormRelation,1.5,-1.6327346563339233,-1.6322932243347168,0.00044143199920654297,0.027036342196244796,True,0.0004341602325439453,0.02659096901936904,True,0.00044143199920654297,PASS,8,Sandstorm should not significantly affect prediction.,Consistent,0.2
SmokeRelation,0.0,-1.6327346563339233,-1.6327346563339233,0.0,0.0,True,0.0034865140914916992,0.21353818531287377,True,0.0,PASS,8,Smoke should not significantly affect prediction.,Consistent,0.2
SmokeRelation,0.375,-1.6327346563339233,-1.6307330131530762,0.002001643180847168,0.12259444283476814,True,0.0034865140914916992,0.21353818531287377,True,0.002001643180847168,PASS,8,Smoke should not significantly affect prediction.,Consistent,0.2
SmokeRelation,0.75,-1.6327346563339233,-1.6309980154037476,0.0017366409301757812,0.10636387607747616,True,0.0034865140914916992,0.21353818531287377,True,0.0017366409301757812,PASS,8,Smoke should not significantly affect prediction.,Consistent,0.2
SmokeRelation,1.125,-1.6327346563339233,-1.6301264762878418,0.002608180046081543,0.15974294650597892,True,0.0034865140914916992,0.21353818531287377,True,0.002608180046081543,PASS,8,Smoke should not significantly affect prediction.,Consistent,0.2
SmokeRelation,1.5,-1.6327346563339233,-1.6292481422424316,0.0034865140914916992,0.21353818531287377,True,0.0034865140914916992,0.21353818531287377,True,0.0034865140914916992,PASS,8,Smoke should not significantly affect prediction.,Consistent,0.2
SnowRelation,0.0,-1.6327346563339233,-1.6327346563339233,0.0,0.0,True,0.0022461414337158203,0.1375692032572629,True,0.0,PASS,8,Snow should not significantly affect prediction.,Consistent,0.2
SnowRelation,0.375,-1.6327346563339233,-1.6326099634170532,0.0001246929168701172,0.007637054803476117,True,0.0022461414337158203,0.1375692032572629,True,0.0001246929168701172,PASS,8,Snow should not significantly affect prediction.,Consistent,0.2
SnowRelation,0.75,-1.6327346563339233,-1.6325451135635376,0.0001895427703857422,0.01160890739725337,True,0.0022461414337158203,0.1375692032572629,True,0.0001895427703857422,PASS,8,Snow should not significantly affect prediction.,Consistent,0.2
SnowRelation,1.125,-1.6327346563339233,-1.6329594850540161,0.00022482872009277344,0.013770062485043937,True,0.0022461414337158203,0.1375692032572629,True,0.00022482872009277344,PASS,8,Snow should not significantly affect prediction.,Consistent,0.2
SnowRelation,1.5,-1.6327346563339233,-1.6307133436203003,0.002021312713623047,0.12379914077221897,True,0.0022461414337158203,0.1375692032572629,True,0.002021312713623047,PASS,8,Snow should not significantly affect prediction.,Consistent,0.2
TranslationRelation,0.0,-1.6327346563339233,-1.632703185081482,3.147125244140625e-05,0.0019275166999213145,True,0.0019074678421020508,0.11682649513424603,True,3.147125244140625e-05,PASS,8,Small translation should preserve prediction consistency.,Consistent,0.2
TranslationRelation,20.0,-1.6327346563339233,-1.6320817470550537,0.0006529092788696289,0.03998867032374636,True,0.0019074678421020508,0.11682649513424603,True,0.0006529092788696289,PASS,8,Small translation should preserve prediction consistency.,Consistent,0.2
TranslationRelation,40.0,-1.6327346563339233,-1.6310780048370361,0.001656651496887207,0.10146477113184282,True,0.0019074678421020508,0.11682649513424603,True,0.001656651496887207,PASS,8,Small translation should preserve prediction consistency.,Consistent,0.2
TranslationRelation,60.0,-1.6327346563339233,-1.6319218873977661,0.0008127689361572266,0.04977957901539212,True,0.0019074678421020508,0.11682649513424603,True,0.0008127689361572266,PASS,8,Small translation should preserve prediction consistency.,Consistent,0.2
TranslationRelation,80.0,-1.6327346563339233,-1.6329854726791382,0.00025081634521484375,0.015361724002403203,True,0.0019074678421020508,0.11682649513424603,True,0.00025081634521484375,PASS,8,Small translation should preserve prediction consistency.,Consistent,0.2
DarkVisibilityRelation,0.05,-1.6327346563339233,-1.6325123310089111,0.00022232532501220703,0.013616737293004739,True,0.004441261291503906,0.2720134930767746,True,0.00022232532501220703,PASS,8,Output should not change drastically under visibility degradation.,Consistent,0.2
DarkVisibilityRelation,0.4125,-1.6327346563339233,-1.6295554637908936,0.003179192543029785,0.19471569269015734,True,0.004441261291503906,0.2720134930767746,True,0.003179192543029785,PASS,8,Output should not change drastically under visibility degradation.,Consistent,0.2
DarkVisibilityRelation,0.775,-1.6327346563339233,-1.629668951034546,0.0030657052993774414,0.18776495065104712,True,0.004441261291503906,0.2720134930767746,True,0.0030657052993774414,PASS,8,Output should not change drastically under visibility degradation.,Consistent,0.2
DarkVisibilityRelation,1.1375,-1.6327346563339233,-1.6280832290649414,0.004651427268981934,0.2848855080084461,True,0.004441261291503906,0.2720134930767746,True,0.004651427268981934,PASS,8,Output should not change drastically under visibility degradation.,Consistent,0.2
DarkVisibilityRelation,1.5,-1.6327346563339233,-1.6280710697174072,0.004663586616516113,0.2856302303697793,True,0.004441261291503906,0.2720134930767746,True,0.004663586616516113,PASS,8,Output should not change drastically under visibility degradation.,Consistent,0.2
TemporalSmoothnessRelation,0.0,-1.630487322807312,-1.63059401512146,0.00010669231414794922,0.0,True,,,,0.00010669231414794922,PASS,8,Predictions should change smoothly across consecutive frames.,Consistent,0.2
BlurRelation,1.0,-1.637725830078125,-1.637612223625183,0.00011360645294189453,0.006936837747017623,True,0.0002938508987426758,0.017942607603775907,True,0.00011360645294189453,PASS,9,Blur should not significantly change output.,Consistent,0.2
BlurRelation,8.5,-1.637725830078125,-1.637765884399414,4.00543212890625e-05,0.0024457266348351745,True,0.0002938508987426758,0.017942607603775907,True,4.00543212890625e-05,PASS,9,Blur should not significantly change output.,Consistent,0.2
BlurRelation,16.0,-1.637725830078125,-1.6379060745239258,0.00018024444580078125,0.011005769856758286,True,0.0002938508987426758,0.017942607603775907,True,0.00018024444580078125,PASS,9,Blur should not significantly change output.,Consistent,0.2
BlurRelation,23.5,-1.637725830078125,-1.6377263069152832,4.76837158203125e-07,2.9115793271847314e-05,True,0.0002938508987426758,0.017942607603775907,True,4.76837158203125e-07,PASS,9,Blur should not significantly change output.,Consistent,0.2
BlurRelation,31.0,-1.637725830078125,-1.6376947164535522,3.1113624572753906e-05,0.0018998055109880373,True,0.0002938508987426758,0.017942607603775907,True,3.1113624572753906e-05,PASS,9,Blur should not significantly change output.,Consistent,0.2
BrightnessRelation,0.1,-1.637725830078125,-1.638224720954895,0.0004988908767700195,0.030462398710670253,True,0.00539088249206543,0.3291686008348698,True,0.0004988908767700195,PASS,9,Output should remain approximately same under localized brightness change.,Consistent,0.2
BrightnessRelation,0.825,-1.637725830078125,-1.6369322538375854,0.0007935762405395508,0.04845595895267189,True,0.00539088249206543,0.3291686008348698,True,0.0007935762405395508,PASS,9,Output should remain approximately same under localized brightness change.,Consistent,0.2
BrightnessRelation,1.55,-1.637725830078125,-1.6397737264633179,0.002047896385192871,0.12504505315426626,True,0.00539088249206543,0.3291686008348698,True,0.002047896385192871,PASS,9,Output should remain approximately same under localized brightness change.,Consistent,0.2
BrightnessRelation,2.275,-1.637725830078125,-1.6397266387939453,0.0020008087158203125,0.12216986856867133,True,0.00539088249206543,0.3291686008348698,True,0.0020008087158203125,PASS,9,Output should remain approximately same under localized brightness change.,Consistent,0.2
BrightnessRelation,3.0,-1.637725830078125,-1.6343828439712524,0.0033429861068725586,0.2041235476806036,True,0.00539088249206543,0.3291686008348698,True,0.0033429861068725586,PASS,9,Output should remain approximately same under localized brightness change.,Consistent,0.2
CompositeRelation,0.1,-1.637725830078125,-1.637738823890686,1.2993812561035156e-05,0.0007934053666578392,True,0.005464673042297363,0.3336742698436882,True,1.2993812561035156e-05,PASS,9,Prediction should remain approximately consistent under composite transformations.,Consistent,0.2
CompositeRelation,0.44999999999999996,-1.637725830078125,-1.6357522010803223,0.0019736289978027344,0.12051026835217604,True,0.005464673042297363,0.3336742698436882,True,0.0019736289978027344,PASS,9,Prediction should remain approximately consistent under composite transformations.,Consistent,0.2
CompositeRelation,0.7999999999999999,-1.637725830078125,-1.6342313289642334,0.0034945011138916016,0.21337509099273302,True,0.005464673042297363,0.3336742698436882,True,0.0034945011138916016,PASS,9,Prediction should remain approximately consistent under composite transformations.,Consistent,0.2
CompositeRelation,1.15,-1.637725830078125,-1.6322741508483887,0.005451679229736328,0.33288086447703036,True,0.005464673042297363,0.3336742698436882,True,0.005451679229736328,PASS,9,Prediction should remain approximately consistent under composite transformations.,Consistent,0.2
CompositeRelation,1.5,-1.637725830078125,-1.6334609985351562,0.00426483154296875,0.26041165502340236,True,0.005464673042297363,0.3336742698436882,True,0.00426483154296875,PASS,9,Prediction should remain approximately consistent under composite transformations.,Consistent,0.2
ContrastRelation,0.1,-1.637725830078125,-1.6378079652786255,8.213520050048828e-05,0.0050151953910757,True,0.000603795051574707,0.03686787323047666,True,8.213520050048828e-05,PASS,9,Contrast change should not significantly affect output.,Consistent,0.2
ContrastRelation,1.075,-1.637725830078125,-1.6377440690994263,1.823902130126953e-05,0.0011136790926481598,True,0.000603795051574707,0.03686787323047666,True,1.823902130126953e-05,PASS,9,Contrast change should not significantly affect output.,Consistent,0.2
ContrastRelation,2.05,-1.637725830078125,-1.6373547315597534,0.00037109851837158203,0.022659366113815173,True,0.000603795051574707,0.03686787323047666,True,0.00037109851837158203,PASS,9,Contrast change should not significantly affect output.,Consistent,0.2
ContrastRelation,3.025,-1.637725830078125,-1.6372041702270508,0.0005216598510742188,0.03185267783940096,True,0.000603795051574707,0.03686787323047666,True,0.0005216598510742188,PASS,9,Contrast change should not significantly affect output.,Consistent,0.2
ContrastRelation,4.0,-1.637725830078125,-1.6372536420822144,0.00047218799591064453,0.028831914287446806,True,0.000603795051574707,0.03686787323047666,True,0.00047218799591064453,PASS,9,Contrast change should not significantly affect output.,Consistent,0.2
DarkVisibilityRelation,0.05,-1.637725830078125,-1.6358240842819214,0.0019017457962036133,0.11612106251644505,True,0.002306342124938965,0.1408258131076075,True,0.0019017457962036133,PASS,9,Output should not change drastically under visibility degradation.,Consistent,0.2
DarkVisibilityRelation,0.4125,-1.637725830078125,-1.6367278099060059,0.0009980201721191406,0.06093935531797643,True,0.002306342124938965,0.1408258131076075,True,0.0009980201721191406,PASS,9,Output should not change drastically under visibility degradation.,Consistent,0.2
DarkVisibilityRelation,0.775,-1.637725830078125,-1.6354327201843262,0.002293109893798828,0.14001784984431373,True,0.002306342124938965,0.1408258131076075,True,0.002293109893798828,PASS,9,Output should not change drastically under visibility degradation.,Consistent,0.2
DarkVisibilityRelation,1.1375,-1.637725830078125,-1.6377390623092651,1.3232231140136719e-05,0.0008079632632937631,True,0.002306342124938965,0.1408258131076075,True,1.3232231140136719e-05,PASS,9,Output should not change drastically under visibility degradation.,Consistent,0.2
DarkVisibilityRelation,1.5,-1.637725830078125,-1.637737512588501,1.1682510375976562e-05,0.0007133369351602592,True,0.002306342124938965,0.1408258131076075,True,1.1682510375976562e-05,PASS,9,Output should not change drastically under visibility degradation.,Consistent,0.2
DustRelation,0.0,-1.637725830078125,-1.637725830078125,0.0,0.0,True,0.00042641162872314453,0.026036798133349463,True,0.0,PASS,9,Dust should not significantly affect prediction.,Consistent,0.2
DustRelation,0.375,-1.637725830078125,-1.6377482414245605,2.2411346435546875e-05,0.0013684422837768238,True,0.00042641162872314453,0.026036798133349463,True,2.2411346435546875e-05,PASS,9,Dust should not significantly affect prediction.,Consistent,0.2
DustRelation,0.75,-1.637725830078125,-1.6377192735671997,6.556510925292969e-06,0.00040034215748790063,True,0.00042641162872314453,0.026036798133349463,True,6.556510925292969e-06,PASS,9,Dust should not significantly affect prediction.,Consistent,0.2
DustRelation,1.125,-1.637725830078125,-1.6376539468765259,7.18832015991211e-05,0.004389205835730983,True,0.00042641162872314453,0.026036798133349463,True,7.18832015991211e-05,PASS,9,Dust should not significantly affect prediction.,Consistent,0.2
DustRelation,1.5,-1.637725830078125,-1.6373218297958374,0.00040400028228759766,0.024668355849572637,True,0.00042641162872314453,0.026036798133349463,True,0.00040400028228759766,PASS,9,Dust should not significantly affect prediction.,Consistent,0.2
FogRelation,0.0,-1.637725830078125,-1.6378533840179443,0.00012755393981933594,0.007788474700219156,True,0.00289154052734375,0.17655817040048213,True,0.00012755393981933594,PASS,9,Fog should not significantly affect prediction.,Consistent,0.2
FogRelation,0.375,-1.637725830078125,-1.6369482278823853,0.0007776021957397461,0.04748057987806501,True,0.00289154052734375,0.17655817040048213,True,0.0007776021957397461,PASS,9,Fog should not significantly affect prediction.,Consistent,0.2
FogRelation,0.75,-1.637725830078125,-1.6361877918243408,0.0015380382537841797,0.09391299119834351,True,0.00289154052734375,0.17655817040048213,True,0.0015380382537841797,PASS,9,Fog should not significantly affect prediction.,Consistent,0.2
FogRelation,1.125,-1.637725830078125,-1.6355293989181519,0.0021964311599731445,0.1341146227584467,True,0.00289154052734375,0.17655817040048213,True,0.0021964311599731445,PASS,9,Fog should not significantly affect prediction.,Consistent,0.2
FogRelation,1.5,-1.637725830078125,-1.6349618434906006,0.002763986587524414,0.16876969570026296,True,0.00289154052734375,0.17655817040048213,True,0.002763986587524414,PASS,9,Fog should not significantly affect prediction.,Consistent,0.2
HazeRelation,0.0,-1.637725830078125,-1.637725830078125,0.0,0.0,True,0.004326224327087402,0.2641603134071527,True,0.0,PASS,9,Haze should not significantly affect prediction.,Consistent,0.2
HazeRelation,0.375,-1.637725830078125,-1.6366584300994873,0.0010673999786376953,0.06517570323903021,True,0.004326224327087402,0.2641603134071527,True,0.0010673999786376953,PASS,9,Haze should not significantly affect prediction.,Consistent,0.2
HazeRelation,0.75,-1.637725830078125,-1.6355715990066528,0.002154231071472168,0.1315378750538882,True,0.004326224327087402,0.2641603134071527,True,0.002154231071472168,PASS,9,Haze should not significantly affect prediction.,Consistent,0.2
HazeRelation,1.125,-1.637725830078125,-1.6344906091690063,0.0032352209091186523,0.19754337840116606,True,0.004326224327087402,0.2641603134071527,True,0.0032352209091186523,PASS,9,Haze should not significantly affect prediction.,Consistent,0.2
HazeRelation,1.5,-1.637725830078125,-1.6333996057510376,0.004326224327087402,0.2641603134071527,True,0.004326224327087402,0.2641603134071527,True,0.004326224327087402,PASS,9,Haze should not significantly affect prediction.,Consistent,0.2
NoiseRelation,0.0,-1.637725830078125,-1.6377556324005127,2.9802322387695312e-05,0.0018197370794904573,True,0.0016080141067504883,0.09818573386098711,True,2.9802322387695312e-05,PASS,9,Noise should not significantly affect prediction.,Consistent,0.2
NoiseRelation,37.5,-1.637725830078125,-1.637234091758728,0.0004917383193969727,0.030025661811592542,True,0.0016080141067504883,0.09818573386098711,True,0.0004917383193969727,PASS,9,Noise should not significantly affect prediction.,Consistent,0.2
NoiseRelation,75.0,-1.637725830078125,-1.6366580724716187,0.0010677576065063477,0.0651975400839841,True,0.0016080141067504883,0.09818573386098711,True,0.0010677576065063477,PASS,9,Noise should not significantly affect prediction.,Consistent,0.2
NoiseRelation,112.5,-1.637725830078125,-1.6361476182937622,0.001578211784362793,0.09636599678149664,True,0.0016080141067504883,0.09818573386098711,True,0.001578211784362793,PASS,9,Noise should not significantly affect prediction.,Consistent,0.2
NoiseRelation,150.0,-1.637725830078125,-1.6362017393112183,0.0015240907669067383,0.09306135424514198,True,0.0016080141067504883,0.09818573386098711,True,0.0015240907669067383,PASS,9,Noise should not significantly affect prediction.,Consistent,0.2
RainRelation,0.0,-1.637725830078125,-1.637725830078125,0.0,0.0,True,0.002324223518371582,0.14191765535530176,True,0.0,PASS,9,Rain should not significantly affect prediction.,Consistent,0.2
RainRelation,0.375,-1.637725830078125,-1.636379361152649,0.0013464689254760742,0.08221572125137885,True,0.002324223518371582,0.14191765535530176,True,0.0013464689254760742,PASS,9,Rain should not significantly affect prediction.,Consistent,0.2
RainRelation,0.75,-1.637725830078125,-1.6357965469360352,0.0019292831420898438,0.11780249957789424,True,0.002324223518371582,0.14191765535530176,True,0.0019292831420898438,PASS,9,Rain should not significantly affect prediction.,Consistent,0.2
RainRelation,1.125,-1.637725830078125,-1.6381207704544067,0.0003949403762817383,0.024115155777407537,True,0.002324223518371582,0.14191765535530176,True,0.0003949403762817383,PASS,9,Rain should not significantly affect prediction.,Consistent,0.2
RainRelation,1.5,-1.637725830078125,-1.636273741722107,0.0014520883560180664,0.08866486946109303,True,0.002324223518371582,0.14191765535530176,True,0.0014520883560180664,PASS,9,Rain should not significantly affect prediction.,Consistent,0.2
RotationRelation,-60.0,-1.637725830078125,-1.6354535818099976,0.0022722482681274414,0.13874403388867043,True,0.004376411437988281,0.2672247506490147,True,0.0022722482681274414,PASS,9,Small rotation should not significantly change output.,Consistent,0.2
RotationRelation,-30.0,-1.637725830078125,-1.6377596855163574,3.3855438232421875e-05,0.002067221322301159,True,0.004376411437988281,0.2672247506490147,True,3.3855438232421875e-05,PASS,9,Small rotation should not significantly change output.,Consistent,0.2
RotationRelation,0.0,-1.637725830078125,-1.6377267837524414,9.5367431640625e-07,5.823158654369463e-05,True,0.004376411437988281,0.2672247506490147,True,9.5367431640625e-07,PASS,9,Small rotation should not significantly change output.,Consistent,0.2
RotationRelation,30.0,-1.637725830078125,-1.6398299932479858,0.00210416316986084,0.12848071676034425,True,0.004376411437988281,0.2672247506490147,True,0.00210416316986084,PASS,9,Small rotation should not significantly change output.,Consistent,0.2
RotationRelation,60.0,-1.637725830078125,-1.6367418766021729,0.0009839534759521484,0.06008043941645693,True,0.004376411437988281,0.2672247506490147,True,0.0009839534759521484,PASS,9,Small rotation should not significantly change output.,Consistent,0.2
SandstormRelation,0.0,-1.637725830078125,-1.6377874612808228,6.16312026977539e-05,0.0037632162803862656,True,0.0030837059020996094,0.1882918350890366,True,6.16312026977539e-05,PASS,9,Sandstorm should not significantly affect prediction.,Consistent,0.2
SandstormRelation,0.375,-1.637725830078125,-1.6368257999420166,0.0009000301361083984,0.05495605980061181,True,0.0030837059020996094,0.1882918350890366,True,0.0009000301361083984,PASS,9,Sandstorm should not significantly affect prediction.,Consistent,0.2
SandstormRelation,0.75,-1.637725830078125,-1.635925054550171,0.0018007755279541016,0.10995579329113139,True,0.0030837059020996094,0.1882918350890366,True,0.0018007755279541016,PASS,9,Sandstorm should not significantly affect prediction.,Consistent,0.2
SandstormRelation,1.125,-1.637725830078125,-1.6355476379394531,0.002178192138671875,0.13300094366579854,True,0.0030837059020996094,0.1882918350890366,True,0.002178192138671875,PASS,9,Sandstorm should not significantly affect prediction.,Consistent,0.2
SandstormRelation,1.5,-1.637725830078125,-1.6347037553787231,0.0030220746994018555,0.18452861880865032,True,0.0030837059020996094,0.1882918350890366,True,0.0030220746994018555,PASS,9,Sandstorm should not significantly affect prediction.,Consistent,0.2
SmokeRelation,0.0,-1.637725830078125,-1.637725830078125,0.0,0.0,True,0.007229208946228027,0.4414172628461592,True,0.0,PASS,9,Smoke should not significantly affect prediction.,Consistent,0.2
SmokeRelation,0.375,-1.637725830078125,-1.6355440616607666,0.0021817684173583984,0.13321931211533738,True,0.007229208946228027,0.4414172628461592,True,0.0021817684173583984,PASS,9,Smoke should not significantly affect prediction.,Consistent,0.2
SmokeRelation,0.75,-1.637725830078125,-1.6341218948364258,0.0036039352416992188,0.220057165548622,True,0.007229208946228027,0.4414172628461592,True,0.0036039352416992188,PASS,9,Smoke should not significantly affect prediction.,Consistent,0.2
SmokeRelation,1.125,-1.637725830078125,-1.6323113441467285,0.005414485931396484,0.33060983260182625,True,0.007229208946228027,0.4414172628461592,True,0.005414485931396484,PASS,9,Smoke should not significantly affect prediction.,Consistent,0.2
SmokeRelation,1.5,-1.637725830078125,-1.630496621131897,0.007229208946228027,0.4414172628461592,True,0.007229208946228027,0.4414172628461592,True,0.007229208946228027,PASS,9,Smoke should not significantly affect prediction.,Consistent,0.2
SnowRelation,0.0,-1.637725830078125,-1.637725830078125,0.0,0.0,True,0.00207364559173584,0.12661730599094603,True,0.0,PASS,9,Snow should not significantly affect prediction.,Consistent,0.2
SnowRelation,0.375,-1.637725830078125,-1.637671709060669,5.412101745605469e-05,0.0033046425363546703,True,0.00207364559173584,0.12661730599094603,True,5.412101745605469e-05,PASS,9,Snow should not significantly affect prediction.,Consistent,0.2
SnowRelation,0.75,-1.637725830078125,-1.6375131607055664,0.00021266937255859375,0.012985643799243904,True,0.00207364559173584,0.12661730599094603,True,0.00021266937255859375,PASS,9,Snow should not significantly affect prediction.,Consistent,0.2
SnowRelation,1.125,-1.637725830078125,-1.6364918947219849,0.0012339353561401367,0.07534439403922288,True,0.00207364559173584,0.12661730599094603,True,0.0012339353561401367,PASS,9,Snow should not significantly affect prediction.,Consistent,0.2
SnowRelation,1.5,-1.637725830078125,-1.6356521844863892,0.00207364559173584,0.12661730599094603,True,0.00207364559173584,0.12661730599094603,True,0.00207364559173584,PASS,9,Snow should not significantly affect prediction.,Consistent,0.2
TranslationRelation,0.0,-1.637725830078125,-1.6376636028289795,6.222724914550781e-05,0.0037996110219760747,True,0.008765578269958496,0.5352283487680513,True,6.222724914550781e-05,PASS,9,Small translation should preserve prediction consistency.,Consistent,0.2
TranslationRelation,20.0,-1.637725830078125,-1.6415740251541138,0.0038481950759887695,0.2349717306521258,True,0.008765578269958496,0.5352283487680513,True,0.0038481950759887695,PASS,9,Small translation should preserve prediction consistency.,Consistent,0.2
TranslationRelation,40.0,-1.637725830078125,-1.6328084468841553,0.0049173831939697266,0.3002566181159254,True,0.008765578269958496,0.5352283487680513,True,0.0049173831939697266,PASS,9,Small translation should preserve prediction consistency.,Consistent,0.2
TranslationRelation,60.0,-1.637725830078125,-1.6361675262451172,0.0015583038330078125,0.09515041241239702,True,0.008765578269958496,0.5352283487680513,True,0.0015583038330078125,PASS,9,Small translation should preserve prediction consistency.,Consistent,0.2
TranslationRelation,80.0,-1.637725830078125,-1.6365901231765747,0.001135706901550293,0.06934654062522234,True,0.008765578269958496,0.5352283487680513,True,0.001135706901550293,PASS,9,Small translation should preserve prediction consistency.,Consistent,0.2
DarkVisibilityRelation,0.05,-1.637725830078125,-1.637256145477295,0.0004696846008300781,0.028679056372769608,True,0.009182453155517578,0.5606828310359637,True,0.0004696846008300781,PASS,9,Output should not change drastically under visibility degradation.,Consistent,0.2
DarkVisibilityRelation,0.4125,-1.637725830078125,-1.6328508853912354,0.0048749446868896484,0.297665312514731,True,0.009182453155517578,0.5606828310359637,True,0.0048749446868896484,PASS,9,Output should not change drastically under visibility degradation.,Consistent,0.2
DarkVisibilityRelation,0.775,-1.637725830078125,-1.6302595138549805,0.007466316223144531,0.45589509105058523,True,0.009182453155517578,0.5606828310359637,True,0.007466316223144531,PASS,9,Output should not change drastically under visibility degradation.,Consistent,0.2
DarkVisibilityRelation,1.1375,-1.637725830078125,-1.6280736923217773,0.009652137756347656,0.5893618874087334,True,0.009182453155517578,0.5606828310359637,True,0.009652137756347656,PASS,9,Output should not change drastically under visibility degradation.,Consistent,0.2
DarkVisibilityRelation,1.5,-1.637725830078125,-1.631371259689331,0.006354570388793945,0.3880116190372732,True,0.009182453155517578,0.5606828310359637,True,0.006354570388793945,PASS,9,Output should not change drastically under visibility degradation.,Consistent,0.2
TemporalSmoothnessRelation,0.0,-1.630487322807312,-1.63059401512146,0.00010669231414794922,0.0,True,,,,0.00010669231414794922,PASS,9,Predictions should change smoothly across consecutive frames.,Consistent,0.2
