sample_id,mr,param,original,transformed,difference,percent_change,passed
0,BlurRelation,1.0,-1.6304880380630493,-1.6305339336395264,4.589557647705078e-05,0.0028148350222319037,True
0,BlurRelation,8.5,-1.6304880380630493,-1.6304845809936523,3.4570693969726562e-06,0.0002120265341421434,True
0,BlurRelation,16.0,-1.6304880380630493,-1.630418062210083,6.99758529663086e-05,0.004291709501428902,True
0,BlurRelation,23.5,-1.6304880380630493,-1.6304681301116943,1.990795135498047e-05,0.0012209803862668256,True
0,BlurRelation,31.0,-1.6304880380630493,-1.630265474319458,0.0002225637435913086,0.013650122042875232,True
0,BrightnessRelation,0.1,-1.6304880380630493,-1.6305725574493408,8.45193862915039e-05,0.005183683196785505,True
0,BrightnessRelation,0.825,-1.6304880380630493,-1.6308724880218506,0.00038444995880126953,0.023578812848565944,True
0,BrightnessRelation,1.55,-1.6304880380630493,-1.630561113357544,7.30752944946289e-05,0.004481802256177031,True
0,BrightnessRelation,2.275,-1.6304880380630493,-1.629138708114624,0.001349329948425293,0.08275614965361797,True
0,BrightnessRelation,3.0,-1.6304880380630493,-1.6258074045181274,0.004680633544921875,0.2870693047088661,True
0,CompositeRelation,0.1,-1.6304880380630493,-1.6298723220825195,0.0006157159805297852,0.03776265685669554,True
0,CompositeRelation,0.44999999999999996,-1.6304880380630493,-1.6306358575820923,0.00014781951904296875,0.00906596214952613,True
0,CompositeRelation,0.7999999999999999,-1.6304880380630493,-1.6313543319702148,0.0008662939071655273,0.05313092495210193,True
0,CompositeRelation,1.15,-1.6304880380630493,-1.629895806312561,0.0005922317504882812,0.03632233867648856,True
0,CompositeRelation,1.5,-1.6304880380630493,-1.6342921257019043,0.0038040876388549805,0.23330961141413575,True
0,ContrastRelation,0.1,-1.6304880380630493,-1.629849910736084,0.000638127326965332,0.03913717369872047,True
0,ContrastRelation,1.075,-1.6304880380630493,-1.6298820972442627,0.0006059408187866211,0.037163133553259134,True
0,ContrastRelation,2.05,-1.6304880380630493,-1.6298296451568604,0.0006583929061889648,0.040380087864381305,True
0,ContrastRelation,3.025,-1.6304880380630493,-1.6297369003295898,0.0007511377334594727,0.04606824798722915,True
0,ContrastRelation,4.0,-1.6304880380630493,-1.6295199394226074,0.0009680986404418945,0.05937474081959815,True
0,DarkVisibilityRelation,0.05,-1.6304880380630493,-1.6358661651611328,0.005378127098083496,0.3298474857869931,True
0,DarkVisibilityRelation,0.4125,-1.6304880380630493,-1.6355735063552856,0.005085468292236328,0.31189834298289093,True
0,DarkVisibilityRelation,0.775,-1.6304880380630493,-1.6346830129623413,0.004194974899291992,0.257283232291794,True
0,DarkVisibilityRelation,1.1375,-1.6304880380630493,-1.6362491846084595,0.005761146545410156,0.35333856351798293,True
0,DarkVisibilityRelation,1.5,-1.6304880380630493,-1.636250376701355,0.005762338638305664,0.353411676115963,True
0,DustRelation,0.0,-1.6304880380630493,-1.6298959255218506,0.0005921125411987305,0.03631502741669056,True
0,DustRelation,0.375,-1.6304880380630493,-1.6301774978637695,0.00031054019927978516,0.01904583177380288,True
0,DustRelation,0.75,-1.6304880380630493,-1.6300196647644043,0.00046837329864501953,0.028725939746361426,True
0,DustRelation,1.125,-1.6304880380630493,-1.6296896934509277,0.000798344612121582,0.04896350686723911,True
0,DustRelation,1.5,-1.6304880380630493,-1.6300101280212402,0.00047791004180908203,0.02931084053020182,True
0,FogRelation,0.0,-1.6304880380630493,-1.6362496614456177,0.005761623382568359,0.353367808557175,True
0,FogRelation,0.375,-1.6304880380630493,-1.63587486743927,0.005386829376220703,0.33038120775224744,True
0,FogRelation,0.75,-1.6304880380630493,-1.636334776878357,0.005846738815307617,0.35858804805295047,True
0,FogRelation,1.125,-1.6304880380630493,-1.6360586881637573,0.005570650100708008,0.3416551703607711,True
0,FogRelation,1.5,-1.6304880380630493,-1.6364829540252686,0.005994915962219238,0.36767594398187065,True
0,GlobalBlurRelation,1.0,-1.6304880380630493,-1.6304359436035156,5.2094459533691406e-05,0.0031950205317281604,True
0,GlobalBlurRelation,8.5,-1.6304880380630493,-1.6303973197937012,9.071826934814453e-05,0.005563868706281763,True
0,GlobalBlurRelation,16.0,-1.6304880380630493,-1.630415678024292,7.236003875732422e-05,0.004437934697389001,True
0,GlobalBlurRelation,23.5,-1.6304880380630493,-1.630413293838501,7.474422454833984e-05,0.0045841598933491,True
0,GlobalBlurRelation,31.0,-1.6304880380630493,-1.630420207977295,6.783008575439453e-05,0.0041601068250648136,True
0,GlobalBrightnessRelation,0.1,-1.6304880380630493,-1.6352801322937012,0.0047920942306518555,0.29390533262000074,True
0,GlobalBrightnessRelation,0.825,-1.6304880380630493,-1.6315797567367554,0.0010917186737060547,0.06695651723012928,True
0,GlobalBrightnessRelation,1.55,-1.6304880380630493,-1.6280932426452637,0.0023947954177856445,0.14687589808212131,True
0,GlobalBrightnessRelation,2.275,-1.6304880380630493,-1.627460241317749,0.003027796745300293,0.18569868760952757,True
0,GlobalBrightnessRelation,3.0,-1.6304880380630493,-1.6278231143951416,0.002664923667907715,0.16344321278440052,True
0,GlobalContrastRelation,0.1,-1.6304880380630493,-1.6320525407791138,0.0015645027160644531,0.09595297358901689,True
0,GlobalContrastRelation,1.075,-1.6304880380630493,-1.6304388046264648,4.9233436584472656e-05,0.0030195502965760417,True
0,GlobalContrastRelation,2.05,-1.6304880380630493,-1.6288068294525146,0.001681208610534668,0.10311069693126372,True
0,GlobalContrastRelation,3.025,-1.6304880380630493,-1.6279698610305786,0.002518177032470703,0.15444305197305644,True
0,GlobalContrastRelation,4.0,-1.6304880380630493,-1.6274534463882446,0.0030345916748046875,0.18611542941801387,True
0,GlobalNoiseRelation,0.0,-1.6304880380630493,-1.6304887533187866,7.152557373046875e-07,4.386755878802967e-05,True
0,GlobalNoiseRelation,37.5,-1.6304880380630493,-1.6303482055664062,0.0001398324966430664,0.008576107743059799,True
0,GlobalNoiseRelation,75.0,-1.6304880380630493,-1.631075382232666,0.0005873441696166992,0.03602257702477036,True
0,GlobalNoiseRelation,112.5,-1.6304880380630493,-1.630774974822998,0.00028693675994873047,0.0175982023337979,True
0,GlobalNoiseRelation,150.0,-1.6304880380630493,-1.6311722993850708,0.0006842613220214844,0.04196663124054838,True
0,GlobalRotationRelation,-60.0,-1.6304880380630493,-1.6304082870483398,7.975101470947266e-05,0.004891232804865308,True
0,GlobalRotationRelation,-30.0,-1.6304880380630493,-1.6303980350494385,9.000301361083984e-05,0.005520001147493733,True
0,GlobalRotationRelation,0.0,-1.6304880380630493,-1.6304514408111572,3.6597251892089844e-05,0.002244556757987518,True
0,GlobalRotationRelation,30.0,-1.6304880380630493,-1.6304585933685303,2.944469451904297e-05,0.0018058811701072213,True
0,GlobalRotationRelation,60.0,-1.6304880380630493,-1.629045844078064,0.0014421939849853516,0.08845162103626382,True
0,GlobalTranslationRelation,0.0,-1.6304880380630493,-1.6304887533187866,7.152557373046875e-07,4.386755878802967e-05,True
0,GlobalTranslationRelation,20.0,-1.6304880380630493,-1.631028175354004,0.0005401372909545898,0.0331273181447604,True
0,GlobalTranslationRelation,40.0,-1.6304880380630493,-1.6325747966766357,0.0020867586135864258,0.12798360276407655,True
0,GlobalTranslationRelation,60.0,-1.6304880380630493,-1.627064824104309,0.0034232139587402344,0.20995013635951,True
0,GlobalTranslationRelation,80.0,-1.6304880380630493,-1.6329972743988037,0.0025092363357543945,0.15389470748820608,True
0,HazeRelation,0.0,-1.6304880380630493,-1.6304887533187866,7.152557373046875e-07,4.386755878802967e-05,True
0,HazeRelation,0.375,-1.6304880380630493,-1.6305599212646484,7.18832015991211e-05,0.004408689658196981,True
0,HazeRelation,0.75,-1.6304880380630493,-1.6306906938552856,0.00020265579223632812,0.012429141656608404,True
0,HazeRelation,1.125,-1.6304880380630493,-1.6307339668273926,0.0002459287643432617,0.0150831289632842,True
0,HazeRelation,1.5,-1.6304880380630493,-1.6303961277008057,9.191036224365234e-05,0.005636981304261812,True
0,NoiseRelation,0.0,-1.6304880380630493,-1.6304887533187866,7.152557373046875e-07,4.386755878802967e-05,True
0,NoiseRelation,37.5,-1.6304880380630493,-1.6304810047149658,7.033348083496094e-06,0.0004313643280822917,True
0,NoiseRelation,75.0,-1.6304880380630493,-1.6304807662963867,7.271766662597656e-06,0.00044598684767830157,True
0,NoiseRelation,112.5,-1.6304880380630493,-1.6305183172225952,3.0279159545898438e-05,0.0018570599886932558,True
0,NoiseRelation,150.0,-1.6304880380630493,-1.6304657459259033,2.2292137145996094e-05,0.0013672055822269245,True
0,RainRelation,0.0,-1.6304880380630493,-1.6304924488067627,4.410743713378906e-06,0.00027051661252618293,True
0,RainRelation,0.375,-1.6304880380630493,-1.6287105083465576,0.0017775297164916992,0.10901819484805172,True
0,RainRelation,0.75,-1.6304880380630493,-1.631305456161499,0.000817418098449707,0.0501333084349199,True
0,RainRelation,1.125,-1.6304880380630493,-1.6282336711883545,0.0022543668746948242,0.1382632340400715,True
0,RainRelation,1.5,-1.6304880380630493,-1.6284034252166748,0.0020846128463745117,0.12785200008771244,True
0,RotationRelation,-60.0,-1.6304880380630493,-1.6304067373275757,8.130073547363281e-05,0.004986279182239372,True
0,RotationRelation,-30.0,-1.6304880380630493,-1.6305278539657593,3.981590270996094e-05,0.002441960772533651,True
0,RotationRelation,0.0,-1.6304880380630493,-1.6305031776428223,1.5139579772949219e-05,0.0009285299943466279,True
0,RotationRelation,30.0,-1.6304880380630493,-1.6305153369903564,2.7298927307128906e-05,0.0016742784937431323,True
0,RotationRelation,60.0,-1.6304880380630493,-1.6304115056991577,7.653236389160156e-05,0.004693828790319174,True
0,SandstormRelation,0.0,-1.6304880380630493,-1.6304887533187866,7.152557373046875e-07,4.386755878802967e-05,True
0,SandstormRelation,0.375,-1.6304880380630493,-1.631099820137024,0.0006117820739746094,0.03752138528336137,True
0,SandstormRelation,0.75,-1.6304880380630493,-1.6312227249145508,0.0007346868515014648,0.045059294135104476,True
0,SandstormRelation,1.125,-1.6304880380630493,-1.6318984031677246,0.001410365104675293,0.0864995146701965,True
0,SandstormRelation,1.5,-1.6304880380630493,-1.6310369968414307,0.0005489587783813477,0.03366835136981276,True
0,SmokeRelation,0.0,-1.6304880380630493,-1.630434513092041,5.352497100830078e-05,0.0032827556493042202,True
0,SmokeRelation,0.375,-1.6304880380630493,-1.63042151927948,6.651878356933594e-05,0.004079682967286759,True
0,SmokeRelation,0.75,-1.6304880380630493,-1.6307196617126465,0.00023162364959716797,0.014205777787523605,True
0,SmokeRelation,1.125,-1.6304880380630493,-1.630340814590454,0.00014722347259521484,0.009029405850536106,True
0,SmokeRelation,1.5,-1.6304880380630493,-1.6303881406784058,9.989738464355469e-05,0.006126835710728144,True
0,SnowRelation,0.0,-1.6304880380630493,-1.6304887533187866,7.152557373046875e-07,4.386755878802967e-05,True
0,SnowRelation,0.375,-1.6304880380630493,-1.6303399801254272,0.0001480579376220703,0.00908058466912214,True
0,SnowRelation,0.75,-1.6304880380630493,-1.6307719945907593,0.00028395652770996094,0.017415420838847777,True
0,SnowRelation,1.125,-1.6304880380630493,-1.6291189193725586,0.0013691186904907227,0.08396981878008677,True
0,SnowRelation,1.5,-1.6304880380630493,-1.6303991079330444,8.893013000488281e-05,0.005454199809311688,True
0,TranslationRelation,0.0,-1.6304880380630493,-1.630488634109497,5.960464477539062e-07,3.655629899002472e-05,True
0,TranslationRelation,20.0,-1.6304880380630493,-1.6303837299346924,0.0001043081283569336,0.006397352323254326,True
0,TranslationRelation,40.0,-1.6304880380630493,-1.6303248405456543,0.00016319751739501953,0.010009114663468769,True
0,TranslationRelation,60.0,-1.6304880380630493,-1.6304373741149902,5.066394805908203e-05,0.003107285414152101,True
0,TranslationRelation,80.0,-1.6304880380630493,-1.6304829120635986,5.125999450683594e-06,0.0003143841713142126,True
0,DarkVisibilityRelation,0.05,-1.6304880380630493,-1.6358661651611328,0.005378127098083496,0.3298474857869931,True
0,DarkVisibilityRelation,0.4125,-1.6304880380630493,-1.6355735063552856,0.005085468292236328,0.31189834298289093,True
0,DarkVisibilityRelation,0.775,-1.6304880380630493,-1.6346830129623413,0.004194974899291992,0.257283232291794,True
0,DarkVisibilityRelation,1.1375,-1.6304880380630493,-1.6362491846084595,0.005761146545410156,0.35333856351798293,True
0,DarkVisibilityRelation,1.5,-1.6304880380630493,-1.636250376701355,0.005762338638305664,0.353411676115963,True
0,TemporalSmoothnessRelation,0.0,-1.6304880380630493,-1.6305930614471436,0.00010502338409423828,0.0,True
1,BlurRelation,1.0,-1.6305930614471436,-1.6305925846099854,4.76837158203125e-07,2.9243155576068674e-05,True
1,BlurRelation,8.5,-1.6305930614471436,-1.6306043863296509,1.1324882507324219e-05,0.0006945249449316311,True
1,BlurRelation,16.0,-1.6305930614471436,-1.6306463479995728,5.328655242919922e-05,0.003267922635625675,True
1,BlurRelation,23.5,-1.6305930614471436,-1.6305955648422241,2.5033950805664062e-06,0.00015352656677436054,True
1,BlurRelation,31.0,-1.6305930614471436,-1.6305263042449951,6.67572021484375e-05,0.004094041780649614,True
1,BrightnessRelation,0.1,-1.6305930614471436,-1.6306065320968628,1.3470649719238281e-05,0.0008261191450239401,True
1,BrightnessRelation,0.825,-1.6305930614471436,-1.631287932395935,0.0006948709487915039,0.04261458846322607,True
1,BrightnessRelation,1.55,-1.6305930614471436,-1.630260705947876,0.0003323554992675781,0.020382479436519867,True
1,BrightnessRelation,2.275,-1.6305930614471436,-1.626763939857483,0.0038291215896606445,0.23482985006472545,True
1,BrightnessRelation,3.0,-1.6305930614471436,-1.6289337873458862,0.0016592741012573242,0.10175887061582498,True
1,CompositeRelation,0.1,-1.6305930614471436,-1.6298723220825195,0.0007207393646240234,0.0442010296532278,True
1,CompositeRelation,0.44999999999999996,-1.6305930614471436,-1.6306358575820923,4.279613494873047e-05,0.0026245732129521636,True
1,CompositeRelation,0.7999999999999999,-1.6305930614471436,-1.6313543319702148,0.0007612705230712891,0.04668669787719364,True
1,CompositeRelation,1.15,-1.6305930614471436,-1.629895806312561,0.0006972551345825195,0.04276080424110642,True
1,CompositeRelation,1.5,-1.6305930614471436,-1.6342921257019043,0.003699064254760742,0.22685377938135273,True
1,ContrastRelation,0.1,-1.6305930614471436,-1.629849910736084,0.0007431507110595703,0.045575457965303025,True
1,ContrastRelation,1.075,-1.6305930614471436,-1.6298820972442627,0.0007109642028808594,0.043601544963918396,True
1,ContrastRelation,2.05,-1.6305930614471436,-1.6298296451568604,0.0007634162902832031,0.046818292077285946,True
1,ContrastRelation,3.025,-1.6305930614471436,-1.6297369003295898,0.0008561611175537109,0.0525060858368313,True
1,ContrastRelation,4.0,-1.6305930614471436,-1.6295199394226074,0.0010731220245361328,0.06581172162394255,True
1,DarkVisibilityRelation,0.05,-1.6305930614471436,-1.6358661651611328,0.005273103713989258,0.32338543593795543,True
1,DarkVisibilityRelation,0.4125,-1.6305930614471436,-1.6355735063552856,0.00498044490814209,0.3054374492031433,True
1,DarkVisibilityRelation,0.775,-1.6305930614471436,-1.6346830129623413,0.004089951515197754,0.25082585616483505,True
1,DarkVisibilityRelation,1.1375,-1.6305930614471436,-1.6362491846084595,0.005656123161315918,0.3468750006544326,True
1,DarkVisibilityRelation,1.5,-1.6305930614471436,-1.636250376701355,0.005657315254211426,0.34694810854337277,True
1,DustRelation,0.0,-1.6305930614471436,-1.6298959255218506,0.0006971359252929688,0.042753493452212396,True
1,DustRelation,0.375,-1.6305930614471436,-1.6301774978637695,0.00041556358337402344,0.02548541008454385,True
1,DustRelation,0.75,-1.6305930614471436,-1.6300196647644043,0.0005733966827392578,0.03516489458022258,True
1,DustRelation,1.125,-1.6305930614471436,-1.6296896934509277,0.0009033679962158203,0.0554011582388621,True
1,DustRelation,1.5,-1.6305930614471436,-1.6300101280212402,0.0005829334259033203,0.035749757691743954,True
1,FogRelation,0.0,-1.6305930614471436,-1.6362496614456177,0.005656599998474121,0.3469042438100087,True
1,FogRelation,0.375,-1.6305930614471436,-1.63587486743927,0.005281805992126465,0.3239191235272187,True
1,FogRelation,0.75,-1.6305930614471436,-1.636334776878357,0.005741715431213379,0.35212414708033696,True
1,FogRelation,1.125,-1.6305930614471436,-1.6360586881637573,0.0054656267166137695,0.3351923600017932,True
1,FogRelation,1.5,-1.6305930614471436,-1.6364829540252686,0.005889892578125,0.36121145767560026,True
1,GlobalBlurRelation,1.0,-1.6305930614471436,-1.6347637176513672,0.004170656204223633,0.25577526024608466,True
1,GlobalBlurRelation,8.5,-1.6305930614471436,-1.63499116897583,0.0043981075286865234,0.2697242454558694,True
1,GlobalBlurRelation,16.0,-1.6305930614471436,-1.63459050655365,0.003997445106506348,0.24515268398307774,True
1,GlobalBlurRelation,23.5,-1.6305930614471436,-1.6345489025115967,0.003955841064453125,0.24260121865906573,True
1,GlobalBlurRelation,31.0,-1.6305930614471436,-1.6345402002334595,0.003947138786315918,0.24206753106980247,True
1,GlobalBrightnessRelation,0.1,-1.6305930614471436,-1.6353315114974976,0.004738450050354004,0.2905965477482884,True
1,GlobalBrightnessRelation,0.825,-1.6305930614471436,-1.6314445734024048,0.0008515119552612305,0.05222096506996463,True
1,GlobalBrightnessRelation,1.55,-1.6305930614471436,-1.6286338567733765,0.00195920467376709,0.12015281547317216,True
1,GlobalBrightnessRelation,2.275,-1.6305930614471436,-1.6285195350646973,0.002073526382446289,0.12716386202253463,True
1,GlobalBrightnessRelation,3.0,-1.6305930614471436,-1.6285754442214966,0.0020176172256469727,0.12373510203124059,True
1,GlobalContrastRelation,0.1,-1.6305930614471436,-1.6321911811828613,0.0015981197357177734,0.09800843591319416,True
1,GlobalContrastRelation,1.075,-1.6305930614471436,-1.6304945945739746,9.846687316894531e-05,0.006038711626458182,True
1,GlobalContrastRelation,2.05,-1.6305930614471436,-1.6292190551757812,0.0013740062713623047,0.08426415279244188,True
1,GlobalContrastRelation,3.025,-1.6305930614471436,-1.628330111503601,0.0022629499435424805,0.1387807055751279,True
1,GlobalContrastRelation,4.0,-1.6305930614471436,-1.6279394626617432,0.0026535987854003906,0.16273816078082218,True
1,GlobalNoiseRelation,0.0,-1.6305930614471436,-1.630594253540039,1.1920928955078125e-06,7.310788894017168e-05,True
1,GlobalNoiseRelation,37.5,-1.6305930614471436,-1.6306087970733643,1.5735626220703125e-05,0.0009650241340102663,True
1,GlobalNoiseRelation,75.0,-1.6305930614471436,-1.630988597869873,0.0003955364227294922,0.024257197550348965,True
1,GlobalNoiseRelation,112.5,-1.6305930614471436,-1.6311237812042236,0.0005307197570800781,0.032547632156164436,True
1,GlobalNoiseRelation,150.0,-1.6305930614471436,-1.631152629852295,0.0005595684051513672,0.03431684306851659,True
1,GlobalRotationRelation,-60.0,-1.6305930614471436,-1.630832552909851,0.00023949146270751953,0.014687374888080492,True
1,GlobalRotationRelation,-30.0,-1.6305930614471436,-1.6316452026367188,0.0010521411895751953,0.06452502277859554,True
1,GlobalRotationRelation,0.0,-1.6305930614471436,-1.6305831670761108,9.894371032714844e-06,0.0006067954782034249,True
1,GlobalRotationRelation,30.0,-1.6305930614471436,-1.631103277206421,0.0005102157592773438,0.03129017646639348,True
1,GlobalRotationRelation,60.0,-1.6305930614471436,-1.6315720081329346,0.0009789466857910156,0.06003619839766898,True
1,GlobalTranslationRelation,0.0,-1.6305930614471436,-1.630594253540039,1.1920928955078125e-06,7.310788894017168e-05,True
1,GlobalTranslationRelation,20.0,-1.6305930614471436,-1.630431890487671,0.00016117095947265625,0.009884186584711211,True
1,GlobalTranslationRelation,40.0,-1.6305930614471436,-1.62846040725708,0.0021326541900634766,0.13079001331396714,True
1,GlobalTranslationRelation,60.0,-1.6305930614471436,-1.6302578449249268,0.0003352165222167969,0.020557938369976277,True
1,GlobalTranslationRelation,80.0,-1.6305930614471436,-1.636791706085205,0.0061986446380615234,0.38014640091110474,True
1,HazeRelation,0.0,-1.6305930614471436,-1.630594253540039,1.1920928955078125e-06,7.310788894017168e-05,True
1,HazeRelation,0.375,-1.6305930614471436,-1.6304551362991333,0.0001379251480102539,0.008458582750377863,True
1,HazeRelation,0.75,-1.6305930614471436,-1.630991816520691,0.0003987550735473633,0.02445458885048743,True
1,HazeRelation,1.125,-1.6305930614471436,-1.6299399137496948,0.0006531476974487305,0.04005581235032007,True
1,HazeRelation,1.5,-1.6305930614471436,-1.6300873756408691,0.0005056858062744141,0.031012366488420828,True
1,NoiseRelation,0.0,-1.6305930614471436,-1.63059401512146,9.5367431640625e-07,5.848631115213735e-05,True
1,NoiseRelation,37.5,-1.6305930614471436,-1.6305632591247559,2.9802322387695312e-05,0.001827697223504292,True
1,NoiseRelation,75.0,-1.6305930614471436,-1.630786418914795,0.0001933574676513672,0.011858099586095848,True
1,NoiseRelation,112.5,-1.6305930614471436,-1.6307011842727661,0.0001081228256225586,0.006630885526873572,True
1,NoiseRelation,150.0,-1.6305930614471436,-1.6307777166366577,0.00018465518951416016,0.011324411996832593,True
1,RainRelation,0.0,-1.6305930614471436,-1.6299432516098022,0.0006498098373413086,0.039851110261287584,True
1,RainRelation,0.375,-1.6305930614471436,-1.6299176216125488,0.0006754398345947266,0.041422929873501275,True
1,RainRelation,0.75,-1.6305930614471436,-1.629460334777832,0.0011327266693115234,0.06946711607095113,True
1,RainRelation,1.125,-1.6305930614471436,-1.6286429166793823,0.0019501447677612305,0.11959719551722686,True
1,RainRelation,1.5,-1.6305930614471436,-1.6288957595825195,0.0016973018646240234,0.10409101227301645,True
1,RotationRelation,-60.0,-1.6305930614471436,-1.6303608417510986,0.00023221969604492188,0.014241416765545446,True
1,RotationRelation,-30.0,-1.6305930614471436,-1.6305699348449707,2.3126602172851562e-05,0.0014182930454393308,True
1,RotationRelation,0.0,-1.6305930614471436,-1.6305625438690186,3.0517578125e-05,0.0018715619568683952,True
1,RotationRelation,30.0,-1.6305930614471436,-1.6305253505706787,6.771087646484375e-05,0.004152528091801752,True
1,RotationRelation,60.0,-1.6305930614471436,-1.6306196451187134,2.658367156982422e-05,0.0016303059233658285,True
1,SandstormRelation,0.0,-1.6305930614471436,-1.630594253540039,1.1920928955078125e-06,7.310788894017168e-05,True
1,SandstormRelation,0.375,-1.6305930614471436,-1.631056308746338,0.00046324729919433594,0.028409725642150715,True
1,SandstormRelation,0.75,-1.6305930614471436,-1.6312546730041504,0.0006616115570068359,0.04057487836179528,True
1,SandstormRelation,1.125,-1.6305930614471436,-1.6315476894378662,0.0009546279907226562,0.05854479746328949,True
1,SandstormRelation,1.5,-1.6305930614471436,-1.6310796737670898,0.00048661231994628906,0.029842640265378084,True
1,SmokeRelation,0.0,-1.6305930614471436,-1.6333534717559814,0.0027604103088378906,0.16928862762986155,True
1,SmokeRelation,0.375,-1.6305930614471436,-1.632883906364441,0.0022908449172973633,0.14049143017632792,True
1,SmokeRelation,0.75,-1.6305930614471436,-1.632573127746582,0.0019800662994384766,0.12143220352962517,True
1,SmokeRelation,1.125,-1.6305930614471436,-1.631909966468811,0.0013169050216674805,0.08076228491220766,True
1,SmokeRelation,1.5,-1.6305930614471436,-1.6314319372177124,0.0008388757705688477,0.051446021447198814,True
1,SnowRelation,0.0,-1.6305930614471436,-1.630594253540039,1.1920928955078125e-06,7.310788894017168e-05,True
1,SnowRelation,0.375,-1.6305930614471436,-1.6294676065444946,0.0011254549026489258,0.0690211579484161,True
1,SnowRelation,0.75,-1.6305930614471436,-1.631044864654541,0.00045180320739746094,0.02770788990832507,True
1,SnowRelation,1.125,-1.6305930614471436,-1.631446123123169,0.0008530616760253906,0.05231600532558686,True
1,SnowRelation,1.5,-1.6305930614471436,-1.6299657821655273,0.0006272792816162109,0.038469371160318344,True
1,TranslationRelation,0.0,-1.6305930614471436,-1.6305944919586182,1.430511474609375e-06,8.772946672820602e-05,True
1,TranslationRelation,20.0,-1.6305930614471436,-1.6306180953979492,2.5033950805664062e-05,0.0015352656677436053,True
1,TranslationRelation,40.0,-1.6305930614471436,-1.6307079792022705,0.00011491775512695312,0.00704760049383255,True
1,TranslationRelation,60.0,-1.6305930614471436,-1.6307837963104248,0.00019073486328125,0.01169726223042747,True
1,TranslationRelation,80.0,-1.6305930614471436,-1.6309947967529297,0.0004017353057861328,0.02463735857283786,True
1,DarkVisibilityRelation,0.05,-1.6305930614471436,-1.6358661651611328,0.005273103713989258,0.32338543593795543,True
1,DarkVisibilityRelation,0.4125,-1.6305930614471436,-1.6355735063552856,0.00498044490814209,0.3054374492031433,True
1,DarkVisibilityRelation,0.775,-1.6305930614471436,-1.6346830129623413,0.004089951515197754,0.25082585616483505,True
1,DarkVisibilityRelation,1.1375,-1.6305930614471436,-1.6362491846084595,0.005656123161315918,0.3468750006544326,True
1,DarkVisibilityRelation,1.5,-1.6305930614471436,-1.636250376701355,0.005657315254211426,0.34694810854337277,True
1,TemporalSmoothnessRelation,0.0,-1.6304880380630493,-1.6305930614471436,0.00010502338409423828,0.0,True
2,BlurRelation,1.0,-1.6306159496307373,-1.6306785345077515,6.258487701416016e-05,0.0038381102948999066,True
2,BlurRelation,8.5,-1.6306159496307373,-1.6306456327438354,2.968311309814453e-05,0.0018203608827239558,True
2,BlurRelation,16.0,-1.6306159496307373,-1.630551815032959,6.413459777832031e-05,0.003933149216487905,True
2,BlurRelation,23.5,-1.6306159496307373,-1.6305711269378662,4.482269287109375e-05,0.0027488180397759335,True
2,BlurRelation,31.0,-1.6306159496307373,-1.6307858228683472,0.00016987323760986328,0.010417727943299749,True
2,BrightnessRelation,0.1,-1.6306159496307373,-1.6325442790985107,0.0019283294677734375,0.11825766120057313,True
2,BrightnessRelation,0.825,-1.6306159496307373,-1.6304835081100464,0.00013244152069091797,0.008122172452635803,True
2,BrightnessRelation,1.55,-1.6306159496307373,-1.6298155784606934,0.0008003711700439453,0.04908394765706281,True
2,BrightnessRelation,2.275,-1.6306159496307373,-1.626845359802246,0.003770589828491211,0.2312370069098744,True
2,BrightnessRelation,3.0,-1.6306159496307373,-1.6202285289764404,0.010387420654296875,0.6370239593455206,False
2,CompositeRelation,0.1,-1.6306159496307373,-1.6298723220825195,0.0007436275482177734,0.0456040609896869,True
2,CompositeRelation,0.44999999999999996,-1.6306159496307373,-1.6306358575820923,1.990795135498047e-05,0.0012208846080919704,True
2,CompositeRelation,0.7999999999999999,-1.6306159496307373,-1.6313543319702148,0.0007383823394775391,0.045282390793542904,True
2,CompositeRelation,1.15,-1.6306159496307373,-1.629895806312561,0.0007201433181762695,0.04416385579331493,True
2,CompositeRelation,1.5,-1.6306159496307373,-1.6342921257019043,0.003676176071166992,0.22544694337928253,True
2,ContrastRelation,0.1,-1.6306159496307373,-1.629849910736084,0.0007660388946533203,0.04697847000957486,True
2,ContrastRelation,1.075,-1.6306159496307373,-1.6298820972442627,0.0007338523864746094,0.04500458471505491,True
2,ContrastRelation,2.05,-1.6306159496307373,-1.6298296451568604,0.0007863044738769531,0.048221286676494834,True
2,ContrastRelation,3.025,-1.6306159496307373,-1.6297369003295898,0.0008790493011474609,0.05390900059922269,True
2,ContrastRelation,4.0,-1.6306159496307373,-1.6295199394226074,0.0010960102081298828,0.06721444962154237,True
2,DarkVisibilityRelation,0.05,-1.6306159496307373,-1.6358661651611328,0.005250215530395508,0.3219772449675842,True
2,DarkVisibilityRelation,0.4125,-1.6306159496307373,-1.6355735063552856,0.00495755672454834,0.3040295101600046,True
2,DarkVisibilityRelation,0.775,-1.6306159496307373,-1.6346830129623413,0.004067063331604004,0.24941868367828593,True
2,DarkVisibilityRelation,1.1375,-1.6306159496307373,-1.6362491846084595,0.005633234977722168,0.3454664799723716,True
2,DarkVisibilityRelation,1.5,-1.6306159496307373,-1.636250376701355,0.005634427070617676,0.34553958683513164,True
2,DustRelation,0.0,-1.6306159496307373,-1.633333683013916,0.002717733383178711,0.16666902572024397,True
2,DustRelation,0.375,-1.6306159496307373,-1.6329628229141235,0.0023468732833862305,0.1439254807156085,True
2,DustRelation,0.75,-1.6306159496307373,-1.6322218179702759,0.0016058683395385742,0.09848225482399361,True
2,DustRelation,1.125,-1.6306159496307373,-1.6318292617797852,0.0012133121490478516,0.0744081649171262,True
2,DustRelation,1.5,-1.6306159496307373,-1.631474256515503,0.000858306884765625,0.05263694118719872,True
2,FogRelation,0.0,-1.6306159496307373,-1.6306164264678955,4.76837158203125e-07,2.924274510399929e-05,True
2,FogRelation,0.375,-1.6306159496307373,-1.6313109397888184,0.0006949901580810547,0.042621300989078965,True
2,FogRelation,0.75,-1.6306159496307373,-1.6316041946411133,0.0009882450103759766,0.060605589228038534,True
2,FogRelation,1.125,-1.6306159496307373,-1.6316838264465332,0.0010678768157958984,0.0654891276604064,True
2,FogRelation,1.5,-1.6306159496307373,-1.6329387426376343,0.0023227930068969727,0.14244872208785656,True
2,GlobalBlurRelation,1.0,-1.6306159496307373,-1.6306849718093872,6.902217864990234e-05,0.004232887353803897,True
2,GlobalBlurRelation,8.5,-1.6306159496307373,-1.6307809352874756,0.00016498565673828125,0.010117989805983755,True
2,GlobalBlurRelation,16.0,-1.6306159496307373,-1.6308413743972778,0.00022542476654052734,0.013824507747915663,True
2,GlobalBlurRelation,23.5,-1.6306159496307373,-1.6310479640960693,0.00043201446533203125,0.026493927064223356,True
2,GlobalBlurRelation,31.0,-1.6306159496307373,-1.6313297748565674,0.0007138252258300781,0.043776389420686936,True
2,GlobalBrightnessRelation,0.1,-1.6306159496307373,-1.6353402137756348,0.004724264144897461,0.28972249711787296,True
2,GlobalBrightnessRelation,0.825,-1.6306159496307373,-1.6313637495040894,0.0007477998733520508,0.04585993500934689,True
2,GlobalBrightnessRelation,1.55,-1.6306159496307373,-1.628569483757019,0.0020464658737182617,0.12550255130008894,True
2,GlobalBrightnessRelation,2.275,-1.6306159496307373,-1.6269327402114868,0.0036832094192504883,0.22587827386956655,True
2,GlobalBrightnessRelation,3.0,-1.6306159496307373,-1.627148985862732,0.003466963768005371,0.21261668896490285,True
2,GlobalContrastRelation,0.1,-1.6306159496307373,-1.6328374147415161,0.0022214651107788086,0.1362346387532567,True
2,GlobalContrastRelation,1.075,-1.6306159496307373,-1.630326747894287,0.0002892017364501953,0.01773572490557557,True
2,GlobalContrastRelation,2.05,-1.6306159496307373,-1.6286901235580444,0.001925826072692871,0.11810413678877713,True
2,GlobalContrastRelation,3.025,-1.6306159496307373,-1.6280174255371094,0.0025985240936279297,0.15935833944424413,True
2,GlobalContrastRelation,4.0,-1.6306159496307373,-1.6274149417877197,0.003201007843017578,0.19630654788314722,True
2,GlobalNoiseRelation,0.0,-1.6306159496307373,-1.6306164264678955,4.76837158203125e-07,2.924274510399929e-05,True
2,GlobalNoiseRelation,37.5,-1.6306159496307373,-1.630698561668396,8.26120376586914e-05,0.005066305589267877,True
2,GlobalNoiseRelation,75.0,-1.6306159496307373,-1.630547285079956,6.866455078125e-05,0.004210955294975898,True
2,GlobalNoiseRelation,112.5,-1.6306159496307373,-1.6308813095092773,0.00026535987854003906,0.016273587650375607,True
2,GlobalNoiseRelation,150.0,-1.6306159496307373,-1.6308658123016357,0.0002498626708984375,0.015323198434495628,True
2,GlobalRotationRelation,-60.0,-1.6306159496307373,-1.6333874464035034,0.0027714967727661133,0.16996614523071987,True
2,GlobalRotationRelation,-30.0,-1.6306159496307373,-1.631220817565918,0.0006048679351806641,0.0370944221644231,True
2,GlobalRotationRelation,0.0,-1.6306159496307373,-1.6306143999099731,1.5497207641601562e-06,9.50389215879977e-05,True
2,GlobalRotationRelation,30.0,-1.6306159496307373,-1.6332013607025146,0.0025854110717773438,0.15855416395388416,True
2,GlobalRotationRelation,60.0,-1.6306159496307373,-1.6352118253707886,0.0045958757400512695,0.2818488879986212,True
2,GlobalTranslationRelation,0.0,-1.6306159496307373,-1.6306164264678955,4.76837158203125e-07,2.924274510399929e-05,True
2,GlobalTranslationRelation,20.0,-1.6306159496307373,-1.633278489112854,0.0026625394821166992,0.16328417797445605,True
2,GlobalTranslationRelation,40.0,-1.6306159496307373,-1.6323330402374268,0.0017170906066894531,0.10530312511950145,True
2,GlobalTranslationRelation,60.0,-1.6306159496307373,-1.6315667629241943,0.0009508132934570312,0.05831003373737458,True
2,GlobalTranslationRelation,80.0,-1.6306159496307373,-1.6345385313034058,0.003922581672668457,0.24055813191177416,True
2,HazeRelation,0.0,-1.6306159496307373,-1.6306164264678955,4.76837158203125e-07,2.924274510399929e-05,True
2,HazeRelation,0.375,-1.6306159496307373,-1.630710244178772,9.429454803466797e-05,0.00578275284431586,True
2,HazeRelation,0.75,-1.6306159496307373,-1.6304665803909302,0.0001493692398071289,0.009160289903827779,True
2,HazeRelation,1.125,-1.6306159496307373,-1.6312800645828247,0.0006641149520874023,0.04072783324359502,True
2,HazeRelation,1.5,-1.6306159496307373,-1.631316900253296,0.0007009506225585938,0.04298683530287896,True
2,NoiseRelation,0.0,-1.6306159496307373,-1.630616545677185,5.960464477539062e-07,3.655343137999912e-05,True
2,NoiseRelation,37.5,-1.6306159496307373,-1.631019949913025,0.00040400028228759766,0.0247759157893634,True
2,NoiseRelation,75.0,-1.6306159496307373,-1.6305848360061646,3.1113624572753906e-05,0.0019080891180359536,True
2,NoiseRelation,112.5,-1.6306159496307373,-1.6305980682373047,1.7881393432617188e-05,0.0010966029413999733,True
2,NoiseRelation,150.0,-1.6306159496307373,-1.630585789680481,3.0159950256347656e-05,0.0018496036278279552,True
2,RainRelation,0.0,-1.6306159496307373,-1.6299432516098022,0.0006726980209350586,0.041254202655467,True
2,RainRelation,0.375,-1.6306159496307373,-1.6299176216125488,0.0006983280181884766,0.042826000204806966,True
2,RainRelation,0.75,-1.6306159496307373,-1.629460334777832,0.0011556148529052734,0.07086979275954228,True
2,RainRelation,1.125,-1.6306159496307373,-1.6286429166793823,0.0019730329513549805,0.12099916855407306,True
2,RainRelation,1.5,-1.6306159496307373,-1.6288957595825195,0.0017201900482177734,0.10549320296267745,True
2,RotationRelation,-60.0,-1.6306159496307373,-1.6305503845214844,6.556510925292969e-05,0.004020877451799902,True
2,RotationRelation,-30.0,-1.6306159496307373,-1.6305865049362183,2.944469451904297e-05,0.0018057395101719563,True
2,RotationRelation,0.0,-1.6306159496307373,-1.6306266784667969,1.0728836059570312e-05,0.0006579617648399841,True
2,RotationRelation,30.0,-1.6306159496307373,-1.6306426525115967,2.6702880859375e-05,0.00163759372582396,True
2,RotationRelation,60.0,-1.6306159496307373,-1.6306260824203491,1.0132789611816406e-05,0.0006214083334599849,True
2,SandstormRelation,0.0,-1.6306159496307373,-1.6306164264678955,4.76837158203125e-07,2.924274510399929e-05,True
2,SandstormRelation,0.375,-1.6306159496307373,-1.6310935020446777,0.0004775524139404297,0.02928660922165529,True
2,SandstormRelation,0.75,-1.6306159496307373,-1.6312553882598877,0.0006394386291503906,0.03921452118446305,True
2,SandstormRelation,1.125,-1.6306159496307373,-1.6317169666290283,0.0011010169982910156,0.06752149844513436,True
2,SandstormRelation,1.5,-1.6306159496307373,-1.6318554878234863,0.0012395381927490234,0.07601651589784617,True
2,SmokeRelation,0.0,-1.6306159496307373,-1.6333534717559814,0.0027375221252441406,0.16788259964205993,True
2,SmokeRelation,0.375,-1.6306159496307373,-1.632883906364441,0.0022679567337036133,0.13908580640089663,True
2,SmokeRelation,0.75,-1.6306159496307373,-1.632573127746582,0.0019571781158447266,0.1200268472793651,True
2,SmokeRelation,1.125,-1.6306159496307373,-1.631909966468811,0.0012940168380737305,0.07935749952597808,True
2,SmokeRelation,1.5,-1.6306159496307373,-1.6314319372177124,0.0008159875869750977,0.050041647559218784,True
2,SnowRelation,0.0,-1.6306159496307373,-1.6306164264678955,4.76837158203125e-07,2.924274510399929e-05,True
2,SnowRelation,0.375,-1.6306159496307373,-1.630573034286499,4.291534423828125e-05,0.0026318470593599363,True
2,SnowRelation,0.75,-1.6306159496307373,-1.6293210983276367,0.001294851303100586,0.07940867432991007,True
2,SnowRelation,1.125,-1.6306159496307373,-1.6302074193954468,0.00040853023529052734,0.025053721867851392,True
2,SnowRelation,1.5,-1.6306159496307373,-1.6306452751159668,2.9325485229492188e-05,0.0017984288238959566,True
2,TranslationRelation,0.0,-1.6306159496307373,-1.6306164264678955,4.76837158203125e-07,2.924274510399929e-05,True
2,TranslationRelation,20.0,-1.6306159496307373,-1.630538821220398,7.712841033935547e-05,0.004730014020571886,True
2,TranslationRelation,40.0,-1.6306159496307373,-1.63057279586792,4.315376281738281e-05,0.002646468431911936,True
2,TranslationRelation,60.0,-1.6306159496307373,-1.630556583404541,5.936622619628906e-05,0.0036407217654479116,True
2,TranslationRelation,80.0,-1.6306159496307373,-1.6304267644882202,0.00018918514251708984,0.011602059120011719,True
2,DarkVisibilityRelation,0.05,-1.6306159496307373,-1.6358661651611328,0.005250215530395508,0.3219772449675842,True
2,DarkVisibilityRelation,0.4125,-1.6306159496307373,-1.6355735063552856,0.00495755672454834,0.3040295101600046,True
2,DarkVisibilityRelation,0.775,-1.6306159496307373,-1.6346830129623413,0.004067063331604004,0.24941868367828593,True
2,DarkVisibilityRelation,1.1375,-1.6306159496307373,-1.6362491846084595,0.005633234977722168,0.3454664799723716,True
2,DarkVisibilityRelation,1.5,-1.6306159496307373,-1.636250376701355,0.005634427070617676,0.34553958683513164,True
2,TemporalSmoothnessRelation,0.0,-1.6304880380630493,-1.6305930614471436,0.00010502338409423828,0.0,True
3,BlurRelation,1.0,-1.6298961639404297,-1.6298236846923828,7.2479248046875e-05,0.004446860185439528,True
3,BlurRelation,8.5,-1.6298961639404297,-1.6298496723175049,4.649162292480469e-05,0.0028524267636865393,True
3,BlurRelation,16.0,-1.6298961639404297,-1.629807949066162,8.821487426757812e-05,0.0054122969362257415,True
3,BlurRelation,23.5,-1.6298961639404297,-1.6299712657928467,7.510185241699219e-05,0.004607766310570564,True
3,BlurRelation,31.0,-1.6298961639404297,-1.6299431324005127,4.696846008300781e-05,0.002881682422801273,True
3,BrightnessRelation,0.1,-1.6298961639404297,-1.6335499286651611,0.0036537647247314453,0.22417148796664726,True
3,BrightnessRelation,0.825,-1.6298961639404297,-1.6296277046203613,0.0002684593200683594,0.016470936081595094,True
3,BrightnessRelation,1.55,-1.6298961639404297,-1.6289710998535156,0.0009250640869140625,0.056755978682583454,True
3,BrightnessRelation,2.275,-1.6298961639404297,-1.631063461303711,0.00116729736328125,0.0716178535128682,True
3,BrightnessRelation,3.0,-1.6298961639404297,-1.6227136850357056,0.007182478904724121,0.4406706793304556,True
3,CompositeRelation,0.1,-1.6298961639404297,-1.6298723220825195,2.384185791015625e-05,0.001462782955736687,True
3,CompositeRelation,0.44999999999999996,-1.6298961639404297,-1.6306358575820923,0.0007396936416625977,0.045382841201730716,True
3,CompositeRelation,0.7999999999999999,-1.6298961639404297,-1.6313543319702148,0.0014581680297851562,0.08946380557285577,True
3,CompositeRelation,1.15,-1.6298961639404297,-1.629895806312561,3.5762786865234375e-07,2.1941744336050304e-05,True
3,CompositeRelation,1.5,-1.6298961639404297,-1.6342921257019043,0.004395961761474609,0.26970792137873034,True
3,ContrastRelation,0.1,-1.6298961639404297,-1.629849910736084,4.6253204345703125e-05,0.0028377989341291728,True
3,ContrastRelation,1.075,-1.6298961639404297,-1.6298820972442627,1.4066696166992188e-05,0.0008630419438846454,True
3,ContrastRelation,2.05,-1.6298961639404297,-1.6298296451568604,6.651878356933594e-05,0.004081164446505357,True
3,ContrastRelation,3.025,-1.6298961639404297,-1.6297369003295898,0.00015926361083984375,0.009771390144321069,True
3,ContrastRelation,4.0,-1.6298961639404297,-1.6295199394226074,0.0003762245178222656,0.02308271504152492,True
3,DarkVisibilityRelation,0.05,-1.6298961639404297,-1.6358224153518677,0.005926251411437988,0.36359664539268954,True
3,DarkVisibilityRelation,0.4125,-1.6298961639404297,-1.6358342170715332,0.005938053131103516,0.3643207229557792,True
3,DarkVisibilityRelation,0.775,-1.6298961639404297,-1.6339963674545288,0.004100203514099121,0.25156209881281677,True
3,DarkVisibilityRelation,1.1375,-1.6298961639404297,-1.6298964023590088,2.384185791015625e-07,1.462782955736687e-05,True
3,DarkVisibilityRelation,1.5,-1.6298961639404297,-1.6298954486846924,7.152557373046875e-07,4.388348867210061e-05,True
3,DustRelation,0.0,-1.6298961639404297,-1.6298959255218506,2.384185791015625e-07,1.462782955736687e-05,True
3,DustRelation,0.375,-1.6298961639404297,-1.6301774978637695,0.00028133392333984375,0.017260838877692905,True
3,DustRelation,0.75,-1.6298961639404297,-1.6300196647644043,0.00012350082397460938,0.007577215710716039,True
3,DustRelation,1.125,-1.6298961639404297,-1.6296896934509277,0.00020647048950195312,0.012667700396679709,True
3,DustRelation,1.5,-1.6298961639404297,-1.6300101280212402,0.00011396408081054688,0.006992102528421363,True
3,FogRelation,0.0,-1.6298961639404297,-1.6298959255218506,2.384185791015625e-07,1.462782955736687e-05,True
3,FogRelation,0.375,-1.6298961639404297,-1.6301662921905518,0.0002701282501220703,0.016573330888496662,True
3,FogRelation,0.75,-1.6298961639404297,-1.6301937103271484,0.00029754638671875,0.018255531287593853,True
3,FogRelation,1.125,-1.6298961639404297,-1.6309281587600708,0.0010319948196411133,0.06331656023906249,True
3,FogRelation,1.5,-1.6298961639404297,-1.630878210067749,0.000982046127319336,0.06025202994679414,True
3,GlobalBlurRelation,1.0,-1.6298961639404297,-1.6296753883361816,0.00022077560424804688,0.013545370170121722,True
3,GlobalBlurRelation,8.5,-1.6298961639404297,-1.6297810077667236,0.00011515617370605469,0.007065241676208199,True
3,GlobalBlurRelation,16.0,-1.6298961639404297,-1.6299011707305908,5.0067901611328125e-06,0.00030718442070470426,True
3,GlobalBlurRelation,23.5,-1.6298961639404297,-1.6307127475738525,0.0008165836334228516,0.05010031623398153,True
3,GlobalBlurRelation,31.0,-1.6298961639404297,-1.6293904781341553,0.0005056858062744141,0.03102562649117513,True
3,GlobalBrightnessRelation,0.1,-1.6298961639404297,-1.6352336406707764,0.00533747673034668,0.32747322030077214,True
3,GlobalBrightnessRelation,0.825,-1.6298961639404297,-1.6309703588485718,0.0010741949081420898,0.06590568607071642,True
3,GlobalBrightnessRelation,1.55,-1.6298961639404297,-1.6293188333511353,0.0005773305892944336,0.035421289273163875,True
3,GlobalBrightnessRelation,2.275,-1.6298961639404297,-1.6295123100280762,0.0003838539123535156,0.02355080558736066,True
3,GlobalBrightnessRelation,3.0,-1.6298961639404297,-1.6290137767791748,0.0008823871612548828,0.05413759719181478,True
3,GlobalContrastRelation,0.1,-1.6298961639404297,-1.6311428546905518,0.0012466907501220703,0.07648892075547135,True
3,GlobalContrastRelation,1.075,-1.6298961639404297,-1.6298792362213135,1.6927719116210938e-05,0.0010385758985730477,True
3,GlobalContrastRelation,2.05,-1.6298961639404297,-1.6295738220214844,0.0003223419189453125,0.019776825561560008,True
3,GlobalContrastRelation,3.025,-1.6298961639404297,-1.6291496753692627,0.0007464885711669922,0.04579973434411567,True
3,GlobalContrastRelation,4.0,-1.6298961639404297,-1.6289135217666626,0.0009826421737670898,0.060288599520687554,True
3,GlobalNoiseRelation,0.0,-1.6298961639404297,-1.6298959255218506,2.384185791015625e-07,1.462782955736687e-05,True
3,GlobalNoiseRelation,37.5,-1.6298961639404297,-1.6300971508026123,0.0002009868621826172,0.012331260316860269,True
3,GlobalNoiseRelation,75.0,-1.6298961639404297,-1.6307806968688965,0.0008845329284667969,0.05426924765783109,True
3,GlobalNoiseRelation,112.5,-1.6298961639404297,-1.6303949356079102,0.0004987716674804688,0.03060141943401149,True
3,GlobalNoiseRelation,150.0,-1.6298961639404297,-1.6312611103057861,0.0013649463653564453,0.08374432421592533,True
3,GlobalRotationRelation,-60.0,-1.6298961639404297,-1.6339313983917236,0.004035234451293945,0.24757601525843428,True
3,GlobalRotationRelation,-30.0,-1.6298961639404297,-1.6295967102050781,0.0002994537353515625,0.01837255392405279,True
3,GlobalRotationRelation,0.0,-1.6298961639404297,-1.6296894550323486,0.0002067089080810547,0.012682328226237076,True
3,GlobalRotationRelation,30.0,-1.6298961639404297,-1.6314268112182617,0.0015306472778320312,0.0939106657582953,True
3,GlobalRotationRelation,60.0,-1.6298961639404297,-1.6302008628845215,0.0003046989440917969,0.01869436617431486,True
3,GlobalTranslationRelation,0.0,-1.6298961639404297,-1.6298959255218506,2.384185791015625e-07,1.462782955736687e-05,True
3,GlobalTranslationRelation,20.0,-1.6298961639404297,-1.6305054426193237,0.000609278678894043,0.03738141843385104,True
3,GlobalTranslationRelation,40.0,-1.6298961639404297,-1.634333610534668,0.004437446594238281,0.27225316372171215,True
3,GlobalTranslationRelation,60.0,-1.6298961639404297,-1.634004831314087,0.0041086673736572266,0.25208138676210323,True
3,GlobalTranslationRelation,80.0,-1.6298961639404297,-1.6276973485946655,0.00219881534576416,0.13490515809281595,True
3,HazeRelation,0.0,-1.6298961639404297,-1.6298959255218506,2.384185791015625e-07,1.462782955736687e-05,True
3,HazeRelation,0.375,-1.6298961639404297,-1.630101203918457,0.00020503997802734375,0.012579933419335507,True
3,HazeRelation,0.75,-1.6298961639404297,-1.6303759813308716,0.00047981739044189453,0.029438506984200825,True
3,HazeRelation,1.125,-1.6298961639404297,-1.630659580230713,0.0007634162902832031,0.04683831024268872,True
3,HazeRelation,1.5,-1.6298961639404297,-1.6299794912338257,8.33272933959961e-05,0.005112426430299721,True
3,NoiseRelation,0.0,-1.6298961639404297,-1.6298964023590088,2.384185791015625e-07,1.462782955736687e-05,True
3,NoiseRelation,37.5,-1.6298961639404297,-1.6299424171447754,4.6253204345703125e-05,0.0028377989341291728,True
3,NoiseRelation,75.0,-1.6298961639404297,-1.629880666732788,1.5497207641601562e-05,0.0009508089212288465,True
3,NoiseRelation,112.5,-1.6298961639404297,-1.6298675537109375,2.86102294921875e-05,0.0017553395468840245,True
3,NoiseRelation,150.0,-1.6298961639404297,-1.6298911571502686,5.0067901611328125e-06,0.00030718442070470426,True
3,RainRelation,0.0,-1.6298961639404297,-1.6299432516098022,4.7087669372558594e-05,0.0028889963375799566,True
3,RainRelation,0.375,-1.6298961639404297,-1.6299176216125488,2.1457672119140625e-05,0.0013165046601630182,True
3,RainRelation,0.75,-1.6298961639404297,-1.629460334777832,0.00043582916259765625,0.026739672430866637,True
3,RainRelation,1.125,-1.6298961639404297,-1.6286429166793823,0.0012532472610473633,0.07689118606829895,True
3,RainRelation,1.5,-1.6298961639404297,-1.6288957595825195,0.0010004043579101562,0.061378372822711386,True
3,RotationRelation,-60.0,-1.6298961639404297,-1.6298823356628418,1.3828277587890625e-05,0.0008484141143272785,True
3,RotationRelation,-30.0,-1.6298961639404297,-1.6299452781677246,4.9114227294921875e-05,0.003013332888817575,True
3,RotationRelation,0.0,-1.6298961639404297,-1.629892110824585,4.0531158447265625e-06,0.0002486731024752368,True
3,RotationRelation,30.0,-1.6298961639404297,-1.6298649311065674,3.123283386230469e-05,0.0019162456720150597,True
3,RotationRelation,60.0,-1.6298961639404297,-1.6298882961273193,7.867813110351562e-06,0.0004827183753931067,True
3,SandstormRelation,0.0,-1.6298961639404297,-1.6298959255218506,2.384185791015625e-07,1.462782955736687e-05,True
3,SandstormRelation,0.375,-1.6298961639404297,-1.6306736469268799,0.0007774829864501953,0.04770135218657336,True
3,SandstormRelation,0.75,-1.6298961639404297,-1.6311254501342773,0.0012292861938476562,0.07542108919778358,True
3,SandstormRelation,1.125,-1.6298961639404297,-1.6310577392578125,0.0011615753173828125,0.0712667856034914,True
3,SandstormRelation,1.5,-1.6298961639404297,-1.631335735321045,0.0014395713806152344,0.08832283486738116,True
3,SmokeRelation,0.0,-1.6298961639404297,-1.6333534717559814,0.003457307815551758,0.212118156411377,True
3,SmokeRelation,0.375,-1.6298961639404297,-1.632883906364441,0.0029877424240112305,0.18330864609814293,True
3,SmokeRelation,0.75,-1.6298961639404297,-1.632573127746582,0.0026769638061523438,0.1642412702701152,True
3,SmokeRelation,1.125,-1.6298961639404297,-1.631909966468811,0.0020138025283813477,0.12355396235629926,True
3,SmokeRelation,1.5,-1.6298961639404297,-1.6314319372177124,0.0015357732772827148,0.09422516409377868,True
3,SnowRelation,0.0,-1.6298961639404297,-1.6298959255218506,2.384185791015625e-07,1.462782955736687e-05,True
3,SnowRelation,0.375,-1.6298961639404297,-1.6300344467163086,0.00013828277587890625,0.008484141143272783,True
3,SnowRelation,0.75,-1.6298961639404297,-1.6295151710510254,0.0003809928894042969,0.023375271632672258,True
3,SnowRelation,1.125,-1.6298961639404297,-1.6291711330413818,0.0007250308990478516,0.044483229683952644,True
3,SnowRelation,1.5,-1.6298961639404297,-1.6293933391571045,0.0005028247833251953,0.030850092536486726,True
3,TranslationRelation,0.0,-1.6298961639404297,-1.6298959255218506,2.384185791015625e-07,1.462782955736687e-05,True
3,TranslationRelation,20.0,-1.6298961639404297,-1.62984299659729,5.316734313964844e-05,0.003262005991292812,True
3,TranslationRelation,40.0,-1.6298961639404297,-1.6298367977142334,5.936622619628906e-05,0.0036423295597843505,True
3,TranslationRelation,60.0,-1.6298961639404297,-1.6297228336334229,0.00017333030700683594,0.010634432088205715,True
3,TranslationRelation,80.0,-1.6298961639404297,-1.6301405429840088,0.00024437904357910156,0.014993525296301042,True
3,DarkVisibilityRelation,0.05,-1.6298961639404297,-1.6358661651611328,0.005970001220703125,0.3662808521164664,True
3,DarkVisibilityRelation,0.4125,-1.6298961639404297,-1.6355735063552856,0.005677342414855957,0.3483251913347986,True
3,DarkVisibilityRelation,0.775,-1.6298961639404297,-1.6346830129623413,0.004786849021911621,0.29369024793803333,True
3,DarkVisibilityRelation,1.1375,-1.6298961639404297,-1.6362491846084595,0.006353020668029785,0.3897804603003763,True
3,DarkVisibilityRelation,1.5,-1.6298961639404297,-1.636250376701355,0.006354212760925293,0.3898535994481631,True
3,TemporalSmoothnessRelation,0.0,-1.6304880380630493,-1.6305930614471436,0.00010502338409423828,0.0,True
4,BlurRelation,1.0,-1.6303071975708008,-1.6303009986877441,6.198883056640625e-06,0.00038022768123702704,True
4,BlurRelation,8.5,-1.6303071975708008,-1.6302896738052368,1.7523765563964844e-05,0.0010748744065739032,True
4,BlurRelation,16.0,-1.6303071975708008,-1.6302610635757446,4.6133995056152344e-05,0.0028297713968986433,True
4,BlurRelation,23.5,-1.6303071975708008,-1.6303126811981201,5.4836273193359375e-06,0.0003363552564789085,True
4,BlurRelation,31.0,-1.6303071975708008,-1.6302605867385864,4.661083221435547e-05,0.002859019680070723,True
4,BrightnessRelation,0.1,-1.6303071975708008,-1.6311991214752197,0.0008919239044189453,0.05470891367337378,True
4,BrightnessRelation,0.825,-1.6303071975708008,-1.6304588317871094,0.00015163421630859375,0.009300954048721123,True
4,BrightnessRelation,1.55,-1.6303071975708008,-1.6299428939819336,0.0003643035888671875,0.022345688343468357,True
4,BrightnessRelation,2.275,-1.6303071975708008,-1.6315690279006958,0.0012618303298950195,0.07739826934411406,True
4,BrightnessRelation,3.0,-1.6303071975708008,-1.6273298263549805,0.0029773712158203125,0.1826262801264613,True
4,CompositeRelation,0.1,-1.6303071975708008,-1.6298723220825195,0.00043487548828125,0.02667443425293605,True
4,CompositeRelation,0.44999999999999996,-1.6303071975708008,-1.6306358575820923,0.0003286600112915039,0.020159379176355453,True
4,CompositeRelation,0.7999999999999999,-1.6303071975708008,-1.6313543319702148,0.0010471343994140625,0.06422922984588549,True
4,CompositeRelation,1.15,-1.6303071975708008,-1.629895806312561,0.0004113912582397461,0.02523395630671116,True
4,CompositeRelation,1.5,-1.6303071975708008,-1.6342921257019043,0.003984928131103516,0.2444279024690642,True
4,ContrastRelation,0.1,-1.6303071975708008,-1.629849910736084,0.0004572868347167969,0.028049103562023763,True
4,ContrastRelation,1.075,-1.6303071975708008,-1.6298820972442627,0.00042510032653808594,0.026074844447908432,True
4,ContrastRelation,2.05,-1.6303071975708008,-1.6298296451568604,0.0004775524139404297,0.029292155596837118,True
4,ContrastRelation,3.025,-1.6303071975708008,-1.6297369003295898,0.0005702972412109375,0.03498094667380649,True
4,ContrastRelation,4.0,-1.6303071975708008,-1.6295199394226074,0.0007872581481933594,0.04828891551710243,True
4,DarkVisibilityRelation,0.05,-1.6303071975708008,-1.6358661651611328,0.005558967590332031,0.340976485220097,True
4,DarkVisibilityRelation,0.4125,-1.6303071975708008,-1.6355735063552856,0.005266308784484863,0.3230253514232335,True
4,DarkVisibilityRelation,0.775,-1.6303071975708008,-1.6346830129623413,0.004375815391540527,0.268404182599376,True
4,DarkVisibilityRelation,1.1375,-1.6303071975708008,-1.6362491846084595,0.005941987037658691,0.3644701686780695,True
4,DarkVisibilityRelation,1.5,-1.6303071975708008,-1.636250376701355,0.005943179130554199,0.36454328938599967,True
4,DustRelation,0.0,-1.6303071975708008,-1.6298959255218506,0.0004112720489501953,0.025226644235918142,True
4,DustRelation,0.375,-1.6303071975708008,-1.6301774978637695,0.00012969970703125,0.007955533022805487,True
4,DustRelation,0.75,-1.6303071975708008,-1.6300196647644043,0.0002875328063964844,0.017636714752763637,True
4,DustRelation,1.125,-1.6303071975708008,-1.6296896934509277,0.0006175041198730469,0.03787652670784231,True
4,DustRelation,1.5,-1.6303071975708008,-1.6300101280212402,0.0002970695495605469,0.018221680416205217,True
4,FogRelation,0.0,-1.6303071975708008,-1.6362496614456177,0.0059424638748168945,0.36449941696124155,True
4,FogRelation,0.375,-1.6303071975708008,-1.63587486743927,0.005567669868469238,0.3415102663879874,True
4,FogRelation,0.75,-1.6303071975708008,-1.636334776878357,0.006027579307556152,0.36972023550745764,True
4,FogRelation,1.125,-1.6303071975708008,-1.6360586881637573,0.005751490592956543,0.3527854795508239,True
4,FogRelation,1.5,-1.6303071975708008,-1.6364829540252686,0.0061757564544677734,0.3788091395031812,True
4,GlobalBlurRelation,1.0,-1.6303071975708008,-1.633337378501892,0.0030301809310913086,0.18586552748776902,True
4,GlobalBlurRelation,8.5,-1.6303071975708008,-1.6333719491958618,0.003064751625061035,0.18798602801774478,True
4,GlobalBlurRelation,16.0,-1.6303071975708008,-1.6331559419631958,0.0028487443923950195,0.17473655574079297,True
4,GlobalBlurRelation,23.5,-1.6303071975708008,-1.6331655979156494,0.002858400344848633,0.1753288334750276,True
4,GlobalBlurRelation,31.0,-1.6303071975708008,-1.6330797672271729,0.0027725696563720703,0.17006414250405336,True
4,GlobalBrightnessRelation,0.1,-1.6303071975708008,-1.6352999210357666,0.00499272346496582,0.3062441489532532,True
4,GlobalBrightnessRelation,0.825,-1.6303071975708008,-1.631493091583252,0.0011858940124511719,0.07274048024896047,True
4,GlobalBrightnessRelation,1.55,-1.6303071975708008,-1.6274515390396118,0.002855658531188965,0.17516065584678814,True
4,GlobalBrightnessRelation,2.275,-1.6303071975708008,-1.625152587890625,0.005154609680175781,0.31617394109017405,True
4,GlobalBrightnessRelation,3.0,-1.6303071975708008,-1.6252950429916382,0.005012154579162598,0.3074360164925154,True
4,GlobalContrastRelation,0.1,-1.6303071975708008,-1.6325645446777344,0.0022573471069335938,0.138461372536622,True
4,GlobalContrastRelation,1.075,-1.6303071975708008,-1.6300815343856812,0.0002256631851196289,0.013841750011186387,True
4,GlobalContrastRelation,2.05,-1.6303071975708008,-1.6279019117355347,0.0024052858352661133,0.14753565239075953,True
4,GlobalContrastRelation,3.025,-1.6303071975708008,-1.626520037651062,0.0037871599197387695,0.23229717702344443,True
4,GlobalContrastRelation,4.0,-1.6303071975708008,-1.6260119676589966,0.004295229911804199,0.26346122274329464,True
4,GlobalNoiseRelation,0.0,-1.6303071975708008,-1.6303081512451172,9.5367431640625e-07,5.8496566344158e-05,True
4,GlobalNoiseRelation,37.5,-1.6303071975708008,-1.630438208580017,0.0001310110092163086,0.008035965801528705,True
4,GlobalNoiseRelation,75.0,-1.6303071975708008,-1.6305978298187256,0.0002906322479248047,0.017826828593382152,True
4,GlobalNoiseRelation,112.5,-1.6303071975708008,-1.630468487739563,0.00016129016876220703,0.009893231782955722,True
4,GlobalNoiseRelation,150.0,-1.6303071975708008,-1.6309212446212769,0.0006140470504760742,0.037664476654844736,True
4,GlobalRotationRelation,-60.0,-1.6303071975708008,-1.6280463933944702,0.0022608041763305664,0.13867342258961957,True
4,GlobalRotationRelation,-30.0,-1.6303071975708008,-1.6286710500717163,0.0016361474990844727,0.10035817163419607,True
4,GlobalRotationRelation,0.0,-1.6303071975708008,-1.6303669214248657,5.9723854064941406e-05,0.003663347467302895,True
4,GlobalRotationRelation,30.0,-1.6303071975708008,-1.6331058740615845,0.0027986764907836914,0.1716654860077247,True
4,GlobalRotationRelation,60.0,-1.6303071975708008,-1.6281445026397705,0.0021626949310302734,0.1326555883269643,True
4,GlobalTranslationRelation,0.0,-1.6303071975708008,-1.6303081512451172,9.5367431640625e-07,5.8496566344158e-05,True
4,GlobalTranslationRelation,20.0,-1.6303071975708008,-1.6301732063293457,0.00013399124145507812,0.0082187675713542,True
4,GlobalTranslationRelation,40.0,-1.6303071975708008,-1.6330703496932983,0.0027631521224975586,0.1694864889114048,True
4,GlobalTranslationRelation,60.0,-1.6303071975708008,-1.6316097974777222,0.0013025999069213867,0.07989899755532681,True
4,GlobalTranslationRelation,80.0,-1.6303071975708008,-1.6324944496154785,0.0021872520446777344,0.13416187491032638,True
4,HazeRelation,0.0,-1.6303071975708008,-1.6303081512451172,9.5367431640625e-07,5.8496566344158e-05,True
4,HazeRelation,0.375,-1.6303071975708008,-1.6302075386047363,9.965896606445312e-05,0.006112891182964511,True
4,HazeRelation,0.75,-1.6303071975708008,-1.630609393119812,0.00030219554901123047,0.01853609946030507,True
4,HazeRelation,1.125,-1.6303071975708008,-1.6311264038085938,0.0008192062377929688,0.05024855048963173,True
4,HazeRelation,1.5,-1.6303071975708008,-1.6311718225479126,0.0008646249771118164,0.05303444946177225,True
4,NoiseRelation,0.0,-1.6303071975708008,-1.630308747291565,1.5497207641601562e-06,9.505692030925676e-05,True
4,NoiseRelation,37.5,-1.6303071975708008,-1.6302250623703003,8.213520050048828e-05,0.005038016776390608,True
4,NoiseRelation,75.0,-1.6303071975708008,-1.630282998085022,2.4199485778808594e-05,0.0014843503709830095,True
4,NoiseRelation,112.5,-1.6303071975708008,-1.6303424835205078,3.528594970703125e-05,0.002164372954733846,True
4,NoiseRelation,150.0,-1.6303071975708008,-1.6304278373718262,0.00012063980102539062,0.007399815642535988,True
4,RainRelation,0.0,-1.6303071975708008,-1.630969762802124,0.0006625652313232422,0.04064048946760378,True
4,RainRelation,0.375,-1.6303071975708008,-1.6296701431274414,0.000637054443359375,0.03907570631789755,True
4,RainRelation,0.75,-1.6303071975708008,-1.6285412311553955,0.0017659664154052734,0.10832101672779458,True
4,RainRelation,1.125,-1.6303071975708008,-1.6290382146835327,0.0012689828872680664,0.07783699359169524,True
4,RainRelation,1.5,-1.6303071975708008,-1.6289194822311401,0.0013877153396606445,0.08511981610154291,True
4,RotationRelation,-60.0,-1.6303071975708008,-1.6305334568023682,0.0002262592315673828,0.013878310365151489,True
4,RotationRelation,-30.0,-1.6303071975708008,-1.629988193511963,0.0003190040588378906,0.019567101442120854,True
4,RotationRelation,0.0,-1.6303071975708008,-1.6303186416625977,1.1444091796875e-05,0.0007019587961298961,True
4,RotationRelation,30.0,-1.6303071975708008,-1.6301400661468506,0.0001671314239501953,0.010251523251813692,True
4,RotationRelation,60.0,-1.6303071975708008,-1.6302783489227295,2.8848648071289062e-05,0.0017695211319107796,True
4,SandstormRelation,0.0,-1.6303071975708008,-1.6303081512451172,9.5367431640625e-07,5.8496566344158e-05,True
4,SandstormRelation,0.375,-1.6303071975708008,-1.6308015584945679,0.0004943609237670898,0.030323157578652907,True
4,SandstormRelation,0.75,-1.6303071975708008,-1.6311213970184326,0.0008141994476318359,0.049941443516324895,True
4,SandstormRelation,1.125,-1.6303071975708008,-1.631279468536377,0.0009722709655761719,0.05963724938786908,True
4,SandstormRelation,1.5,-1.6303071975708008,-1.6316593885421753,0.0013521909713745117,0.08294081900522304,True
4,SmokeRelation,0.0,-1.6303071975708008,-1.6303004026412964,6.794929504394531e-06,0.0004167880352021258,True
4,SmokeRelation,0.375,-1.6303071975708008,-1.6303942203521729,8.702278137207031e-05,0.0053378116789044175,True
4,SmokeRelation,0.75,-1.6303071975708008,-1.6304200887680054,0.00011289119720458984,0.006924531040989704,True
4,SmokeRelation,1.125,-1.6303071975708008,-1.630704402923584,0.0003972053527832031,0.02436381988234181,True
4,SmokeRelation,1.5,-1.6303071975708008,-1.6307343244552612,0.0004271268844604492,0.026199149651389763,True
4,SnowRelation,0.0,-1.6303071975708008,-1.6303081512451172,9.5367431640625e-07,5.8496566344158e-05,True
4,SnowRelation,0.375,-1.6303071975708008,-1.6304981708526611,0.00019097328186035156,0.011713937410417641,True
4,SnowRelation,0.75,-1.6303071975708008,-1.630405068397522,9.78708267211914e-05,0.0060032101210692156,True
4,SnowRelation,1.125,-1.6303071975708008,-1.6287192106246948,0.001587986946105957,0.0974040950338161,True
4,SnowRelation,1.5,-1.6303071975708008,-1.6321932077407837,0.0018860101699829102,0.11568427201636548,True
4,TranslationRelation,0.0,-1.6303071975708008,-1.6303086280822754,1.430511474609375e-06,8.774484951623701e-05,True
4,TranslationRelation,20.0,-1.6303071975708008,-1.6296426057815552,0.0006645917892456055,0.04076479467108511,True
4,TranslationRelation,40.0,-1.6303071975708008,-1.6303383111953735,3.1113624572753906e-05,0.0019084504769781548,True
4,TranslationRelation,60.0,-1.6303071975708008,-1.6306846141815186,0.00037741661071777344,0.023150016130700533,True
4,TranslationRelation,80.0,-1.6303071975708008,-1.6303958892822266,8.869171142578125e-05,0.005440180670006694,True
4,DarkVisibilityRelation,0.05,-1.6303071975708008,-1.6358661651611328,0.005558967590332031,0.340976485220097,True
4,DarkVisibilityRelation,0.4125,-1.6303071975708008,-1.6355735063552856,0.005266308784484863,0.3230253514232335,True
4,DarkVisibilityRelation,0.775,-1.6303071975708008,-1.6346830129623413,0.004375815391540527,0.268404182599376,True
4,DarkVisibilityRelation,1.1375,-1.6303071975708008,-1.6362491846084595,0.005941987037658691,0.3644701686780695,True
4,DarkVisibilityRelation,1.5,-1.6303071975708008,-1.636250376701355,0.005943179130554199,0.36454328938599967,True
4,TemporalSmoothnessRelation,0.0,-1.6304880380630493,-1.6305930614471436,0.00010502338409423828,0.0,True
5,BlurRelation,1.0,-1.6362495422363281,-1.6362009048461914,4.863739013671875e-05,0.002972490390759114,True
5,BlurRelation,8.5,-1.6362495422363281,-1.6361497640609741,9.97781753540039e-05,0.006097976610454359,True
5,BlurRelation,16.0,-1.6362495422363281,-1.6359326839447021,0.00031685829162597656,0.019364900633915993,True
5,BlurRelation,23.5,-1.6362495422363281,-1.6361236572265625,0.000125885009765625,0.007693504540788295,True
5,BlurRelation,31.0,-1.6362495422363281,-1.6361805200576782,6.902217864990234e-05,0.0042183135692390366,True
5,BrightnessRelation,0.1,-1.6362495422363281,-1.6372480392456055,0.0009984970092773438,0.06102347919852534,True
5,BrightnessRelation,0.825,-1.6362495422363281,-1.6363770961761475,0.00012755393981933594,0.007795501760079049,True
5,BrightnessRelation,1.55,-1.6362495422363281,-1.6369445323944092,0.0006949901580810547,0.04247455631893538,True
5,BrightnessRelation,2.275,-1.6362495422363281,-1.63516104221344,0.0010885000228881836,0.06652404352456243,True
5,BrightnessRelation,3.0,-1.6362495422363281,-1.6371815204620361,0.0009319782257080078,0.05695816145822244,True
5,CompositeRelation,0.1,-1.6362495422363281,-1.6298723220825195,0.006377220153808594,0.38974594594129797,True
5,CompositeRelation,0.44999999999999996,-1.6362495422363281,-1.6306358575820923,0.00561368465423584,0.34308221811577805,True
5,CompositeRelation,0.7999999999999999,-1.6362495422363281,-1.6313543319702148,0.004895210266113281,0.2991724152111085,True
5,CompositeRelation,1.15,-1.6362495422363281,-1.629895806312561,0.00635373592376709,0.3883106993555638,True
5,CompositeRelation,1.5,-1.6362495422363281,-1.6342921257019043,0.001957416534423828,0.11962816719672709,True
5,ContrastRelation,0.1,-1.6362495422363281,-1.629849910736084,0.006399631500244141,0.3911156228860595,True
5,ContrastRelation,1.075,-1.6362495422363281,-1.6298820972442627,0.00636744499206543,0.3891485336568807,True
5,ContrastRelation,2.05,-1.6362495422363281,-1.6298296451568604,0.0064198970794677734,0.3923541605488758,True
5,ContrastRelation,3.025,-1.6362495422363281,-1.6297369003295898,0.006512641906738281,0.3980222917351762,True
5,ContrastRelation,4.0,-1.6362495422363281,-1.6295199394226074,0.006729602813720703,0.41128193024297427,True
5,DarkVisibilityRelation,0.05,-1.6362495422363281,-1.6358661651611328,0.0003833770751953125,0.023430218374218898,True
5,DarkVisibilityRelation,0.4125,-1.6362495422363281,-1.6355735063552856,0.0006760358810424805,0.041316159328418964,True
5,DarkVisibilityRelation,0.775,-1.6362495422363281,-1.6346830129623413,0.0015665292739868164,0.0957389613356998,True
5,DarkVisibilityRelation,1.1375,-1.6362495422363281,-1.6362491846084595,3.5762786865234375e-07,2.1856546990875837e-05,True
5,DarkVisibilityRelation,1.5,-1.6362495422363281,-1.636250376701355,8.344650268554688e-07,5.0998609645376955e-05,True
5,DustRelation,0.0,-1.6362495422363281,-1.6362496614456177,1.1920928955078125e-07,7.2855156636252794e-06,True
5,DustRelation,0.375,-1.6362495422363281,-1.6353353261947632,0.0009142160415649414,0.05587261962434227,True
5,DustRelation,0.75,-1.6362495422363281,-1.6347442865371704,0.0015052556991577148,0.09199420628459641,True
5,DustRelation,1.125,-1.6362495422363281,-1.6330052614212036,0.0032442808151245117,0.198275308785562,True
5,DustRelation,1.5,-1.6362495422363281,-1.6339136362075806,0.0023359060287475586,0.14275967942873735,True
5,FogRelation,0.0,-1.6362495422363281,-1.6362496614456177,1.1920928955078125e-07,7.2855156636252794e-06,True
5,FogRelation,0.375,-1.6362495422363281,-1.63587486743927,0.00037467479705810547,0.022898375730774256,True
5,FogRelation,0.75,-1.6362495422363281,-1.636334776878357,8.52346420288086e-05,0.005209143699492075,True
5,FogRelation,1.125,-1.6362495422363281,-1.6360586881637573,0.00019085407257080078,0.011664110577464073,True
5,FogRelation,1.5,-1.6362495422363281,-1.6364829540252686,0.0002334117889404297,0.014265039669378296,True
5,GlobalBlurRelation,1.0,-1.6362495422363281,-1.635861873626709,0.0003876686096191406,0.02369249693810941,True
5,GlobalBlurRelation,8.5,-1.6362495422363281,-1.6361217498779297,0.0001277923583984375,0.007810072791406299,True
5,GlobalBlurRelation,16.0,-1.6362495422363281,-1.635807752609253,0.0004417896270751953,0.027000121049395285,True
5,GlobalBlurRelation,23.5,-1.6362495422363281,-1.6356420516967773,0.0006074905395507812,0.03712698782183443,True
5,GlobalBlurRelation,31.0,-1.6362495422363281,-1.6357183456420898,0.0005311965942382812,0.032464257797114246,True
5,GlobalBrightnessRelation,0.1,-1.6362495422363281,-1.6358814239501953,0.0003681182861328125,0.022497672369274864,True
5,GlobalBrightnessRelation,0.825,-1.6362495422363281,-1.6361876726150513,6.186962127685547e-05,0.0037811826294215202,True
5,GlobalBrightnessRelation,1.55,-1.6362495422363281,-1.6353051662445068,0.0009443759918212891,0.05771585508723946,True
5,GlobalBrightnessRelation,2.275,-1.6362495422363281,-1.6336718797683716,0.002577662467956543,0.1575347051945694,True
5,GlobalBrightnessRelation,3.0,-1.6362495422363281,-1.6323636770248413,0.0038858652114868164,0.23748595408719322,True
5,GlobalContrastRelation,0.1,-1.6362495422363281,-1.6333000659942627,0.0029494762420654297,0.18025822854941664,True
5,GlobalContrastRelation,1.075,-1.6362495422363281,-1.6365665197372437,0.00031697750091552734,0.01937218614957962,True
5,GlobalContrastRelation,2.05,-1.6362495422363281,-1.6373627185821533,0.0011131763458251953,0.06803214526693285,True
5,GlobalContrastRelation,3.025,-1.6362495422363281,-1.6371872425079346,0.0009377002716064453,0.05730786621007645,True
5,GlobalContrastRelation,4.0,-1.6362495422363281,-1.6370571851730347,0.000807642936706543,0.04935936862106127,True
5,GlobalNoiseRelation,0.0,-1.6362495422363281,-1.6362496614456177,1.1920928955078125e-07,7.2855156636252794e-06,True
5,GlobalNoiseRelation,37.5,-1.6362495422363281,-1.6357450485229492,0.0005044937133789062,0.030832302288462184,True
5,GlobalNoiseRelation,75.0,-1.6362495422363281,-1.6354162693023682,0.0008332729339599609,0.050925754488740704,True
5,GlobalNoiseRelation,112.5,-1.6362495422363281,-1.6348042488098145,0.0014452934265136719,0.0883295919057929,True
5,GlobalNoiseRelation,150.0,-1.6362495422363281,-1.6342480182647705,0.002001523971557617,0.12232380799226843,True
5,GlobalRotationRelation,-60.0,-1.6362495422363281,-1.634665846824646,0.001583695411682129,0.09678807559126183,True
5,GlobalRotationRelation,-30.0,-1.6362495422363281,-1.636143445968628,0.00010609626770019531,0.006484108940626498,True
5,GlobalRotationRelation,0.0,-1.6362495422363281,-1.6362115144729614,3.802776336669922e-05,0.002324079496696464,True
5,GlobalRotationRelation,30.0,-1.6362495422363281,-1.6321622133255005,0.004087328910827637,0.24979847555871995,True
5,GlobalRotationRelation,60.0,-1.6362495422363281,-1.6366533041000366,0.0004037618637084961,0.02467604155269882,True
5,GlobalTranslationRelation,0.0,-1.6362495422363281,-1.6362496614456177,1.1920928955078125e-07,7.2855156636252794e-06,True
5,GlobalTranslationRelation,20.0,-1.6362495422363281,-1.634046196937561,0.00220334529876709,0.13465818601078605,True
5,GlobalTranslationRelation,40.0,-1.6362495422363281,-1.6336731910705566,0.0025763511657714844,0.15745456452226955,True
5,GlobalTranslationRelation,60.0,-1.6362495422363281,-1.6370419263839722,0.000792384147644043,0.048426822616117235,True
5,GlobalTranslationRelation,80.0,-1.6362495422363281,-1.6333681344985962,0.0028814077377319336,0.17609819910548663,True
5,HazeRelation,0.0,-1.6362495422363281,-1.6362496614456177,1.1920928955078125e-07,7.2855156636252794e-06,True
5,HazeRelation,0.375,-1.6362495422363281,-1.6352918148040771,0.0009577274322509766,0.0585318328415655,True
5,HazeRelation,0.75,-1.6362495422363281,-1.6343812942504883,0.0018682479858398438,0.11417860148033537,True
5,HazeRelation,1.125,-1.6362495422363281,-1.6336500644683838,0.002599477767944336,0.15886795456101285,True
5,HazeRelation,1.5,-1.6362495422363281,-1.6333211660385132,0.0029283761978149414,0.178968692276955,True
5,NoiseRelation,0.0,-1.6362495422363281,-1.636249303817749,2.384185791015625e-07,1.4571031327250559e-05,True
5,NoiseRelation,37.5,-1.6362495422363281,-1.636225938796997,2.3603439331054688e-05,0.0014425321013978054,True
5,NoiseRelation,75.0,-1.6362495422363281,-1.63616144657135,8.809566497802734e-05,0.005383996075419082,True
5,NoiseRelation,112.5,-1.6362495422363281,-1.6358616352081299,0.0003879070281982422,0.02370706796943666,True
5,NoiseRelation,150.0,-1.6362495422363281,-1.636339783668518,9.02414321899414e-05,0.005515135357364337,True
5,RainRelation,0.0,-1.6362495422363281,-1.6299432516098022,0.006306290626525879,0.38541106412144094,True
5,RainRelation,0.375,-1.6362495422363281,-1.6299176216125488,0.006331920623779297,0.3869774499891203,True
5,RainRelation,0.75,-1.6362495422363281,-1.629460334777832,0.006789207458496094,0.41492468807478694,True
5,RainRelation,1.125,-1.6362495422363281,-1.6286429166793823,0.007606625556945801,0.46488146898026544,True
5,RainRelation,1.5,-1.6362495422363281,-1.6288957595825195,0.007353782653808594,0.4494288902577162,True
5,RotationRelation,-60.0,-1.6362495422363281,-1.6362642049789429,1.4662742614746094e-05,0.0008961184266259094,True
5,RotationRelation,-30.0,-1.6362495422363281,-1.6365258693695068,0.00027632713317871094,0.016887825308283397,True
5,RotationRelation,0.0,-1.6362495422363281,-1.6362640857696533,1.4543533325195312e-05,0.0008888329109622841,True
5,RotationRelation,30.0,-1.6362495422363281,-1.6362580060958862,8.463859558105469e-06,0.0005172716121173949,True
5,RotationRelation,60.0,-1.6362495422363281,-1.6363019943237305,5.245208740234375e-05,0.0032056268919951228,True
5,SandstormRelation,0.0,-1.6362495422363281,-1.6362496614456177,1.1920928955078125e-07,7.2855156636252794e-06,True
5,SandstormRelation,0.375,-1.6362495422363281,-1.6357192993164062,0.000530242919921875,0.03240597367180524,True
5,SandstormRelation,0.75,-1.6362495422363281,-1.6351208686828613,0.0011286735534667969,0.06897926230320414,True
5,SandstormRelation,1.125,-1.6362495422363281,-1.6347336769104004,0.0015158653259277344,0.09264261717865906,True
5,SandstormRelation,1.5,-1.6362495422363281,-1.6341369152069092,0.0021126270294189453,0.1291139085907672,True
5,SmokeRelation,0.0,-1.6362495422363281,-1.6361876726150513,6.186962127685547e-05,0.0037811826294215202,True
5,SmokeRelation,0.375,-1.6362495422363281,-1.6350538730621338,0.001195669174194336,0.07307372210616155,True
5,SmokeRelation,0.75,-1.6362495422363281,-1.634061336517334,0.0021882057189941406,0.13373292552150562,True
5,SmokeRelation,1.125,-1.6362495422363281,-1.6339349746704102,0.0023145675659179688,0.14145557212494841,True
5,SmokeRelation,1.5,-1.6362495422363281,-1.6335176229476929,0.002731919288635254,0.16696216246330053,True
5,SnowRelation,0.0,-1.6362495422363281,-1.6362496614456177,1.1920928955078125e-07,7.2855156636252794e-06,True
5,SnowRelation,0.375,-1.6362495422363281,-1.6356415748596191,0.0006079673767089844,0.03715612988448893,True
5,SnowRelation,0.75,-1.6362495422363281,-1.6346790790557861,0.0015704631805419922,0.09597938335259944,True
5,SnowRelation,1.125,-1.6362495422363281,-1.633034348487854,0.003215193748474121,0.1964976429636374,True
5,SnowRelation,1.5,-1.6362495422363281,-1.6328632831573486,0.003386259078979492,0.2069523579409397,True
5,TranslationRelation,0.0,-1.6362495422363281,-1.6362500190734863,4.76837158203125e-07,2.9142062654501118e-05,True
5,TranslationRelation,20.0,-1.6362495422363281,-1.6362204551696777,2.9087066650390625e-05,0.0017776658219245682,True
5,TranslationRelation,40.0,-1.6362495422363281,-1.6363306045532227,8.106231689453125e-05,0.00495415065126519,True
5,TranslationRelation,60.0,-1.6362495422363281,-1.6362553834915161,5.841255187988281e-06,0.0003569902675176387,True
5,TranslationRelation,80.0,-1.6362495422363281,-1.6362676620483398,1.811981201171875e-05,0.0011073983808710425,True
5,DarkVisibilityRelation,0.05,-1.6362495422363281,-1.6358661651611328,0.0003833770751953125,0.023430218374218898,True
5,DarkVisibilityRelation,0.4125,-1.6362495422363281,-1.6355735063552856,0.0006760358810424805,0.041316159328418964,True
5,DarkVisibilityRelation,0.775,-1.6362495422363281,-1.6346830129623413,0.0015665292739868164,0.0957389613356998,True
5,DarkVisibilityRelation,1.1375,-1.6362495422363281,-1.6362491846084595,3.5762786865234375e-07,2.1856546990875837e-05,True
5,DarkVisibilityRelation,1.5,-1.6362495422363281,-1.636250376701355,8.344650268554688e-07,5.0998609645376955e-05,True
5,TemporalSmoothnessRelation,0.0,-1.6304880380630493,-1.6305930614471436,0.00010502338409423828,0.0,True
6,BlurRelation,1.0,-1.634773850440979,-1.6348421573638916,6.830692291259766e-05,0.0041783688374073,True
6,BlurRelation,8.5,-1.634773850440979,-1.6347064971923828,6.73532485961914e-05,0.004120032099712259,True
6,BlurRelation,16.0,-1.634773850440979,-1.6347178220748901,5.602836608886719e-05,0.003427283339583649,True
6,BlurRelation,23.5,-1.634773850440979,-1.634713053703308,6.079673767089844e-05,0.003718967028058853,True
6,BlurRelation,31.0,-1.634773850440979,-1.634981393814087,0.00020754337310791016,0.012695532540883262,True
6,BrightnessRelation,0.1,-1.634773850440979,-1.6360090970993042,0.0012352466583251953,0.07556065949950164,True
6,BrightnessRelation,0.825,-1.634773850440979,-1.6345798969268799,0.0001939535140991211,0.01186423402872893,True
6,BrightnessRelation,1.55,-1.634773850440979,-1.6342576742172241,0.0005161762237548828,0.03157475927744085,True
6,BrightnessRelation,2.275,-1.634773850440979,-1.6337565183639526,0.0010173320770263672,0.06223071493618481,True
6,BrightnessRelation,3.0,-1.634773850440979,-1.6368131637573242,0.002039313316345215,0.12474582146863294,True
6,CompositeRelation,0.1,-1.634773850440979,-1.6298723220825195,0.004901528358459473,0.2998289554758743,True
6,CompositeRelation,0.44999999999999996,-1.634773850440979,-1.6306358575820923,0.004137992858886719,0.2531231048587822,True
6,CompositeRelation,0.7999999999999999,-1.634773850440979,-1.6313543319702148,0.00341951847076416,0.2091736650977808,True
6,CompositeRelation,1.15,-1.634773850440979,-1.629895806312561,0.004878044128417969,0.2983924133101339,True
6,CompositeRelation,1.5,-1.634773850440979,-1.6342921257019043,0.00048172473907470703,0.0294673446282075,True
6,ContrastRelation,0.1,-1.634773850440979,-1.6347222328186035,5.161762237548828e-05,0.0031574759277440854,True
6,ContrastRelation,1.075,-1.634773850440979,-1.6347743272781372,4.76837158203125e-07,2.9168368847520417e-05,True
6,ContrastRelation,2.05,-1.634773850440979,-1.6348108053207397,3.695487976074219e-05,0.0022605485856828323,True
6,ContrastRelation,3.025,-1.634773850440979,-1.634899377822876,0.00012552738189697266,0.00767857309910975,True
6,ContrastRelation,4.0,-1.634773850440979,-1.634640097618103,0.00013375282287597656,0.008181727461729477,True
6,DarkVisibilityRelation,0.05,-1.634773850440979,-1.6349565982818604,0.00018274784088134766,0.0111787773608122,True
6,DarkVisibilityRelation,0.4125,-1.634773850440979,-1.6353185176849365,0.0005446672439575195,0.033317569316080195,True
6,DarkVisibilityRelation,0.775,-1.634773850440979,-1.6351984739303589,0.0004246234893798828,0.02597443245871693,True
6,DarkVisibilityRelation,1.1375,-1.634773850440979,-1.6347737312316895,1.1920928955078125e-07,7.292092211880104e-06,True
6,DarkVisibilityRelation,1.5,-1.634773850440979,-1.6347739696502686,1.1920928955078125e-07,7.292092211880104e-06,True
6,DustRelation,0.0,-1.634773850440979,-1.6347733736038208,4.76837158203125e-07,2.9168368847520417e-05,True
6,DustRelation,0.375,-1.634773850440979,-1.634130835533142,0.0006430149078369141,0.03933354539088128,True
6,DustRelation,0.75,-1.634773850440979,-1.6336089372634888,0.0011649131774902344,0.07125832509449238,True
6,DustRelation,1.125,-1.634773850440979,-1.6322364807128906,0.002537369728088379,0.155212182729868,True
6,DustRelation,1.5,-1.634773850440979,-1.632700800895691,0.002073049545288086,0.126809483564595,True
6,FogRelation,0.0,-1.634773850440979,-1.6347733736038208,4.76837158203125e-07,2.9168368847520417e-05,True
6,FogRelation,0.375,-1.634773850440979,-1.6348010301589966,2.7179718017578125e-05,0.0016625970243086638,True
6,FogRelation,0.75,-1.634773850440979,-1.6356556415557861,0.0008817911148071289,0.053939606091277126,True
6,FogRelation,1.125,-1.634773850440979,-1.634524941444397,0.00024890899658203125,0.015225888538405657,True
6,FogRelation,1.5,-1.634773850440979,-1.6357823610305786,0.0010085105895996094,0.06169110011250568,True
6,GlobalBlurRelation,1.0,-1.634773850440979,-1.6347637176513672,1.0132789611816406e-05,0.0006198278380098089,True
6,GlobalBlurRelation,8.5,-1.634773850440979,-1.63499116897583,0.00021731853485107422,0.013293484102257431,True
6,GlobalBlurRelation,16.0,-1.634773850440979,-1.63459050655365,0.00018334388732910156,0.011215237821871601,True
6,GlobalBlurRelation,23.5,-1.634773850440979,-1.6345489025115967,0.00022494792938232422,0.013760178003817758,True
6,GlobalBlurRelation,31.0,-1.634773850440979,-1.6345402002334595,0.00023365020751953125,0.014292500735285004,True
6,GlobalBrightnessRelation,0.1,-1.634773850440979,-1.6357364654541016,0.0009626150131225586,0.058883644610931846,True
6,GlobalBrightnessRelation,0.825,-1.634773850440979,-1.6349842548370361,0.0002104043960571289,0.012870542753968385,True
6,GlobalBrightnessRelation,1.55,-1.634773850440979,-1.634223461151123,0.000550389289855957,0.03366758974225044,True
6,GlobalBrightnessRelation,2.275,-1.634773850440979,-1.6336767673492432,0.0010970830917358398,0.0671091246259326,True
6,GlobalBrightnessRelation,3.0,-1.634773850440979,-1.6327685117721558,0.002005338668823242,0.12266757518824711,True
6,GlobalContrastRelation,0.1,-1.634773850440979,-1.6344101428985596,0.0003637075424194336,0.022248173338446198,True
6,GlobalContrastRelation,1.075,-1.634773850440979,-1.634819746017456,4.589557647705078e-05,0.00280745550157384,True
6,GlobalContrastRelation,2.05,-1.634773850440979,-1.635188341140747,0.0004144906997680664,0.02535460462070712,True
6,GlobalContrastRelation,3.025,-1.634773850440979,-1.6355618238449097,0.0007879734039306641,0.04820072952052749,True
6,GlobalContrastRelation,4.0,-1.634773850440979,-1.6359548568725586,0.0011810064315795898,0.0722427575430962,True
6,GlobalNoiseRelation,0.0,-1.634773850440979,-1.6347733736038208,4.76837158203125e-07,2.9168368847520417e-05,True
6,GlobalNoiseRelation,37.5,-1.634773850440979,-1.6346828937530518,9.09566879272461e-05,0.005563866357664519,True
6,GlobalNoiseRelation,75.0,-1.634773850440979,-1.6344377994537354,0.00033605098724365234,0.020556407945290015,True
6,GlobalNoiseRelation,112.5,-1.634773850440979,-1.6331961154937744,0.0015777349472045898,0.09651084042423318,True
6,GlobalNoiseRelation,150.0,-1.634773850440979,-1.634085774421692,0.0006880760192871094,0.04208995624697196,True
6,GlobalRotationRelation,-60.0,-1.634773850440979,-1.63878333568573,0.0040094852447509766,0.24526222945437542,True
6,GlobalRotationRelation,-30.0,-1.634773850440979,-1.6307201385498047,0.004053711891174316,0.24796759566498294,True
6,GlobalRotationRelation,0.0,-1.634773850440979,-1.634738564491272,3.528594970703125e-05,0.002158459294716511,True
6,GlobalRotationRelation,30.0,-1.634773850440979,-1.6370530128479004,0.0022791624069213867,0.1394175109989357,True
6,GlobalRotationRelation,60.0,-1.634773850440979,-1.633895993232727,0.0008778572082519531,0.053698967048285084,True
6,GlobalTranslationRelation,0.0,-1.634773850440979,-1.6347733736038208,4.76837158203125e-07,2.9168368847520417e-05,True
6,GlobalTranslationRelation,20.0,-1.634773850440979,-1.630795955657959,0.0039778947830200195,0.2433298250182272,True
6,GlobalTranslationRelation,40.0,-1.634773850440979,-1.6314976215362549,0.003276228904724121,0.20040857025910094,True
6,GlobalTranslationRelation,60.0,-1.634773850440979,-1.6359658241271973,0.0011919736862182617,0.07291363002658915,True
6,GlobalTranslationRelation,80.0,-1.634773850440979,-1.6334466934204102,0.0013271570205688477,0.08118286259486121,True
6,HazeRelation,0.0,-1.634773850440979,-1.6347733736038208,4.76837158203125e-07,2.9168368847520417e-05,True
6,HazeRelation,0.375,-1.634773850440979,-1.6344033479690552,0.0003705024719238281,0.022663822594523365,True
6,HazeRelation,0.75,-1.634773850440979,-1.6346993446350098,7.450580596923828e-05,0.004557557632425066,True
6,HazeRelation,1.125,-1.634773850440979,-1.6337156295776367,0.0010582208633422852,0.0647319025648597,True
6,HazeRelation,1.5,-1.634773850440979,-1.6340594291687012,0.000714421272277832,0.04370150862579747,True
6,NoiseRelation,0.0,-1.634773850440979,-1.6304887533187866,0.004285097122192383,0.2621215466482422,True
6,NoiseRelation,37.5,-1.634773850440979,-1.6304810047149658,0.004292845726013184,0.26259553264201446,True
6,NoiseRelation,75.0,-1.634773850440979,-1.6304807662963867,0.004293084144592285,0.2626101168264382,True
6,NoiseRelation,112.5,-1.634773850440979,-1.6305183172225952,0.004255533218383789,0.26031310777969596,True
6,NoiseRelation,150.0,-1.634773850440979,-1.6304657459259033,0.004308104515075684,0.2635289204451351,True
6,RainRelation,0.0,-1.634773850440979,-1.6299432516098022,0.004830598831176758,0.2954901606098056,True
6,RainRelation,0.375,-1.634773850440979,-1.6299176216125488,0.004856228828430176,0.2970579604353598,True
6,RainRelation,0.75,-1.634773850440979,-1.629460334777832,0.005313515663146973,0.3250304261601319,True
6,RainRelation,1.125,-1.634773850440979,-1.6286429166793823,0.00613093376159668,0.3750323024569938,True
6,RainRelation,1.5,-1.634773850440979,-1.6288957595825195,0.005878090858459473,0.3595657748755961,True
6,RotationRelation,-60.0,-1.634773850440979,-1.634781837463379,7.987022399902344e-06,0.000488570178195967,True
6,RotationRelation,-30.0,-1.634773850440979,-1.6347860097885132,1.2159347534179688e-05,0.0007437934056117707,True
6,RotationRelation,0.0,-1.634773850440979,-1.6347801685333252,6.318092346191406e-06,0.0003864808872296455,True
6,RotationRelation,30.0,-1.634773850440979,-1.6346558332443237,0.00011801719665527344,0.007219171289761304,True
6,RotationRelation,60.0,-1.634773850440979,-1.6347359418869019,3.790855407714844e-05,0.0023188853233778732,True
6,SandstormRelation,0.0,-1.634773850440979,-1.6347733736038208,4.76837158203125e-07,2.9168368847520417e-05,True
6,SandstormRelation,0.375,-1.634773850440979,-1.6346495151519775,0.00012433528900146484,0.00760565217699095,True
6,SandstormRelation,0.75,-1.634773850440979,-1.6344170570373535,0.0003567934036254883,0.021825231990157155,True
6,SandstormRelation,1.125,-1.634773850440979,-1.634042739868164,0.0007311105728149414,0.044722401535460685,True
6,SandstormRelation,1.5,-1.634773850440979,-1.6334521770477295,0.0013216733932495117,0.08084742635311472,True
6,SmokeRelation,0.0,-1.634773850440979,-1.6333534717559814,0.0014203786849975586,0.08688527870455144,True
6,SmokeRelation,0.375,-1.634773850440979,-1.632883906364441,0.001889944076538086,0.11560882992714717,True
6,SmokeRelation,0.75,-1.634773850440979,-1.632573127746582,0.0022007226943969727,0.13461931432351862,True
6,SmokeRelation,1.125,-1.634773850440979,-1.631909966468811,0.0028638839721679688,0.17518522329820763,True
6,SmokeRelation,1.5,-1.634773850440979,-1.6314319372177124,0.0033419132232666016,0.20442651306784684,True
6,SnowRelation,0.0,-1.634773850440979,-1.6347733736038208,4.76837158203125e-07,2.9168368847520417e-05,True
6,SnowRelation,0.375,-1.634773850440979,-1.6350932121276855,0.00031936168670654297,0.0195355150356268,True
6,SnowRelation,0.75,-1.634773850440979,-1.6342114210128784,0.0005624294281005859,0.034404091055650336,True
6,SnowRelation,1.125,-1.634773850440979,-1.6342053413391113,0.0005685091018676758,0.03477598775845622,True
6,SnowRelation,1.5,-1.634773850440979,-1.6315969228744507,0.0031769275665283203,0.1943342574466048,True
6,TranslationRelation,0.0,-1.634773850440979,-1.6347732543945312,5.960464477539062e-07,3.6460461059400524e-05,True
6,TranslationRelation,20.0,-1.634773850440979,-1.634895920753479,0.0001220703125,0.007467102424965227,True
6,TranslationRelation,40.0,-1.634773850440979,-1.6349821090698242,0.00020825862884521484,0.012739285094154543,True
6,TranslationRelation,60.0,-1.634773850440979,-1.6358757019042969,0.001101851463317871,0.0674008083144078,True
6,TranslationRelation,80.0,-1.634773850440979,-1.6347932815551758,1.9431114196777344e-05,0.001188611030536457,True
6,DarkVisibilityRelation,0.05,-1.634773850440979,-1.6358661651611328,0.0010923147201538086,0.0668174409374574,True
6,DarkVisibilityRelation,0.4125,-1.634773850440979,-1.6355735063552856,0.0007996559143066406,0.04891535455729174,True
6,DarkVisibilityRelation,0.775,-1.634773850440979,-1.6346830129623413,9.083747863769531e-05,0.00555657426545264,True
6,DarkVisibilityRelation,1.1375,-1.634773850440979,-1.6362491846084595,0.0014753341674804688,0.09024693321422816,True
6,DarkVisibilityRelation,1.5,-1.634773850440979,-1.636250376701355,0.0014765262603759766,0.09031985413634697,True
6,TemporalSmoothnessRelation,0.0,-1.6304880380630493,-1.6305930614471436,0.00010502338409423828,0.0,True
7,BlurRelation,1.0,-1.6333321332931519,-1.6333059072494507,2.6226043701171875e-05,0.0016056763416226374,True
7,BlurRelation,8.5,-1.6333321332931519,-1.6334319114685059,9.97781753540039e-05,0.006108868626991579,True
7,BlurRelation,16.0,-1.6333321332931519,-1.6333130598068237,1.9073486328125e-05,0.001167764612089191,True
7,BlurRelation,23.5,-1.6333321332931519,-1.6334114074707031,7.927417755126953e-05,0.0048535216689956995,True
7,BlurRelation,31.0,-1.6333321332931519,-1.6331934928894043,0.0001386404037475586,0.008488189024123306,True
7,BrightnessRelation,0.1,-1.6333321332931519,-1.634209156036377,0.0008770227432250977,0.05369527656962611,True
7,BrightnessRelation,0.825,-1.6333321332931519,-1.6334450244903564,0.00011289119720458984,0.006911706797802898,True
7,BrightnessRelation,1.55,-1.6333321332931519,-1.6329208612442017,0.0004112720489501953,0.02517992444817318,True
7,BrightnessRelation,2.275,-1.6333321332931519,-1.6326438188552856,0.0006883144378662109,0.042141705438768676,True
7,BrightnessRelation,3.0,-1.6333321332931519,-1.6325629949569702,0.0007691383361816406,0.04709010798249662,True
7,CompositeRelation,0.1,-1.6333321332931519,-1.6298723220825195,0.0034598112106323242,0.21182520210415368,True
7,CompositeRelation,0.44999999999999996,-1.6333321332931519,-1.6306358575820923,0.0026962757110595703,0.16507812497645824,True
7,CompositeRelation,0.7999999999999999,-1.6333321332931519,-1.6313543319702148,0.0019778013229370117,0.12108989174482354,True
7,CompositeRelation,1.15,-1.6333321332931519,-1.629895806312561,0.0034363269805908203,0.21038739192551886,True
7,CompositeRelation,1.5,-1.6333321332931519,-1.6342921257019043,0.0009599924087524414,0.05877505263221409,True
7,ContrastRelation,0.1,-1.6333321332931519,-1.629849910736084,0.003482222557067871,0.21319732552335843,True
7,ContrastRelation,1.075,-1.6333321332931519,-1.6298820972442627,0.00345003604888916,0.21122672274045798,True
7,ContrastRelation,2.05,-1.6333321332931519,-1.6298296451568604,0.003502488136291504,0.21443807542370322,True
7,ContrastRelation,3.025,-1.6333321332931519,-1.6297369003295898,0.0035952329635620117,0.2201163308499869,True
7,ContrastRelation,4.0,-1.6333321332931519,-1.6295199394226074,0.0038121938705444336,0.23339965331250148,True
7,DarkVisibilityRelation,0.05,-1.6333321332931519,-1.6349565982818604,0.001624464988708496,0.09945705230587126,True
7,DarkVisibilityRelation,0.4125,-1.6333321332931519,-1.6353185176849365,0.001986384391784668,0.12161538582026368,True
7,DarkVisibilityRelation,0.775,-1.6333321332931519,-1.6351984739303589,0.0018663406372070312,0.11426576729292734,True
7,DarkVisibilityRelation,1.1375,-1.6333321332931519,-1.6347737312316895,0.0014415979385375977,0.08826110908746616,True
7,DarkVisibilityRelation,1.5,-1.6333321332931519,-1.6347739696502686,0.0014418363571166992,0.08827570614511726,True
7,DustRelation,0.0,-1.6333321332931519,-1.633333683013916,1.5497207641601562e-06,9.488087473224676e-05,True
7,DustRelation,0.375,-1.6333321332931519,-1.6329628229141235,0.0003693103790283203,0.022610842301576957,True
7,DustRelation,0.75,-1.6333321332931519,-1.6322218179702759,0.0011103153228759766,0.06797849748124203,True
7,DustRelation,1.125,-1.6333321332931519,-1.6318292617797852,0.0015028715133666992,0.09201255290380267,True
7,DustRelation,1.5,-1.6333321332931519,-1.631474256515503,0.0018578767776489258,0.11374757174631275,True
7,FogRelation,0.0,-1.6333321332931519,-1.633333683013916,1.5497207641601562e-06,9.488087473224676e-05,True
7,FogRelation,0.375,-1.6333321332931519,-1.6333973407745361,6.520748138427734e-05,0.003992295267579922,True
7,FogRelation,0.75,-1.6333321332931519,-1.6338768005371094,0.0005446672439575195,0.03334697820397196,True
7,FogRelation,1.125,-1.6333321332931519,-1.6341907978057861,0.0008586645126342773,0.05257130313049026,True
7,FogRelation,1.5,-1.6333321332931519,-1.6345289945602417,0.0011968612670898438,0.07327722940859673,True
7,GlobalBlurRelation,1.0,-1.6333321332931519,-1.633337378501892,5.245208740234375e-06,0.0003211352683245275,True
7,GlobalBlurRelation,8.5,-1.6333321332931519,-1.6333719491958618,3.981590270996094e-05,0.0024377086277361858,True
7,GlobalBlurRelation,16.0,-1.6333321332931519,-1.6331559419631958,0.0001761913299560547,0.0107872256041739,True
7,GlobalBlurRelation,23.5,-1.6333321332931519,-1.6331655979156494,0.0001665353775024414,0.010196044769303747,True
7,GlobalBlurRelation,31.0,-1.6333321332931519,-1.6330797672271729,0.0002523660659790039,0.015450985523705107,True
7,GlobalBrightnessRelation,0.1,-1.6333321332931519,-1.6356041431427002,0.00227200984954834,0.1391026608862993,True
7,GlobalBrightnessRelation,0.825,-1.6333321332931519,-1.6338642835617065,0.0005321502685546875,0.032580632677288425,True
7,GlobalBrightnessRelation,1.55,-1.6333321332931519,-1.6318919658660889,0.0014401674270629883,0.08817352674155947,True
7,GlobalBrightnessRelation,2.275,-1.6333321332931519,-1.6302926540374756,0.0030394792556762695,0.18609058946523813,True
7,GlobalBrightnessRelation,3.0,-1.6333321332931519,-1.6290173530578613,0.004314780235290527,0.26417025084105167,True
7,GlobalContrastRelation,0.1,-1.6333321332931519,-1.6340274810791016,0.000695347785949707,0.04257231863947657,True
7,GlobalContrastRelation,1.075,-1.6333321332931519,-1.6333266496658325,5.4836273193359375e-06,0.00033573232597564236,True
7,GlobalContrastRelation,2.05,-1.6333321332931519,-1.6324713230133057,0.0008608102798461914,0.052702676649350286,True
7,GlobalContrastRelation,3.025,-1.6333321332931519,-1.6320879459381104,0.001244187355041504,0.07617474535234303,True
7,GlobalContrastRelation,4.0,-1.6333321332931519,-1.6319403648376465,0.001391768455505371,0.08521032403838315,True
7,GlobalNoiseRelation,0.0,-1.6333321332931519,-1.633333683013916,1.5497207641601562e-06,9.488087473224676e-05,True
7,GlobalNoiseRelation,37.5,-1.6333321332931519,-1.6333537101745605,2.1576881408691406e-05,0.001321033717425897,True
7,GlobalNoiseRelation,75.0,-1.6333321332931519,-1.63334321975708,1.1086463928222656e-05,0.0006787631807768422,True
7,GlobalNoiseRelation,112.5,-1.6333321332931519,-1.6330970525741577,0.00023508071899414062,0.014392698843999279,True
7,GlobalNoiseRelation,150.0,-1.6333321332931519,-1.633000135421753,0.0003319978713989258,0.020326402779177476,True
7,GlobalRotationRelation,-60.0,-1.6333321332931519,-1.6339311599731445,0.0005990266799926758,0.03667510734842615,True
7,GlobalRotationRelation,-30.0,-1.6333321332931519,-1.6286449432373047,0.004687190055847168,0.28697085489209306,True
7,GlobalRotationRelation,0.0,-1.6333321332931519,-1.6334880590438843,0.00015592575073242188,0.009546475703829136,True
7,GlobalRotationRelation,30.0,-1.6333321332931519,-1.627945899963379,0.005386233329772949,0.32976942792516195,True
7,GlobalRotationRelation,60.0,-1.6333321332931519,-1.6330671310424805,0.0002650022506713867,0.016224629579214195,True
7,GlobalTranslationRelation,0.0,-1.6333321332931519,-1.633333683013916,1.5497207641601562e-06,9.488087473224676e-05,True
7,GlobalTranslationRelation,20.0,-1.6333321332931519,-1.6353611946105957,0.0020290613174438477,0.12422825913981322,True
7,GlobalTranslationRelation,40.0,-1.6333321332931519,-1.6295666694641113,0.0037654638290405273,0.23053863001288294,True
7,GlobalTranslationRelation,60.0,-1.6333321332931519,-1.6303646564483643,0.0029674768447875977,0.1816822780546014,True
7,GlobalTranslationRelation,80.0,-1.6333321332931519,-1.6348131895065308,0.0014810562133789062,0.09067692212872568,True
7,HazeRelation,0.0,-1.6333321332931519,-1.633333683013916,1.5497207641601562e-06,9.488087473224676e-05,True
7,HazeRelation,0.375,-1.6333321332931519,-1.632964015007019,0.0003681182861328125,0.022537857013321384,True
7,HazeRelation,0.75,-1.6333321332931519,-1.6332846879959106,4.744529724121094e-05,0.002904814472571862,True
7,HazeRelation,1.125,-1.6333321332931519,-1.6336407661437988,0.00030863285064697266,0.01889589112936822,True
7,HazeRelation,1.5,-1.6333321332931519,-1.631856083869934,0.0014760494232177734,0.09037038391805226,True
7,NoiseRelation,0.0,-1.6333321332931519,-1.63059401512146,0.0027381181716918945,0.1676399085942289,True
7,NoiseRelation,37.5,-1.6333321332931519,-1.6305632591247559,0.002768874168395996,0.16952292903122274,True
7,NoiseRelation,75.0,-1.6333321332931519,-1.630786418914795,0.0025457143783569336,0.1558600830697792,True
7,NoiseRelation,112.5,-1.6333321332931519,-1.6307011842727661,0.002630949020385742,0.16107853118005278,True
7,NoiseRelation,150.0,-1.6333321332931519,-1.6307777166366577,0.0025544166564941406,0.15639287567404486,True
7,RainRelation,0.0,-1.6333321332931519,-1.6324831247329712,0.0008490085601806641,0.05198012229562011,True
7,RainRelation,0.375,-1.6333321332931519,-1.6313958168029785,0.0019363164901733398,0.11855000371352954,True
7,RainRelation,0.75,-1.6333321332931519,-1.6324129104614258,0.0009192228317260742,0.056278955773873436,True
7,RainRelation,1.125,-1.6333321332931519,-1.6306511163711548,0.0026810169219970703,0.16414391328678687,True
7,RainRelation,1.5,-1.6333321332931519,-1.628076195716858,0.005255937576293945,0.32179213591882766,True
7,RotationRelation,-60.0,-1.6333321332931519,-1.6334400177001953,0.00010788440704345703,0.0066051685871294855,True
7,RotationRelation,-30.0,-1.6333321332931519,-1.6334125995635986,8.046627044677734e-05,0.004926506957251274,True
7,RotationRelation,0.0,-1.6333321332931519,-1.6333301067352295,2.0265579223632812e-06,0.00012407499003447652,True
7,RotationRelation,30.0,-1.6333321332931519,-1.633305311203003,2.682209014892578e-05,0.0016421689857504245,True
7,RotationRelation,60.0,-1.6333321332931519,-1.6333613395690918,2.9206275939941406e-05,0.0017881395622615737,True
7,SandstormRelation,0.0,-1.6333321332931519,-1.633333683013916,1.5497207641601562e-06,9.488087473224676e-05,True
7,SandstormRelation,0.375,-1.6333321332931519,-1.6332205533981323,0.00011157989501953125,0.006831422980721766,True
7,SandstormRelation,0.75,-1.6333321332931519,-1.633239984512329,9.21487808227539e-05,0.005641762782155903,True
7,SandstormRelation,1.125,-1.6333321332931519,-1.6327933073043823,0.0005388259887695312,0.03298935029151964,True
7,SandstormRelation,1.5,-1.6333321332931519,-1.6326656341552734,0.000666499137878418,0.04080607466369166,True
7,SmokeRelation,0.0,-1.6333321332931519,-1.6333534717559814,2.1338462829589844e-05,0.0013064366597747821,True
7,SmokeRelation,0.375,-1.6333321332931519,-1.632883906364441,0.0004482269287109375,0.027442468384095982,True
7,SmokeRelation,0.75,-1.6333321332931519,-1.632573127746582,0.0007590055465698242,0.04646973303232424,True
7,SmokeRelation,1.125,-1.6333321332931519,-1.631909966468811,0.0014221668243408203,0.0870714488889003,True
7,SmokeRelation,1.5,-1.6333321332931519,-1.6314319372177124,0.0019001960754394531,0.11633854947938563,True
7,SnowRelation,0.0,-1.6333321332931519,-1.633333683013916,1.5497207641601562e-06,9.488087473224676e-05,True
7,SnowRelation,0.375,-1.6333321332931519,-1.6345031261444092,0.0011709928512573242,0.07169344865345076,True
7,SnowRelation,0.75,-1.6333321332931519,-1.633167028427124,0.00016510486602783203,0.010108462423397057,True
7,SnowRelation,1.125,-1.6333321332931519,-1.6333025693893433,2.956390380859375e-05,0.0018100351487382459,True
7,SnowRelation,1.5,-1.6333321332931519,-1.631722331047058,0.00160980224609375,0.0985593332603277,True
7,TranslationRelation,0.0,-1.6333321332931519,-1.6333335638046265,1.430511474609375e-06,8.758234590668932e-05,True
7,TranslationRelation,20.0,-1.6333321332931519,-1.632995843887329,0.0003362894058227539,0.020589149816897547,True
7,TranslationRelation,40.0,-1.6333321332931519,-1.633303165435791,2.8967857360839844e-05,0.0017735425046104584,True
7,TranslationRelation,60.0,-1.6333321332931519,-1.6337103843688965,0.0003782510757446289,0.023158231963493765,True
7,TranslationRelation,80.0,-1.6333321332931519,-1.6338772773742676,0.0005451440811157227,0.033376172319274186,True
7,DarkVisibilityRelation,0.05,-1.6333321332931519,-1.6358661651611328,0.002534031867980957,0.15514482724487455,True
7,DarkVisibilityRelation,0.4125,-1.6333321332931519,-1.6355735063552856,0.002241373062133789,0.13722693897813104,True
7,DarkVisibilityRelation,0.775,-1.6333321332931519,-1.6346830129623413,0.0013508796691894531,0.08270692865121694,True
7,DarkVisibilityRelation,1.1375,-1.6333321332931519,-1.6362491846084595,0.002917051315307617,0.17859500036139062,True
7,DarkVisibilityRelation,1.5,-1.6333321332931519,-1.636250376701355,0.002918243408203125,0.1786679856496462,True
7,TemporalSmoothnessRelation,0.0,-1.6304880380630493,-1.6305930614471436,0.00010502338409423828,0.0,True
8,BlurRelation,1.0,-1.632733702659607,-1.6333059072494507,0.00057220458984375,0.035045778650485596,True
8,BlurRelation,8.5,-1.632733702659607,-1.6334319114685059,0.0006982088088989258,0.04276315115747795,True
8,BlurRelation,16.0,-1.632733702659607,-1.6333130598068237,0.0005793571472167969,0.03548385088361667,True
8,BlurRelation,23.5,-1.632733702659607,-1.6334114074707031,0.0006777048110961914,0.04150734408916888,True
8,BlurRelation,31.0,-1.632733702659607,-1.6331934928894043,0.0004597902297973633,0.028160743386442283,True
8,BrightnessRelation,0.1,-1.632733702659607,-1.6306065320968628,0.0021271705627441406,0.1302826821331802,True
8,BrightnessRelation,0.825,-1.632733702659607,-1.631287932395935,0.001445770263671875,0.08854900072356028,True
8,BrightnessRelation,1.55,-1.632733702659607,-1.630260705947876,0.002472996711730957,0.15146347460506746,True
8,BrightnessRelation,2.275,-1.632733702659607,-1.626763939857483,0.0059697628021240234,0.365629688178962,True
8,BrightnessRelation,3.0,-1.632733702659607,-1.6289337873458862,0.003799915313720703,0.23273317505476646,True
8,CompositeRelation,0.1,-1.632733702659607,-1.6298723220825195,0.0028613805770874023,0.17525079686408454,True
8,CompositeRelation,0.44999999999999996,-1.632733702659607,-1.6306358575820923,0.0020978450775146484,0.12848658597734283,True
8,CompositeRelation,0.7999999999999999,-1.632733702659607,-1.6313543319702148,0.0013793706893920898,0.08448223015932685,True
8,CompositeRelation,1.15,-1.632733702659607,-1.629895806312561,0.0028378963470458984,0.1738124596986375,True
8,CompositeRelation,1.5,-1.632733702659607,-1.6342921257019043,0.0015584230422973633,0.09544863839537462,True
8,ContrastRelation,0.1,-1.632733702659607,-1.629849910736084,0.0028837919235229492,0.1766234231945619,True
8,ContrastRelation,1.075,-1.632733702659607,-1.6298820972442627,0.0028516054153442383,0.17465209814547208,True
8,ContrastRelation,2.05,-1.632733702659607,-1.6298296451568604,0.002904057502746582,0.1778646278550999,True
8,ContrastRelation,3.025,-1.632733702659607,-1.6297369003295898,0.00299680233001709,0.18354496447803278,True
8,ContrastRelation,4.0,-1.632733702659607,-1.6295199394226074,0.0032137632369995117,0.19683315554967526,True
8,DarkVisibilityRelation,0.05,-1.632733702659607,-1.6358661651611328,0.003132462501525879,0.1918537344997521,True
8,DarkVisibilityRelation,0.4125,-1.632733702659607,-1.6355735063552856,0.002839803695678711,0.17392927896080582,True
8,DarkVisibilityRelation,0.775,-1.632733702659607,-1.6346830129623413,0.001949310302734375,0.1193892859359876,True
8,DarkVisibilityRelation,1.1375,-1.632733702659607,-1.6362491846084595,0.003515481948852539,0.2153125025839209,True
8,DarkVisibilityRelation,1.5,-1.632733702659607,-1.636250376701355,0.003516674041748047,0.21538551462277608,True
8,DustRelation,0.0,-1.632733702659607,-1.6298959255218506,0.0028377771377563477,0.173805158494752,True
8,DustRelation,0.375,-1.632733702659607,-1.6301774978637695,0.0025562047958374023,0.1565597149171589,True
8,DustRelation,0.75,-1.632733702659607,-1.6300196647644043,0.0027140378952026367,0.1662265088615845,True
8,DustRelation,1.125,-1.632733702659607,-1.6296896934509277,0.0030440092086791992,0.18643624121669786,True
8,DustRelation,1.5,-1.632733702659607,-1.6300101280212402,0.0027235746383666992,0.16681060517242594,True
8,FogRelation,0.0,-1.632733702659607,-1.6362496614456177,0.003515958786010742,0.21534170739946298,True
8,FogRelation,0.375,-1.632733702659607,-1.63587486743927,0.003141164779663086,0.19238672238339488,True
8,FogRelation,0.75,-1.632733702659607,-1.636334776878357,0.00360107421875,0.2205547669737227,True
8,FogRelation,1.125,-1.632733702659607,-1.6360586881637573,0.0033249855041503906,0.2036451787748634,True
8,FogRelation,1.5,-1.632733702659607,-1.6364829540252686,0.003749251365661621,0.22963016340342138,True
8,GlobalBlurRelation,1.0,-1.632733702659607,-1.6304359436035156,0.0022977590560913086,0.14073070489335623,True
8,GlobalBlurRelation,8.5,-1.632733702659607,-1.6303973197937012,0.0023363828659057617,0.143096294952264,True
8,GlobalBlurRelation,16.0,-1.632733702659607,-1.630415678024292,0.0023180246353149414,0.14197190955389424,True
8,GlobalBlurRelation,23.5,-1.632733702659607,-1.630413293838501,0.002320408821105957,0.14211793363160463,True
8,GlobalBlurRelation,31.0,-1.632733702659607,-1.630420207977295,0.0023134946823120117,0.1416944638062446,True
8,GlobalBrightnessRelation,0.1,-1.632733702659607,-1.6352801322937012,0.0025464296340942383,0.1559610161985464,True
8,GlobalBrightnessRelation,0.825,-1.632733702659607,-1.6315797567367554,0.0011539459228515625,0.07067565361181262,True
8,GlobalBrightnessRelation,1.55,-1.632733702659607,-1.6280932426452637,0.004640460014343262,0.2842139636515527,True
8,GlobalBrightnessRelation,2.275,-1.632733702659607,-1.627460241317749,0.00527346134185791,0.3229833562836524,True
8,GlobalBrightnessRelation,3.0,-1.632733702659607,-1.6278231143951416,0.004910588264465332,0.3007584916561361,True
8,GlobalContrastRelation,0.1,-1.632733702659607,-1.6320525407791138,0.0006811618804931641,0.041719079001848895,True
8,GlobalContrastRelation,1.075,-1.632733702659607,-1.6304388046264648,0.00229489803314209,0.14055547600010382,True
8,GlobalContrastRelation,2.05,-1.632733702659607,-1.6288068294525146,0.003926873207092285,0.2405089571928429,True
8,GlobalContrastRelation,3.025,-1.632733702659607,-1.6279698610305786,0.00476384162902832,0.2917707096730636,True
8,GlobalContrastRelation,4.0,-1.632733702659607,-1.6274534463882446,0.005280256271362305,0.32339952490512686,True
8,GlobalNoiseRelation,0.0,-1.632733702659607,-1.633333683013916,0.000599980354309082,0.036746959155811255,True
8,GlobalNoiseRelation,37.5,-1.632733702659607,-1.6333537101745605,0.0006200075149536133,0.037973561408578244,True
8,GlobalNoiseRelation,75.0,-1.632733702659607,-1.63334321975708,0.0006095170974731445,0.037331055466652684,True
8,GlobalNoiseRelation,112.5,-1.632733702659607,-1.6330970525741577,0.00036334991455078125,0.022254069443058352,True
8,GlobalNoiseRelation,150.0,-1.632733702659607,-1.633000135421753,0.0002664327621459961,0.016318190684132355,True
8,GlobalRotationRelation,-60.0,-1.632733702659607,-1.6339311599731445,0.0011974573135375977,0.07334059303002663,True
8,GlobalRotationRelation,-30.0,-1.632733702659607,-1.6286449432373047,0.004088759422302246,0.25042399206937616,True
8,GlobalRotationRelation,0.0,-1.632733702659607,-1.6334880590438843,0.0007543563842773438,0.04620201818755685,True
8,GlobalRotationRelation,30.0,-1.632733702659607,-1.627945899963379,0.004787802696228027,0.2932382516540527,True
8,GlobalRotationRelation,60.0,-1.632733702659607,-1.6330671310424805,0.00033342838287353516,0.02042146726779338,True
8,GlobalTranslationRelation,0.0,-1.632733702659607,-1.6347733736038208,0.002039670944213867,0.12492359848121012,True
8,GlobalTranslationRelation,20.0,-1.632733702659607,-1.630795955657959,0.0019377470016479492,0.11868106915909238,True
8,GlobalTranslationRelation,40.0,-1.632733702659607,-1.6314976215362549,0.0012360811233520508,0.0757061830889344,True
8,GlobalTranslationRelation,60.0,-1.632733702659607,-1.6359658241271973,0.003232121467590332,0.197957540948045,True
8,GlobalTranslationRelation,80.0,-1.632733702659607,-1.6334466934204102,0.0007129907608032227,0.04366850043928216,True
8,HazeRelation,0.0,-1.632733702659607,-1.6347733736038208,0.002039670944213867,0.12492359848121012,True
8,HazeRelation,0.375,-1.632733702659607,-1.6344033479690552,0.0016696453094482422,0.10226066162056277,True
8,HazeRelation,0.75,-1.632733702659607,-1.6346993446350098,0.001965641975402832,0.12038955086830355,True
8,HazeRelation,1.125,-1.632733702659607,-1.6337156295776367,0.0009819269180297852,0.06014001640501039,True
8,HazeRelation,1.5,-1.632733702659607,-1.6340594291687012,0.0013257265090942383,0.08119668841084382,True
8,NoiseRelation,0.0,-1.632733702659607,-1.636249303817749,0.00351560115814209,0.21531980378780644,True
8,NoiseRelation,37.5,-1.632733702659607,-1.636225938796997,0.0034922361373901367,0.2138887678262449,True
8,NoiseRelation,75.0,-1.632733702659607,-1.63616144657135,0.003427743911743164,0.20993881652417976,True
8,NoiseRelation,112.5,-1.632733702659607,-1.6358616352081299,0.0031279325485229492,0.19157628875210242,True
8,NoiseRelation,150.0,-1.632733702659607,-1.636339783668518,0.003606081008911133,0.22086141753691443,True
8,RainRelation,0.0,-1.632733702659607,-1.6304924488067627,0.0022412538528442383,0.13726993425162076,True
8,RainRelation,0.375,-1.632733702659607,-1.6287105083465576,0.004023194313049316,0.24640832993234135,True
8,RainRelation,0.75,-1.632733702659607,-1.631305456161499,0.0014282464981079102,0.08747572375238916,True
8,RainRelation,1.125,-1.632733702659607,-1.6282336711883545,0.004500031471252441,0.2756131454744127,True
8,RainRelation,1.5,-1.632733702659607,-1.6284034252166748,0.004330277442932129,0.2652162311414353,True
8,RotationRelation,-60.0,-1.632733702659607,-1.6303608417510986,0.0023728609085083008,0.14533046334123245,True
8,RotationRelation,-30.0,-1.632733702659607,-1.6305699348449707,0.0021637678146362305,0.13252415172603418,True
8,RotationRelation,0.0,-1.632733702659607,-1.6305625438690186,0.002171158790588379,0.13297682636693628,True
8,RotationRelation,30.0,-1.632733702659607,-1.6305253505706787,0.0022083520889282227,0.13525480197921785,True
8,RotationRelation,60.0,-1.632733702659607,-1.6306196451187134,0.0021140575408935547,0.12947954970577324,True
8,SandstormRelation,0.0,-1.632733702659607,-1.6298959255218506,0.0028377771377563477,0.173805158494752,True
8,SandstormRelation,0.375,-1.632733702659607,-1.6306736469268799,0.0020600557327270508,0.12617210434563367,True
8,SandstormRelation,0.75,-1.632733702659607,-1.6311254501342773,0.0016082525253295898,0.09850054161952108,True
8,SandstormRelation,1.125,-1.632733702659607,-1.6310577392578125,0.0016759634017944336,0.1026476254264952,True
8,SandstormRelation,1.5,-1.632733702659607,-1.631335735321045,0.0013979673385620117,0.08562121796546764,True
8,SmokeRelation,0.0,-1.632733702659607,-1.630434513092041,0.002299189567565918,0.14081831933998246,True
8,SmokeRelation,0.375,-1.632733702659607,-1.63042151927948,0.002312183380126953,0.1416141505635039,True
8,SmokeRelation,0.75,-1.632733702659607,-1.6307196617126465,0.0020140409469604492,0.12335383964582379,True
8,SmokeRelation,1.125,-1.632733702659607,-1.630340814590454,0.002392888069152832,0.14655706559399947,True
8,SmokeRelation,1.5,-1.632733702659607,-1.6303881406784058,0.002345561981201172,0.1436584876514489,True
8,SnowRelation,0.0,-1.632733702659607,-1.6306164264678955,0.0021172761917114258,0.12967668221068224,True
8,SnowRelation,0.375,-1.632733702659607,-1.630573034286499,0.00216066837310791,0.1323343204250107,True
8,SnowRelation,0.75,-1.632733702659607,-1.6293210983276367,0.003412604331970215,0.20901156363071902,True
8,SnowRelation,1.125,-1.632733702659607,-1.6302074193954468,0.0025262832641601562,0.1547271127418939,True
8,SnowRelation,1.5,-1.632733702659607,-1.6306452751159668,0.0020884275436401367,0.12790979087038692,True
8,TranslationRelation,0.0,-1.632733702659607,-1.6347732543945312,0.0020395517349243164,0.12491629727732459,True
8,TranslationRelation,20.0,-1.632733702659607,-1.634895920753479,0.0021622180938720703,0.13242923607552246,True
8,TranslationRelation,40.0,-1.632733702659607,-1.6349821090698242,0.002248406410217285,0.13770800648475184,True
8,TranslationRelation,60.0,-1.632733702659607,-1.6358757019042969,0.0031419992446899414,0.1924378308105935,True
8,TranslationRelation,80.0,-1.632733702659607,-1.6347932815551758,0.0020595788955688477,0.12614289953009158,True
8,DarkVisibilityRelation,0.05,-1.632733702659607,-1.6358661651611328,0.003132462501525879,0.1918537344997521,True
8,DarkVisibilityRelation,0.4125,-1.632733702659607,-1.6355735063552856,0.002839803695678711,0.17392927896080582,True
8,DarkVisibilityRelation,0.775,-1.632733702659607,-1.6346830129623413,0.001949310302734375,0.1193892859359876,True
8,DarkVisibilityRelation,1.1375,-1.632733702659607,-1.6362491846084595,0.003515481948852539,0.2153125025839209,True
8,DarkVisibilityRelation,1.5,-1.632733702659607,-1.636250376701355,0.003516674041748047,0.21538551462277608,True
8,TemporalSmoothnessRelation,0.0,-1.6304880380630493,-1.6305930614471436,0.00010502338409423828,0.0,True
9,BlurRelation,1.0,-1.6377265453338623,-1.6333059072494507,0.004420638084411621,0.2699251225887175,True
9,BlurRelation,8.5,-1.6377265453338623,-1.6334319114685059,0.004294633865356445,0.26223127757681786,True
9,BlurRelation,16.0,-1.6377265453338623,-1.6333130598068237,0.004413485527038574,0.2694883858803788,True
9,BlurRelation,23.5,-1.6377265453338623,-1.6334114074707031,0.00431513786315918,0.26348325614072204,True
9,BlurRelation,31.0,-1.6377265453338623,-1.6331934928894043,0.004533052444458008,0.27678916785477364,True
9,BrightnessRelation,0.1,-1.6377265453338623,-1.6306065320968628,0.007120013236999512,0.43474955631573303,True
9,BrightnessRelation,0.825,-1.6377265453338623,-1.631287932395935,0.006438612937927246,0.39314310590133533,True
9,BrightnessRelation,1.55,-1.6377265453338623,-1.630260705947876,0.007465839385986328,0.4558657761639079,True
9,BrightnessRelation,2.275,-1.6377265453338623,-1.626763939857483,0.010962605476379395,0.6693790739255466,False
9,BrightnessRelation,3.0,-1.6377265453338623,-1.6289337873458862,0.008792757987976074,0.5368877145058709,True
9,CompositeRelation,0.1,-1.6377265453338623,-1.6298723220825195,0.007854223251342773,0.47958057942669796,True
9,CompositeRelation,0.44999999999999996,-1.6377265453338623,-1.6306358575820923,0.0070906877517700195,0.43295893581154443,True
9,CompositeRelation,0.7999999999999999,-1.6377265453338623,-1.6313543319702148,0.006372213363647461,0.3890887334589247,True
9,CompositeRelation,1.15,-1.6377265453338623,-1.629895806312561,0.00783073902130127,0.4781466272343193,True
9,CompositeRelation,1.5,-1.6377265453338623,-1.6342921257019043,0.003434419631958008,0.2097064094539533,True
9,ContrastRelation,0.1,-1.6377265453338623,-1.629849910736084,0.00787663459777832,0.4809490211128258,True
9,ContrastRelation,1.075,-1.6377265453338623,-1.6298820972442627,0.00784444808959961,0.4789837059253017,True
9,ContrastRelation,2.05,-1.6377265453338623,-1.6298296451568604,0.007896900177001953,0.48218644178645204,True
9,ContrastRelation,3.025,-1.6377265453338623,-1.6297369003295898,0.007989645004272461,0.48784946110457683,True
9,ContrastRelation,4.0,-1.6377265453338623,-1.6295199394226074,0.008206605911254883,0.5010971412575166,True
9,DarkVisibilityRelation,0.05,-1.6377265453338623,-1.6358661651611328,0.0018603801727294922,0.11359521783888911,True
9,DarkVisibilityRelation,0.4125,-1.6377265453338623,-1.6355735063552856,0.00215303897857666,0.13146502815507985,True
9,DarkVisibilityRelation,0.775,-1.6377265453338623,-1.6346830129623413,0.003043532371520996,0.18583874834324476,True
9,DarkVisibilityRelation,1.1375,-1.6377265453338623,-1.6362491846084595,0.001477360725402832,0.09020796710735311,True
9,DarkVisibilityRelation,1.5,-1.6377265453338623,-1.636250376701355,0.0014761686325073242,0.09013517765596334,True
9,DustRelation,0.0,-1.6377265453338623,-1.6298959255218506,0.007830619812011719,0.4781393482891803,True
9,DustRelation,0.375,-1.6377265453338623,-1.6301774978637695,0.0075490474700927734,0.4609464798709145,True
9,DustRelation,0.75,-1.6377265453338623,-1.6300196647644043,0.007706880569458008,0.4705838032349212,True
9,DustRelation,1.125,-1.6377265453338623,-1.6296896934509277,0.00803685188293457,0.4907319233796121,True
9,DustRelation,1.5,-1.6377265453338623,-1.6300101280212402,0.00771641731262207,0.4711661188460395,True
9,FogRelation,0.0,-1.6377265453338623,-1.6362496614456177,0.001476883888244629,0.0901788513267972,True
9,FogRelation,0.375,-1.6377265453338623,-1.63587486743927,0.0018516778945922852,0.11306385484374372,True
9,FogRelation,0.75,-1.6377265453338623,-1.636334776878357,0.001391768455505371,0.08498168449756698,True
9,FogRelation,1.125,-1.6377265453338623,-1.6360586881637573,0.0016678571701049805,0.1018397214394398,True
9,FogRelation,1.5,-1.6377265453338623,-1.6364829540252686,0.00124359130859375,0.07593395568981745,True
9,GlobalBlurRelation,1.0,-1.6377265453338623,-1.6304359436035156,0.00729060173034668,0.44516572680961036,True
9,GlobalBlurRelation,8.5,-1.6377265453338623,-1.6303973197937012,0.007329225540161133,0.44752410503463924,True
9,GlobalBlurRelation,16.0,-1.6377265453338623,-1.630415678024292,0.0073108673095703125,0.4464031474832366,True
9,GlobalBlurRelation,23.5,-1.6377265453338623,-1.630413293838501,0.007313251495361328,0.44654872638601617,True
9,GlobalBlurRelation,31.0,-1.6377265453338623,-1.630420207977295,0.007306337356567383,0.44612654756795544,True
9,GlobalBrightnessRelation,0.1,-1.6377265453338623,-1.6352801322937012,0.002446413040161133,0.14937851214210449,True
9,GlobalBrightnessRelation,0.825,-1.6377265453338623,-1.6315797567367554,0.006146788597106934,0.3753242482011175,True
9,GlobalBrightnessRelation,1.55,-1.6377265453338623,-1.6280932426452637,0.009633302688598633,0.588211556680804,True
9,GlobalBrightnessRelation,2.275,-1.6377265453338623,-1.627460241317749,0.010266304016113281,0.6268627553687767,False
9,GlobalBrightnessRelation,3.0,-1.6377265453338623,-1.6278231143951416,0.009903430938720703,0.604705646365728,True
9,GlobalContrastRelation,0.1,-1.6377265453338623,-1.6320525407791138,0.005674004554748535,0.3464559517799311,True
9,GlobalContrastRelation,1.075,-1.6377265453338623,-1.6304388046264648,0.007287740707397461,0.44499103212627494,True
9,GlobalContrastRelation,2.05,-1.6377265453338623,-1.6288068294525146,0.008919715881347656,0.5446397910788824,True
9,GlobalContrastRelation,3.025,-1.6377265453338623,-1.6279698610305786,0.009756684303283691,0.5957452648996463,True
9,GlobalContrastRelation,4.0,-1.6377265453338623,-1.6274534463882446,0.010273098945617676,0.6272776552416985,False
9,GlobalNoiseRelation,0.0,-1.6377265453338623,-1.633333683013916,0.004392862319946289,0.2682291283713356,True
9,GlobalNoiseRelation,37.5,-1.6377265453338623,-1.6333537101745605,0.004372835159301758,0.26700626558798735,True
9,GlobalNoiseRelation,75.0,-1.6377265453338623,-1.63334321975708,0.0043833255767822266,0.2676468127602174,True
9,GlobalNoiseRelation,112.5,-1.6377265453338623,-1.6330970525741577,0.00462949275970459,0.28267783447220673,True
9,GlobalNoiseRelation,150.0,-1.6377265453338623,-1.633000135421753,0.004726409912109375,0.28859561687019575,True
9,GlobalRotationRelation,-60.0,-1.6377265453338623,-1.6339311599731445,0.0037953853607177734,0.23174705533477838,True
9,GlobalRotationRelation,-30.0,-1.6377265453338623,-1.6286449432373047,0.009081602096557617,0.5545245985776144,True
9,GlobalRotationRelation,0.0,-1.6377265453338623,-1.6334880590438843,0.004238486289978027,0.25880289441635923,True
9,GlobalRotationRelation,30.0,-1.6377265453338623,-1.627945899963379,0.009780645370483398,0.5972083328725808,True
9,GlobalRotationRelation,60.0,-1.6377265453338623,-1.6330671310424805,0.004659414291381836,0.2845048497020902,True
9,GlobalTranslationRelation,0.0,-1.6377265453338623,-1.6347733736038208,0.002953171730041504,0.18032130792789952,True
9,GlobalTranslationRelation,20.0,-1.6377265453338623,-1.630795955657959,0.00693058967590332,0.42318331248989716,True
9,GlobalTranslationRelation,40.0,-1.6377265453338623,-1.6314976215362549,0.006228923797607422,0.38033944140187326,True
9,GlobalTranslationRelation,60.0,-1.6377265453338623,-1.6359658241271973,0.001760721206665039,0.10751001970270357,True
9,GlobalTranslationRelation,80.0,-1.6377265453338623,-1.6334466934204102,0.0042798519134521484,0.26132868837958456,True
9,HazeRelation,0.0,-1.6377265453338623,-1.6347733736038208,0.002953171730041504,0.18032130792789952,True
9,HazeRelation,0.375,-1.6377265453338623,-1.6344033479690552,0.003323197364807129,0.20291515363928692,True
9,HazeRelation,0.75,-1.6377265453338623,-1.6346993446350098,0.003027200698852539,0.1848415328592048,True
9,HazeRelation,1.125,-1.6377265453338623,-1.6337156295776367,0.004010915756225586,0.24490738814605043,True
9,HazeRelation,1.5,-1.6377265453338623,-1.6340594291687012,0.003667116165161133,0.22391491036523817,True
9,NoiseRelation,0.0,-1.6377265453338623,-1.636249303817749,0.0014772415161132812,0.09020068816221415,True
9,NoiseRelation,37.5,-1.6377265453338623,-1.636225938796997,0.0015006065368652344,0.09162736140945381,True
9,NoiseRelation,75.0,-1.6377265453338623,-1.63616144657135,0.001565098762512207,0.09556527072964086,True
9,NoiseRelation,112.5,-1.6377265453338623,-1.6358616352081299,0.0018649101257324219,0.11387181775417027,True
9,NoiseRelation,150.0,-1.6377265453338623,-1.636339783668518,0.0013867616653442383,0.08467596880172991,True
9,RainRelation,0.0,-1.6377265453338623,-1.6304924488067627,0.007234096527099609,0.4417155068137349,True
9,RainRelation,0.375,-1.6377265453338623,-1.6287105083465576,0.009016036987304688,0.5505211787511766,True
9,RainRelation,0.75,-1.6377265453338623,-1.631305456161499,0.006421089172363281,0.3920731009659056,True
9,RainRelation,1.125,-1.6377265453338623,-1.6282336711883545,0.009492874145507812,0.5796369593070881,True
9,RainRelation,1.5,-1.6377265453338623,-1.6284034252166748,0.0093231201171875,0.5692717414291836,True
9,RotationRelation,-60.0,-1.6377265453338623,-1.6303608417510986,0.007365703582763672,0.44975146224716644,True
9,RotationRelation,-30.0,-1.6377265453338623,-1.6305699348449707,0.0071566104888916016,0.43698419247339926,True
9,RotationRelation,0.0,-1.6377265453338623,-1.6305625438690186,0.00716400146484375,0.43743548707201585,True
9,RotationRelation,30.0,-1.6377265453338623,-1.6305253505706787,0.007201194763183594,0.43970651795537696,True
9,RotationRelation,60.0,-1.6377265453338623,-1.6306196451187134,0.007106900215148926,0.4339488723504455,True
9,SandstormRelation,0.0,-1.6377265453338623,-1.6298959255218506,0.007830619812011719,0.4781393482891803,True
9,SandstormRelation,0.375,-1.6377265453338623,-1.6306736469268799,0.007052898406982422,0.43065151020248843,True
9,SandstormRelation,0.75,-1.6377265453338623,-1.6311254501342773,0.006601095199584961,0.40306430812576227,True
9,SandstormRelation,1.125,-1.6377265453338623,-1.6310577392578125,0.006668806076049805,0.40719874896470165,True
9,SandstormRelation,1.5,-1.6377265453338623,-1.631335735321045,0.006390810012817383,0.39022424890060525,True
9,SmokeRelation,0.0,-1.6377265453338623,-1.630434513092041,0.007292032241821289,0.4452530741512781,True
9,SmokeRelation,0.375,-1.6377265453338623,-1.63042151927948,0.007305026054382324,0.4460464791714268,True
9,SmokeRelation,0.75,-1.6377265453338623,-1.6307196617126465,0.00700688362121582,0.42784183737884296,True
9,SmokeRelation,1.125,-1.6377265453338623,-1.630340814590454,0.007385730743408203,0.4509743250305148,True
9,SmokeRelation,1.5,-1.6377265453338623,-1.6303881406784058,0.007338404655456543,0.4480845838103406,True
9,SnowRelation,0.0,-1.6377265453338623,-1.6306164264678955,0.007110118865966797,0.4341454038691979,True
9,SnowRelation,0.375,-1.6377265453338623,-1.630573034286499,0.007153511047363281,0.43679493989978585,True
9,SnowRelation,0.75,-1.6377265453338623,-1.6293210983276367,0.008405447006225586,0.5132384217493317,True
9,SnowRelation,1.125,-1.6377265453338623,-1.6302074193954468,0.007519125938415527,0.45911946464103104,True
9,SnowRelation,1.5,-1.6377265453338623,-1.6306452751159668,0.007081270217895508,0.4323838991455652,True
9,TranslationRelation,0.0,-1.6377265453338623,-1.6347732543945312,0.0029532909393310547,0.1803285868730385,True
9,TranslationRelation,20.0,-1.6377265453338623,-1.634895920753479,0.0028306245803833008,0.17283855232503023,True
9,TranslationRelation,40.0,-1.6377265453338623,-1.6349821090698242,0.002744436264038086,0.1675758749895492,True
9,TranslationRelation,60.0,-1.6377265453338623,-1.6358757019042969,0.0018508434295654297,0.11301290222777088,True
9,TranslationRelation,80.0,-1.6377265453338623,-1.6347932815551758,0.0029332637786865234,0.1791057240896902,True
9,DarkVisibilityRelation,0.05,-1.6377265453338623,-1.6358661651611328,0.0018603801727294922,0.11359521783888911,True
9,DarkVisibilityRelation,0.4125,-1.6377265453338623,-1.6355735063552856,0.00215303897857666,0.13146502815507985,True
9,DarkVisibilityRelation,0.775,-1.6377265453338623,-1.6346830129623413,0.003043532371520996,0.18583874834324476,True
9,DarkVisibilityRelation,1.1375,-1.6377265453338623,-1.6362491846084595,0.001477360725402832,0.09020796710735311,True
9,DarkVisibilityRelation,1.5,-1.6377265453338623,-1.636250376701355,0.0014761686325073242,0.09013517765596334,True
9,TemporalSmoothnessRelation,0.0,-1.6304880380630493,-1.6305930614471436,0.00010502338409423828,0.0,True
0,BlurRelation,1.0,-1.6304880380630493,-1.6333059072494507,0.002817869186401367,0.17282355910524086,True
0,BlurRelation,8.5,-1.6304880380630493,-1.6334319114685059,0.002943873405456543,0.1805515607117321,True
0,BlurRelation,16.0,-1.6304880380630493,-1.6333130598068237,0.002825021743774414,0.17326223469312116,True
0,BlurRelation,23.5,-1.6304880380630493,-1.6334114074707031,0.0029233694076538086,0.17929402402647523,True
0,BlurRelation,31.0,-1.6304880380630493,-1.6331934928894043,0.0027054548263549805,0.1659290411157222,True
0,BrightnessRelation,0.1,-1.6304880380630493,-1.6306065320968628,0.00011849403381347656,0.007267392239216915,True
0,BrightnessRelation,0.825,-1.6304880380630493,-1.631287932395935,0.0007998943328857422,0.049058553244613175,True
0,BrightnessRelation,1.55,-1.6304880380630493,-1.630260705947876,0.00022733211517333984,0.013942572434795427,True
0,BrightnessRelation,2.275,-1.6304880380630493,-1.626763939857483,0.0037240982055664062,0.22840375608967445,True
0,BrightnessRelation,3.0,-1.6304880380630493,-1.6289337873458862,0.001554250717163086,0.09532420524638846,True
0,CompositeRelation,0.1,-1.6304880380630493,-1.6298723220825195,0.0006157159805297852,0.03776265685669554,True
0,CompositeRelation,0.44999999999999996,-1.6304880380630493,-1.6306358575820923,0.00014781951904296875,0.00906596214952613,True
0,CompositeRelation,0.7999999999999999,-1.6304880380630493,-1.6313543319702148,0.0008662939071655273,0.05313092495210193,True
0,CompositeRelation,1.15,-1.6304880380630493,-1.629895806312561,0.0005922317504882812,0.03632233867648856,True
0,CompositeRelation,1.5,-1.6304880380630493,-1.6342921257019043,0.0038040876388549805,0.23330961141413575,True
0,ContrastRelation,0.1,-1.6304880380630493,-1.629849910736084,0.000638127326965332,0.03913717369872047,True
0,ContrastRelation,1.075,-1.6304880380630493,-1.6298820972442627,0.0006059408187866211,0.037163133553259134,True
0,ContrastRelation,2.05,-1.6304880380630493,-1.6298296451568604,0.0006583929061889648,0.040380087864381305,True
0,ContrastRelation,3.025,-1.6304880380630493,-1.6297369003295898,0.0007511377334594727,0.04606824798722915,True
0,ContrastRelation,4.0,-1.6304880380630493,-1.6295199394226074,0.0009680986404418945,0.05937474081959815,True
0,DarkVisibilityRelation,0.05,-1.6304880380630493,-1.6358661651611328,0.005378127098083496,0.3298474857869931,True
0,DarkVisibilityRelation,0.4125,-1.6304880380630493,-1.6355735063552856,0.005085468292236328,0.31189834298289093,True
0,DarkVisibilityRelation,0.775,-1.6304880380630493,-1.6346830129623413,0.004194974899291992,0.257283232291794,True
0,DarkVisibilityRelation,1.1375,-1.6304880380630493,-1.6362491846084595,0.005761146545410156,0.35333856351798293,True
0,DarkVisibilityRelation,1.5,-1.6304880380630493,-1.636250376701355,0.005762338638305664,0.353411676115963,True
0,DustRelation,0.0,-1.6304880380630493,-1.6298959255218506,0.0005921125411987305,0.03631502741669056,True
0,DustRelation,0.375,-1.6304880380630493,-1.6301774978637695,0.00031054019927978516,0.01904583177380288,True
0,DustRelation,0.75,-1.6304880380630493,-1.6300196647644043,0.00046837329864501953,0.028725939746361426,True
0,DustRelation,1.125,-1.6304880380630493,-1.6296896934509277,0.000798344612121582,0.04896350686723911,True
0,DustRelation,1.5,-1.6304880380630493,-1.6300101280212402,0.00047791004180908203,0.02931084053020182,True
0,FogRelation,0.0,-1.6304880380630493,-1.6362496614456177,0.005761623382568359,0.353367808557175,True
0,FogRelation,0.375,-1.6304880380630493,-1.63587486743927,0.005386829376220703,0.33038120775224744,True
0,FogRelation,0.75,-1.6304880380630493,-1.636334776878357,0.005846738815307617,0.35858804805295047,True
0,FogRelation,1.125,-1.6304880380630493,-1.6360586881637573,0.005570650100708008,0.3416551703607711,True
0,FogRelation,1.5,-1.6304880380630493,-1.6364829540252686,0.005994915962219238,0.36767594398187065,True
0,GlobalBlurRelation,1.0,-1.6304880380630493,-1.6304359436035156,5.2094459533691406e-05,0.0031950205317281604,True
0,GlobalBlurRelation,8.5,-1.6304880380630493,-1.6303973197937012,9.071826934814453e-05,0.005563868706281763,True
0,GlobalBlurRelation,16.0,-1.6304880380630493,-1.630415678024292,7.236003875732422e-05,0.004437934697389001,True
0,GlobalBlurRelation,23.5,-1.6304880380630493,-1.630413293838501,7.474422454833984e-05,0.0045841598933491,True
0,GlobalBlurRelation,31.0,-1.6304880380630493,-1.630420207977295,6.783008575439453e-05,0.0041601068250648136,True
0,GlobalBrightnessRelation,0.1,-1.6304880380630493,-1.6352801322937012,0.0047920942306518555,0.29390533262000074,True
0,GlobalBrightnessRelation,0.825,-1.6304880380630493,-1.6315797567367554,0.0010917186737060547,0.06695651723012928,True
0,GlobalBrightnessRelation,1.55,-1.6304880380630493,-1.6280932426452637,0.0023947954177856445,0.14687589808212131,True
0,GlobalBrightnessRelation,2.275,-1.6304880380630493,-1.627460241317749,0.003027796745300293,0.18569868760952757,True
0,GlobalBrightnessRelation,3.0,-1.6304880380630493,-1.6278231143951416,0.002664923667907715,0.16344321278440052,True
0,GlobalContrastRelation,0.1,-1.6304880380630493,-1.6320525407791138,0.0015645027160644531,0.09595297358901689,True
0,GlobalContrastRelation,1.075,-1.6304880380630493,-1.6304388046264648,4.9233436584472656e-05,0.0030195502965760417,True
0,GlobalContrastRelation,2.05,-1.6304880380630493,-1.6288068294525146,0.001681208610534668,0.10311069693126372,True
0,GlobalContrastRelation,3.025,-1.6304880380630493,-1.6279698610305786,0.002518177032470703,0.15444305197305644,True
0,GlobalContrastRelation,4.0,-1.6304880380630493,-1.6274534463882446,0.0030345916748046875,0.18611542941801387,True
0,GlobalNoiseRelation,0.0,-1.6304880380630493,-1.633333683013916,0.0028456449508666992,0.17452708263817604,True
0,GlobalNoiseRelation,37.5,-1.6304880380630493,-1.6333537101745605,0.0028656721115112305,0.17575537428424085,True
0,GlobalNoiseRelation,75.0,-1.6304880380630493,-1.63334321975708,0.0028551816940307617,0.1751119834220164,True
0,GlobalNoiseRelation,112.5,-1.6304880380630493,-1.6330970525741577,0.0026090145111083984,0.1600142319391362,True
0,GlobalNoiseRelation,150.0,-1.6304880380630493,-1.633000135421753,0.0025120973587036133,0.1540701777233582,True
0,GlobalRotationRelation,-60.0,-1.6304880380630493,-1.6339311599731445,0.003443121910095215,0.21117111674577682,True
0,GlobalRotationRelation,-30.0,-1.6304880380630493,-1.6286449432373047,0.001843094825744629,0.11303938773695443,True
0,GlobalRotationRelation,0.0,-1.6304880380630493,-1.6334880590438843,0.003000020980834961,0.18399516407659244,True
0,GlobalRotationRelation,30.0,-1.6304880380630493,-1.627945899963379,0.00254213809967041,0.15591261519245544,True
0,GlobalRotationRelation,60.0,-1.6304880380630493,-1.6330671310424805,0.0025790929794311523,0.15817910572983698,True
0,GlobalTranslationRelation,0.0,-1.6304880380630493,-1.6347733736038208,0.004285335540771484,0.2628251672186817,True
0,GlobalTranslationRelation,20.0,-1.6304880380630493,-1.630795955657959,0.00030791759490966797,0.01888498405824677,True
0,GlobalTranslationRelation,40.0,-1.6304880380630493,-1.6314976215362549,0.0010095834732055664,0.06191905922930388,True
0,GlobalTranslationRelation,60.0,-1.6304880380630493,-1.6359658241271973,0.005477786064147949,0.3359596989781252,True
0,GlobalTranslationRelation,80.0,-1.6304880380630493,-1.6334466934204102,0.00295865535736084,0.1814581569266847,True
0,HazeRelation,0.0,-1.6304880380630493,-1.6347733736038208,0.004285335540771484,0.2628251672186817,True
0,HazeRelation,0.375,-1.6304880380630493,-1.6344033479690552,0.003915309906005859,0.24013101680567436,True
0,HazeRelation,0.75,-1.6304880380630493,-1.6346993446350098,0.004211306571960449,0.25828487488412066,True
0,HazeRelation,1.125,-1.6304880380630493,-1.6337156295776367,0.0032275915145874023,0.19795235903098388,True
0,HazeRelation,1.5,-1.6304880380630493,-1.6340594291687012,0.0035713911056518555,0.21903803228843013,True
0,NoiseRelation,0.0,-1.6304880380630493,-1.636249303817749,0.005761265754699707,0.35334587477778095,True
0,NoiseRelation,37.5,-1.6304880380630493,-1.636225938796997,0.005737900733947754,0.35191286785737197,True
0,NoiseRelation,75.0,-1.6304880380630493,-1.63616144657135,0.005673408508300781,0.3479574763066513,True
0,NoiseRelation,112.5,-1.6304880380630493,-1.6358616352081299,0.005373597145080566,0.32956965791466886,True
0,NoiseRelation,150.0,-1.6304880380630493,-1.636339783668518,0.00585174560546875,0.3588951209644667,True
0,RainRelation,0.0,-1.6304880380630493,-1.6304924488067627,4.410743713378906e-06,0.00027051661252618293,True
0,RainRelation,0.375,-1.6304880380630493,-1.6287105083465576,0.0017775297164916992,0.10901819484805172,True
0,RainRelation,0.75,-1.6304880380630493,-1.631305456161499,0.000817418098449707,0.0501333084349199,True
0,RainRelation,1.125,-1.6304880380630493,-1.6282336711883545,0.0022543668746948242,0.1382632340400715,True
0,RainRelation,1.5,-1.6304880380630493,-1.6284034252166748,0.0020846128463745117,0.12785200008771244,True
0,RotationRelation,-60.0,-1.6304880380630493,-1.6303608417510986,0.0001271963119506836,0.0078011142044712755,True
0,RotationRelation,-30.0,-1.6304880380630493,-1.6305699348449707,8.189678192138672e-05,0.005022835481229396,True
0,RotationRelation,0.0,-1.6304880380630493,-1.6305625438690186,7.450580596923828e-05,0.00456953737375309,True
0,RotationRelation,30.0,-1.6304880380630493,-1.6305253505706787,3.731250762939453e-05,0.0022884243167755475,True
0,RotationRelation,60.0,-1.6304880380630493,-1.6306196451187134,0.0001316070556640625,0.008071630816997459,True
0,SandstormRelation,0.0,-1.6304880380630493,-1.6298959255218506,0.0005921125411987305,0.03631502741669056,True
0,SandstormRelation,0.375,-1.6304880380630493,-1.6306736469268799,0.0001856088638305664,0.011383631505493699,True
0,SandstormRelation,0.75,-1.6304880380630493,-1.6311254501342773,0.0006374120712280273,0.039093306139932435,True
0,SandstormRelation,1.125,-1.6304880380630493,-1.6310577392578125,0.0005697011947631836,0.03494051057466563,True
0,SandstormRelation,1.5,-1.6304880380630493,-1.631335735321045,0.0008476972579956055,0.051990368423613154,True
0,SmokeRelation,0.0,-1.6304880380630493,-1.630434513092041,5.352497100830078e-05,0.0032827556493042202,True
0,SmokeRelation,0.375,-1.6304880380630493,-1.63042151927948,6.651878356933594e-05,0.004079682967286759,True
0,SmokeRelation,0.75,-1.6304880380630493,-1.6307196617126465,0.00023162364959716797,0.014205777787523605,True
0,SmokeRelation,1.125,-1.6304880380630493,-1.630340814590454,0.00014722347259521484,0.009029405850536106,True
0,SmokeRelation,1.5,-1.6304880380630493,-1.6303881406784058,9.989738464355469e-05,0.006126835710728144,True
0,SnowRelation,0.0,-1.6304880380630493,-1.6306164264678955,0.0001283884048461914,0.007874226802451326,True
0,SnowRelation,0.375,-1.6304880380630493,-1.630573034286499,8.499622344970703e-05,0.005212928235977525,True
0,SnowRelation,0.75,-1.6304880380630493,-1.6293210983276367,0.0011669397354125977,0.0715699221626704,True
0,SnowRelation,1.125,-1.6304880380630493,-1.6302074193954468,0.00028061866760253906,0.017210705564503638,True
0,SnowRelation,1.5,-1.6304880380630493,-1.6306452751159668,0.00015723705291748047,0.00964355167356852,True
0,TranslationRelation,0.0,-1.6304880380630493,-1.6347732543945312,0.004285216331481934,0.26281785595888374,True
0,TranslationRelation,20.0,-1.6304880380630493,-1.634895920753479,0.0044078826904296875,0.2703411422910308,True
0,TranslationRelation,40.0,-1.6304880380630493,-1.6349821090698242,0.004494071006774902,0.2756271831249884,True
0,TranslationRelation,60.0,-1.6304880380630493,-1.6358757019042969,0.005387663841247559,0.33043238657083346,True
0,TranslationRelation,80.0,-1.6304880380630493,-1.6347932815551758,0.004305243492126465,0.26404614760494854,True
0,DarkVisibilityRelation,0.05,-1.6304880380630493,-1.6358661651611328,0.005378127098083496,0.3298474857869931,True
0,DarkVisibilityRelation,0.4125,-1.6304880380630493,-1.6355735063552856,0.005085468292236328,0.31189834298289093,True
0,DarkVisibilityRelation,0.775,-1.6304880380630493,-1.6346830129623413,0.004194974899291992,0.257283232291794,True
0,DarkVisibilityRelation,1.1375,-1.6304880380630493,-1.6362491846084595,0.005761146545410156,0.35333856351798293,True
0,DarkVisibilityRelation,1.5,-1.6304880380630493,-1.636250376701355,0.005762338638305664,0.353411676115963,True
0,TemporalSmoothnessRelation,0.0,-1.6304880380630493,-1.6305930614471436,0.00010502338409423828,0.0,True
1,BlurRelation,1.0,-1.6305930614471436,-1.6333059072494507,0.002712845802307129,0.1663716228611487,True
1,BlurRelation,8.5,-1.6305930614471436,-1.6334319114685059,0.0028388500213623047,0.17409912672212485,True
1,BlurRelation,16.0,-1.6305930614471436,-1.6333130598068237,0.0027199983596801758,0.16681027019478972,True
1,BlurRelation,23.5,-1.6305930614471436,-1.6334114074707031,0.0028183460235595703,0.1728416710323539,True
1,BlurRelation,31.0,-1.6305930614471436,-1.6331934928894043,0.002600431442260742,0.15947754893409052,True
1,BrightnessRelation,0.1,-1.6305930614471436,-1.6306065320968628,1.3470649719238281e-05,0.0008261191450239401,True
1,BrightnessRelation,0.825,-1.6305930614471436,-1.631287932395935,0.0006948709487915039,0.04261458846322607,True
1,BrightnessRelation,1.55,-1.6305930614471436,-1.630260705947876,0.0003323554992675781,0.020382479436519867,True
1,BrightnessRelation,2.275,-1.6305930614471436,-1.626763939857483,0.0038291215896606445,0.23482985006472545,True
1,BrightnessRelation,3.0,-1.6305930614471436,-1.6289337873458862,0.0016592741012573242,0.10175887061582498,True
1,CompositeRelation,0.1,-1.6305930614471436,-1.6298723220825195,0.0007207393646240234,0.0442010296532278,True
1,CompositeRelation,0.44999999999999996,-1.6305930614471436,-1.6306358575820923,4.279613494873047e-05,0.0026245732129521636,True
1,CompositeRelation,0.7999999999999999,-1.6305930614471436,-1.6313543319702148,0.0007612705230712891,0.04668669787719364,True
1,CompositeRelation,1.15,-1.6305930614471436,-1.629895806312561,0.0006972551345825195,0.04276080424110642,True
1,CompositeRelation,1.5,-1.6305930614471436,-1.6342921257019043,0.003699064254760742,0.22685377938135273,True
1,ContrastRelation,0.1,-1.6305930614471436,-1.629849910736084,0.0007431507110595703,0.045575457965303025,True
1,ContrastRelation,1.075,-1.6305930614471436,-1.6298820972442627,0.0007109642028808594,0.043601544963918396,True
1,ContrastRelation,2.05,-1.6305930614471436,-1.6298296451568604,0.0007634162902832031,0.046818292077285946,True
1,ContrastRelation,3.025,-1.6305930614471436,-1.6297369003295898,0.0008561611175537109,0.0525060858368313,True
1,ContrastRelation,4.0,-1.6305930614471436,-1.6295199394226074,0.0010731220245361328,0.06581172162394255,True
1,DarkVisibilityRelation,0.05,-1.6305930614471436,-1.6358661651611328,0.005273103713989258,0.32338543593795543,True
1,DarkVisibilityRelation,0.4125,-1.6305930614471436,-1.6355735063552856,0.00498044490814209,0.3054374492031433,True
1,DarkVisibilityRelation,0.775,-1.6305930614471436,-1.6346830129623413,0.004089951515197754,0.25082585616483505,True
1,DarkVisibilityRelation,1.1375,-1.6305930614471436,-1.6362491846084595,0.005656123161315918,0.3468750006544326,True
1,DarkVisibilityRelation,1.5,-1.6305930614471436,-1.636250376701355,0.005657315254211426,0.34694810854337277,True
1,DustRelation,0.0,-1.6305930614471436,-1.6298959255218506,0.0006971359252929688,0.042753493452212396,True
1,DustRelation,0.375,-1.6305930614471436,-1.6301774978637695,0.00041556358337402344,0.02548541008454385,True
1,DustRelation,0.75,-1.6305930614471436,-1.6300196647644043,0.0005733966827392578,0.03516489458022258,True
1,DustRelation,1.125,-1.6305930614471436,-1.6296896934509277,0.0009033679962158203,0.0554011582388621,True
1,DustRelation,1.5,-1.6305930614471436,-1.6300101280212402,0.0005829334259033203,0.035749757691743954,True
1,FogRelation,0.0,-1.6305930614471436,-1.6362496614456177,0.005656599998474121,0.3469042438100087,True
1,FogRelation,0.375,-1.6305930614471436,-1.63587486743927,0.005281805992126465,0.3239191235272187,True
1,FogRelation,0.75,-1.6305930614471436,-1.636334776878357,0.005741715431213379,0.35212414708033696,True
1,FogRelation,1.125,-1.6305930614471436,-1.6360586881637573,0.0054656267166137695,0.3351923600017932,True
1,FogRelation,1.5,-1.6305930614471436,-1.6364829540252686,0.005889892578125,0.36121145767560026,True
1,GlobalBlurRelation,1.0,-1.6305930614471436,-1.6304359436035156,0.0001571178436279297,0.009635619762314628,True
1,GlobalBlurRelation,8.5,-1.6305930614471436,-1.6303973197937012,0.0001957416534423828,0.012004315363976191,True
1,GlobalBlurRelation,16.0,-1.6305930614471436,-1.630415678024292,0.0001773834228515625,0.010878453874297546,True
1,GlobalBlurRelation,23.5,-1.6305930614471436,-1.630413293838501,0.00017976760864257812,0.01102466965217789,True
1,GlobalBlurRelation,31.0,-1.6305930614471436,-1.630420207977295,0.0001728534698486328,0.010600643896324894,True
1,GlobalBrightnessRelation,0.1,-1.6305930614471436,-1.6352801322937012,0.004687070846557617,0.28744559773496703,True
1,GlobalBrightnessRelation,0.825,-1.6305930614471436,-1.6315797567367554,0.0009866952896118164,0.060511399675780106,True
1,GlobalBrightnessRelation,1.55,-1.6305930614471436,-1.6280932426452637,0.002499818801879883,0.15330724310754004,True
1,GlobalBrightnessRelation,2.275,-1.6305930614471436,-1.627460241317749,0.0031328201293945312,0.19212753213477118,True
1,GlobalBrightnessRelation,3.0,-1.6305930614471436,-1.6278231143951416,0.002769947052001953,0.16987349074138294,True
1,GlobalContrastRelation,0.1,-1.6305930614471436,-1.6320525407791138,0.0014594793319702148,0.08950598842945219,True
1,GlobalContrastRelation,1.075,-1.6305930614471436,-1.6304388046264648,0.00015425682067871094,0.009460160828858217,True
1,GlobalContrastRelation,2.05,-1.6305930614471436,-1.6288068294525146,0.0017862319946289062,0.10954486078795325,True
1,GlobalContrastRelation,3.025,-1.6305930614471436,-1.6279698610305786,0.0026232004165649414,0.16087390961284778,True
1,GlobalContrastRelation,4.0,-1.6305930614471436,-1.6274534463882446,0.0031396150588989258,0.19254424710173015,True
1,GlobalNoiseRelation,0.0,-1.6305930614471436,-1.633333683013916,0.002740621566772461,0.1680750366734547,True
1,GlobalNoiseRelation,37.5,-1.6305930614471436,-1.6333537101745605,0.002760648727416992,0.1693032492076496,True
1,GlobalNoiseRelation,75.0,-1.6305930614471436,-1.63334321975708,0.0027501583099365234,0.1686598997849761,True
1,GlobalNoiseRelation,112.5,-1.6305930614471436,-1.6330970525741577,0.00250399112701416,0.15356312071883063,True
1,GlobalNoiseRelation,150.0,-1.6305930614471436,-1.633000135421753,0.002407073974609375,0.14761944934799467,True
1,GlobalRotationRelation,-60.0,-1.6305930614471436,-1.6339311599731445,0.0033380985260009766,0.20471671061026878,True
1,GlobalRotationRelation,-30.0,-1.6305930614471436,-1.6286449432373047,0.0019481182098388672,0.11947291210602858,True
1,GlobalRotationRelation,0.0,-1.6305930614471436,-1.6334880590438843,0.0028949975967407227,0.17754250829120694,True
1,GlobalRotationRelation,30.0,-1.6305930614471436,-1.627945899963379,0.0026471614837646484,0.16234337818054526,True
1,GlobalRotationRelation,60.0,-1.6305930614471436,-1.6330671310424805,0.002474069595336914,0.15172811270643233,True
1,GlobalTranslationRelation,0.0,-1.6305930614471436,-1.6347733736038208,0.004180312156677246,0.25636743414650004,True
1,GlobalTranslationRelation,20.0,-1.6305930614471436,-1.630795955657959,0.0002028942108154297,0.012442962697617221,True
1,GlobalTranslationRelation,40.0,-1.6305930614471436,-1.6314976215362549,0.0009045600891113281,0.05547426612780228,True
1,GlobalTranslationRelation,60.0,-1.6305930614471436,-1.6359658241271973,0.005372762680053711,0.3294972554533538,True
1,GlobalTranslationRelation,80.0,-1.6305930614471436,-1.6334466934204102,0.0028536319732666016,0.17500566454498298,True
1,HazeRelation,0.0,-1.6305930614471436,-1.6347733736038208,0.004180312156677246,0.25636743414650004,True
1,HazeRelation,0.375,-1.6305930614471436,-1.6344033479690552,0.003810286521911621,0.23367474541947075,True
1,HazeRelation,0.75,-1.6305930614471436,-1.6346993446350098,0.004106283187866211,0.2518274342433154,True
1,HazeRelation,1.125,-1.6305930614471436,-1.6337156295776367,0.003122568130493164,0.1914988042898857,True
1,HazeRelation,1.5,-1.6305930614471436,-1.6340594291687012,0.003466367721557617,0.21258311946023126,True
1,NoiseRelation,0.0,-1.6305930614471436,-1.636249303817749,0.005656242370605469,0.3468823114433266,True
1,NoiseRelation,37.5,-1.6305930614471436,-1.636225938796997,0.005632877349853516,0.34544939682009923,True
1,NoiseRelation,75.0,-1.6305930614471436,-1.63616144657135,0.005568385124206543,0.34149426002843597,True
1,NoiseRelation,112.5,-1.6305930614471436,-1.6358616352081299,0.005268573760986328,0.3231076259599828,True
1,NoiseRelation,150.0,-1.6305930614471436,-1.636339783668518,0.005746722221374512,0.35243120021388563,True
1,RainRelation,0.0,-1.6305930614471436,-1.6304924488067627,0.00010061264038085938,0.0061703058265504904,True
1,RainRelation,0.375,-1.6305930614471436,-1.6287105083465576,0.0018825531005859375,0.11545197821431913,True
1,RainRelation,0.75,-1.6305930614471436,-1.631305456161499,0.0007123947143554688,0.0436892744306466,True
1,RainRelation,1.125,-1.6305930614471436,-1.6282336711883545,0.0023593902587890625,0.1446951337903878,True
1,RainRelation,1.5,-1.6305930614471436,-1.6284034252166748,0.00218963623046875,0.13428457040530736,True
1,RotationRelation,-60.0,-1.6305930614471436,-1.6303608417510986,0.00023221969604492188,0.014241416765545446,True
1,RotationRelation,-30.0,-1.6305930614471436,-1.6305699348449707,2.3126602172851562e-05,0.0014182930454393308,True
1,RotationRelation,0.0,-1.6305930614471436,-1.6305625438690186,3.0517578125e-05,0.0018715619568683952,True
1,RotationRelation,30.0,-1.6305930614471436,-1.6305253505706787,6.771087646484375e-05,0.004152528091801752,True
1,RotationRelation,60.0,-1.6305930614471436,-1.6306196451187134,2.658367156982422e-05,0.0016303059233658285,True
1,SandstormRelation,0.0,-1.6305930614471436,-1.6298959255218506,0.0006971359252929688,0.042753493452212396,True
1,SandstormRelation,0.375,-1.6305930614471436,-1.6306736469268799,8.058547973632812e-05,0.004942093292355606,True
1,SandstormRelation,0.75,-1.6305930614471436,-1.6311254501342773,0.0005323886871337891,0.032649983200680674,True
1,SandstormRelation,1.125,-1.6305930614471436,-1.6310577392578125,0.0004646778106689453,0.028497455108878925,True
1,SandstormRelation,1.5,-1.6305930614471436,-1.631335735321045,0.0007426738739013672,0.04554621480972696,True
1,SmokeRelation,0.0,-1.6305930614471436,-1.630434513092041,0.00015854835510253906,0.009723349229042834,True
1,SmokeRelation,0.375,-1.6305930614471436,-1.63042151927948,0.00017154216766357422,0.010520225218490706,True
1,SmokeRelation,0.75,-1.6305930614471436,-1.6307196617126465,0.0001266002655029297,0.007764057805446233,True
1,SmokeRelation,1.125,-1.6305930614471436,-1.630340814590454,0.0002522468566894531,0.015469629299740328,True
1,SmokeRelation,1.5,-1.6305930614471436,-1.6303881406784058,0.00020492076873779297,0.012567246108815513,True
1,SnowRelation,0.0,-1.6305930614471436,-1.6306164264678955,2.3365020751953125e-05,0.001432914623227365,True
1,SnowRelation,0.375,-1.6305930614471436,-1.630573034286499,2.002716064453125e-05,0.0012282125341948843,True
1,SnowRelation,0.75,-1.6305930614471436,-1.6293210983276367,0.001271963119506836,0.07800611749916318,True
1,SnowRelation,1.125,-1.6305930614471436,-1.6302074193954468,0.00038564205169677734,0.02365040207214554,True
1,SnowRelation,1.5,-1.6305930614471436,-1.6306452751159668,5.221366882324219e-05,0.00320212553557952,True
1,TranslationRelation,0.0,-1.6305930614471436,-1.6347732543945312,0.004180192947387695,0.25636012335760605,True
1,TranslationRelation,20.0,-1.6305930614471436,-1.634895920753479,0.004302859306335449,0.2638829251295497,True
1,TranslationRelation,40.0,-1.6305930614471436,-1.6349821090698242,0.004389047622680664,0.26916862549992415,True
1,TranslationRelation,60.0,-1.6305930614471436,-1.6358757019042969,0.00528264045715332,0.3239702990494768,True
1,TranslationRelation,80.0,-1.6305930614471436,-1.6347932815551758,0.0042002201080322266,0.2575883358918009,True
1,DarkVisibilityRelation,0.05,-1.6305930614471436,-1.6358661651611328,0.005273103713989258,0.32338543593795543,True
1,DarkVisibilityRelation,0.4125,-1.6305930614471436,-1.6355735063552856,0.00498044490814209,0.3054374492031433,True
1,DarkVisibilityRelation,0.775,-1.6305930614471436,-1.6346830129623413,0.004089951515197754,0.25082585616483505,True
1,DarkVisibilityRelation,1.1375,-1.6305930614471436,-1.6362491846084595,0.005656123161315918,0.3468750006544326,True
1,DarkVisibilityRelation,1.5,-1.6305930614471436,-1.636250376701355,0.005657315254211426,0.34694810854337277,True
1,TemporalSmoothnessRelation,0.0,-1.6304880380630493,-1.6305930614471436,0.00010502338409423828,0.0,True
2,BlurRelation,1.0,-1.6306159496307373,-1.6333059072494507,0.002689957618713379,0.164965635817936,True
2,BlurRelation,8.5,-1.6306159496307373,-1.6334319114685059,0.0028159618377685547,0.17269303121166782,True
2,BlurRelation,16.0,-1.6306159496307373,-1.6333130598068237,0.0026971101760864258,0.165404276994496,True
2,BlurRelation,23.5,-1.6306159496307373,-1.6334114074707031,0.0027954578399658203,0.17143559317219584,True
2,BlurRelation,31.0,-1.6306159496307373,-1.6331934928894043,0.002577543258666992,0.15807165865966816,True
2,BrightnessRelation,0.1,-1.6306159496307373,-1.6306065320968628,9.417533874511719e-06,0.000577544215803986,True
2,BrightnessRelation,0.825,-1.6306159496307373,-1.631287932395935,0.0006719827651977539,0.041210338537810996,True
2,BrightnessRelation,1.55,-1.6306159496307373,-1.630260705947876,0.0003552436828613281,0.02178584510247947,True
2,BrightnessRelation,2.275,-1.6306159496307373,-1.626763939857483,0.0038520097732543945,0.23623020563638225,True
2,BrightnessRelation,3.0,-1.6306159496307373,-1.6289337873458862,0.0016821622848510742,0.10316109404063349,True
2,CompositeRelation,0.1,-1.6306159496307373,-1.6298723220825195,0.0007436275482177734,0.0456040609896869,True
2,CompositeRelation,0.44999999999999996,-1.6306159496307373,-1.6306358575820923,1.990795135498047e-05,0.0012208846080919704,True
2,CompositeRelation,0.7999999999999999,-1.6306159496307373,-1.6313543319702148,0.0007383823394775391,0.045282390793542904,True
2,CompositeRelation,1.15,-1.6306159496307373,-1.629895806312561,0.0007201433181762695,0.04416385579331493,True
2,CompositeRelation,1.5,-1.6306159496307373,-1.6342921257019043,0.003676176071166992,0.22544694337928253,True
2,ContrastRelation,0.1,-1.6306159496307373,-1.629849910736084,0.0007660388946533203,0.04697847000957486,True
2,ContrastRelation,1.075,-1.6306159496307373,-1.6298820972442627,0.0007338523864746094,0.04500458471505491,True
2,ContrastRelation,2.05,-1.6306159496307373,-1.6298296451568604,0.0007863044738769531,0.048221286676494834,True
2,ContrastRelation,3.025,-1.6306159496307373,-1.6297369003295898,0.0008790493011474609,0.05390900059922269,True
2,ContrastRelation,4.0,-1.6306159496307373,-1.6295199394226074,0.0010960102081298828,0.06721444962154237,True
2,DarkVisibilityRelation,0.05,-1.6306159496307373,-1.6358661651611328,0.005250215530395508,0.3219772449675842,True
2,DarkVisibilityRelation,0.4125,-1.6306159496307373,-1.6355735063552856,0.00495755672454834,0.3040295101600046,True
2,DarkVisibilityRelation,0.775,-1.6306159496307373,-1.6346830129623413,0.004067063331604004,0.24941868367828593,True
2,DarkVisibilityRelation,1.1375,-1.6306159496307373,-1.6362491846084595,0.005633234977722168,0.3454664799723716,True
2,DarkVisibilityRelation,1.5,-1.6306159496307373,-1.636250376701355,0.005634427070617676,0.34553958683513164,True
2,DustRelation,0.0,-1.6306159496307373,-1.6298959255218506,0.0007200241088867188,0.04415654510703893,True
2,DustRelation,0.375,-1.6306159496307373,-1.6301774978637695,0.00043845176696777344,0.026888704123127348,True
2,DustRelation,0.75,-1.6306159496307373,-1.6300196647644043,0.0005962848663330078,0.036568052752551115,True
2,DustRelation,1.125,-1.6306159496307373,-1.6296896934509277,0.0009262561798095703,0.05680403236451862,True
2,DustRelation,1.5,-1.6306159496307373,-1.6300101280212402,0.0006058216094970703,0.0371529076546311,True
2,FogRelation,0.0,-1.6306159496307373,-1.6362496614456177,0.005633711814880371,0.34549572271747564,True
2,FogRelation,0.375,-1.6306159496307373,-1.63587486743927,0.005258917808532715,0.3225109250657322,True
2,FogRelation,0.75,-1.6306159496307373,-1.636334776878357,0.005718827247619629,0.3507155527185395,True
2,FogRelation,1.125,-1.6306159496307373,-1.6360586881637573,0.0054427385330200195,0.3337840033033239,True
2,FogRelation,1.5,-1.6306159496307373,-1.6364829540252686,0.00586700439453125,0.35980273575960725,True
2,GlobalBlurRelation,1.0,-1.6306159496307373,-1.6304359436035156,0.0001800060272216797,0.011039136276759733,True
2,GlobalBlurRelation,8.5,-1.6306159496307373,-1.6303973197937012,0.0002186298370361328,0.013407798630183675,True
2,GlobalBlurRelation,16.0,-1.6306159496307373,-1.630415678024292,0.0002002716064453125,0.012281952943679703,True
2,GlobalBlurRelation,23.5,-1.6306159496307373,-1.630413293838501,0.00020265579223632812,0.012428166669199698,True
2,GlobalBlurRelation,31.0,-1.6306159496307373,-1.630420207977295,0.0001957416534423828,0.012004146865191708,True
2,GlobalBrightnessRelation,0.1,-1.6306159496307373,-1.6352801322937012,0.004664182662963867,0.28603791123476907,True
2,GlobalBrightnessRelation,0.825,-1.6306159496307373,-1.6315797567367554,0.0009638071060180664,0.05910689854145857,True
2,GlobalBrightnessRelation,1.55,-1.6306159496307373,-1.6280932426452637,0.002522706985473633,0.15470874297270823,True
2,GlobalBrightnessRelation,2.275,-1.6306159496307373,-1.627460241317749,0.0031557083129882812,0.1935284870982673,True
2,GlobalBrightnessRelation,3.0,-1.6306159496307373,-1.6278231143951416,0.002792835235595703,0.17127475807412385,True
2,GlobalContrastRelation,0.1,-1.6306159496307373,-1.6320525407791138,0.0014365911483764648,0.08810108031207387,True
2,GlobalContrastRelation,1.075,-1.6306159496307373,-1.6304388046264648,0.00017714500427246094,0.010863679806135736,True
2,GlobalContrastRelation,2.05,-1.6306159496307373,-1.6288068294525146,0.0018091201782226562,0.1109469749245733,True
2,GlobalContrastRelation,3.025,-1.6306159496307373,-1.6279698610305786,0.0026460886001586914,0.16227530326836806,True
2,GlobalContrastRelation,4.0,-1.6306159496307373,-1.6274534463882446,0.0031625032424926758,0.1939451962159993,True
2,GlobalNoiseRelation,0.0,-1.6306159496307373,-1.633333683013916,0.002717733383178711,0.16666902572024397,True
2,GlobalNoiseRelation,37.5,-1.6306159496307373,-1.6333537101745605,0.002737760543823242,0.16789722101461194,True
2,GlobalNoiseRelation,75.0,-1.6306159496307373,-1.63334321975708,0.0027272701263427734,0.16725388062232396,True
2,GlobalNoiseRelation,112.5,-1.6306159496307373,-1.6330970525741577,0.00248110294342041,0.1521573134623843,True
2,GlobalNoiseRelation,150.0,-1.6306159496307373,-1.633000135421753,0.002384185791015625,0.14621372551999645,True
2,GlobalRotationRelation,-60.0,-1.6306159496307373,-1.6339311599731445,0.0033152103424072266,0.20331018533555506,True
2,GlobalRotationRelation,-30.0,-1.6306159496307373,-1.6286449432373047,0.001971006393432617,0.12087488688738107,True
2,GlobalRotationRelation,0.0,-1.6306159496307373,-1.6334880590438843,0.0028721094131469727,0.17613636444766373,True
2,GlobalRotationRelation,30.0,-1.6306159496307373,-1.627945899963379,0.0026700496673583984,0.16374475120984402,True
2,GlobalRotationRelation,60.0,-1.6306159496307373,-1.6330671310424805,0.002451181411743164,0.15032233120710836,True
2,GlobalTranslationRelation,0.0,-1.6306159496307373,-1.6347733736038208,0.004157423973083496,0.2549601838754938,True
2,GlobalTranslationRelation,20.0,-1.6306159496307373,-1.630795955657959,0.0001800060272216797,0.011039136276759733,True
2,GlobalTranslationRelation,40.0,-1.6306159496307373,-1.6314976215362549,0.0008816719055175781,0.05406983569729469,True
2,GlobalTranslationRelation,60.0,-1.6306159496307373,-1.6359658241271973,0.005349874496459961,0.3280889786943201,True
2,GlobalTranslationRelation,80.0,-1.6306159496307373,-1.6334466934204102,0.0028307437896728516,0.1735995563098918,True
2,HazeRelation,0.0,-1.6306159496307373,-1.6347733736038208,0.004157423973083496,0.2549601838754938,True
2,HazeRelation,0.375,-1.6306159496307373,-1.6344033479690552,0.003787398338317871,0.23226781367479038,True
2,HazeRelation,0.75,-1.6306159496307373,-1.6346993446350098,0.004083395004272461,0.25042024769809795,True
2,HazeRelation,1.125,-1.6306159496307373,-1.6337156295776367,0.003099679946899414,0.1900924645485474,True
2,HazeRelation,1.5,-1.6306159496307373,-1.6340594291687012,0.003443479537963867,0.21117648376853088,True
2,NoiseRelation,0.0,-1.6306159496307373,-1.636249303817749,0.005633354187011719,0.34547379065864764,True
2,NoiseRelation,37.5,-1.6306159496307373,-1.636225938796997,0.005609989166259766,0.34404089614855166,True
2,NoiseRelation,75.0,-1.6306159496307373,-1.63616144657135,0.005545496940612793,0.34008581487323575,True
2,NoiseRelation,112.5,-1.6306159496307373,-1.6358616352081299,0.005245685577392578,0.3216994388890962,True
2,NoiseRelation,150.0,-1.6306159496307373,-1.636339783668518,0.005723834037780762,0.3510226015421315,True
2,RainRelation,0.0,-1.6306159496307373,-1.6304924488067627,0.00012350082397460938,0.007573870981935817,True
2,RainRelation,0.375,-1.6306159496307373,-1.6287105083465576,0.0019054412841796875,0.11685400943558116,True
2,RainRelation,0.75,-1.6306159496307373,-1.631305456161499,0.0006895065307617188,0.04228500942038298,True
2,RainRelation,1.125,-1.6306159496307373,-1.6282336711883545,0.0023822784423828125,0.14609675453958046,True
2,RainRelation,1.5,-1.6306159496307373,-1.6284034252166748,0.0022125244140625,0.13568633728255672,True
2,RotationRelation,-60.0,-1.6306159496307373,-1.6303608417510986,0.0002551078796386719,0.01564486863063962,True
2,RotationRelation,-30.0,-1.6306159496307373,-1.6305699348449707,4.601478576660156e-05,0.0028219249025359314,True
2,RotationRelation,0.0,-1.6306159496307373,-1.6305625438690186,5.340576171875e-05,0.00327518745164792,True
2,RotationRelation,30.0,-1.6306159496307373,-1.6305253505706787,9.059906005859375e-05,0.005556121569759866,True
2,RotationRelation,60.0,-1.6306159496307373,-1.6306196451187134,3.6954879760742188e-06,0.00022663127455599454,True
2,SandstormRelation,0.0,-1.6306159496307373,-1.6298959255218506,0.0007200241088867188,0.04415654510703893,True
2,SandstormRelation,0.375,-1.6306159496307373,-1.6306736469268799,5.7697296142578125e-05,0.0035383721575839144,True
2,SandstormRelation,0.75,-1.6306159496307373,-1.6311254501342773,0.0005095005035400391,0.031245873143623242,True
2,SandstormRelation,1.125,-1.6306159496307373,-1.6310577392578125,0.0004417896270751953,0.027093403338855345,True
2,SandstormRelation,1.5,-1.6306159496307373,-1.631335735321045,0.0007197856903076172,0.04414192373448693,True
2,SmokeRelation,0.0,-1.6306159496307373,-1.630434513092041,0.00018143653869628906,0.01112686451207173,True
2,SmokeRelation,0.375,-1.6306159496307373,-1.63042151927948,0.00019443035125732422,0.01192372931615571,True
2,SmokeRelation,0.75,-1.6306159496307373,-1.6307196617126465,0.00010371208190917969,0.006360297060119846,True
2,SmokeRelation,1.125,-1.6306159496307373,-1.630340814590454,0.0002751350402832031,0.016873063925007592,True
2,SmokeRelation,1.5,-1.6306159496307373,-1.6303881406784058,0.00022780895233154297,0.01397072147343566,True
2,SnowRelation,0.0,-1.6306159496307373,-1.6306164264678955,4.76837158203125e-07,2.924274510399929e-05,True
2,SnowRelation,0.375,-1.6306159496307373,-1.630573034286499,4.291534423828125e-05,0.0026318470593599363,True
2,SnowRelation,0.75,-1.6306159496307373,-1.6293210983276367,0.001294851303100586,0.07940867432991007,True
2,SnowRelation,1.125,-1.6306159496307373,-1.6302074193954468,0.00040853023529052734,0.025053721867851392,True
2,SnowRelation,1.5,-1.6306159496307373,-1.6306452751159668,2.9325485229492188e-05,0.0017984288238959566,True
2,TranslationRelation,0.0,-1.6306159496307373,-1.6347732543945312,0.004157304763793945,0.25495287318921783,True
2,TranslationRelation,20.0,-1.6306159496307373,-1.634895920753479,0.004279971122741699,0.2624755693672216,True
2,TranslationRelation,40.0,-1.6306159496307373,-1.6349821090698242,0.004366159439086914,0.2677611955447695,True
2,TranslationRelation,60.0,-1.6306159496307373,-1.6358757019042969,0.00525975227355957,0.32256209986966417,True
2,TranslationRelation,80.0,-1.6306159496307373,-1.6347932815551758,0.0041773319244384766,0.2561810684835858,True
2,DarkVisibilityRelation,0.05,-1.6306159496307373,-1.6358661651611328,0.005250215530395508,0.3219772449675842,True
2,DarkVisibilityRelation,0.4125,-1.6306159496307373,-1.6355735063552856,0.00495755672454834,0.3040295101600046,True
2,DarkVisibilityRelation,0.775,-1.6306159496307373,-1.6346830129623413,0.004067063331604004,0.24941868367828593,True
2,DarkVisibilityRelation,1.1375,-1.6306159496307373,-1.6362491846084595,0.005633234977722168,0.3454664799723716,True
2,DarkVisibilityRelation,1.5,-1.6306159496307373,-1.636250376701355,0.005634427070617676,0.34553958683513164,True
2,TemporalSmoothnessRelation,0.0,-1.6304880380630493,-1.6305930614471436,0.00010502338409423828,0.0,True
3,BlurRelation,1.0,-1.6298961639404297,-1.6333059072494507,0.003409743309020996,0.20919990441468228,True
3,BlurRelation,8.5,-1.6298961639404297,-1.6334319114685059,0.003535747528076172,0.21693071233575065,True
3,BlurRelation,16.0,-1.6298961639404297,-1.6333130598068237,0.003416895866394043,0.20963873930140325,True
3,BlurRelation,23.5,-1.6298961639404297,-1.6334114074707031,0.0035152435302734375,0.21567271899381713,True
3,BlurRelation,31.0,-1.6298961639404297,-1.6331934928894043,0.0032973289489746094,0.20230288277838382,True
3,BrightnessRelation,0.1,-1.6298961639404297,-1.6306065320968628,0.0007103681564331055,0.043583618166174586,True
3,BrightnessRelation,0.825,-1.6298961639404297,-1.631287932395935,0.001391768455505371,0.08538995504112909,True
3,BrightnessRelation,1.55,-1.6298961639404297,-1.630260705947876,0.00036454200744628906,0.022365951393213943,True
3,BrightnessRelation,2.275,-1.6298961639404297,-1.626763939857483,0.0031322240829467773,0.19217311080990726,True
3,BrightnessRelation,3.0,-1.6298961639404297,-1.6289337873458862,0.000962376594543457,0.05904523400831137,True
3,CompositeRelation,0.1,-1.6298961639404297,-1.6298723220825195,2.384185791015625e-05,0.001462782955736687,True
3,CompositeRelation,0.44999999999999996,-1.6298961639404297,-1.6306358575820923,0.0007396936416625977,0.045382841201730716,True
3,CompositeRelation,0.7999999999999999,-1.6298961639404297,-1.6313543319702148,0.0014581680297851562,0.08946380557285577,True
3,CompositeRelation,1.15,-1.6298961639404297,-1.629895806312561,3.5762786865234375e-07,2.1941744336050304e-05,True
3,CompositeRelation,1.5,-1.6298961639404297,-1.6342921257019043,0.004395961761474609,0.26970792137873034,True
3,ContrastRelation,0.1,-1.6298961639404297,-1.629849910736084,4.6253204345703125e-05,0.0028377989341291728,True
3,ContrastRelation,1.075,-1.6298961639404297,-1.6298820972442627,1.4066696166992188e-05,0.0008630419438846454,True
3,ContrastRelation,2.05,-1.6298961639404297,-1.6298296451568604,6.651878356933594e-05,0.004081164446505357,True
3,ContrastRelation,3.025,-1.6298961639404297,-1.6297369003295898,0.00015926361083984375,0.009771390144321069,True
3,ContrastRelation,4.0,-1.6298961639404297,-1.6295199394226074,0.0003762245178222656,0.02308271504152492,True
3,DarkVisibilityRelation,0.05,-1.6298961639404297,-1.6358661651611328,0.005970001220703125,0.3662808521164664,True
3,DarkVisibilityRelation,0.4125,-1.6298961639404297,-1.6355735063552856,0.005677342414855957,0.3483251913347986,True
3,DarkVisibilityRelation,0.775,-1.6298961639404297,-1.6346830129623413,0.004786849021911621,0.29369024793803333,True
3,DarkVisibilityRelation,1.1375,-1.6298961639404297,-1.6362491846084595,0.006353020668029785,0.3897804603003763,True
3,DarkVisibilityRelation,1.5,-1.6298961639404297,-1.636250376701355,0.006354212760925293,0.3898535994481631,True
3,DustRelation,0.0,-1.6298961639404297,-1.6298959255218506,2.384185791015625e-07,1.462782955736687e-05,True
3,DustRelation,0.375,-1.6298961639404297,-1.6301774978637695,0.00028133392333984375,0.017260838877692905,True
3,DustRelation,0.75,-1.6298961639404297,-1.6300196647644043,0.00012350082397460938,0.007577215710716039,True
3,DustRelation,1.125,-1.6298961639404297,-1.6296896934509277,0.00020647048950195312,0.012667700396679709,True
3,DustRelation,1.5,-1.6298961639404297,-1.6300101280212402,0.00011396408081054688,0.006992102528421363,True
3,FogRelation,0.0,-1.6298961639404297,-1.6362496614456177,0.006353497505187988,0.38980971595949104,True
3,FogRelation,0.375,-1.6298961639404297,-1.63587486743927,0.005978703498840332,0.3668147678953103,True
3,FogRelation,0.75,-1.6298961639404297,-1.636334776878357,0.006438612937927246,0.395031851111471,True
3,FogRelation,1.125,-1.6298961639404297,-1.6360586881637573,0.006162524223327637,0.3780928244840402,True
3,FogRelation,1.5,-1.6298961639404297,-1.6364829540252686,0.006586790084838867,0.4041230471813745,True
3,GlobalBlurRelation,1.0,-1.6298961639404297,-1.6304359436035156,0.0005397796630859375,0.03311740611787859,True
3,GlobalBlurRelation,8.5,-1.6298961639404297,-1.6303973197937012,0.0005011558532714844,0.03074769772958516,True
3,GlobalBlurRelation,16.0,-1.6298961639404297,-1.630415678024292,0.0005195140838623047,0.03187404060550241,True
3,GlobalBlurRelation,23.5,-1.6298961639404297,-1.630413293838501,0.0005171298980712891,0.031727762309928735,True
3,GlobalBlurRelation,31.0,-1.6298961639404297,-1.630420207977295,0.0005240440368652344,0.03215196936709238,True
3,GlobalBrightnessRelation,0.1,-1.6298961639404297,-1.6352801322937012,0.005383968353271484,0.3303256470644586,True
3,GlobalBrightnessRelation,0.825,-1.6298961639404297,-1.6315797567367554,0.0016835927963256836,0.10329441841934615,True
3,GlobalBrightnessRelation,1.55,-1.6298961639404297,-1.6280932426452637,0.0018029212951660156,0.11061564711280826,True
3,GlobalBrightnessRelation,2.275,-1.6298961639404297,-1.627460241317749,0.002435922622680664,0.1494525345876173,True
3,GlobalBrightnessRelation,3.0,-1.6298961639404297,-1.6278231143951416,0.002073049545288086,0.12718897800130494,True
3,GlobalContrastRelation,0.1,-1.6298961639404297,-1.6320525407791138,0.002156376838684082,0.13230140443160465,True
3,GlobalContrastRelation,1.075,-1.6298961639404297,-1.6304388046264648,0.0005426406860351562,0.033292940072566994,True
3,GlobalContrastRelation,2.05,-1.6298961639404297,-1.6288068294525146,0.001089334487915039,0.06683455324760923,True
3,GlobalContrastRelation,3.025,-1.6298961639404297,-1.6279698610305786,0.0019263029098510742,0.11818554890874562,True
3,GlobalContrastRelation,4.0,-1.6298961639404297,-1.6274534463882446,0.0024427175521850586,0.14986942773000225,True
3,GlobalNoiseRelation,0.0,-1.6298961639404297,-1.633333683013916,0.003437519073486328,0.2109040465581155,True
3,GlobalNoiseRelation,37.5,-1.6298961639404297,-1.6333537101745605,0.0034575462341308594,0.21213278424093435,True
3,GlobalNoiseRelation,75.0,-1.6298961639404297,-1.63334321975708,0.0034470558166503906,0.21148915974041022,True
3,GlobalNoiseRelation,112.5,-1.6298961639404297,-1.6330970525741577,0.0032008886337280273,0.19638592572242888,True
3,GlobalNoiseRelation,150.0,-1.6298961639404297,-1.633000135421753,0.003103971481323242,0.19043971300735926,True
3,GlobalRotationRelation,-60.0,-1.6298961639404297,-1.6339311599731445,0.004034996032714844,0.24756138742887687,True
3,GlobalRotationRelation,-30.0,-1.6298961639404297,-1.6286449432373047,0.001251220703125,0.07676684951706132,True
3,GlobalRotationRelation,0.0,-1.6298961639404297,-1.6334880590438843,0.00359189510345459,0.22037556619651055,True
3,GlobalRotationRelation,30.0,-1.6298961639404297,-1.627945899963379,0.0019502639770507812,0.119655645779261,True
3,GlobalRotationRelation,60.0,-1.6298961639404297,-1.6330671310424805,0.0031709671020507812,0.19455013311297936,True
3,GlobalTranslationRelation,0.0,-1.6298961639404297,-1.6347733736038208,0.004877209663391113,0.2992341953402754,True
3,GlobalTranslationRelation,20.0,-1.6298961639404297,-1.630795955657959,0.0008997917175292969,0.055205428749502565,True
3,GlobalTranslationRelation,40.0,-1.6298961639404297,-1.6314976215362549,0.0016014575958251953,0.09825513113683325,True
3,GlobalTranslationRelation,60.0,-1.6298961639404297,-1.6359658241271973,0.006069660186767578,0.37239528487144574,True
3,GlobalTranslationRelation,80.0,-1.6298961639404297,-1.6334466934204102,0.0035505294799804688,0.21783763776830742,True
3,HazeRelation,0.0,-1.6298961639404297,-1.6347733736038208,0.004877209663391113,0.2992341953402754,True
3,HazeRelation,0.375,-1.6298961639404297,-1.6344033479690552,0.004507184028625488,0.276531803867242,True
3,HazeRelation,0.75,-1.6298961639404297,-1.6346993446350098,0.004803180694580078,0.29469225426271295,True
3,HazeRelation,1.125,-1.6298961639404297,-1.6337156295776367,0.0038194656372070312,0.23433782950901724,True
3,HazeRelation,1.5,-1.6298961639404297,-1.6340594291687012,0.004163265228271484,0.25543115973074026,True
3,NoiseRelation,0.0,-1.6298961639404297,-1.636249303817749,0.006353139877319336,0.389787774215155,True
3,NoiseRelation,37.5,-1.6298961639404297,-1.636225938796997,0.006329774856567383,0.38835424691853304,True
3,NoiseRelation,75.0,-1.6298961639404297,-1.63616144657135,0.00626528263092041,0.38439741902326524,True
3,NoiseRelation,112.5,-1.6298961639404297,-1.6358616352081299,0.005965471267700195,0.36600292335487644,True
3,NoiseRelation,150.0,-1.6298961639404297,-1.636339783668518,0.006443619728088379,0.39533903553217564,True
3,RainRelation,0.0,-1.6298961639404297,-1.6304924488067627,0.0005962848663330078,0.036584201722974545,True
3,RainRelation,0.375,-1.6298961639404297,-1.6287105083465576,0.0011856555938720703,0.07274419638878545,True
3,RainRelation,0.75,-1.6298961639404297,-1.631305456161499,0.001409292221069336,0.08646510051359556,True
3,RainRelation,1.125,-1.6298961639404297,-1.6282336711883545,0.0016624927520751953,0.10199985550351919,True
3,RainRelation,1.5,-1.6298961639404297,-1.6284034252166748,0.0014927387237548828,0.09158484085867397,True
3,RotationRelation,-60.0,-1.6298961639404297,-1.6303608417510986,0.0004646778106689453,0.02850963980730803,True
3,RotationRelation,-30.0,-1.6298961639404297,-1.6305699348449707,0.0006737709045410156,0.04133824632911877,True
3,RotationRelation,0.0,-1.6298961639404297,-1.6305625438690186,0.0006663799285888672,0.0408847836128404,True
3,RotationRelation,30.0,-1.6298961639404297,-1.6305253505706787,0.0006291866302490234,0.03860284220189117,True
3,RotationRelation,60.0,-1.6298961639404297,-1.6306196451187134,0.0007234811782836914,0.044388148791829764,True
3,SandstormRelation,0.0,-1.6298961639404297,-1.6298959255218506,2.384185791015625e-07,1.462782955736687e-05,True
3,SandstormRelation,0.375,-1.6298961639404297,-1.6306736469268799,0.0007774829864501953,0.04770135218657336,True
3,SandstormRelation,0.75,-1.6298961639404297,-1.6311254501342773,0.0012292861938476562,0.07542108919778358,True
3,SandstormRelation,1.125,-1.6298961639404297,-1.6310577392578125,0.0011615753173828125,0.0712667856034914,True
3,SandstormRelation,1.5,-1.6298961639404297,-1.631335735321045,0.0014395713806152344,0.08832283486738116,True
3,SmokeRelation,0.0,-1.6298961639404297,-1.630434513092041,0.0005383491516113281,0.03302963914053439,True
3,SmokeRelation,0.375,-1.6298961639404297,-1.63042151927948,0.000525355339050293,0.032232422429657896,True
3,SmokeRelation,0.75,-1.6298961639404297,-1.6307196617126465,0.0008234977722167969,0.05052452329114517,True
3,SmokeRelation,1.125,-1.6298961639404297,-1.630340814590454,0.00044465065002441406,0.027280902124489213,True
3,SmokeRelation,1.5,-1.6298961639404297,-1.6303881406784058,0.0004919767379760742,0.03018452629162653,True
3,SnowRelation,0.0,-1.6298961639404297,-1.6306164264678955,0.0007202625274658203,0.04419067309280531,True
3,SnowRelation,0.375,-1.6298961639404297,-1.630573034286499,0.0006768703460693359,0.04152840811336454,True
3,SnowRelation,0.75,-1.6298961639404297,-1.6293210983276367,0.0005750656127929688,0.03528232489236889,True
3,SnowRelation,1.125,-1.6298961639404297,-1.6302074193954468,0.00031125545501708984,0.019096631487142447,True
3,SnowRelation,1.5,-1.6298961639404297,-1.6306452751159668,0.0007491111755371094,0.0459606404692467,True
3,TranslationRelation,0.0,-1.6298961639404297,-1.6347732543945312,0.0048770904541015625,0.29922688142549664,True
3,TranslationRelation,20.0,-1.6298961639404297,-1.634895920753479,0.004999756813049316,0.30675289973276193,True
3,TranslationRelation,40.0,-1.6298961639404297,-1.6349821090698242,0.005085945129394531,0.31204086011775006,True
3,TranslationRelation,60.0,-1.6298961639404297,-1.6358757019042969,0.0059795379638671875,0.3668659652987611,True
3,TranslationRelation,80.0,-1.6298961639404297,-1.6347932815551758,0.004897117614746094,0.3004556191083155,True
3,DarkVisibilityRelation,0.05,-1.6298961639404297,-1.6358661651611328,0.005970001220703125,0.3662808521164664,True
3,DarkVisibilityRelation,0.4125,-1.6298961639404297,-1.6355735063552856,0.005677342414855957,0.3483251913347986,True
3,DarkVisibilityRelation,0.775,-1.6298961639404297,-1.6346830129623413,0.004786849021911621,0.29369024793803333,True
3,DarkVisibilityRelation,1.1375,-1.6298961639404297,-1.6362491846084595,0.006353020668029785,0.3897804603003763,True
3,DarkVisibilityRelation,1.5,-1.6298961639404297,-1.636250376701355,0.006354212760925293,0.3898535994481631,True
3,TemporalSmoothnessRelation,0.0,-1.6304880380630493,-1.6305930614471436,0.00010502338409423828,0.0,True
4,BlurRelation,1.0,-1.6303071975708008,-1.6333059072494507,0.0029987096786499023,0.18393514079841183,True
4,BlurRelation,8.5,-1.6303071975708008,-1.6334319114685059,0.003124713897705078,0.1916639996266337,True
4,BlurRelation,16.0,-1.6303071975708008,-1.6333130598068237,0.0030058622360229492,0.184373865045993,True
4,BlurRelation,23.5,-1.6303071975708008,-1.6334114074707031,0.0031042098999023438,0.1904063234502343,True
4,BlurRelation,31.0,-1.6303071975708008,-1.6331934928894043,0.0028862953186035156,0.17703985804059422,True
4,BrightnessRelation,0.1,-1.6303071975708008,-1.6306065320968628,0.0002993345260620117,0.018360609761272594,True
4,BrightnessRelation,0.825,-1.6303071975708008,-1.631287932395935,0.0009807348251342773,0.06015640641417348,True
4,BrightnessRelation,1.55,-1.6303071975708008,-1.630260705947876,4.649162292480469e-05,0.002851707609277703,True
4,BrightnessRelation,2.275,-1.6303071975708008,-1.626763939857483,0.003543257713317871,0.21733668018092603,True
4,BrightnessRelation,3.0,-1.6303071975708008,-1.6289337873458862,0.0013734102249145508,0.08424236760638054,True
4,CompositeRelation,0.1,-1.6303071975708008,-1.6298723220825195,0.00043487548828125,0.02667443425293605,True
4,CompositeRelation,0.44999999999999996,-1.6303071975708008,-1.6306358575820923,0.0003286600112915039,0.020159379176355453,True
4,CompositeRelation,0.7999999999999999,-1.6303071975708008,-1.6313543319702148,0.0010471343994140625,0.06422922984588549,True
4,CompositeRelation,1.15,-1.6303071975708008,-1.629895806312561,0.0004113912582397461,0.02523395630671116,True
4,CompositeRelation,1.5,-1.6303071975708008,-1.6342921257019043,0.003984928131103516,0.2444279024690642,True
4,ContrastRelation,0.1,-1.6303071975708008,-1.629849910736084,0.0004572868347167969,0.028049103562023763,True
4,ContrastRelation,1.075,-1.6303071975708008,-1.6298820972442627,0.00042510032653808594,0.026074844447908432,True
4,ContrastRelation,2.05,-1.6303071975708008,-1.6298296451568604,0.0004775524139404297,0.029292155596837118,True
4,ContrastRelation,3.025,-1.6303071975708008,-1.6297369003295898,0.0005702972412109375,0.03498094667380649,True
4,ContrastRelation,4.0,-1.6303071975708008,-1.6295199394226074,0.0007872581481933594,0.04828891551710243,True
4,DarkVisibilityRelation,0.05,-1.6303071975708008,-1.6358661651611328,0.005558967590332031,0.340976485220097,True
4,DarkVisibilityRelation,0.4125,-1.6303071975708008,-1.6355735063552856,0.005266308784484863,0.3230253514232335,True
4,DarkVisibilityRelation,0.775,-1.6303071975708008,-1.6346830129623413,0.004375815391540527,0.268404182599376,True
4,DarkVisibilityRelation,1.1375,-1.6303071975708008,-1.6362491846084595,0.005941987037658691,0.3644701686780695,True
4,DarkVisibilityRelation,1.5,-1.6303071975708008,-1.636250376701355,0.005943179130554199,0.36454328938599967,True
4,DustRelation,0.0,-1.6303071975708008,-1.6298959255218506,0.0004112720489501953,0.025226644235918142,True
4,DustRelation,0.375,-1.6303071975708008,-1.6301774978637695,0.00012969970703125,0.007955533022805487,True
4,DustRelation,0.75,-1.6303071975708008,-1.6300196647644043,0.0002875328063964844,0.017636714752763637,True
4,DustRelation,1.125,-1.6303071975708008,-1.6296896934509277,0.0006175041198730469,0.03787652670784231,True
4,DustRelation,1.5,-1.6303071975708008,-1.6300101280212402,0.0002970695495605469,0.018221680416205217,True
4,FogRelation,0.0,-1.6303071975708008,-1.6362496614456177,0.0059424638748168945,0.36449941696124155,True
4,FogRelation,0.375,-1.6303071975708008,-1.63587486743927,0.005567669868469238,0.3415102663879874,True
4,FogRelation,0.75,-1.6303071975708008,-1.636334776878357,0.006027579307556152,0.36972023550745764,True
4,FogRelation,1.125,-1.6303071975708008,-1.6360586881637573,0.005751490592956543,0.3527854795508239,True
4,FogRelation,1.5,-1.6303071975708008,-1.6364829540252686,0.0061757564544677734,0.3788091395031812,True
4,GlobalBlurRelation,1.0,-1.6303071975708008,-1.6304359436035156,0.00012874603271484375,0.00789703645646133,True
4,GlobalBlurRelation,8.5,-1.6303071975708008,-1.6303973197937012,9.012222290039062e-05,0.005527925519522931,True
4,GlobalBlurRelation,16.0,-1.6303071975708008,-1.630415678024292,0.00010848045349121094,0.006653984421647973,True
4,GlobalBlurRelation,23.5,-1.6303071975708008,-1.630413293838501,0.00010609626770019531,0.006507743005787579,True
4,GlobalBlurRelation,31.0,-1.6303071975708008,-1.630420207977295,0.00011301040649414062,0.006931843111782723,True
4,GlobalBrightnessRelation,0.1,-1.6303071975708008,-1.6352801322937012,0.004972934722900391,0.30503034520161193,True
4,GlobalBrightnessRelation,0.825,-1.6303071975708008,-1.6315797567367554,0.0012725591659545898,0.07805635571548583,True
4,GlobalBrightnessRelation,1.55,-1.6303071975708008,-1.6280932426452637,0.0022139549255371094,0.13579977876796281,True
4,GlobalBrightnessRelation,2.275,-1.6303071975708008,-1.627460241317749,0.002846956253051758,0.17462687467889768,True
4,GlobalBrightnessRelation,3.0,-1.6303071975708008,-1.6278231143951416,0.0024840831756591797,0.15236893118494557,True
4,GlobalContrastRelation,0.1,-1.6303071975708008,-1.6320525407791138,0.0017453432083129883,0.10705602848060218,True
4,GlobalContrastRelation,1.075,-1.6303071975708008,-1.6304388046264648,0.0001316070556640625,0.008072526155493805,True
4,GlobalContrastRelation,2.05,-1.6303071975708008,-1.6288068294525146,0.0015003681182861328,0.09202972300094658,True
4,GlobalContrastRelation,3.025,-1.6303071975708008,-1.6279698610305786,0.002337336540222168,0.14336777203873824,True
4,GlobalContrastRelation,4.0,-1.6303071975708008,-1.6274534463882446,0.0028537511825561523,0.17504366271409982,True
4,GlobalNoiseRelation,0.0,-1.6303071975708008,-1.633333683013916,0.0030264854431152344,0.18563885329318544,True
4,GlobalNoiseRelation,37.5,-1.6303071975708008,-1.6333537101745605,0.0030465126037597656,0.18686728118641274,True
4,GlobalNoiseRelation,75.0,-1.6303071975708008,-1.63334321975708,0.003036022186279297,0.186223818956627,True
4,GlobalNoiseRelation,112.5,-1.6303071975708008,-1.6330970525741577,0.0027898550033569336,0.17112439276904123,True
4,GlobalNoiseRelation,150.0,-1.6303071975708008,-1.633000135421753,0.0026929378509521484,0.16517967921431617,True
4,GlobalRotationRelation,-60.0,-1.6303071975708008,-1.6339311599731445,0.00362396240234375,0.22228695210780042,True
4,GlobalRotationRelation,-30.0,-1.6303071975708008,-1.6286449432373047,0.0016622543334960938,0.1019595151378674,True
4,GlobalRotationRelation,0.0,-1.6303071975708008,-1.6334880590438843,0.003180861473083496,0.195107984970146,True
4,GlobalRotationRelation,30.0,-1.6303071975708008,-1.627945899963379,0.002361297607421875,0.14483749826813522,True
4,GlobalRotationRelation,60.0,-1.6303071975708008,-1.6330671310424805,0.0027599334716796875,0.16928906299999327,True
4,GlobalTranslationRelation,0.0,-1.6303071975708008,-1.6347733736038208,0.0044661760330200195,0.273946732260485,True
4,GlobalTranslationRelation,20.0,-1.6303071975708008,-1.630795955657959,0.0004887580871582031,0.029979490251380976,True
4,GlobalTranslationRelation,40.0,-1.6303071975708008,-1.6314976215362549,0.0011904239654541016,0.07301833893909523,True
4,GlobalTranslationRelation,60.0,-1.6303071975708008,-1.6359658241271973,0.005658626556396484,0.34708937640306153,True
4,GlobalTranslationRelation,80.0,-1.6303071975708008,-1.6334466934204102,0.003139495849609375,0.19257069640496816,True
4,HazeRelation,0.0,-1.6303071975708008,-1.6347733736038208,0.0044661760330200195,0.273946732260485,True
4,HazeRelation,0.375,-1.6303071975708008,-1.6344033479690552,0.0040961503982543945,0.25125006451895165,True
4,HazeRelation,0.75,-1.6303071975708008,-1.6346993446350098,0.004392147064208984,0.26940593629801973,True
4,HazeRelation,1.125,-1.6303071975708008,-1.6337156295776367,0.0034084320068359375,0.20906672811402072,True
4,HazeRelation,1.5,-1.6303071975708008,-1.6340594291687012,0.0037522315979003906,0.23015474028108968,True
4,NoiseRelation,0.0,-1.6303071975708008,-1.636249303817749,0.005942106246948242,0.3644774807488625,True
4,NoiseRelation,37.5,-1.6303071975708008,-1.636225938796997,0.005918741226196289,0.36304431487343064,True
4,NoiseRelation,75.0,-1.6303071975708008,-1.63616144657135,0.005854249000549316,0.35908848457440695,True
4,NoiseRelation,112.5,-1.6303071975708008,-1.6358616352081299,0.0055544376373291016,0.34069862652996225,True
4,NoiseRelation,150.0,-1.6303071975708008,-1.636339783668518,0.006032586097717285,0.37002734248076447,True
4,RainRelation,0.0,-1.6303071975708008,-1.6304924488067627,0.00018525123596191406,0.011362958012352693,True
4,RainRelation,0.375,-1.6303071975708008,-1.6287105083465576,0.001596689224243164,0.09793787620170655,True
4,RainRelation,0.75,-1.6303071975708008,-1.631305456161499,0.0009982585906982422,0.061231280820747386,True
4,RainRelation,1.125,-1.6303071975708008,-1.6282336711883545,0.002073526382446289,0.12718615937378555,True
4,RainRelation,1.5,-1.6303071975708008,-1.6284034252166748,0.0019037723541259766,0.11677377056452541,True
4,RotationRelation,-60.0,-1.6303071975708008,-1.6303608417510986,5.364418029785156e-05,0.0032904318568588876,True
4,RotationRelation,-30.0,-1.6303071975708008,-1.6305699348449707,0.0002627372741699219,0.01611580402781553,True
4,RotationRelation,0.0,-1.6303071975708008,-1.6305625438690186,0.00025534629821777344,0.015662455638648307,True
4,RotationRelation,30.0,-1.6303071975708008,-1.6305253505706787,0.0002181529998779297,0.013381089551226143,True
4,RotationRelation,60.0,-1.6303071975708008,-1.6306196451187134,0.00031244754791259766,0.019164937548504766,True
4,SandstormRelation,0.0,-1.6303071975708008,-1.6298959255218506,0.0004112720489501953,0.025226644235918142,True
4,SandstormRelation,0.375,-1.6303071975708008,-1.6306736469268799,0.00036644935607910156,0.022477305617742714,True
4,SandstormRelation,0.75,-1.6303071975708008,-1.6311254501342773,0.0008182525634765625,0.05019005392328757,True
4,SandstormRelation,1.125,-1.6303071975708008,-1.6310577392578125,0.0007505416870117188,0.04603679771285235,True
4,SandstormRelation,1.5,-1.6303071975708008,-1.631335735321045,0.0010285377502441406,0.0630885468021744,True
4,SmokeRelation,0.0,-1.6303071975708008,-1.630434513092041,0.00012731552124023438,0.0078092916069450935,True
4,SmokeRelation,0.375,-1.6303071975708008,-1.63042151927948,0.00011432170867919922,0.007012275890505941,True
4,SmokeRelation,0.75,-1.6303071975708008,-1.6307196617126465,0.0004124641418457031,0.02529976494384834,True
4,SmokeRelation,1.125,-1.6303071975708008,-1.630340814590454,3.361701965332031e-05,0.0020620039636315697,True
4,SmokeRelation,1.5,-1.6303071975708008,-1.6303881406784058,8.094310760498047e-05,0.004964896068460411,True
4,SnowRelation,0.0,-1.6303071975708008,-1.6306164264678955,0.00030922889709472656,0.018967511637093232,True
4,SnowRelation,0.375,-1.6303071975708008,-1.630573034286499,0.0002658367156982422,0.016305917868434043,True
4,SnowRelation,0.75,-1.6303071975708008,-1.6293210983276367,0.0009860992431640625,0.06048544959985938,True
4,SnowRelation,1.125,-1.6303071975708008,-1.6302074193954468,9.97781753540039e-05,0.006120203253757531,True
4,SnowRelation,1.5,-1.6303071975708008,-1.6306452751159668,0.0003380775451660156,0.020737032769004012,True
4,TranslationRelation,0.0,-1.6303071975708008,-1.6347732543945312,0.004466056823730469,0.2739394201896919,True
4,TranslationRelation,20.0,-1.6303071975708008,-1.634895920753479,0.004588723182678223,0.28146354103570925,True
4,TranslationRelation,40.0,-1.6303071975708008,-1.6349821090698242,0.0046749114990234375,0.2867501682190625,True
4,TranslationRelation,60.0,-1.6303071975708008,-1.6358757019042969,0.005568504333496094,0.3415614508835386,True
4,TranslationRelation,80.0,-1.6303071975708008,-1.6347932815551758,0.004486083984375,0.2751678480829192,True
4,DarkVisibilityRelation,0.05,-1.6303071975708008,-1.6358661651611328,0.005558967590332031,0.340976485220097,True
4,DarkVisibilityRelation,0.4125,-1.6303071975708008,-1.6355735063552856,0.005266308784484863,0.3230253514232335,True
4,DarkVisibilityRelation,0.775,-1.6303071975708008,-1.6346830129623413,0.004375815391540527,0.268404182599376,True
4,DarkVisibilityRelation,1.1375,-1.6303071975708008,-1.6362491846084595,0.005941987037658691,0.3644701686780695,True
4,DarkVisibilityRelation,1.5,-1.6303071975708008,-1.636250376701355,0.005943179130554199,0.36454328938599967,True
4,TemporalSmoothnessRelation,0.0,-1.6304880380630493,-1.6305930614471436,0.00010502338409423828,0.0,True
5,BlurRelation,1.0,-1.6362495422363281,-1.6333059072494507,0.0029436349868774414,0.17990123828189902,True
5,BlurRelation,8.5,-1.6362495422363281,-1.6334319114685059,0.0028176307678222656,0.1722004482254471,True
5,BlurRelation,16.0,-1.6362495422363281,-1.6333130598068237,0.0029364824295043945,0.1794641073420815,True
5,BlurRelation,23.5,-1.6362495422363281,-1.6334114074707031,0.002838134765625,0.17345355691959066,True
5,BlurRelation,31.0,-1.6362495422363281,-1.6331934928894043,0.003056049346923828,0.18677147955269766,True
5,BrightnessRelation,0.1,-1.6362495422363281,-1.6306065320968628,0.005643010139465332,0.34487445496902985,True
5,BrightnessRelation,0.825,-1.6362495422363281,-1.631287932395935,0.004961609840393066,0.3032304474357478,True
5,BrightnessRelation,1.55,-1.6362495422363281,-1.630260705947876,0.0059888362884521484,0.36600973590920677,True
5,BrightnessRelation,2.275,-1.6362495422363281,-1.626763939857483,0.009485602378845215,0.5797157668703271,True
5,BrightnessRelation,3.0,-1.6362495422363281,-1.6289337873458862,0.0073157548904418945,0.44710481076101977,True
5,CompositeRelation,0.1,-1.6362495422363281,-1.6298723220825195,0.006377220153808594,0.38974594594129797,True
5,CompositeRelation,0.44999999999999996,-1.6362495422363281,-1.6306358575820923,0.00561368465423584,0.34308221811577805,True
5,CompositeRelation,0.7999999999999999,-1.6362495422363281,-1.6313543319702148,0.004895210266113281,0.2991724152111085,True
5,CompositeRelation,1.15,-1.6362495422363281,-1.629895806312561,0.00635373592376709,0.3883106993555638,True
5,CompositeRelation,1.5,-1.6362495422363281,-1.6342921257019043,0.001957416534423828,0.11962816719672709,True
5,ContrastRelation,0.1,-1.6362495422363281,-1.629849910736084,0.006399631500244141,0.3911156228860595,True
5,ContrastRelation,1.075,-1.6362495422363281,-1.6298820972442627,0.00636744499206543,0.3891485336568807,True
5,ContrastRelation,2.05,-1.6362495422363281,-1.6298296451568604,0.0064198970794677734,0.3923541605488758,True
5,ContrastRelation,3.025,-1.6362495422363281,-1.6297369003295898,0.006512641906738281,0.3980222917351762,True
5,ContrastRelation,4.0,-1.6362495422363281,-1.6295199394226074,0.006729602813720703,0.41128193024297427,True
5,DarkVisibilityRelation,0.05,-1.6362495422363281,-1.6358661651611328,0.0003833770751953125,0.023430218374218898,True
5,DarkVisibilityRelation,0.4125,-1.6362495422363281,-1.6355735063552856,0.0006760358810424805,0.041316159328418964,True
5,DarkVisibilityRelation,0.775,-1.6362495422363281,-1.6346830129623413,0.0015665292739868164,0.0957389613356998,True
5,DarkVisibilityRelation,1.1375,-1.6362495422363281,-1.6362491846084595,3.5762786865234375e-07,2.1856546990875837e-05,True
5,DarkVisibilityRelation,1.5,-1.6362495422363281,-1.636250376701355,8.344650268554688e-07,5.0998609645376955e-05,True
5,DustRelation,0.0,-1.6362495422363281,-1.6298959255218506,0.006353616714477539,0.38830341383990014,True
5,DustRelation,0.375,-1.6362495422363281,-1.6301774978637695,0.006072044372558594,0.37109502584241727,True
5,DustRelation,0.75,-1.6362495422363281,-1.6300196647644043,0.006229877471923828,0.3807410485810571,True
5,DustRelation,1.125,-1.6362495422363281,-1.6296896934509277,0.006559848785400391,0.4009073559379719,True
5,DustRelation,1.5,-1.6362495422363281,-1.6300101280212402,0.006239414215087891,0.3813238898341471,True
5,FogRelation,0.0,-1.6362495422363281,-1.6362496614456177,1.1920928955078125e-07,7.2855156636252794e-06,True
5,FogRelation,0.375,-1.6362495422363281,-1.63587486743927,0.00037467479705810547,0.022898375730774256,True
5,FogRelation,0.75,-1.6362495422363281,-1.636334776878357,8.52346420288086e-05,0.005209143699492075,True
5,FogRelation,1.125,-1.6362495422363281,-1.6360586881637573,0.00019085407257080078,0.011664110577464073,True
5,FogRelation,1.5,-1.6362495422363281,-1.6364829540252686,0.0002334117889404297,0.014265039669378296,True
5,GlobalBlurRelation,1.0,-1.6362495422363281,-1.6304359436035156,0.0058135986328125,0.35530002788367765,True
5,GlobalBlurRelation,8.5,-1.6362495422363281,-1.6303973197937012,0.005852222442626953,0.35766053495869227,True
5,GlobalBlurRelation,16.0,-1.6362495422363281,-1.630415678024292,0.005833864212036133,0.35653856554649394,True
5,GlobalBlurRelation,23.5,-1.6362495422363281,-1.630413293838501,0.0058362483978271484,0.3566842758597665,True
5,GlobalBlurRelation,31.0,-1.6362495422363281,-1.630420207977295,0.005829334259033203,0.35626171595127615,True
5,GlobalBrightnessRelation,0.1,-1.6362495422363281,-1.6352801322937012,0.0009694099426269531,0.05924581337660077,True
5,GlobalBrightnessRelation,0.825,-1.6362495422363281,-1.6315797567367554,0.004669785499572754,0.2853955050911931,True
5,GlobalBrightnessRelation,1.55,-1.6362495422363281,-1.6280932426452637,0.008156299591064453,0.4984749817052416,True
5,GlobalBrightnessRelation,2.275,-1.6362495422363281,-1.627460241317749,0.008789300918579102,0.5371610698790918,True
5,GlobalBrightnessRelation,3.0,-1.6362495422363281,-1.6278231143951416,0.008426427841186523,0.5149839601990165,True
5,GlobalContrastRelation,0.1,-1.6362495422363281,-1.6320525407791138,0.0041970014572143555,0.2565011499692552,True
5,GlobalContrastRelation,1.075,-1.6362495422363281,-1.6304388046264648,0.005810737609863281,0.35512517550775063,True
5,GlobalContrastRelation,2.05,-1.6362495422363281,-1.6288068294525146,0.0074427127838134766,0.45486388494278074,True
5,GlobalContrastRelation,3.025,-1.6362495422363281,-1.6279698610305786,0.008279681205749512,0.5060154904170938,True
5,GlobalContrastRelation,4.0,-1.6362495422363281,-1.6274534463882446,0.008796095848083496,0.5375763442719185,True
5,GlobalNoiseRelation,0.0,-1.6362495422363281,-1.633333683013916,0.0029158592224121094,0.17820371313227434,True
5,GlobalNoiseRelation,37.5,-1.6362495422363281,-1.6333537101745605,0.002895832061767578,0.1769797465007853,True
5,GlobalNoiseRelation,75.0,-1.6362495422363281,-1.63334321975708,0.002906322479248047,0.17762087187918432,True
5,GlobalNoiseRelation,112.5,-1.6362495422363281,-1.6330970525741577,0.00315248966217041,0.19266546172457052,True
5,GlobalNoiseRelation,150.0,-1.6362495422363281,-1.633000135421753,0.0032494068145751953,0.1985885859590979,True
5,GlobalRotationRelation,-60.0,-1.6362495422363281,-1.6339311599731445,0.0023183822631835938,0.14168870862618443,True
5,GlobalRotationRelation,-30.0,-1.6362495422363281,-1.6286449432373047,0.0076045989990234375,0.46475761521398384,True
5,GlobalRotationRelation,0.0,-1.6362495422363281,-1.6334880590438843,0.0027614831924438477,0.1687689703478796,True
5,GlobalRotationRelation,30.0,-1.6362495422363281,-1.627945899963379,0.008303642272949219,0.5074798790654824,True
5,GlobalRotationRelation,60.0,-1.6362495422363281,-1.6330671310424805,0.0031824111938476562,0.19449412615614045,True
5,GlobalTranslationRelation,0.0,-1.6362495422363281,-1.6347733736038208,0.0014761686325073242,0.09021654046267183,True
5,GlobalTranslationRelation,20.0,-1.6362495422363281,-1.630795955657959,0.005453586578369141,0.3332977705795293,True
5,GlobalTranslationRelation,40.0,-1.6362495422363281,-1.6314976215362549,0.004751920700073242,0.2904152253834309,True
5,GlobalTranslationRelation,60.0,-1.6362495422363281,-1.6359658241271973,0.0002837181091308594,0.017339527279428165,True
5,GlobalTranslationRelation,80.0,-1.6362495422363281,-1.6334466934204102,0.0028028488159179688,0.17129704428315756,True
5,HazeRelation,0.0,-1.6362495422363281,-1.6347733736038208,0.0014761686325073242,0.09021654046267183,True
5,HazeRelation,0.375,-1.6362495422363281,-1.6344033479690552,0.0018461942672729492,0.11283078108256471,True
5,HazeRelation,0.75,-1.6362495422363281,-1.6346993446350098,0.0015501976013183594,0.09474084568978314,True
5,HazeRelation,1.125,-1.6362495422363281,-1.6337156295776367,0.0025339126586914062,0.15486092094601894,True
5,HazeRelation,1.5,-1.6362495422363281,-1.6340594291687012,0.002190113067626953,0.13384949377212363,True
5,NoiseRelation,0.0,-1.6362495422363281,-1.636249303817749,2.384185791015625e-07,1.4571031327250559e-05,True
5,NoiseRelation,37.5,-1.6362495422363281,-1.636225938796997,2.3603439331054688e-05,0.0014425321013978054,True
5,NoiseRelation,75.0,-1.6362495422363281,-1.63616144657135,8.809566497802734e-05,0.005383996075419082,True
5,NoiseRelation,112.5,-1.6362495422363281,-1.6358616352081299,0.0003879070281982422,0.02370706796943666,True
5,NoiseRelation,150.0,-1.6362495422363281,-1.636339783668518,9.02414321899414e-05,0.005515135357364337,True
5,RainRelation,0.0,-1.6362495422363281,-1.6304924488067627,0.00575709342956543,0.3518466934591193,True
5,RainRelation,0.375,-1.6362495422363281,-1.6287105083465576,0.007539033889770508,0.46075058159898996,True
5,RainRelation,0.75,-1.6362495422363281,-1.631305456161499,0.0049440860748291016,0.3021594766331948,True
5,RainRelation,1.125,-1.6362495422363281,-1.6282336711883545,0.008015871047973633,0.48989264425349105,True
5,RainRelation,1.5,-1.6362495422363281,-1.6284034252166748,0.00784611701965332,0.4795180699484886,True
5,RotationRelation,-60.0,-1.6362495422363281,-1.6303608417510986,0.005888700485229492,0.3598899027517615,True
5,RotationRelation,-30.0,-1.6362495422363281,-1.6305699348449707,0.005679607391357422,0.3471111082777628,True
5,RotationRelation,0.0,-1.6362495422363281,-1.6305625438690186,0.00568699836730957,0.3475628102489076,True
5,RotationRelation,30.0,-1.6362495422363281,-1.6305253505706787,0.005724191665649414,0.3498358911359587,True
5,RotationRelation,60.0,-1.6362495422363281,-1.6306196451187134,0.005629897117614746,0.3440730482460311,True
5,SandstormRelation,0.0,-1.6362495422363281,-1.6298959255218506,0.006353616714477539,0.38830341383990014,True
5,SandstormRelation,0.375,-1.6362495422363281,-1.6306736469268799,0.005575895309448242,0.34077270965040884,True
5,SandstormRelation,0.75,-1.6362495422363281,-1.6311254501342773,0.005124092102050781,0.313160605285269,True
5,SandstormRelation,1.125,-1.6362495422363281,-1.6310577392578125,0.005191802978515625,0.3172987781822082,True
5,SandstormRelation,1.5,-1.6362495422363281,-1.631335735321045,0.004913806915283203,0.300308955654634,True
5,SmokeRelation,0.0,-1.6362495422363281,-1.630434513092041,0.005815029144287109,0.35538745407164113,True
5,SmokeRelation,0.375,-1.6362495422363281,-1.63042151927948,0.0058280229568481445,0.3561815752789763,True
5,SmokeRelation,0.75,-1.6362495422363281,-1.6307196617126465,0.005529880523681641,0.3379605006042495,True
5,SmokeRelation,1.125,-1.6362495422363281,-1.630340814590454,0.0059087276458740234,0.36111386938325063,True
5,SmokeRelation,1.5,-1.6362495422363281,-1.6303881406784058,0.005861401557922363,0.3582215196647914,True
5,SnowRelation,0.0,-1.6362495422363281,-1.6306164264678955,0.005633115768432617,0.344269757168949,True
5,SnowRelation,0.375,-1.6362495422363281,-1.630573034286499,0.0056765079498291016,0.34692168487050856,True
5,SnowRelation,0.75,-1.6362495422363281,-1.6293210983276367,0.006928443908691406,0.4234341703699012,True
5,SnowRelation,1.125,-1.6362495422363281,-1.6302074193954468,0.006042122840881348,0.3692663614108473,True
5,SnowRelation,1.5,-1.6362495422363281,-1.6306452751159668,0.005604267120361328,0.34250666237835165,True
5,TranslationRelation,0.0,-1.6362495422363281,-1.6347732543945312,0.001476287841796875,0.09022382597833546,True
5,TranslationRelation,20.0,-1.6362495422363281,-1.634895920753479,0.001353621482849121,0.08272703036046505,True
5,TranslationRelation,40.0,-1.6362495422363281,-1.6349821090698242,0.0012674331665039062,0.07745960253566397,True
5,TranslationRelation,60.0,-1.6362495422363281,-1.6358757019042969,0.00037384033203125,0.022847377121128876,True
5,TranslationRelation,80.0,-1.6362495422363281,-1.6347932815551758,0.0014562606811523438,0.08899985934684641,True
5,DarkVisibilityRelation,0.05,-1.6362495422363281,-1.6358661651611328,0.0003833770751953125,0.023430218374218898,True
5,DarkVisibilityRelation,0.4125,-1.6362495422363281,-1.6355735063552856,0.0006760358810424805,0.041316159328418964,True
5,DarkVisibilityRelation,0.775,-1.6362495422363281,-1.6346830129623413,0.0015665292739868164,0.0957389613356998,True
5,DarkVisibilityRelation,1.1375,-1.6362495422363281,-1.6362491846084595,3.5762786865234375e-07,2.1856546990875837e-05,True
5,DarkVisibilityRelation,1.5,-1.6362495422363281,-1.636250376701355,8.344650268554688e-07,5.0998609645376955e-05,True
5,TemporalSmoothnessRelation,0.0,-1.6304880380630493,-1.6305930614471436,0.00010502338409423828,0.0,True
6,BlurRelation,1.0,-1.634773850440979,-1.6333059072494507,0.0014679431915283203,0.08979482349709161,True
6,BlurRelation,8.5,-1.634773850440979,-1.6334319114685059,0.0013419389724731445,0.08208708202913434,True
6,BlurRelation,16.0,-1.634773850440979,-1.6333130598068237,0.0014607906341552734,0.0893572979643788,True
6,BlurRelation,23.5,-1.634773850440979,-1.6334114074707031,0.001362442970275879,0.08334132188957771,True
6,BlurRelation,31.0,-1.634773850440979,-1.6331934928894043,0.001580357551574707,0.09667126645289455,True
6,BrightnessRelation,0.1,-1.634773850440979,-1.6306065320968628,0.004167318344116211,0.25491695954290466,True
6,BrightnessRelation,0.825,-1.634773850440979,-1.631287932395935,0.0034859180450439453,0.21323536045979802,True
6,BrightnessRelation,1.55,-1.634773850440979,-1.630260705947876,0.004513144493103027,0.2760713190495689,True
6,BrightnessRelation,2.275,-1.634773850440979,-1.626763939857483,0.008009910583496094,0.48997025990064796,True
6,BrightnessRelation,3.0,-1.634773850440979,-1.6289337873458862,0.0058400630950927734,0.35723959746000633,True
6,CompositeRelation,0.1,-1.634773850440979,-1.6298723220825195,0.004901528358459473,0.2998289554758743,True
6,CompositeRelation,0.44999999999999996,-1.634773850440979,-1.6306358575820923,0.004137992858886719,0.2531231048587822,True
6,CompositeRelation,0.7999999999999999,-1.634773850440979,-1.6313543319702148,0.00341951847076416,0.2091736650977808,True
6,CompositeRelation,1.15,-1.634773850440979,-1.629895806312561,0.004878044128417969,0.2983924133101339,True
6,CompositeRelation,1.5,-1.634773850440979,-1.6342921257019043,0.00048172473907470703,0.0294673446282075,True
6,ContrastRelation,0.1,-1.634773850440979,-1.629849910736084,0.0049239397048950195,0.30119986881170774,True
6,ContrastRelation,1.075,-1.634773850440979,-1.6298820972442627,0.004891753196716309,0.2992310039145001,True
6,ContrastRelation,2.05,-1.634773850440979,-1.6298296451568604,0.004944205284118652,0.3024395244877273,True
6,ContrastRelation,3.025,-1.634773850440979,-1.6297369003295898,0.00503695011138916,0.30811277222857003,True
6,ContrastRelation,4.0,-1.634773850440979,-1.6295199394226074,0.005253911018371582,0.32138438005419184,True
6,DarkVisibilityRelation,0.05,-1.634773850440979,-1.6358661651611328,0.0010923147201538086,0.0668174409374574,True
6,DarkVisibilityRelation,0.4125,-1.634773850440979,-1.6355735063552856,0.0007996559143066406,0.04891535455729174,True
6,DarkVisibilityRelation,0.775,-1.634773850440979,-1.6346830129623413,9.083747863769531e-05,0.00555657426545264,True
6,DarkVisibilityRelation,1.1375,-1.634773850440979,-1.6362491846084595,0.0014753341674804688,0.09024693321422816,True
6,DarkVisibilityRelation,1.5,-1.634773850440979,-1.636250376701355,0.0014765262603759766,0.09031985413634697,True
6,DustRelation,0.0,-1.634773850440979,-1.6298959255218506,0.004877924919128418,0.298385121217922,True
6,DustRelation,0.375,-1.634773850440979,-1.6301774978637695,0.004596352577209473,0.2811611994134612,True
6,DustRelation,0.75,-1.634773850440979,-1.6300196647644043,0.004754185676574707,0.2908159295019904,True
6,DustRelation,1.125,-1.634773850440979,-1.6296896934509277,0.0050841569900512695,0.3110004407444746,True
6,DustRelation,1.5,-1.634773850440979,-1.6300101280212402,0.0047637224197387695,0.2913992968789409,True
6,FogRelation,0.0,-1.634773850440979,-1.6362496614456177,0.0014758110046386719,0.0902761015830757,True
6,FogRelation,0.375,-1.634773850440979,-1.63587486743927,0.0011010169982910156,0.06734976366892464,True
6,FogRelation,0.75,-1.634773850440979,-1.636334776878357,0.0015609264373779297,0.09548265542235809,True
6,FogRelation,1.125,-1.634773850440979,-1.6360586881637573,0.0012848377227783203,0.07859416985964376,True
6,FogRelation,1.5,-1.634773850440979,-1.6364829540252686,0.0017091035842895508,0.10454672604172505,True
6,GlobalBlurRelation,1.0,-1.634773850440979,-1.6304359436035156,0.004337906837463379,0.2653519434981051,True
6,GlobalBlurRelation,8.5,-1.634773850440979,-1.6303973197937012,0.004376530647277832,0.26771458137475423,True
6,GlobalBlurRelation,16.0,-1.634773850440979,-1.630415678024292,0.004358172416687012,0.2665915991741247,True
6,GlobalBlurRelation,23.5,-1.634773850440979,-1.630413293838501,0.004360556602478027,0.26673744101836233,True
6,GlobalBlurRelation,31.0,-1.634773850440979,-1.630420207977295,0.004353642463684082,0.2663144996700733,True
6,GlobalBrightnessRelation,0.1,-1.634773850440979,-1.6352801322937012,0.000506281852722168,0.030969515623854804,True
6,GlobalBrightnessRelation,0.825,-1.634773850440979,-1.6315797567367554,0.003194093704223633,0.19538431872511552,True
6,GlobalBrightnessRelation,1.55,-1.634773850440979,-1.6280932426452637,0.006680607795715332,0.40865613964597297,True
6,GlobalBrightnessRelation,2.275,-1.634773850440979,-1.627460241317749,0.0073136091232299805,0.44737714929105626,True
6,GlobalBrightnessRelation,3.0,-1.634773850440979,-1.6278231143951416,0.006950736045837402,0.4251800205980933,True
6,GlobalContrastRelation,0.1,-1.634773850440979,-1.6320525407791138,0.0027213096618652344,0.16646388101279902,True
6,GlobalContrastRelation,1.075,-1.634773850440979,-1.6304388046264648,0.00433504581451416,0.26517693328502,True
6,GlobalContrastRelation,2.05,-1.634773850440979,-1.6288068294525146,0.0059670209884643555,0.3650056756656586,True
6,GlobalContrastRelation,3.025,-1.634773850440979,-1.6279698610305786,0.006803989410400391,0.41620345508526885,True
6,GlobalContrastRelation,4.0,-1.634773850440979,-1.6274534463882446,0.007320404052734375,0.44779279854713344,True
6,GlobalNoiseRelation,0.0,-1.634773850440979,-1.633333683013916,0.0014401674270629883,0.08809576601172354,True
6,GlobalNoiseRelation,37.5,-1.634773850440979,-1.6333537101745605,0.001420140266418457,0.08687069452012769,True
6,GlobalNoiseRelation,75.0,-1.634773850440979,-1.63334321975708,0.0014306306838989258,0.08751239863477314,True
6,GlobalNoiseRelation,112.5,-1.634773850440979,-1.6330970525741577,0.001676797866821289,0.10257056905230555,True
6,GlobalNoiseRelation,150.0,-1.634773850440979,-1.633000135421753,0.0017737150192260742,0.10849904002056408,True
6,GlobalRotationRelation,-60.0,-1.634773850440979,-1.6339311599731445,0.0008426904678344727,0.05154779984578046,True
6,GlobalRotationRelation,-30.0,-1.634773850440979,-1.6286449432373047,0.006128907203674316,0.37490833688939185,True
6,GlobalRotationRelation,0.0,-1.634773850440979,-1.6334880590438843,0.0012857913970947266,0.0786525065973388,True
6,GlobalRotationRelation,30.0,-1.634773850440979,-1.627945899963379,0.006827950477600098,0.41766916561985673,True
6,GlobalRotationRelation,60.0,-1.634773850440979,-1.6330671310424805,0.0017067193984985352,0.10440088419748746,True
6,GlobalTranslationRelation,0.0,-1.634773850440979,-1.6347733736038208,4.76837158203125e-07,2.9168368847520417e-05,True
6,GlobalTranslationRelation,20.0,-1.634773850440979,-1.630795955657959,0.0039778947830200195,0.2433298250182272,True
6,GlobalTranslationRelation,40.0,-1.634773850440979,-1.6314976215362549,0.003276228904724121,0.20040857025910094,True
6,GlobalTranslationRelation,60.0,-1.634773850440979,-1.6359658241271973,0.0011919736862182617,0.07291363002658915,True
6,GlobalTranslationRelation,80.0,-1.634773850440979,-1.6334466934204102,0.0013271570205688477,0.08118286259486121,True
6,HazeRelation,0.0,-1.634773850440979,-1.6347733736038208,4.76837158203125e-07,2.9168368847520417e-05,True
6,HazeRelation,0.375,-1.634773850440979,-1.6344033479690552,0.0003705024719238281,0.022663822594523365,True
6,HazeRelation,0.75,-1.634773850440979,-1.6346993446350098,7.450580596923828e-05,0.004557557632425066,True
6,HazeRelation,1.125,-1.634773850440979,-1.6337156295776367,0.0010582208633422852,0.0647319025648597,True
6,HazeRelation,1.5,-1.634773850440979,-1.6340594291687012,0.000714421272277832,0.04370150862579747,True
6,NoiseRelation,0.0,-1.634773850440979,-1.636249303817749,0.0014754533767700195,0.09025422530644005,True
6,NoiseRelation,37.5,-1.634773850440979,-1.636225938796997,0.0014520883560180664,0.08882497523291155,True
6,NoiseRelation,75.0,-1.634773850440979,-1.63616144657135,0.0013875961303710938,0.08487995334628441,True
6,NoiseRelation,112.5,-1.634773850440979,-1.6358616352081299,0.001087784767150879,0.06654034143340595,True
6,NoiseRelation,150.0,-1.634773850440979,-1.636339783668518,0.0015659332275390625,0.09578892329525705,True
6,RainRelation,0.0,-1.634773850440979,-1.6304924488067627,0.004281401634216309,0.261895491789674,True
6,RainRelation,0.375,-1.634773850440979,-1.6287105083465576,0.006063342094421387,0.37089768617285773,True
6,RainRelation,0.75,-1.634773850440979,-1.631305456161499,0.0034683942794799805,0.21216342290465165,True
6,RainRelation,1.125,-1.634773850440979,-1.6282336711883545,0.006540179252624512,0.4000660550203782,True
6,RainRelation,1.5,-1.634773850440979,-1.6284034252166748,0.006370425224304199,0.3896821157106609,True
6,RotationRelation,-60.0,-1.634773850440979,-1.6303608417510986,0.004413008689880371,0.26994596159158957,True
6,RotationRelation,-30.0,-1.634773850440979,-1.6305699348449707,0.004203915596008301,0.2571556318519519,True
6,RotationRelation,0.0,-1.634773850440979,-1.6305625438690186,0.004211306571960449,0.25760774156908844,True
6,RotationRelation,30.0,-1.634773850440979,-1.6305253505706787,0.004248499870300293,0.25988287433919505,True
6,RotationRelation,60.0,-1.634773850440979,-1.6306196451187134,0.004154205322265625,0.25411482939959784,True
6,SandstormRelation,0.0,-1.634773850440979,-1.6298959255218506,0.004877924919128418,0.298385121217922,True
6,SandstormRelation,0.375,-1.634773850440979,-1.6306736469268799,0.004100203514099121,0.25081151162761617,True
6,SandstormRelation,0.75,-1.634773850440979,-1.6311254501342773,0.00364840030670166,0.2231744821445906,True
6,SandstormRelation,1.125,-1.634773850440979,-1.6310577392578125,0.003716111183166504,0.2273163905209385,True
6,SandstormRelation,1.5,-1.634773850440979,-1.631335735321045,0.003438115119934082,0.21031123148283407,True
6,SmokeRelation,0.0,-1.634773850440979,-1.630434513092041,0.004339337348937988,0.2654394486046477,True
6,SmokeRelation,0.375,-1.634773850440979,-1.63042151927948,0.0043523311614990234,0.2662342866557426,True
6,SmokeRelation,0.75,-1.634773850440979,-1.6307196617126465,0.0040541887283325195,0.24799676403383045,True
6,SmokeRelation,1.125,-1.634773850440979,-1.630340814590454,0.004433035850524902,0.27117103308318546,True
6,SmokeRelation,1.5,-1.634773850440979,-1.6303881406784058,0.004385709762573242,0.26827607247506907,True
6,SnowRelation,0.0,-1.634773850440979,-1.6306164264678955,0.004157423973083496,0.25431171588931867,True
6,SnowRelation,0.375,-1.634773850440979,-1.630573034286499,0.0042008161544799805,0.25696603745444296,True
6,SnowRelation,0.75,-1.634773850440979,-1.6293210983276367,0.005452752113342285,0.33354758986360783,True
6,SnowRelation,1.125,-1.634773850440979,-1.6302074193954468,0.0045664310455322266,0.2793308842682793,True
6,SnowRelation,1.5,-1.634773850440979,-1.6306452751159668,0.004128575325012207,0.2525470295740437,True
6,TranslationRelation,0.0,-1.634773850440979,-1.6347732543945312,5.960464477539062e-07,3.6460461059400524e-05,True
6,TranslationRelation,20.0,-1.634773850440979,-1.634895920753479,0.0001220703125,0.007467102424965227,True
6,TranslationRelation,40.0,-1.634773850440979,-1.6349821090698242,0.00020825862884521484,0.012739285094154543,True
6,TranslationRelation,60.0,-1.634773850440979,-1.6358757019042969,0.001101851463317871,0.0674008083144078,True
6,TranslationRelation,80.0,-1.634773850440979,-1.6347932815551758,1.9431114196777344e-05,0.001188611030536457,True
6,DarkVisibilityRelation,0.05,-1.634773850440979,-1.6358661651611328,0.0010923147201538086,0.0668174409374574,True
6,DarkVisibilityRelation,0.4125,-1.634773850440979,-1.6355735063552856,0.0007996559143066406,0.04891535455729174,True
6,DarkVisibilityRelation,0.775,-1.634773850440979,-1.6346830129623413,9.083747863769531e-05,0.00555657426545264,True
6,DarkVisibilityRelation,1.1375,-1.634773850440979,-1.6362491846084595,0.0014753341674804688,0.09024693321422816,True
6,DarkVisibilityRelation,1.5,-1.634773850440979,-1.636250376701355,0.0014765262603759766,0.09031985413634697,True
6,TemporalSmoothnessRelation,0.0,-1.6304880380630493,-1.6305930614471436,0.00010502338409423828,0.0,True
7,BlurRelation,1.0,-1.6333321332931519,-1.6333059072494507,2.6226043701171875e-05,0.0016056763416226374,True
7,BlurRelation,8.5,-1.6333321332931519,-1.6334319114685059,9.97781753540039e-05,0.006108868626991579,True
7,BlurRelation,16.0,-1.6333321332931519,-1.6333130598068237,1.9073486328125e-05,0.001167764612089191,True
7,BlurRelation,23.5,-1.6333321332931519,-1.6334114074707031,7.927417755126953e-05,0.0048535216689956995,True
7,BlurRelation,31.0,-1.6333321332931519,-1.6331934928894043,0.0001386404037475586,0.008488189024123306,True
7,BrightnessRelation,0.1,-1.6333321332931519,-1.6306065320968628,0.0027256011962890625,0.16687356306754536,True
7,BrightnessRelation,0.825,-1.6333321332931519,-1.631287932395935,0.002044200897216797,0.125155172300659,True
7,BrightnessRelation,1.55,-1.6333321332931519,-1.630260705947876,0.003071427345275879,0.1880465951904875,True
7,BrightnessRelation,2.275,-1.6333321332931519,-1.626763939857483,0.006568193435668945,0.40213434123056396,True
7,BrightnessRelation,3.0,-1.6333321332931519,-1.6289337873458862,0.004398345947265625,0.2692865195477674,True
7,CompositeRelation,0.1,-1.6333321332931519,-1.6298723220825195,0.0034598112106323242,0.21182520210415368,True
7,CompositeRelation,0.44999999999999996,-1.6333321332931519,-1.6306358575820923,0.0026962757110595703,0.16507812497645824,True
7,CompositeRelation,0.7999999999999999,-1.6333321332931519,-1.6313543319702148,0.0019778013229370117,0.12108989174482354,True
7,CompositeRelation,1.15,-1.6333321332931519,-1.629895806312561,0.0034363269805908203,0.21038739192551886,True
7,CompositeRelation,1.5,-1.6333321332931519,-1.6342921257019043,0.0009599924087524414,0.05877505263221409,True
7,ContrastRelation,0.1,-1.6333321332931519,-1.629849910736084,0.003482222557067871,0.21319732552335843,True
7,ContrastRelation,1.075,-1.6333321332931519,-1.6298820972442627,0.00345003604888916,0.21122672274045798,True
7,ContrastRelation,2.05,-1.6333321332931519,-1.6298296451568604,0.003502488136291504,0.21443807542370322,True
7,ContrastRelation,3.025,-1.6333321332931519,-1.6297369003295898,0.0035952329635620117,0.2201163308499869,True
7,ContrastRelation,4.0,-1.6333321332931519,-1.6295199394226074,0.0038121938705444336,0.23339965331250148,True
7,DarkVisibilityRelation,0.05,-1.6333321332931519,-1.6358661651611328,0.002534031867980957,0.15514482724487455,True
7,DarkVisibilityRelation,0.4125,-1.6333321332931519,-1.6355735063552856,0.002241373062133789,0.13722693897813104,True
7,DarkVisibilityRelation,0.775,-1.6333321332931519,-1.6346830129623413,0.0013508796691894531,0.08270692865121694,True
7,DarkVisibilityRelation,1.1375,-1.6333321332931519,-1.6362491846084595,0.002917051315307617,0.17859500036139062,True
7,DarkVisibilityRelation,1.5,-1.6333321332931519,-1.636250376701355,0.002918243408203125,0.1786679856496462,True
7,DustRelation,0.0,-1.6333321332931519,-1.6298959255218506,0.0034362077713012695,0.21038009339669328,True
7,DustRelation,0.375,-1.6333321332931519,-1.6301774978637695,0.0031546354293823242,0.1931409683107266,True
7,DustRelation,0.75,-1.6333321332931519,-1.6300196647644043,0.0033124685287475586,0.20280422047576466,True
7,DustRelation,1.125,-1.6333321332931519,-1.6296896934509277,0.003642439842224121,0.22300654826490768,True
7,DustRelation,1.5,-1.6333321332931519,-1.6300101280212402,0.003322005271911621,0.20338810278180924,True
7,FogRelation,0.0,-1.6333321332931519,-1.6362496614456177,0.0029175281524658203,0.17862419447669287,True
7,FogRelation,0.375,-1.6333321332931519,-1.63587486743927,0.002542734146118164,0.15567761984914025,True
7,FogRelation,0.75,-1.6333321332931519,-1.636334776878357,0.003002643585205078,0.18383534405814086,True
7,FogRelation,1.125,-1.6333321332931519,-1.6360586881637573,0.0027265548706054688,0.16693195129814983,True
7,FogRelation,1.5,-1.6333321332931519,-1.6364829540252686,0.0031508207321166992,0.19290741538830877,True
7,GlobalBlurRelation,1.0,-1.6333321332931519,-1.6304359436035156,0.0028961896896362305,0.17731775781691805,True
7,GlobalBlurRelation,8.5,-1.6333321332931519,-1.6303973197937012,0.0029348134994506836,0.17968248115639868,True
7,GlobalBlurRelation,16.0,-1.6333321332931519,-1.630415678024292,0.0029164552688598633,0.17855850771726284,True
7,GlobalBlurRelation,23.5,-1.6333321332931519,-1.630413293838501,0.002918839454650879,0.17870447829377398,True
7,GlobalBlurRelation,31.0,-1.6333321332931519,-1.630420207977295,0.0029119253158569336,0.17828116362189167,True
7,GlobalBrightnessRelation,0.1,-1.6333321332931519,-1.6352801322937012,0.0019479990005493164,0.11926525953843417,True
7,GlobalBrightnessRelation,0.825,-1.6333321332931519,-1.6315797567367554,0.0017523765563964844,0.10728837373569441,True
7,GlobalBrightnessRelation,1.55,-1.6333321332931519,-1.6280932426452637,0.005238890647888184,0.3207484462967729,True
7,GlobalBrightnessRelation,2.275,-1.6333321332931519,-1.627460241317749,0.005871891975402832,0.359503634360483,True
7,GlobalBrightnessRelation,3.0,-1.6333321332931519,-1.6278231143951416,0.005509018898010254,0.3372869126154861,True
7,GlobalContrastRelation,0.1,-1.6333321332931519,-1.6320525407791138,0.001279592514038086,0.07834240841353358,True
7,GlobalContrastRelation,1.075,-1.6333321332931519,-1.6304388046264648,0.0028933286666870117,0.1771425931251047,True
7,GlobalContrastRelation,2.05,-1.6333321332931519,-1.6288068294525146,0.004525303840637207,0.27705945274698607,True
7,GlobalContrastRelation,3.025,-1.6333321332931519,-1.6279698610305786,0.005362272262573242,0.32830242363122486,True
7,GlobalContrastRelation,4.0,-1.6333321332931519,-1.6274534463882446,0.0058786869049072266,0.35991965050353975,True
7,GlobalNoiseRelation,0.0,-1.6333321332931519,-1.633333683013916,1.5497207641601562e-06,9.488087473224676e-05,True
7,GlobalNoiseRelation,37.5,-1.6333321332931519,-1.6333537101745605,2.1576881408691406e-05,0.001321033717425897,True
7,GlobalNoiseRelation,75.0,-1.6333321332931519,-1.63334321975708,1.1086463928222656e-05,0.0006787631807768422,True
7,GlobalNoiseRelation,112.5,-1.6333321332931519,-1.6330970525741577,0.00023508071899414062,0.014392698843999279,True
7,GlobalNoiseRelation,150.0,-1.6333321332931519,-1.633000135421753,0.0003319978713989258,0.020326402779177476,True
7,GlobalRotationRelation,-60.0,-1.6333321332931519,-1.6339311599731445,0.0005990266799926758,0.03667510734842615,True
7,GlobalRotationRelation,-30.0,-1.6333321332931519,-1.6286449432373047,0.004687190055847168,0.28697085489209306,True
7,GlobalRotationRelation,0.0,-1.6333321332931519,-1.6334880590438843,0.00015592575073242188,0.009546475703829136,True
7,GlobalRotationRelation,30.0,-1.6333321332931519,-1.627945899963379,0.005386233329772949,0.32976942792516195,True
7,GlobalRotationRelation,60.0,-1.6333321332931519,-1.6330671310424805,0.0002650022506713867,0.016224629579214195,True
7,GlobalTranslationRelation,0.0,-1.6333321332931519,-1.6347733736038208,0.0014412403106689453,0.08823921350098948,True
7,GlobalTranslationRelation,20.0,-1.6333321332931519,-1.630795955657959,0.002536177635192871,0.15527620076373458,True
7,GlobalTranslationRelation,40.0,-1.6333321332931519,-1.6314976215362549,0.0018345117568969727,0.11231706009650348,True
7,GlobalTranslationRelation,60.0,-1.6333321332931519,-1.6359658241271973,0.00263369083404541,0.16124639734304058,True
7,GlobalTranslationRelation,80.0,-1.6333321332931519,-1.6334466934204102,0.00011456012725830078,0.007013886201360702,True
7,HazeRelation,0.0,-1.6333321332931519,-1.6347733736038208,0.0014412403106689453,0.08823921350098948,True
7,HazeRelation,0.375,-1.6333321332931519,-1.6344033479690552,0.0010712146759033203,0.06558458002645919,True
7,HazeRelation,0.75,-1.6333321332931519,-1.6346993446350098,0.0013672113418579102,0.0837068271003183,True
7,HazeRelation,1.125,-1.6333321332931519,-1.6337156295776367,0.0003834962844848633,0.023479367231818295,True
7,HazeRelation,1.5,-1.6333321332931519,-1.6340594291687012,0.0007272958755493164,0.04452832436472596,True
7,NoiseRelation,0.0,-1.6333321332931519,-1.636249303817749,0.002917170524597168,0.17860229889021617,True
7,NoiseRelation,37.5,-1.6333321332931519,-1.636225938796997,0.002893805503845215,0.1771717872404069,True
7,NoiseRelation,75.0,-1.6333321332931519,-1.63616144657135,0.002829313278198242,0.17322328314578034,True
7,NoiseRelation,112.5,-1.6333321332931519,-1.6358616352081299,0.0025295019149780273,0.15486748314950338,True
7,NoiseRelation,150.0,-1.6333321332931519,-1.636339783668518,0.003007650375366211,0.18414188226881428,True
7,RainRelation,0.0,-1.6333321332931519,-1.6304924488067627,0.00283968448638916,0.17385825515360384,True
7,RainRelation,0.375,-1.6333321332931519,-1.6287105083465576,0.004621624946594238,0.2829566640380365,True
7,RainRelation,0.75,-1.6333321332931519,-1.631305456161499,0.002026677131652832,0.12408228856330208,True
7,RainRelation,1.125,-1.6333321332931519,-1.6282336711883545,0.005098462104797363,0.31215077934026625,True
7,RainRelation,1.5,-1.6333321332931519,-1.6284034252166748,0.004928708076477051,0.3017576742926725,True
7,RotationRelation,-60.0,-1.6333321332931519,-1.6303608417510986,0.0029712915420532227,0.18191583097701924,True
7,RotationRelation,-30.0,-1.6333321332931519,-1.6305699348449707,0.0027621984481811523,0.1691142114169915,True
7,RotationRelation,0.0,-1.6333321332931519,-1.6305625438690186,0.0027695894241333008,0.16956672020417607,True
7,RotationRelation,30.0,-1.6333321332931519,-1.6305253505706787,0.0028067827224731445,0.17184386119774997,True
7,RotationRelation,60.0,-1.6333321332931519,-1.6306196451187134,0.0027124881744384766,0.16607072489673405,True
7,SandstormRelation,0.0,-1.6333321332931519,-1.6298959255218506,0.0034362077713012695,0.21038009339669328,True
7,SandstormRelation,0.375,-1.6333321332931519,-1.6306736469268799,0.0026584863662719727,0.16276449133875653,True
7,SandstormRelation,0.75,-1.6333321332931519,-1.6311254501342773,0.0022066831588745117,0.1351030670898938,True
7,SandstormRelation,1.125,-1.6333321332931519,-1.6310577392578125,0.0022743940353393555,0.13924863146281044,True
7,SandstormRelation,1.5,-1.6333321332931519,-1.631335735321045,0.0019963979721069336,0.12222846224161049,True
7,SmokeRelation,0.0,-1.6333321332931519,-1.630434513092041,0.00289762020111084,0.17740534016282478,True
7,SmokeRelation,0.375,-1.6333321332931519,-1.63042151927948,0.002910614013671875,0.1782008798048105,True
7,SmokeRelation,0.75,-1.6333321332931519,-1.6307196617126465,0.002612471580505371,0.15994725921209135,True
7,SmokeRelation,1.125,-1.6333321332931519,-1.630340814590454,0.002991318702697754,0.18314198381971292,True
7,SmokeRelation,1.5,-1.6333321332931519,-1.6303881406784058,0.0029439926147460938,0.18024446787596662,True
7,SnowRelation,0.0,-1.6333321332931519,-1.6306164264678955,0.0027157068252563477,0.1662677851750241,True
7,SnowRelation,0.375,-1.6333321332931519,-1.630573034286499,0.002759099006652832,0.168924449667527,True
7,SnowRelation,0.75,-1.6333321332931519,-1.6293210983276367,0.004011034965515137,0.24557359939353127,True
7,SnowRelation,1.125,-1.6333321332931519,-1.6302074193954468,0.003124713897705078,0.19130903757551168,True
7,SnowRelation,1.5,-1.6333321332931519,-1.6306452751159668,0.0026868581771850586,0.16450154119923918,True
7,TranslationRelation,0.0,-1.6333321332931519,-1.6347732543945312,0.0014411211013793945,0.08823191497216393,True
7,TranslationRelation,20.0,-1.6333321332931519,-1.634895920753479,0.0015637874603271484,0.09574210113366254,True
7,TranslationRelation,40.0,-1.6333321332931519,-1.6349821090698242,0.0016499757766723633,0.10101893747454056,True
7,TranslationRelation,60.0,-1.6333321332931519,-1.6358757019042969,0.0025435686111450195,0.15572870955091916,True
7,TranslationRelation,80.0,-1.6333321332931519,-1.6347932815551758,0.0014611482620239258,0.08945806781485757,True
7,DarkVisibilityRelation,0.05,-1.6333321332931519,-1.6358661651611328,0.002534031867980957,0.15514482724487455,True
7,DarkVisibilityRelation,0.4125,-1.6333321332931519,-1.6355735063552856,0.002241373062133789,0.13722693897813104,True
7,DarkVisibilityRelation,0.775,-1.6333321332931519,-1.6346830129623413,0.0013508796691894531,0.08270692865121694,True
7,DarkVisibilityRelation,1.1375,-1.6333321332931519,-1.6362491846084595,0.002917051315307617,0.17859500036139062,True
7,DarkVisibilityRelation,1.5,-1.6333321332931519,-1.636250376701355,0.002918243408203125,0.1786679856496462,True
7,TemporalSmoothnessRelation,0.0,-1.6304880380630493,-1.6305930614471436,0.00010502338409423828,0.0,True
8,BlurRelation,1.0,-1.632733702659607,-1.6333059072494507,0.00057220458984375,0.035045778650485596,True
8,BlurRelation,8.5,-1.632733702659607,-1.6334319114685059,0.0006982088088989258,0.04276315115747795,True
8,BlurRelation,16.0,-1.632733702659607,-1.6333130598068237,0.0005793571472167969,0.03548385088361667,True
8,BlurRelation,23.5,-1.632733702659607,-1.6334114074707031,0.0006777048110961914,0.04150734408916888,True
8,BlurRelation,31.0,-1.632733702659607,-1.6331934928894043,0.0004597902297973633,0.028160743386442283,True
8,BrightnessRelation,0.1,-1.632733702659607,-1.6306065320968628,0.0021271705627441406,0.1302826821331802,True
8,BrightnessRelation,0.825,-1.632733702659607,-1.631287932395935,0.001445770263671875,0.08854900072356028,True
8,BrightnessRelation,1.55,-1.632733702659607,-1.630260705947876,0.002472996711730957,0.15146347460506746,True
8,BrightnessRelation,2.275,-1.632733702659607,-1.626763939857483,0.0059697628021240234,0.365629688178962,True
8,BrightnessRelation,3.0,-1.632733702659607,-1.6289337873458862,0.003799915313720703,0.23273317505476646,True
8,CompositeRelation,0.1,-1.632733702659607,-1.6298723220825195,0.0028613805770874023,0.17525079686408454,True
8,CompositeRelation,0.44999999999999996,-1.632733702659607,-1.6306358575820923,0.0020978450775146484,0.12848658597734283,True
8,CompositeRelation,0.7999999999999999,-1.632733702659607,-1.6313543319702148,0.0013793706893920898,0.08448223015932685,True
8,CompositeRelation,1.15,-1.632733702659607,-1.629895806312561,0.0028378963470458984,0.1738124596986375,True
8,CompositeRelation,1.5,-1.632733702659607,-1.6342921257019043,0.0015584230422973633,0.09544863839537462,True
8,ContrastRelation,0.1,-1.632733702659607,-1.629849910736084,0.0028837919235229492,0.1766234231945619,True
8,ContrastRelation,1.075,-1.632733702659607,-1.6298820972442627,0.0028516054153442383,0.17465209814547208,True
8,ContrastRelation,2.05,-1.632733702659607,-1.6298296451568604,0.002904057502746582,0.1778646278550999,True
8,ContrastRelation,3.025,-1.632733702659607,-1.6297369003295898,0.00299680233001709,0.18354496447803278,True
8,ContrastRelation,4.0,-1.632733702659607,-1.6295199394226074,0.0032137632369995117,0.19683315554967526,True
8,DarkVisibilityRelation,0.05,-1.632733702659607,-1.6358661651611328,0.003132462501525879,0.1918537344997521,True
8,DarkVisibilityRelation,0.4125,-1.632733702659607,-1.6355735063552856,0.002839803695678711,0.17392927896080582,True
8,DarkVisibilityRelation,0.775,-1.632733702659607,-1.6346830129623413,0.001949310302734375,0.1193892859359876,True
8,DarkVisibilityRelation,1.1375,-1.632733702659607,-1.6362491846084595,0.003515481948852539,0.2153125025839209,True
8,DarkVisibilityRelation,1.5,-1.632733702659607,-1.636250376701355,0.003516674041748047,0.21538551462277608,True
8,DustRelation,0.0,-1.632733702659607,-1.6298959255218506,0.0028377771377563477,0.173805158494752,True
8,DustRelation,0.375,-1.632733702659607,-1.6301774978637695,0.0025562047958374023,0.1565597149171589,True
8,DustRelation,0.75,-1.632733702659607,-1.6300196647644043,0.0027140378952026367,0.1662265088615845,True
8,DustRelation,1.125,-1.632733702659607,-1.6296896934509277,0.0030440092086791992,0.18643624121669786,True
8,DustRelation,1.5,-1.632733702659607,-1.6300101280212402,0.0027235746383666992,0.16681060517242594,True
8,FogRelation,0.0,-1.632733702659607,-1.6362496614456177,0.003515958786010742,0.21534170739946298,True
8,FogRelation,0.375,-1.632733702659607,-1.63587486743927,0.003141164779663086,0.19238672238339488,True
8,FogRelation,0.75,-1.632733702659607,-1.636334776878357,0.00360107421875,0.2205547669737227,True
8,FogRelation,1.125,-1.632733702659607,-1.6360586881637573,0.0033249855041503906,0.2036451787748634,True
8,FogRelation,1.5,-1.632733702659607,-1.6364829540252686,0.003749251365661621,0.22963016340342138,True
8,GlobalBlurRelation,1.0,-1.632733702659607,-1.6304359436035156,0.0022977590560913086,0.14073070489335623,True
8,GlobalBlurRelation,8.5,-1.632733702659607,-1.6303973197937012,0.0023363828659057617,0.143096294952264,True
8,GlobalBlurRelation,16.0,-1.632733702659607,-1.630415678024292,0.0023180246353149414,0.14197190955389424,True
8,GlobalBlurRelation,23.5,-1.632733702659607,-1.630413293838501,0.002320408821105957,0.14211793363160463,True
8,GlobalBlurRelation,31.0,-1.632733702659607,-1.630420207977295,0.0023134946823120117,0.1416944638062446,True
8,GlobalBrightnessRelation,0.1,-1.632733702659607,-1.6352801322937012,0.0025464296340942383,0.1559610161985464,True
8,GlobalBrightnessRelation,0.825,-1.632733702659607,-1.6315797567367554,0.0011539459228515625,0.07067565361181262,True
8,GlobalBrightnessRelation,1.55,-1.632733702659607,-1.6280932426452637,0.004640460014343262,0.2842139636515527,True
8,GlobalBrightnessRelation,2.275,-1.632733702659607,-1.627460241317749,0.00527346134185791,0.3229833562836524,True
8,GlobalBrightnessRelation,3.0,-1.632733702659607,-1.6278231143951416,0.004910588264465332,0.3007584916561361,True
8,GlobalContrastRelation,0.1,-1.632733702659607,-1.6320525407791138,0.0006811618804931641,0.041719079001848895,True
8,GlobalContrastRelation,1.075,-1.632733702659607,-1.6304388046264648,0.00229489803314209,0.14055547600010382,True
8,GlobalContrastRelation,2.05,-1.632733702659607,-1.6288068294525146,0.003926873207092285,0.2405089571928429,True
8,GlobalContrastRelation,3.025,-1.632733702659607,-1.6279698610305786,0.00476384162902832,0.2917707096730636,True
8,GlobalContrastRelation,4.0,-1.632733702659607,-1.6274534463882446,0.005280256271362305,0.32339952490512686,True
8,GlobalNoiseRelation,0.0,-1.632733702659607,-1.633333683013916,0.000599980354309082,0.036746959155811255,True
8,GlobalNoiseRelation,37.5,-1.632733702659607,-1.6333537101745605,0.0006200075149536133,0.037973561408578244,True
8,GlobalNoiseRelation,75.0,-1.632733702659607,-1.63334321975708,0.0006095170974731445,0.037331055466652684,True
8,GlobalNoiseRelation,112.5,-1.632733702659607,-1.6330970525741577,0.00036334991455078125,0.022254069443058352,True
8,GlobalNoiseRelation,150.0,-1.632733702659607,-1.633000135421753,0.0002664327621459961,0.016318190684132355,True
8,GlobalRotationRelation,-60.0,-1.632733702659607,-1.6339311599731445,0.0011974573135375977,0.07334059303002663,True
8,GlobalRotationRelation,-30.0,-1.632733702659607,-1.6286449432373047,0.004088759422302246,0.25042399206937616,True
8,GlobalRotationRelation,0.0,-1.632733702659607,-1.6334880590438843,0.0007543563842773438,0.04620201818755685,True
8,GlobalRotationRelation,30.0,-1.632733702659607,-1.627945899963379,0.004787802696228027,0.2932382516540527,True
8,GlobalRotationRelation,60.0,-1.632733702659607,-1.6330671310424805,0.00033342838287353516,0.02042146726779338,True
8,GlobalTranslationRelation,0.0,-1.632733702659607,-1.6347733736038208,0.002039670944213867,0.12492359848121012,True
8,GlobalTranslationRelation,20.0,-1.632733702659607,-1.630795955657959,0.0019377470016479492,0.11868106915909238,True
8,GlobalTranslationRelation,40.0,-1.632733702659607,-1.6314976215362549,0.0012360811233520508,0.0757061830889344,True
8,GlobalTranslationRelation,60.0,-1.632733702659607,-1.6359658241271973,0.003232121467590332,0.197957540948045,True
8,GlobalTranslationRelation,80.0,-1.632733702659607,-1.6334466934204102,0.0007129907608032227,0.04366850043928216,True
8,HazeRelation,0.0,-1.632733702659607,-1.6347733736038208,0.002039670944213867,0.12492359848121012,True
8,HazeRelation,0.375,-1.632733702659607,-1.6344033479690552,0.0016696453094482422,0.10226066162056277,True
8,HazeRelation,0.75,-1.632733702659607,-1.6346993446350098,0.001965641975402832,0.12038955086830355,True
8,HazeRelation,1.125,-1.632733702659607,-1.6337156295776367,0.0009819269180297852,0.06014001640501039,True
8,HazeRelation,1.5,-1.632733702659607,-1.6340594291687012,0.0013257265090942383,0.08119668841084382,True
8,NoiseRelation,0.0,-1.632733702659607,-1.636249303817749,0.00351560115814209,0.21531980378780644,True
8,NoiseRelation,37.5,-1.632733702659607,-1.636225938796997,0.0034922361373901367,0.2138887678262449,True
8,NoiseRelation,75.0,-1.632733702659607,-1.63616144657135,0.003427743911743164,0.20993881652417976,True
8,NoiseRelation,112.5,-1.632733702659607,-1.6358616352081299,0.0031279325485229492,0.19157628875210242,True
8,NoiseRelation,150.0,-1.632733702659607,-1.636339783668518,0.003606081008911133,0.22086141753691443,True
8,RainRelation,0.0,-1.632733702659607,-1.6304924488067627,0.0022412538528442383,0.13726993425162076,True
8,RainRelation,0.375,-1.632733702659607,-1.6287105083465576,0.004023194313049316,0.24640832993234135,True
8,RainRelation,0.75,-1.632733702659607,-1.631305456161499,0.0014282464981079102,0.08747572375238916,True
8,RainRelation,1.125,-1.632733702659607,-1.6282336711883545,0.004500031471252441,0.2756131454744127,True
8,RainRelation,1.5,-1.632733702659607,-1.6284034252166748,0.004330277442932129,0.2652162311414353,True
8,RotationRelation,-60.0,-1.632733702659607,-1.6303608417510986,0.0023728609085083008,0.14533046334123245,True
8,RotationRelation,-30.0,-1.632733702659607,-1.6305699348449707,0.0021637678146362305,0.13252415172603418,True
8,RotationRelation,0.0,-1.632733702659607,-1.6305625438690186,0.002171158790588379,0.13297682636693628,True
8,RotationRelation,30.0,-1.632733702659607,-1.6305253505706787,0.0022083520889282227,0.13525480197921785,True
8,RotationRelation,60.0,-1.632733702659607,-1.6306196451187134,0.0021140575408935547,0.12947954970577324,True
8,SandstormRelation,0.0,-1.632733702659607,-1.6298959255218506,0.0028377771377563477,0.173805158494752,True
8,SandstormRelation,0.375,-1.632733702659607,-1.6306736469268799,0.0020600557327270508,0.12617210434563367,True
8,SandstormRelation,0.75,-1.632733702659607,-1.6311254501342773,0.0016082525253295898,0.09850054161952108,True
8,SandstormRelation,1.125,-1.632733702659607,-1.6310577392578125,0.0016759634017944336,0.1026476254264952,True
8,SandstormRelation,1.5,-1.632733702659607,-1.631335735321045,0.0013979673385620117,0.08562121796546764,True
8,SmokeRelation,0.0,-1.632733702659607,-1.630434513092041,0.002299189567565918,0.14081831933998246,True
8,SmokeRelation,0.375,-1.632733702659607,-1.63042151927948,0.002312183380126953,0.1416141505635039,True
8,SmokeRelation,0.75,-1.632733702659607,-1.6307196617126465,0.0020140409469604492,0.12335383964582379,True
8,SmokeRelation,1.125,-1.632733702659607,-1.630340814590454,0.002392888069152832,0.14655706559399947,True
8,SmokeRelation,1.5,-1.632733702659607,-1.6303881406784058,0.002345561981201172,0.1436584876514489,True
8,SnowRelation,0.0,-1.632733702659607,-1.6306164264678955,0.0021172761917114258,0.12967668221068224,True
8,SnowRelation,0.375,-1.632733702659607,-1.630573034286499,0.00216066837310791,0.1323343204250107,True
8,SnowRelation,0.75,-1.632733702659607,-1.6293210983276367,0.003412604331970215,0.20901156363071902,True
8,SnowRelation,1.125,-1.632733702659607,-1.6302074193954468,0.0025262832641601562,0.1547271127418939,True
8,SnowRelation,1.5,-1.632733702659607,-1.6306452751159668,0.0020884275436401367,0.12790979087038692,True
8,TranslationRelation,0.0,-1.632733702659607,-1.6347732543945312,0.0020395517349243164,0.12491629727732459,True
8,TranslationRelation,20.0,-1.632733702659607,-1.634895920753479,0.0021622180938720703,0.13242923607552246,True
8,TranslationRelation,40.0,-1.632733702659607,-1.6349821090698242,0.002248406410217285,0.13770800648475184,True
8,TranslationRelation,60.0,-1.632733702659607,-1.6358757019042969,0.0031419992446899414,0.1924378308105935,True
8,TranslationRelation,80.0,-1.632733702659607,-1.6347932815551758,0.0020595788955688477,0.12614289953009158,True
8,DarkVisibilityRelation,0.05,-1.632733702659607,-1.6358661651611328,0.003132462501525879,0.1918537344997521,True
8,DarkVisibilityRelation,0.4125,-1.632733702659607,-1.6355735063552856,0.002839803695678711,0.17392927896080582,True
8,DarkVisibilityRelation,0.775,-1.632733702659607,-1.6346830129623413,0.001949310302734375,0.1193892859359876,True
8,DarkVisibilityRelation,1.1375,-1.632733702659607,-1.6362491846084595,0.003515481948852539,0.2153125025839209,True
8,DarkVisibilityRelation,1.5,-1.632733702659607,-1.636250376701355,0.003516674041748047,0.21538551462277608,True
8,TemporalSmoothnessRelation,0.0,-1.6304880380630493,-1.6305930614471436,0.00010502338409423828,0.0,True
9,BlurRelation,1.0,-1.6377265453338623,-1.6333059072494507,0.004420638084411621,0.2699251225887175,True
9,BlurRelation,8.5,-1.6377265453338623,-1.6334319114685059,0.004294633865356445,0.26223127757681786,True
9,BlurRelation,16.0,-1.6377265453338623,-1.6333130598068237,0.004413485527038574,0.2694883858803788,True
9,BlurRelation,23.5,-1.6377265453338623,-1.6334114074707031,0.00431513786315918,0.26348325614072204,True
9,BlurRelation,31.0,-1.6377265453338623,-1.6331934928894043,0.004533052444458008,0.27678916785477364,True
9,BrightnessRelation,0.1,-1.6377265453338623,-1.6306065320968628,0.007120013236999512,0.43474955631573303,True
9,BrightnessRelation,0.825,-1.6377265453338623,-1.631287932395935,0.006438612937927246,0.39314310590133533,True
9,BrightnessRelation,1.55,-1.6377265453338623,-1.630260705947876,0.007465839385986328,0.4558657761639079,True
9,BrightnessRelation,2.275,-1.6377265453338623,-1.626763939857483,0.010962605476379395,0.6693790739255466,True
9,BrightnessRelation,3.0,-1.6377265453338623,-1.6289337873458862,0.008792757987976074,0.5368877145058709,True
9,CompositeRelation,0.1,-1.6377265453338623,-1.6298723220825195,0.007854223251342773,0.47958057942669796,True
9,CompositeRelation,0.44999999999999996,-1.6377265453338623,-1.6306358575820923,0.0070906877517700195,0.43295893581154443,True
9,CompositeRelation,0.7999999999999999,-1.6377265453338623,-1.6313543319702148,0.006372213363647461,0.3890887334589247,True
9,CompositeRelation,1.15,-1.6377265453338623,-1.629895806312561,0.00783073902130127,0.4781466272343193,True
9,CompositeRelation,1.5,-1.6377265453338623,-1.6342921257019043,0.003434419631958008,0.2097064094539533,True
9,ContrastRelation,0.1,-1.6377265453338623,-1.629849910736084,0.00787663459777832,0.4809490211128258,True
9,ContrastRelation,1.075,-1.6377265453338623,-1.6298820972442627,0.00784444808959961,0.4789837059253017,True
9,ContrastRelation,2.05,-1.6377265453338623,-1.6298296451568604,0.007896900177001953,0.48218644178645204,True
9,ContrastRelation,3.025,-1.6377265453338623,-1.6297369003295898,0.007989645004272461,0.48784946110457683,True
9,ContrastRelation,4.0,-1.6377265453338623,-1.6295199394226074,0.008206605911254883,0.5010971412575166,True
9,DarkVisibilityRelation,0.05,-1.6377265453338623,-1.6358661651611328,0.0018603801727294922,0.11359521783888911,True
9,DarkVisibilityRelation,0.4125,-1.6377265453338623,-1.6355735063552856,0.00215303897857666,0.13146502815507985,True
9,DarkVisibilityRelation,0.775,-1.6377265453338623,-1.6346830129623413,0.003043532371520996,0.18583874834324476,True
9,DarkVisibilityRelation,1.1375,-1.6377265453338623,-1.6362491846084595,0.001477360725402832,0.09020796710735311,True
9,DarkVisibilityRelation,1.5,-1.6377265453338623,-1.636250376701355,0.0014761686325073242,0.09013517765596334,True
9,DustRelation,0.0,-1.6377265453338623,-1.6298959255218506,0.007830619812011719,0.4781393482891803,True
9,DustRelation,0.375,-1.6377265453338623,-1.6301774978637695,0.0075490474700927734,0.4609464798709145,True
9,DustRelation,0.75,-1.6377265453338623,-1.6300196647644043,0.007706880569458008,0.4705838032349212,True
9,DustRelation,1.125,-1.6377265453338623,-1.6296896934509277,0.00803685188293457,0.4907319233796121,True
9,DustRelation,1.5,-1.6377265453338623,-1.6300101280212402,0.00771641731262207,0.4711661188460395,True
9,FogRelation,0.0,-1.6377265453338623,-1.6362496614456177,0.001476883888244629,0.0901788513267972,True
9,FogRelation,0.375,-1.6377265453338623,-1.63587486743927,0.0018516778945922852,0.11306385484374372,True
9,FogRelation,0.75,-1.6377265453338623,-1.636334776878357,0.001391768455505371,0.08498168449756698,True
9,FogRelation,1.125,-1.6377265453338623,-1.6360586881637573,0.0016678571701049805,0.1018397214394398,True
9,FogRelation,1.5,-1.6377265453338623,-1.6364829540252686,0.00124359130859375,0.07593395568981745,True
9,GlobalBlurRelation,1.0,-1.6377265453338623,-1.6304359436035156,0.00729060173034668,0.44516572680961036,True
9,GlobalBlurRelation,8.5,-1.6377265453338623,-1.6303973197937012,0.007329225540161133,0.44752410503463924,True
9,GlobalBlurRelation,16.0,-1.6377265453338623,-1.630415678024292,0.0073108673095703125,0.4464031474832366,True
9,GlobalBlurRelation,23.5,-1.6377265453338623,-1.630413293838501,0.007313251495361328,0.44654872638601617,True
9,GlobalBlurRelation,31.0,-1.6377265453338623,-1.630420207977295,0.007306337356567383,0.44612654756795544,True
9,GlobalBrightnessRelation,0.1,-1.6377265453338623,-1.6352801322937012,0.002446413040161133,0.14937851214210449,True
9,GlobalBrightnessRelation,0.825,-1.6377265453338623,-1.6315797567367554,0.006146788597106934,0.3753242482011175,True
9,GlobalBrightnessRelation,1.55,-1.6377265453338623,-1.6280932426452637,0.009633302688598633,0.588211556680804,True
9,GlobalBrightnessRelation,2.275,-1.6377265453338623,-1.627460241317749,0.010266304016113281,0.6268627553687767,True
9,GlobalBrightnessRelation,3.0,-1.6377265453338623,-1.6278231143951416,0.009903430938720703,0.604705646365728,True
9,GlobalContrastRelation,0.1,-1.6377265453338623,-1.6320525407791138,0.005674004554748535,0.3464559517799311,True
9,GlobalContrastRelation,1.075,-1.6377265453338623,-1.6304388046264648,0.007287740707397461,0.44499103212627494,True
9,GlobalContrastRelation,2.05,-1.6377265453338623,-1.6288068294525146,0.008919715881347656,0.5446397910788824,True
9,GlobalContrastRelation,3.025,-1.6377265453338623,-1.6279698610305786,0.009756684303283691,0.5957452648996463,True
9,GlobalContrastRelation,4.0,-1.6377265453338623,-1.6274534463882446,0.010273098945617676,0.6272776552416985,True
9,GlobalNoiseRelation,0.0,-1.6377265453338623,-1.633333683013916,0.004392862319946289,0.2682291283713356,True
9,GlobalNoiseRelation,37.5,-1.6377265453338623,-1.6333537101745605,0.004372835159301758,0.26700626558798735,True
9,GlobalNoiseRelation,75.0,-1.6377265453338623,-1.63334321975708,0.0043833255767822266,0.2676468127602174,True
9,GlobalNoiseRelation,112.5,-1.6377265453338623,-1.6330970525741577,0.00462949275970459,0.28267783447220673,True
9,GlobalNoiseRelation,150.0,-1.6377265453338623,-1.633000135421753,0.004726409912109375,0.28859561687019575,True
9,GlobalRotationRelation,-60.0,-1.6377265453338623,-1.6339311599731445,0.0037953853607177734,0.23174705533477838,True
9,GlobalRotationRelation,-30.0,-1.6377265453338623,-1.6286449432373047,0.009081602096557617,0.5545245985776144,True
9,GlobalRotationRelation,0.0,-1.6377265453338623,-1.6334880590438843,0.004238486289978027,0.25880289441635923,True
9,GlobalRotationRelation,30.0,-1.6377265453338623,-1.627945899963379,0.009780645370483398,0.5972083328725808,True
9,GlobalRotationRelation,60.0,-1.6377265453338623,-1.6330671310424805,0.004659414291381836,0.2845048497020902,True
9,GlobalTranslationRelation,0.0,-1.6377265453338623,-1.6347733736038208,0.002953171730041504,0.18032130792789952,True
9,GlobalTranslationRelation,20.0,-1.6377265453338623,-1.630795955657959,0.00693058967590332,0.42318331248989716,True
9,GlobalTranslationRelation,40.0,-1.6377265453338623,-1.6314976215362549,0.006228923797607422,0.38033944140187326,True
9,GlobalTranslationRelation,60.0,-1.6377265453338623,-1.6359658241271973,0.001760721206665039,0.10751001970270357,True
9,GlobalTranslationRelation,80.0,-1.6377265453338623,-1.6334466934204102,0.0042798519134521484,0.26132868837958456,True
9,HazeRelation,0.0,-1.6377265453338623,-1.6347733736038208,0.002953171730041504,0.18032130792789952,True
9,HazeRelation,0.375,-1.6377265453338623,-1.6344033479690552,0.003323197364807129,0.20291515363928692,True
9,HazeRelation,0.75,-1.6377265453338623,-1.6346993446350098,0.003027200698852539,0.1848415328592048,True
9,HazeRelation,1.125,-1.6377265453338623,-1.6337156295776367,0.004010915756225586,0.24490738814605043,True
9,HazeRelation,1.5,-1.6377265453338623,-1.6340594291687012,0.003667116165161133,0.22391491036523817,True
9,NoiseRelation,0.0,-1.6377265453338623,-1.636249303817749,0.0014772415161132812,0.09020068816221415,True
9,NoiseRelation,37.5,-1.6377265453338623,-1.636225938796997,0.0015006065368652344,0.09162736140945381,True
9,NoiseRelation,75.0,-1.6377265453338623,-1.63616144657135,0.001565098762512207,0.09556527072964086,True
9,NoiseRelation,112.5,-1.6377265453338623,-1.6358616352081299,0.0018649101257324219,0.11387181775417027,True
9,NoiseRelation,150.0,-1.6377265453338623,-1.636339783668518,0.0013867616653442383,0.08467596880172991,True
9,RainRelation,0.0,-1.6377265453338623,-1.6304924488067627,0.007234096527099609,0.4417155068137349,True
9,RainRelation,0.375,-1.6377265453338623,-1.6287105083465576,0.009016036987304688,0.5505211787511766,True
9,RainRelation,0.75,-1.6377265453338623,-1.631305456161499,0.006421089172363281,0.3920731009659056,True
9,RainRelation,1.125,-1.6377265453338623,-1.6282336711883545,0.009492874145507812,0.5796369593070881,True
9,RainRelation,1.5,-1.6377265453338623,-1.6284034252166748,0.0093231201171875,0.5692717414291836,True
9,RotationRelation,-60.0,-1.6377265453338623,-1.6303608417510986,0.007365703582763672,0.44975146224716644,True
9,RotationRelation,-30.0,-1.6377265453338623,-1.6305699348449707,0.0071566104888916016,0.43698419247339926,True
9,RotationRelation,0.0,-1.6377265453338623,-1.6305625438690186,0.00716400146484375,0.43743548707201585,True
9,RotationRelation,30.0,-1.6377265453338623,-1.6305253505706787,0.007201194763183594,0.43970651795537696,True
9,RotationRelation,60.0,-1.6377265453338623,-1.6306196451187134,0.007106900215148926,0.4339488723504455,True
9,SandstormRelation,0.0,-1.6377265453338623,-1.6298959255218506,0.007830619812011719,0.4781393482891803,True
9,SandstormRelation,0.375,-1.6377265453338623,-1.6306736469268799,0.007052898406982422,0.43065151020248843,True
9,SandstormRelation,0.75,-1.6377265453338623,-1.6311254501342773,0.006601095199584961,0.40306430812576227,True
9,SandstormRelation,1.125,-1.6377265453338623,-1.6310577392578125,0.006668806076049805,0.40719874896470165,True
9,SandstormRelation,1.5,-1.6377265453338623,-1.631335735321045,0.006390810012817383,0.39022424890060525,True
9,SmokeRelation,0.0,-1.6377265453338623,-1.630434513092041,0.007292032241821289,0.4452530741512781,True
9,SmokeRelation,0.375,-1.6377265453338623,-1.63042151927948,0.007305026054382324,0.4460464791714268,True
9,SmokeRelation,0.75,-1.6377265453338623,-1.6307196617126465,0.00700688362121582,0.42784183737884296,True
9,SmokeRelation,1.125,-1.6377265453338623,-1.630340814590454,0.007385730743408203,0.4509743250305148,True
9,SmokeRelation,1.5,-1.6377265453338623,-1.6303881406784058,0.007338404655456543,0.4480845838103406,True
9,SnowRelation,0.0,-1.6377265453338623,-1.6306164264678955,0.007110118865966797,0.4341454038691979,True
9,SnowRelation,0.375,-1.6377265453338623,-1.630573034286499,0.007153511047363281,0.43679493989978585,True
9,SnowRelation,0.75,-1.6377265453338623,-1.6293210983276367,0.008405447006225586,0.5132384217493317,True
9,SnowRelation,1.125,-1.6377265453338623,-1.6302074193954468,0.007519125938415527,0.45911946464103104,True
9,SnowRelation,1.5,-1.6377265453338623,-1.6306452751159668,0.007081270217895508,0.4323838991455652,True
9,TranslationRelation,0.0,-1.6377265453338623,-1.6347732543945312,0.0029532909393310547,0.1803285868730385,True
9,TranslationRelation,20.0,-1.6377265453338623,-1.634895920753479,0.0028306245803833008,0.17283855232503023,True
9,TranslationRelation,40.0,-1.6377265453338623,-1.6349821090698242,0.002744436264038086,0.1675758749895492,True
9,TranslationRelation,60.0,-1.6377265453338623,-1.6358757019042969,0.0018508434295654297,0.11301290222777088,True
9,TranslationRelation,80.0,-1.6377265453338623,-1.6347932815551758,0.0029332637786865234,0.1791057240896902,True
9,DarkVisibilityRelation,0.05,-1.6377265453338623,-1.6358661651611328,0.0018603801727294922,0.11359521783888911,True
9,DarkVisibilityRelation,0.4125,-1.6377265453338623,-1.6355735063552856,0.00215303897857666,0.13146502815507985,True
9,DarkVisibilityRelation,0.775,-1.6377265453338623,-1.6346830129623413,0.003043532371520996,0.18583874834324476,True
9,DarkVisibilityRelation,1.1375,-1.6377265453338623,-1.6362491846084595,0.001477360725402832,0.09020796710735311,True
9,DarkVisibilityRelation,1.5,-1.6377265453338623,-1.636250376701355,0.0014761686325073242,0.09013517765596334,True
9,TemporalSmoothnessRelation,0.0,-1.6304880380630493,-1.6305930614471436,0.00010502338409423828,0.0,True
